{
    "NAME": "random-25-20.00-0",
    "TYPE": "TSPSD",
    "COMMENT": "25 random locations, 20.0 goal degree after n/2 deletes",
    "EDGE_WEIGHT_TYPE": "EUC_2D",
    "DIMENSION": 25,
    "GROUPS": [
        3,
        4,
        7,
        3,
        2,
        1,
        5,
        6,
        2,
        2,
        4,
        3,
        5,
        4,
        6,
        6,
        5,
        3,
        7,
        5,
        3,
        5,
        7,
        8,
        6
    ],
    "GROUPS_SUM": 112,
    "EXP_DEGREE_HALF": 20.081043478260874,
    "EXP_DEGREES": [
        24.0,
        23.6416,
        23.28933333333333,
        22.943095652173913,
        22.60278260869565,
        22.268289855072467,
        21.939513043478264,
        21.616347826086955,
        21.29868985507246,
        20.986434782608697,
        20.67947826086957,
        20.37771594202899,
        20.081043478260874,
        19.789356521739123,
        19.502550724637675,
        19.220521739130426,
        18.9431652173913,
        18.670376811594203,
        18.40205217391305,
        18.138086956521732,
        17.878376811594208,
        17.622817391304338,
        17.37130434782609,
        17.123733333333323,
        16.88000000000001,
        16.64
    ],
    "EXP_REMOVED_EDGES": [
        0.0,
        4.480000000000003,
        8.883333333333336,
        13.211304347826074,
        17.465217391304364,
        21.64637681159418,
        25.7560869565217,
        29.795652173913062,
        33.76637681159422,
        37.66956521739129,
        41.50652173913038,
        45.27855072463764,
        48.986956521739074,
        52.633043478260944,
        56.21811594202906,
        59.74347826086965,
        63.21043478260874,
        66.62028985507246,
        69.9743478260869,
        73.27391304347833,
        76.52028985507238,
        79.71478260869576,
        82.85869565217389,
        85.95333333333346,
        88.9999999999999,
        92
    ],
    "NODE_COORDS": {
        "1": [
            71,
            95
        ],
        "2": [
            34,
            96
        ],
        "3": [
            22,
            20
        ],
        "4": [
            42,
            22
        ],
        "5": [
            57,
            51
        ],
        "6": [
            27,
            65
        ],
        "7": [
            18,
            6
        ],
        "8": [
            23,
            67
        ],
        "9": [
            33,
            39
        ],
        "10": [
            62,
            9
        ],
        "11": [
            2,
            13
        ],
        "12": [
            14,
            24
        ],
        "13": [
            3,
            45
        ],
        "14": [
            81,
            64
        ],
        "15": [
            8,
            34
        ],
        "16": [
            27,
            80
        ],
        "17": [
            40,
            67
        ],
        "18": [
            48,
            28
        ],
        "19": [
            83,
            3
        ],
        "20": [
            97,
            38
        ],
        "21": [
            81,
            90
        ],
        "22": [
            56,
            20
        ],
        "23": [
            30,
            78
        ],
        "24": [
            11,
            80
        ],
        "25": [
            5,
            22
        ]
    },
    "DELETE": {
        "1": [
            [
                "2",
                "3"
            ],
            [
                "8",
                "12"
            ],
            [
                "7",
                "11"
            ]
        ],
        "2": [
            [
                "19",
                "25"
            ],
            [
                "1",
                "4"
            ],
            [
                "17",
                "19"
            ],
            [
                "4",
                "9"
            ]
        ],
        "3": [
            [
                "4",
                "10"
            ],
            [
                "10",
                "15"
            ],
            [
                "4",
                "19"
            ],
            [
                "12",
                "18"
            ],
            [
                "17",
                "21"
            ],
            [
                "5",
                "22"
            ],
            [
                "4",
                "5"
            ]
        ],
        "4": [
            [
                "12",
                "24"
            ],
            [
                "9",
                "25"
            ],
            [
                "11",
                "17"
            ]
        ],
        "5": [
            [
                "1",
                "8"
            ],
            [
                "4",
                "12"
            ]
        ],
        "6": [
            [
                "2",
                "15"
            ]
        ],
        "7": [
            [
                "1",
                "14"
            ],
            [
                "11",
                "20"
            ],
            [
                "13",
                "22"
            ],
            [
                "19",
                "22"
            ],
            [
                "7",
                "23"
            ]
        ],
        "8": [
            [
                "10",
                "23"
            ],
            [
                "9",
                "10"
            ],
            [
                "13",
                "24"
            ],
            [
                "6",
                "22"
            ],
            [
                "1",
                "10"
            ],
            [
                "11",
                "23"
            ]
        ],
        "9": [
            [
                "16",
                "21"
            ],
            [
                "9",
                "22"
            ]
        ],
        "10": [
            [
                "5",
                "9"
            ],
            [
                "8",
                "11"
            ]
        ],
        "11": [
            [
                "10",
                "13"
            ],
            [
                "13",
                "22"
            ],
            [
                "13",
                "18"
            ],
            [
                "1",
                "12"
            ]
        ],
        "12": [
            [
                "15",
                "18"
            ],
            [
                "2",
                "8"
            ],
            [
                "16",
                "24"
            ]
        ],
        "13": [
            [
                "9",
                "21"
            ],
            [
                "17",
                "25"
            ],
            [
                "13",
                "16"
            ],
            [
                "6",
                "14"
            ],
            [
                "8",
                "10"
            ]
        ],
        "14": [
            [
                "5",
                "12"
            ],
            [
                "10",
                "12"
            ],
            [
                "2",
                "11"
            ],
            [
                "10",
                "24"
            ]
        ],
        "15": [
            [
                "7",
                "8"
            ],
            [
                "5",
                "24"
            ],
            [
                "1",
                "18"
            ],
            [
                "1",
                "3"
            ],
            [
                "11",
                "20"
            ],
            [
                "13",
                "24"
            ]
        ],