{
    "NAME": "random-25-23.00-0",
    "TYPE": "TSPSD",
    "COMMENT": "25 random locations, 23.0 goal degree after n/2 deletes",
    "EDGE_WEIGHT_TYPE": "EUC_2D",
    "DIMENSION": 25,
    "GROUPS": [
        0,
        0,
        2,
        0,
        1,
        1,
        1,
        3,
        1,
        1,
        2,
        1,
        2,
        0,
        1,
        1,
        1,
        0,
        0,
        1,
        0,
        1,
        0,
        2,
        3
    ],
    "GROUPS_SUM": 25,
    "EXP_DEGREE_HALF": 23.0752,
    "EXP_DEGREES": [
        24.0,
        23.92,
        23.840533333333333,
        23.7616,
        23.6832,
        23.605333333333334,
        23.528,
        23.4512,
        23.374933333333335,
        23.2992,
        23.224,
        23.149333333333335,
        23.0752,
        23.0016,
        22.928533333333334,
        22.856,
        22.784,
        22.712533333333333,
        22.6416,
        22.5712,
        22.50133333333333,
        22.432,
        22.3632,
        22.294933333333333,
        22.2272,
        22.16
    ],
    "EXP_REMOVED_EDGES": [
        0.0,
        1.0000000000000002,
        1.9933333333333338,
        2.9800000000000013,
        3.960000000000001,
        4.933333333333335,
        5.900000000000002,
        6.860000000000004,
        7.813333333333335,
        8.76,
        9.700000000000005,
        10.633333333333333,
        11.560000000000006,
        12.479999999999993,
        13.39333333333334,
        14.299999999999995,
        15.200000000000005,
        16.09333333333333,
        16.980000000000004,
        17.86,
        18.73333333333334,
        19.599999999999998,
        20.46,
        21.313333333333343,
        22.16000000000001,
        23
    ],
    "NODE_COORDS": {
        "1": [
            71,
            95
        ],
        "2": [
            34,
            96
        ],
        "3": [
            22,
            20
        ],
        "4": [
            42,
            22
        ],
        "5": [
            57,
            51
        ],
        "6": [
            27,
            65
        ],
        "7": [
            18,
            6
        ],
        "8": [
            23,
            67
        ],
        "9": [
            33,
            39
        ],
        "10": [
            62,
            9
        ],
        "11": [
            2,
            13
        ],
        "12": [
            14,
            24
        ],
        "13": [
            3,
            45
        ],
        "14": [
            81,
            64
        ],
        "15": [
            8,
            34
        ],
        "16": [
            27,
            80
        ],
        "17": [
            40,
            67
        ],
        "18": [
            48,
            28
        ],
        "19": [
            83,
            3
        ],
        "20": [
            97,
            38
        ],
        "21": [
            81,
            90
        ],
        "22": [
            56,
            20
        ],
        "23": [
            30,
            78
        ],
        "24": [
            11,
            80
        ],
        "25": [
            5,
            22
        ]
    },
    "DELETE": {
        "1": [],
        "2": [],
        "3": [
            [
                "4",
                "10"
            ],
            [
                "10",
                "15"
            ]
        ],
        "4": [],
        "5": [
            [
                "1",
                "8"
            ]
        ],
        "6": [
            [
                "2",
                "15"
            ]
        ],
        "7": [
            [
                "1",
                "14"
            ]
        ],
        "8": [
            [
                "10",
                "23"
            ],
            [
                "9",
                "10"
            ],
            [
                "13",
                "24"
            ]
        ],
        "9": [
            [
                "16",
                "21"
            ]
        ],
        "10": [
            [
                "5",
                "9"
            ]
        ],
        "11": [
            [
                "10",
                "13"
            ],
            [
                "13",
                "22"
            ]
        ],
        "12": [
            [
                "15",
                "18"
            ]
        ],
        "13": [
            [
                "9",
                "21"
            ],
            [
                "17",
                "25"
            ]
        ],
        "14": [],
        "15": [
            [
                "7",
                "8"
            ]
        ],
        "16": [
            [
                "6",
                "21"
            ]
        ],
        "17": [
            [
                "5",
                "20"
            ]
        ],
        "18": [],
        "19": [],
        "20": [
            [
                "10",
                "23"
            ]
        ],
        "21": [],
        "22": [
            [
                "9",
                "14"
            ]
        ],
        "23": [],
        "24": [
            [
                "1",
                "9"
            ],
            [
                "18",
                "22"
            ]
        ],
        "25": [
            [
                "14",
                "17"
            ],
            [
                "16",
                "19"
            ],
            [
                "4",
                "10"
            ]
        ]
    }
}