{
    "NAME": "random-25-19.00-0",
    "TYPE": "TSPSD",
    "COMMENT": "25 random locations, 19.0 goal degree after n/2 deletes",
    "EDGE_WEIGHT_TYPE": "EUC_2D",
    "DIMENSION": 25,
    "GROUPS": [
        4,
        5,
        7,
        3,
        3,
        1,
        6,
        7,
        3,
        4,
        6,
        6,
        7,
        4,
        7,
        7,
        6,
        6,
        7,
        9,
        5,
        7,
        8,
        9,
        6
    ],
    "GROUPS_SUM": 143,
    "EXP_DEGREE_HALF": 19.076591304347833,
    "EXP_DEGREES": [
        24.0,
        23.5424,
        23.093866666666667,
        22.654260869565217,
        22.22344347826087,
        21.801275362318844,
        21.387617391304353,
        20.982330434782604,
        20.58527536231884,
        20.196313043478263,
        19.815304347826093,
        19.442110144927543,
        19.076591304347833,
        18.718608695652165,
        18.36802318840579,
        18.02469565217391,
        17.688486956521736,
        17.359257971014486,
        17.036869565217394,
        16.72118260869564,
        16.4120579710145,
        16.109356521739116,
        15.812939130434792,
        15.522666666666654,
        15.238400000000013,
        14.96
    ],
    "EXP_REMOVED_EDGES": [
        0.0,
        5.720000000000004,
        11.326666666666666,
        16.821739130434775,
        22.206956521739155,
        27.48405797101446,
        32.6547826086956,
        37.72086956521743,
        42.68405797101451,
        47.54608695652173,
        52.30869565217382,
        56.97362318840572,
        61.5426086956521,
        66.01739130434792,
        70.39971014492764,
        74.69130434782609,
        78.89391304347829,
        83.00927536231895,
        87.03913043478259,
        90.9852173913045,
        94.84927536231874,
        98.63304347826106,
        102.3382608695651,
        105.96666666666684,
        109.51999999999984,
        113
    ],
    "NODE_COORDS": {
        "1": [
            71,
            95
        ],
        "2": [
            34,
            96
        ],
        "3": [
            22,
            20
        ],
        "4": [
            42,
            22
        ],
        "5": [
            57,
            51
        ],
        "6": [
            27,
            65
        ],
        "7": [
            18,
            6
        ],
        "8": [
            23,
            67
        ],
        "9": [
            33,
            39
        ],
        "10": [
            62,
            9
        ],
        "11": [
            2,
            13
        ],
        "12": [
            14,
            24
        ],
        "13": [
            3,
            45
        ],
        "14": [
            81,
            64
        ],
        "15": [
            8,
            34
        ],
        "16": [
            27,
            80
        ],
        "17": [
            40,
            67
        ],
        "18": [
            48,
            28
        ],
        "19": [
            83,
            3
        ],
        "20": [
            97,
            38
        ],
        "21": [
            81,
            90
        ],
        "22": [
            56,
            20
        ],
        "23": [
            30,
            78
        ],
        "24": [
            11,
            80
        ],
        "25": [
            5,
            22
        ]
    },
    "DELETE": {
        "1": [
            [
                "2",
                "3"
            ],
            [
                "8",
                "12"
            ],
            [
                "7",
                "11"
            ],
            [
                "3",
                "20"
            ]
        ],
        "2": [
            [
                "19",
                "25"
            ],
            [
                "1",
                "4"
            ],
            [
                "17",
                "19"
            ],
            [
                "4",
                "9"
            ],
            [
                "19",
                "22"
            ]
        ],
        "3": [
            [
                "4",
                "10"
            ],
            [
                "10",
                "15"
            ],
            [
                "4",
                "19"
            ],
            [
                "12",
                "18"
            ],
            [
                "17",
                "21"
            ],
            [
                "5",
                "22"
            ],
            [
                "4",
                "5"
            ]
        ],
        "4": [
            [
                "12",
                "24"
            ],
            [
                "9",
                "25"
            ],
            [
                "11",
                "17"
            ]
        ],
        "5": [
            [
                "1",
                "8"
            ],
            [
                "4",
                "12"
            ],
            [
                "8",
                "18"
            ]
        ],
        "6": [
            [
                "2",
                "15"
            ]
        ],
        "7": [
            [
                "1",
                "14"
            ],
            [
                "11",
                "20"
            ],
            [
                "13",
                "22"
            ],
            [
                "19",
                "22"
            ],
            [
                "7",
                "23"
            ],
            [
                "14",
                "25"
            ]
        ],
        "8": [
            [
                "10",
                "23"
            ],
            [
                "9",
                "10"
            ],
            [
                "13",
                "24"
            ],
            [
                "6",
                "22"
            ],
            [
                "1",
                "10"
            ],
            [
                "11",
                "23"
            ],
            [
                "18",
                "21"
            ]
        ],
        "9": [
            [
                "16",
                "21"
            ],
            [
                "9",
                "22"
            ],
            [
                "14",
                "21"
            ]
        ],
        "10": [
            [
                "5",
                "9"
            ],
            [
                "8",
                "11"
            ],
            [
                "5",
                "25"
            ],
            [
                "14",
                "24"
            ]
        ],
        "11": [
            [
                "10",
                "13"
            ],
            [
                "13",
                "22"
            ],
            [
                "13",
                "18"
            ],
            [
                "1",
                "12"
            ],
            [
                "3",
                "25"
            ],
            [
                "16",
                "21"
            ]
        ],
        "12": [
            [
                "15",
                "18"
            ],
            [
                "2",
                "8"
            ],
            [
                "16",
                "24"
            ],
            [
                "12",
                "17"
            ],
            [
                "10",
                "15"
            ],
            [
                "17",
                "19"
            ]
        ],