{
    "NAME": "random-40-38.00-0",
    "TYPE": "TSPSD",
    "COMMENT": "40 random locations, 38 goal degree after n/2 deletes",
    "EDGE_WEIGHT_TYPE": "EUC_2D",
    "DIMENSION": 40,
    "GROUPS": [
        1,
        1,
        1,
        0,
        2,
        1,
        1,
        1,
        0,
        1,
        3,
        1,
        0,
        2,
        0,
        0,
        3,
        0,
        0,
        1,
        1,
        2,
        2,
        1,
        0,
        0,
        0,
        1,
        2,
        0,
        3,
        1,
        0,
        0,
        1,
        3,
        0,
        1,
        0,
        3
    ],
    "GROUPS_SUM": 40,
    "EXP_DEGREE_HALF": 38.0,
    "EXP_DEGREES": [
        39.0,
        38.95,
        38.9,
        38.85,
        38.8,
        38.75,
        38.7,
        38.65,
        38.6,
        38.55,
        38.5,
        38.45,
        38.4,
        38.35,
        38.3,
        38.25,
        38.2,
        38.15,
        38.1,
        38.05,
        38.0,
        37.95,
        37.9,
        37.85,
        37.8,
        37.75,
        37.7,
        37.65,
        37.6,
        37.55,
        37.5,
        37.45,
        37.4,
        37.35,
        37.3,
        37.25,
        37.2,
        37.15,
        37.1,
        37.05,
        37.0
    ],
    "EXP_REMOVED_EDGES": [
        0.0,
        1.0000000000000004,
        2.000000000000001,
        3.0000000000000018,
        4.000000000000002,
        5.0,
        6.0000000000000036,
        6.999999999999996,
        8.000000000000004,
        8.999999999999993,
        10.0,
        11.000000000000007,
        12.000000000000007,
        12.999999999999991,
        13.999999999999991,
        15.0,
        16.000000000000007,
        17.00000000000001,
        17.999999999999986,
        19.0,
        20.0,
        20.999999999999993,
        22.000000000000014,
        22.999999999999982,
        24.000000000000014,
        25.0,
        25.999999999999982,
        27.000000000000018,
        27.999999999999982,
        29.000000000000018,
        30.0,
        30.99999999999998,
        32.000000000000014,
        32.999999999999986,
        34.00000000000002,
        35.0,
        35.99999999999997,
        37.0,
        38.0,
        39.00000000000003,
        40
    ],
    "NODE_COORDS": {
        "1": [
            71,
            95
        ],
        "2": [
            2,
            13
        ],
        "3": [
            88,
            30
        ],
        "4": [
            23,
            20
        ],
        "5": [
            85,
            26
        ],
        "6": [
            88,
            2
        ],
        "7": [
            1,
            84
        ],
        "8": [
            99,
            74
        ],
        "9": [
            9,
            11
        ],
        "10": [
            92,
            38
        ],
        "11": [
            77,
            73
        ],
        "12": [
            71,
            67
        ],
        "13": [
            78,
            45
        ],
        "14": [
            21,
            13
        ],
        "15": [
            66,
            11
        ],
        "16": [
            76,
            22
        ],
        "17": [
            76,
            51
        ],
        "18": [
            55,
            28
        ],
        "19": [
            83,
            64
        ],
        "20": [
            68,
            68
        ],
        "21": [
            51,
            42
        ],
        "22": [
            92,
            84
        ],
        "23": [
            30,
            66
        ],
        "24": [
            81,
            53
        ],
        "25": [
            43,
            10
        ],
        "26": [
            34,
            24
        ],
        "27": [
            49,
            29
        ],
        "28": [
            57,
            87
        ],
        "29": [
            21,
            43
        ],
        "30": [
            80,
            79
        ],
        "31": [
            75,
            81
        ],
        "32": [
            97,
            33
        ],
        "33": [
            71,
            33
        ],
        "34": [
            94,
            76
        ],
        "35": [
            51,
            30
        ],
        "36": [
            53,
            86
        ],
        "37": [
            30,
            80
        ],
        "38": [
            0,
            55
        ],
        "39": [
            70,
            24
        ],
        "40": [
            74,
            82
        ]
    },
    "DELETE": {
        "1": [
            [
                "16",
                "39"
            ]
        ],
        "2": [
            [
                "4",
                "16"
            ]
        ],
        "3": [
            [
                "12",
                "14"
            ]
        ],
        "4": [],
        "5": [
            [
                "8",
                "17"
            ],
            [
                "19",
                "33"
            ]
        ],
        "6": [
            [
                "16",
                "19"
            ]
        ],
        "7": [
            [
                "8",
                "26"
            ]
        ],
        "8": [
            [
                "8",
                "27"
            ]
        ],
        "9": [],
        "10": [
            [
                "16",
                "21"
            ]
        ],
        "11": [
            [
                "16",
                "27"
            ],
            [
                "27",
                "34"
            ],
            [
                "17",
                "39"
            ]
        ],
        "12": [
            [
                "11",
                "12"
            ]
        ],
        "13": [],
        "14": [
            [
                "7",
                "28"
            ],
            [
                "28",
                "38"
            ]
        ],
        "15": [],
        "16": [],
        "17": [
            [
                "3",
                "19"
            ],
            [
                "34",
                "38"
            ],
            [
                "21",
                "24"
            ]
        ],
        "18": [],
        "19": [],
        "20": [
            [
                "5",
                "26"
            ]
        ],
        "21": [
            [
                "6",
                "13"
            ]
        ],
        "22": [
            [
                "10",
                "39"
            ],
            [
                "16",
                "20"
            ]
        ],
        "23": [
            [
                "16",
                "40"
            ],
            [
                "24",
                "31"
            ]
        ],
        "24": [
            [
                "27",
                "30"
            ]
        ],
        "25": [],
        "26": [],
        "27": [],
        "28": [
            [
                "12",
                "35"
            ]
        ],
        "29": [
            [
                "2",
                "24"
            ],
            [
                "17",
                "21"
            ]
        ],
        "30": [],
        "31": [
            [
                "30",
                "31"
            ],
            [
                "12",
                "18"
            ],
            [
                "15",
                "19"
            ]
        ],
        "32": [
            [
                "14",
                "39"
            ]
        ],
        "33": [],
        "34": [],
        "35": [
            [
                "4",
                "37"
            ]
        ],