{
    "NAME": "random-20-16.00-0",
    "TYPE": "TSPSD",
    "COMMENT": "20 random locations, 16.0 goal degree after n/2 deletes",
    "EDGE_WEIGHT_TYPE": "EUC_2D",
    "DIMENSION": 20,
    "GROUPS": [
        6,
        4,
        3,
        0,
        2,
        4,
        3,
        3,
        6,
        4,
        2,
        5,
        0,
        1,
        5,
        3,
        2,
        3,
        6,
        3
    ],
    "GROUPS_SUM": 65,
    "EXP_DEGREE_HALF": 16.010526315789473,
    "EXP_DEGREES": [
        19.0,
        18.675,
        18.35578947368421,
        18.042368421052632,
        17.734736842105264,
        17.432894736842105,
        17.136842105263156,
        16.84657894736842,
        16.562105263157896,
        16.28342105263158,
        16.010526315789473,
        15.743421052631577,
        15.482105263157894,
        15.226578947368424,
        14.976842105263158,
        14.732894736842105,
        14.494736842105265,
        14.262368421052628,
        14.035789473684215,
        13.814999999999998,
        13.6
    ],
    "EXP_REMOVED_EDGES": [
        0.0,
        3.2499999999999996,
        6.442105263157894,
        9.576315789473687,
        12.652631578947362,
        15.671052631578949,
        18.63157894736843,
        21.534210526315785,
        24.378947368421038,
        27.165789473684185,
        29.894736842105267,
        32.56578947368423,
        35.17894736842106,
        37.73421052631576,
        40.231578947368426,
        42.67105263157894,
        45.05263157894734,
        47.37631578947373,
        49.642105263157845,
        51.85000000000002,
        54
    ],
    "NODE_COORDS": {
        "1": [
            68,
            3
        ],
        "2": [
            76,
            35
        ],
        "3": [
            42,
            26
        ],
        "4": [
            64,
            88
        ],
        "5": [
            64,
            23
        ],
        "6": [
            14,
            60
        ],
        "7": [
            37,
            0
        ],
        "8": [
            75,
            16
        ],
        "9": [
            34,
            24
        ],
        "10": [
            4,
            94
        ],
        "11": [
            45,
            22
        ],
        "12": [
            32,
            19
        ],
        "13": [
            51,
            61
        ],
        "14": [
            67,
            8
        ],
        "15": [
            44,
            49
        ],
        "16": [
            76,
            72
        ],
        "17": [
            19,
            26
        ],
        "18": [
            19,
            42
        ],
        "19": [
            64,
            40
        ],
        "20": [
            38,
            51
        ]
    },
    "DELETE": {
        "1": [
            [
                "13",
                "16"
            ],
            [
                "7",
                "14"
            ],
            [
                "3",
                "14"
            ],
            [
                "13",
                "20"
            ],
            [
                "2",
                "20"
            ],
            [
                "2",
                "8"
            ]
        ],
        "2": [
            [
                "10",
                "13"
            ],
            [
                "2",
                "5"
            ],
            [
                "2",
                "9"
            ],
            [
                "3",
                "12"
            ]
        ],
        "3": [
            [
                "6",
                "14"
            ],
            [
                "1",
                "13"
            ],
            [
                "3",
                "18"
            ]
        ],
        "4": [],
        "5": [
            [
                "10",
                "11"
            ],
            [
                "14",
                "17"
            ]
        ],
        "6": [
            [
                "13",
                "18"
            ],
            [
                "5",
                "7"
            ],
            [
                "3",
                "8"
            ],
            [
                "7",
                "9"
            ]
        ],
        "7": [
            [
                "2",
                "4"
            ],
            [
                "1",
                "4"
            ],
            [
                "5",
                "20"
            ]
        ],
        "8": [
            [
                "14",
                "18"
            ],
            [
                "4",
                "5"
            ],
            [
                "2",
                "17"
            ]
        ],
        "9": [
            [
                "12",
                "18"
            ],
            [
                "2",
                "18"
            ],
            [
                "14",
                "19"
            ],
            [
                "12",
                "16"
            ],
            [
                "1",
                "6"
            ],
            [
                "8",
                "12"
            ]
        ],
        "10": [
            [
                "10",
                "20"
            ],
            [
                "3",
                "12"
            ],
            [
                "10",
                "12"
            ],
            [
                "2",
                "20"
            ]
        ],
        "11": [
            [
                "12",
                "19"
            ],
            [
                "10",
                "20"
            ]
        ],
        "12": [
            [
                "13",
                "20"
            ],
            [
                "10",
                "19"
            ],
            [
                "10",
                "13"
            ],
            [
                "14",
                "20"
            ],
            [
                "3",
                "17"
            ]
        ],
        "13": [],
        "14": [
            [
                "4",
                "15"
            ]
        ],
        "15": [
            [
                "10",
                "14"
            ],
            [
                "9",
                "10"
            ],
            [
                "12",
                "17"
            ],
            [
                "6",
                "11"
            ],
            [
                "2",
                "11"
            ]
        ],
        "16": [
            [
                "9",
                "12"
            ],
            [
                "2",
                "3"
            ],
            [
                "1",
                "15"
            ]
        ],
        "17": [
            [
                "8",
                "11"
            ],
            [
                "9",
                "12"
            ]
        ],
        "18": [
            [
                "5",
                "7"
            ],
            [
                "14",
                "19"
            ],
            [
                "15",
                "19"
            ]
        ],
        "19": [
            [
                "5",
                "11"
            ],
            [
                "10",
                "18"
            ],
            [
                "13",
                "18"
            ],
            [
                "5",
                "18"
            ],
            [
                "5",
                "13"
            ],
            [
                "12",
                "17"
            ]
        ],
        "20": [
            [
                "15",
                "17"
            ],
            [
                "12",
                "16"
            ],
            [
                "8",
                "19"
            ]
        ]
    }
}