{"name": "random-30-1.60-25.json", "solution": {"time": 0.001352828, "max_depth": 0, "is_feasible": false}, "AVD": 4.686328486328474}