{"name": "random-30-5.00-38.json", "solution": {"time": 0.002557498, "max_depth": 30, "is_feasible": true}, "AVD": 7.6437361712361716}