{"name": "random-30-0.20-38.json", "solution": {"time": 0.003240625, "max_depth": 0, "is_feasible": false}, "AVD": 2.6737788237542994}