{"name": "random-30-5.40-9.json", "solution": {"time": 0.001753379, "max_depth": 30, "is_feasible": true}, "AVD": 7.9768880070546775}