{"name": "random-30-4.80-20.json", "solution": {"time": 0.002296348, "max_depth": 30, "is_feasible": true}, "AVD": 7.434059964726634}