{"name": "random-30-1.80-23.json", "solution": {"time": 0.003350093, "max_depth": 2, "is_feasible": false}, "AVD": 4.864490262823584}