{"name": "random-30-3.00-14.json", "solution": {"time": 0.001389577, "max_depth": 2, "is_feasible": false}, "AVD": 5.891903923237254}