{"name": "random-30-2.60-1.json", "solution": {"time": 0.00158735, "max_depth": 0, "is_feasible": false}, "AVD": 5.591801587301583}