{"name": "random-30-4.40-13.json", "solution": {"time": 0.003632947, "max_depth": 7, "is_feasible": false}, "AVD": 7.174387125220462}