{"name": "random-30-7.60-6.json", "solution": {"time": 0.001685718, "max_depth": 30, "is_feasible": true}, "AVD": 9.693451499118174}