{"name": "random-30-7.60-5.json", "solution": {"time": 0.001663706, "max_depth": 30, "is_feasible": true}, "AVD": 9.62978395061729}