{"name": "random-30-8.40-34.json", "solution": {"time": 0.001510454, "max_depth": 30, "is_feasible": true}, "AVD": 10.461015873015876}