{"name": "random-30-3.60-27.json", "solution": {"time": 0.002232018, "max_depth": 2, "is_feasible": false}, "AVD": 6.423744268077603}