{"name": "random-30-3.20-36.json", "solution": {"time": 0.002033054, "max_depth": 2, "is_feasible": false}, "AVD": 6.146334776334771}