{"name": "random-30-9.20-31.json", "solution": {"time": 0.001810736, "max_depth": 30, "is_feasible": true}, "AVD": 10.9238835978836}