{"name": "random-30-9.60-15.json", "solution": {"time": 0.001704024, "max_depth": 30, "is_feasible": true}, "AVD": 11.27989153439154}