{"name": "random-30-6.80-46.json", "solution": {"time": 0.002383582, "max_depth": 30, "is_feasible": true}, "AVD": 9.020420474587151}