{"name": "random-30-1.80-47.json", "solution": {"time": 0.00147767, "max_depth": 0, "is_feasible": false}, "AVD": 4.805650442150427}