{"name": "random-30-2.80-10.json", "solution": {"time": 0.001426663, "max_depth": 2, "is_feasible": false}, "AVD": 5.709107306273965}