{"name": "random-30-2.40-47.json", "solution": {"time": 0.004064186, "max_depth": 0, "is_feasible": false}, "AVD": 5.344529741863067}