{"name": "random-30-7.00-34.json", "solution": {"time": 0.001211555, "max_depth": 30, "is_feasible": true}, "AVD": 9.331812169312174}