{"name": "random-30-2.60-4.json", "solution": {"time": 0.001340716, "max_depth": 2, "is_feasible": false}, "AVD": 5.543835337501999}