{"name": "random-30-9.20-29.json", "solution": {"time": 0.00103496, "max_depth": 30, "is_feasible": true}, "AVD": 11.02639682539683}