{"name": "random-30-10.00-0.json", "solution": {"time": 0.000845455, "max_depth": 30, "is_feasible": true}, "AVD": 11.659764550264555}