{"name": "random-30-0.40-7.json", "solution": {"time": 0.002051964, "max_depth": 0, "is_feasible": false}, "AVD": 3.0146375908042367}