{"name": "random-30-1.20-18.json", "solution": {"time": 0.001724287, "max_depth": 0, "is_feasible": false}, "AVD": 4.132354460354446}