{"name": "random-30-0.00-2.json", "solution": {"time": 0.001671247, "max_depth": 0, "is_feasible": false}, "AVD": 2.1491658890931253}