{"name": "random-30-4.40-15.json", "solution": {"time": 0.002846103, "max_depth": 3, "is_feasible": false}, "AVD": 7.139890492223827}