{"name": "random-30-7.60-48.json", "solution": {"time": 0.001785116, "max_depth": 30, "is_feasible": true}, "AVD": 9.767288359788363}