{"name": "random-30-5.00-33.json", "solution": {"time": 0.011118317, "max_depth": 30, "is_feasible": true}, "AVD": 7.613745149911822}