{"name": "random-30-7.00-9.json", "solution": {"time": 0.001262849, "max_depth": 30, "is_feasible": true}, "AVD": 9.201989417989429}