{"name": "random-30-7.00-4.json", "solution": {"time": 0.001694599, "max_depth": 30, "is_feasible": true}, "AVD": 9.224378306878313}