{"name": "random-30-2.60-49.json", "solution": {"time": 0.003506971, "max_depth": 4, "is_feasible": false}, "AVD": 5.637160894660893}