{"name": "random-30-9.60-22.json", "solution": {"time": 0.001674934, "max_depth": 30, "is_feasible": true}, "AVD": 11.30260846560847}