{"name": "random-30-4.60-39.json", "solution": {"time": 0.002194496, "max_depth": 6, "is_feasible": false}, "AVD": 7.255960317460319}