{"name": "random-30-1.20-25.json", "solution": {"time": 0.002841621, "max_depth": 0, "is_feasible": false}, "AVD": 4.279237897904551}