{"name": "random-30-6.00-35.json", "solution": {"time": 0.001176524, "max_depth": 30, "is_feasible": true}, "AVD": 8.383387125220464}