{"name": "random-30-5.00-17.json", "solution": {"time": 0.002232572, "max_depth": 6, "is_feasible": false}, "AVD": 7.620907407407415}