{"name": "random-30-7.60-25.json", "solution": {"time": 0.001272456, "max_depth": 30, "is_feasible": true}, "AVD": 9.771498236331576}