{"name": "random-30-3.60-25.json", "solution": {"time": 0.002623835, "max_depth": 3, "is_feasible": false}, "AVD": 6.461334936668269}