{"name": "random-30-7.00-28.json", "solution": {"time": 0.00134121, "max_depth": 30, "is_feasible": true}, "AVD": 9.204477072310414}