{"name": "random-30-1.80-37.json", "solution": {"time": 0.001810498, "max_depth": 0, "is_feasible": false}, "AVD": 4.81307134840467}