{"name": "random-30-8.80-44.json", "solution": {"time": 0.000704047, "max_depth": 30, "is_feasible": true}, "AVD": 10.664456790123463}