{"name": "random-30-9.00-17.json", "solution": {"time": 0.001163781, "max_depth": 30, "is_feasible": true}, "AVD": 10.753137566137566}