{"name": "random-30-2.40-29.json", "solution": {"time": 0.002308009, "max_depth": 0, "is_feasible": false}, "AVD": 5.424450296616955}