{"name": "random-30-8.00-48.json", "solution": {"time": 0.001206233, "max_depth": 30, "is_feasible": true}, "AVD": 10.077507054673728}