{"name": "random-30-8.80-25.json", "solution": {"time": 0.0017128, "max_depth": 30, "is_feasible": true}, "AVD": 10.735204585537922}