{"name": "random-30-7.60-28.json", "solution": {"time": 0.001405248, "max_depth": 30, "is_feasible": true}, "AVD": 9.690061728395069}