{"name": "random-30-6.60-41.json", "solution": {"time": 0.001896665, "max_depth": 30, "is_feasible": true}, "AVD": 8.900682539682544}