{"name": "random-30-2.40-44.json", "solution": {"time": 0.001928946, "max_depth": 2, "is_feasible": false}, "AVD": 5.449130511463839}