{"name": "random-30-2.20-25.json", "solution": {"time": 0.001454339, "max_depth": 0, "is_feasible": false}, "AVD": 5.250362477029138}