{"name": "random-30-7.00-33.json", "solution": {"time": 0.001222341, "max_depth": 30, "is_feasible": true}, "AVD": 9.180994708994714}