{"name": "random-30-3.40-48.json", "solution": {"time": 0.004195983, "max_depth": 0, "is_feasible": false}, "AVD": 6.24370867404201}