{"name": "random-30-8.40-27.json", "solution": {"time": 0.001474948, "max_depth": 30, "is_feasible": true}, "AVD": 10.304402998236336}