{"name": "random-30-3.80-22.json", "solution": {"time": 0.001457144, "max_depth": 3, "is_feasible": false}, "AVD": 6.606436507936509}