{"name": "random-30-5.20-21.json", "solution": {"time": 0.001003533, "max_depth": 30, "is_feasible": true}, "AVD": 7.736815696649036}