{"name": "random-30-0.40-10.json", "solution": {"time": 0.002516099, "max_depth": 0, "is_feasible": false}, "AVD": 3.0654877163504417}