{"name": "random-30-5.20-2.json", "solution": {"time": 0.001147808, "max_depth": 30, "is_feasible": true}, "AVD": 7.7500194003527385}