{"name": "random-30-4.40-10.json", "solution": {"time": 0.003497963, "max_depth": 12, "is_feasible": false}, "AVD": 7.093999358666025}