{"name": "random-30-9.80-5.json", "solution": {"time": 0.001144747, "max_depth": 30, "is_feasible": true}, "AVD": 11.529067019400355}