{"name": "random-30-1.20-27.json", "solution": {"time": 0.001874852, "max_depth": 0, "is_feasible": false}, "AVD": 4.22303407703406}