{"name": "random-30-4.80-14.json", "solution": {"time": 0.003716598, "max_depth": 30, "is_feasible": true}, "AVD": 7.4668641975308665}