{"name": "random-30-7.80-35.json", "solution": {"time": 0.001498788, "max_depth": 30, "is_feasible": true}, "AVD": 9.807500881834223}