{"name": "random-30-4.40-9.json", "solution": {"time": 0.000740896, "max_depth": 30, "is_feasible": true}, "AVD": 7.1009329805996515}