{"name": "random-30-3.00-8.json", "solution": {"time": 0.001661267, "max_depth": 3, "is_feasible": false}, "AVD": 5.9436526004859305}