{"name": "random-30-9.20-44.json", "solution": {"time": 0.001876306, "max_depth": 30, "is_feasible": true}, "AVD": 10.986430335097008}