{"name": "random-30-9.00-8.json", "solution": {"time": 0.001651208, "max_depth": 30, "is_feasible": true}, "AVD": 10.829161375661384}