{"name": "random-30-9.80-16.json", "solution": {"time": 0.00199372, "max_depth": 30, "is_feasible": true}, "AVD": 11.472206349206358}