{"name": "random-30-8.40-29.json", "solution": {"time": 0.001538932, "max_depth": 30, "is_feasible": true}, "AVD": 10.381793650793657}