{"name": "random-30-1.00-2.json", "solution": {"time": 0.001460075, "max_depth": 0, "is_feasible": false}, "AVD": 3.965189557356206}