{"name": "random-30-5.40-28.json", "solution": {"time": 0.001372555, "max_depth": 30, "is_feasible": true}, "AVD": 7.921394179894185}