{"name": "random-30-6.00-19.json", "solution": {"time": 0.001107577, "max_depth": 30, "is_feasible": true}, "AVD": 8.377919753086424}