{"name": "random-30-5.80-43.json", "solution": {"time": 0.00102862, "max_depth": 30, "is_feasible": true}, "AVD": 8.259141093474433}