{"name": "random-30-1.20-5.json", "solution": {"time": 0.002172332, "max_depth": 0, "is_feasible": false}, "AVD": 4.2034633699633535}