{"name": "random-30-2.00-16.json", "solution": {"time": 0.002387099, "max_depth": 0, "is_feasible": false}, "AVD": 5.0224890973224205}