{"name": "random-30-4.00-47.json", "solution": {"time": 0.002703515, "max_depth": 6, "is_feasible": false}, "AVD": 6.779262626262626}