{"name": "random-30-6.60-5.json", "solution": {"time": 0.001252298, "max_depth": 30, "is_feasible": true}, "AVD": 8.920091710758385}