{"name": "random-30-6.80-28.json", "solution": {"time": 0.001408679, "max_depth": 30, "is_feasible": true}, "AVD": 9.014704585537924}