{"name": "random-30-7.00-25.json", "solution": {"time": 0.001246022, "max_depth": 30, "is_feasible": true}, "AVD": 9.279544091710763}