{"name": "random-30-10.00-19.json", "solution": {"time": 0.001681781, "max_depth": 30, "is_feasible": true}, "AVD": 11.569634920634924}