{"name": "random-30-3.00-36.json", "solution": {"time": 0.00154894, "max_depth": 2, "is_feasible": false}, "AVD": 5.972991742825071}