{"name": "random-30-4.80-18.json", "solution": {"time": 0.001982737, "max_depth": 30, "is_feasible": true}, "AVD": 7.440702821869492}