{"name": "random-30-7.00-49.json", "solution": {"time": 0.001825095, "max_depth": 30, "is_feasible": true}, "AVD": 9.245892416225756}