{"name": "random-30-8.20-20.json", "solution": {"time": 0.001895653, "max_depth": 30, "is_feasible": true}, "AVD": 10.140791887125223}