{"name": "random-30-7.00-15.json", "solution": {"time": 0.001137589, "max_depth": 30, "is_feasible": true}, "AVD": 9.18744620811288}