{"name": "random-30-4.80-48.json", "solution": {"time": 0.007323057, "max_depth": 30, "is_feasible": true}, "AVD": 7.448931216931222}