{"name": "random-30-6.80-0.json", "solution": {"time": 0.00112102, "max_depth": 30, "is_feasible": true}, "AVD": 9.106802469135811}