{"name": "random-30-8.20-45.json", "solution": {"time": 0.00166879, "max_depth": 30, "is_feasible": true}, "AVD": 10.096424162257502}