{"name": "random-30-9.20-10.json", "solution": {"time": 0.001984082, "max_depth": 30, "is_feasible": true}, "AVD": 10.973582010582014}