{"name": "random-30-5.40-11.json", "solution": {"time": 0.000667464, "max_depth": 30, "is_feasible": true}, "AVD": 7.930199134199138}