{"name": "random-30-6.60-0.json", "solution": {"time": 0.001152907, "max_depth": 30, "is_feasible": true}, "AVD": 8.922770723104064}