{"name": "random-30-4.80-30.json", "solution": {"time": 0.000877291, "max_depth": 30, "is_feasible": true}, "AVD": 7.457569664903002}