{"name": "random-30-3.20-16.json", "solution": {"time": 0.00248829, "max_depth": 2, "is_feasible": false}, "AVD": 6.153193843193841}