{"name": "random-30-7.80-26.json", "solution": {"time": 0.001798578, "max_depth": 30, "is_feasible": true}, "AVD": 9.876471781305119}