{"name": "random-30-2.80-42.json", "solution": {"time": 0.002331483, "max_depth": 3, "is_feasible": false}, "AVD": 5.722041847041842}