{"name": "random-30-6.20-44.json", "solution": {"time": 0.001822143, "max_depth": 30, "is_feasible": true}, "AVD": 8.566544091710764}