{"name": "random-30-0.40-2.json", "solution": {"time": 0.002480292, "max_depth": 0, "is_feasible": false}, "AVD": 3.0829789778122954}