{"name": "random-30-9.40-20.json", "solution": {"time": 0.00104199, "max_depth": 30, "is_feasible": true}, "AVD": 11.071994708994712}