{"name": "random-30-6.00-3.json", "solution": {"time": 0.002221487, "max_depth": 30, "is_feasible": true}, "AVD": 8.394103174603178}