{"name": "random-30-3.00-18.json", "solution": {"time": 0.001303199, "max_depth": 0, "is_feasible": false}, "AVD": 5.935510421677083}