{"name": "random-30-4.80-32.json", "solution": {"time": 0.000972112, "max_depth": 30, "is_feasible": true}, "AVD": 7.489772486772489}