{"name": "random-30-1.80-10.json", "solution": {"time": 0.001740999, "max_depth": 0, "is_feasible": false}, "AVD": 4.7657428312428145}