{"name": "random-30-5.40-32.json", "solution": {"time": 0.001367467, "max_depth": 30, "is_feasible": true}, "AVD": 7.977926807760143}