{"name": "random-30-9.60-11.json", "solution": {"time": 0.001690721, "max_depth": 30, "is_feasible": true}, "AVD": 11.31772823472824}