{"name": "random-30-7.40-44.json", "solution": {"time": 0.001258669, "max_depth": 30, "is_feasible": true}, "AVD": 9.55507231040565}