{"name": "random-30-5.20-15.json", "solution": {"time": 0.00172889, "max_depth": 30, "is_feasible": true}, "AVD": 7.765656084656088}