{"name": "random-30-1.00-21.json", "solution": {"time": 0.001504724, "max_depth": 0, "is_feasible": false}, "AVD": 3.9690497897164403}