{"name": "random-30-0.80-28.json", "solution": {"time": 0.00167645, "max_depth": 0, "is_feasible": false}, "AVD": 3.698465145965128}