{"name": "random-30-7.60-49.json", "solution": {"time": 0.001811818, "max_depth": 30, "is_feasible": true}, "AVD": 9.758841269841275}