{"name": "random-30-1.40-13.json", "solution": {"time": 0.001665832, "max_depth": 0, "is_feasible": false}, "AVD": 4.427445930612581}