{"name": "random-30-5.00-5.json", "solution": {"time": 0.00083399, "max_depth": 30, "is_feasible": true}, "AVD": 7.607485008818345}