{"name": "random-30-7.60-44.json", "solution": {"time": 0.000840907, "max_depth": 30, "is_feasible": true}, "AVD": 9.718437389770731}