{"name": "random-30-1.60-30.json", "solution": {"time": 0.001525499, "max_depth": 0, "is_feasible": false}, "AVD": 4.615773769440424}