{"name": "random-30-4.40-45.json", "solution": {"time": 0.00288024, "max_depth": 8, "is_feasible": false}, "AVD": 7.171765271765273}