{"name": "random-30-9.00-5.json", "solution": {"time": 0.000906101, "max_depth": 30, "is_feasible": true}, "AVD": 10.842802469135806}