{"name": "random-30-8.80-3.json", "solution": {"time": 0.001710744, "max_depth": 30, "is_feasible": true}, "AVD": 10.6528659611993}