{"name": "random-30-7.60-41.json", "solution": {"time": 0.000814145, "max_depth": 30, "is_feasible": true}, "AVD": 9.678716931216933}