{"name": "random-30-0.60-18.json", "solution": {"time": 0.001797611, "max_depth": 0, "is_feasible": false}, "AVD": 3.3857212324712163}