{"name": "random-30-2.00-45.json", "solution": {"time": 0.001537568, "max_depth": 2, "is_feasible": false}, "AVD": 5.040926567259889}