{"name": "random-30-7.20-40.json", "solution": {"time": 0.001490167, "max_depth": 30, "is_feasible": true}, "AVD": 9.451547619047625}