{"name": "random-30-9.40-37.json", "solution": {"time": 0.00149943, "max_depth": 30, "is_feasible": true}, "AVD": 11.182708994709}