{"name": "random-30-2.40-11.json", "solution": {"time": 0.00145136, "max_depth": 2, "is_feasible": false}, "AVD": 5.378584014750672}