{"name": "random-30-2.40-15.json", "solution": {"time": 0.001631014, "max_depth": 3, "is_feasible": false}, "AVD": 5.413623179289839}