{"name": "random-30-9.40-42.json", "solution": {"time": 0.001381019, "max_depth": 30, "is_feasible": true}, "AVD": 11.154251322751325}