{"name": "random-30-5.20-28.json", "solution": {"time": 0.001458649, "max_depth": 30, "is_feasible": true}, "AVD": 7.75278042328043}