{"name": "random-30-0.60-3.json", "solution": {"time": 0.001772069, "max_depth": 0, "is_feasible": false}, "AVD": 3.454196149529466}