{"name": "random-30-7.20-3.json", "solution": {"time": 0.00265035, "max_depth": 30, "is_feasible": true}, "AVD": 9.371888007054679}