{"name": "random-30-0.40-33.json", "solution": {"time": 0.002372904, "max_depth": 0, "is_feasible": false}, "AVD": 3.1561035507702}