{"name": "random-30-6.00-43.json", "solution": {"time": 0.000791135, "max_depth": 30, "is_feasible": true}, "AVD": 8.429094356261027}