{"name": "random-30-6.60-46.json", "solution": {"time": 0.001640407, "max_depth": 30, "is_feasible": true}, "AVD": 8.848906525573197}