{"name": "random-30-4.80-39.json", "solution": {"time": 0.0075317, "max_depth": 7, "is_feasible": false}, "AVD": 7.435727513227516}