{"name": "random-30-3.60-47.json", "solution": {"time": 0.002429275, "max_depth": 5, "is_feasible": false}, "AVD": 6.426614638447971}