{"name": "random-30-1.60-42.json", "solution": {"time": 0.001770052, "max_depth": 0, "is_feasible": false}, "AVD": 4.608507134840456}