{"name": "random-30-6.40-33.json", "solution": {"time": 0.002208287, "max_depth": 30, "is_feasible": true}, "AVD": 8.719220458553796}