{"name": "random-30-6.00-44.json", "solution": {"time": 0.001666626, "max_depth": 30, "is_feasible": true}, "AVD": 8.42384567901235}