{"name": "random-30-6.40-13.json", "solution": {"time": 0.001267074, "max_depth": 30, "is_feasible": true}, "AVD": 8.754731040564376}