{"name": "random-30-9.60-13.json", "solution": {"time": 0.001688867, "max_depth": 30, "is_feasible": true}, "AVD": 11.259880952380959}