{"name": "random-30-0.20-40.json", "solution": {"time": 0.003278708, "max_depth": 0, "is_feasible": false}, "AVD": 2.6998209506542694}