{"name": "random-30-9.80-40.json", "solution": {"time": 0.001179551, "max_depth": 30, "is_feasible": true}, "AVD": 11.524037037037045}