{"name": "random-30-7.20-39.json", "solution": {"time": 0.001157216, "max_depth": 30, "is_feasible": true}, "AVD": 9.357645502645509}