{"name": "random-30-5.60-48.json", "solution": {"time": 0.001746159, "max_depth": 30, "is_feasible": true}, "AVD": 8.0728950617284}