{"name": "random-30-3.00-23.json", "solution": {"time": 0.001352399, "max_depth": 3, "is_feasible": false}, "AVD": 5.937130751964082}