{"name": "random-30-8.00-16.json", "solution": {"time": 0.001478844, "max_depth": 30, "is_feasible": true}, "AVD": 10.028273368606708}