{"name": "random-30-3.00-11.json", "solution": {"time": 0.001577946, "max_depth": 4, "is_feasible": false}, "AVD": 5.928295975629302}