{"name": "random-30-9.00-49.json", "solution": {"time": 0.000932277, "max_depth": 30, "is_feasible": true}, "AVD": 10.814372134038804}