{"name": "random-30-2.40-26.json", "solution": {"time": 0.001594179, "max_depth": 0, "is_feasible": false}, "AVD": 5.399711202377861}