{"name": "random-30-2.00-36.json", "solution": {"time": 0.001672134, "max_depth": 0, "is_feasible": false}, "AVD": 5.030504532504523}