{"name": "random-30-8.20-10.json", "solution": {"time": 0.001918961, "max_depth": 30, "is_feasible": true}, "AVD": 10.179500881834219}