{"name": "random-30-10.00-40.json", "solution": {"time": 0.000652021, "max_depth": 30, "is_feasible": true}, "AVD": 11.652711640211647}