{"name": "random-30-2.40-45.json", "solution": {"time": 0.001749249, "max_depth": 2, "is_feasible": false}, "AVD": 5.433839265672592}