{"name": "random-30-8.00-10.json", "solution": {"time": 0.001281919, "max_depth": 30, "is_feasible": true}, "AVD": 10.043226631393303}