{"name": "random-30-7.20-5.json", "solution": {"time": 0.001168531, "max_depth": 30, "is_feasible": true}, "AVD": 9.369919753086428}