{"name": "random-30-5.40-33.json", "solution": {"time": 0.001159453, "max_depth": 30, "is_feasible": true}, "AVD": 7.930962081128754}