{"name": "random-30-3.20-45.json", "solution": {"time": 0.002572611, "max_depth": 3, "is_feasible": false}, "AVD": 6.134008337341668}