{"name": "random-30-7.00-2.json", "solution": {"time": 0.001262683, "max_depth": 30, "is_feasible": true}, "AVD": 9.192066137566147}