{"name": "random-30-0.40-16.json", "solution": {"time": 0.002521383, "max_depth": 0, "is_feasible": false}, "AVD": 3.0085628815628627}