{"name": "random-30-8.80-33.json", "solution": {"time": 0.001690324, "max_depth": 30, "is_feasible": true}, "AVD": 10.600515873015878}