{"name": "random-30-9.20-3.json", "solution": {"time": 0.001649114, "max_depth": 30, "is_feasible": true}, "AVD": 10.97549559082893}