{"name": "random-30-8.20-37.json", "solution": {"time": 0.001722438, "max_depth": 30, "is_feasible": true}, "AVD": 10.177669312169318}