{"name": "random-30-8.20-40.json", "solution": {"time": 0.002066718, "max_depth": 30, "is_feasible": true}, "AVD": 10.216870370370376}