{"name": "random-30-7.40-3.json", "solution": {"time": 0.001312741, "max_depth": 30, "is_feasible": true}, "AVD": 9.54244268077602}