{"name": "random-30-8.60-6.json", "solution": {"time": 0.001364052, "max_depth": 30, "is_feasible": true}, "AVD": 10.472251322751328}