{"name": "random-30-9.40-12.json", "solution": {"time": 0.001172323, "max_depth": 30, "is_feasible": true}, "AVD": 11.102283950617286}