{"name": "random-30-4.60-35.json", "solution": {"time": 0.000983005, "max_depth": 30, "is_feasible": true}, "AVD": 7.288600529100531}