{"name": "random-30-6.60-43.json", "solution": {"time": 0.00179005, "max_depth": 30, "is_feasible": true}, "AVD": 8.895215167548509}