{"name": "random-30-6.40-15.json", "solution": {"time": 0.001836218, "max_depth": 30, "is_feasible": true}, "AVD": 8.69256701940036}