{"name": "random-30-8.00-44.json", "solution": {"time": 0.008080749, "max_depth": 30, "is_feasible": true}, "AVD": 10.0354356261023}