{"name": "random-30-0.60-49.json", "solution": {"time": 0.00150899, "max_depth": 0, "is_feasible": false}, "AVD": 3.5188050036383176}