{"name": "random-30-6.60-2.json", "solution": {"time": 0.001415007, "max_depth": 30, "is_feasible": true}, "AVD": 8.886904761904766}