{"name": "random-30-6.00-16.json", "solution": {"time": 0.001361763, "max_depth": 30, "is_feasible": true}, "AVD": 8.391560846560852}