{"name": "random-30-7.00-16.json", "solution": {"time": 0.001796456, "max_depth": 30, "is_feasible": true}, "AVD": 9.206007936507945}