{"name": "random-30-5.00-20.json", "solution": {"time": 0.002254309, "max_depth": 30, "is_feasible": true}, "AVD": 7.617107583774255}