{"name": "random-30-2.00-30.json", "solution": {"time": 0.005031898, "max_depth": 3, "is_feasible": false}, "AVD": 5.028070787237444}