{"name": "random-30-3.20-42.json", "solution": {"time": 0.002595901, "max_depth": 4, "is_feasible": false}, "AVD": 6.082175164341828}