{"name": "random-30-10.00-20.json", "solution": {"time": 0.001649538, "max_depth": 30, "is_feasible": true}, "AVD": 11.544375661375666}