{"name": "random-30-1.80-2.json", "solution": {"time": 0.003420027, "max_depth": 0, "is_feasible": false}, "AVD": 4.817706953540276}