{"name": "random-30-5.20-25.json", "solution": {"time": 0.000635606, "max_depth": 30, "is_feasible": true}, "AVD": 7.781402116402118}