{"name": "random-30-8.40-48.json", "solution": {"time": 0.001543606, "max_depth": 30, "is_feasible": true}, "AVD": 10.385620811287486}