{"name": "random-30-9.00-30.json", "solution": {"time": 0.001721133, "max_depth": 30, "is_feasible": true}, "AVD": 10.87544268077602}