{"name": "random-30-9.00-20.json", "solution": {"time": 0.001186005, "max_depth": 30, "is_feasible": true}, "AVD": 10.759862433862432}