{"name": "random-30-7.00-35.json", "solution": {"time": 0.00149076, "max_depth": 30, "is_feasible": true}, "AVD": 9.19184744268078}