{"name": "random-30-2.20-48.json", "solution": {"time": 0.001532224, "max_depth": 0, "is_feasible": false}, "AVD": 5.204721580888244}