{"name": "random-30-8.40-38.json", "solution": {"time": 0.0017095, "max_depth": 30, "is_feasible": true}, "AVD": 10.355495590828932}