{"name": "random-30-5.60-46.json", "solution": {"time": 0.001200394, "max_depth": 30, "is_feasible": true}, "AVD": 8.08710850877518}