{"name": "random-30-7.00-12.json", "solution": {"time": 0.001289256, "max_depth": 30, "is_feasible": true}, "AVD": 9.155243386243392}