{"name": "random-30-1.80-16.json", "solution": {"time": 0.001685136, "max_depth": 0, "is_feasible": false}, "AVD": 4.793270285270273}