{"name": "random-30-3.00-48.json", "solution": {"time": 0.002266033, "max_depth": 0, "is_feasible": false}, "AVD": 5.920452781786116}