{"name": "random-30-6.40-12.json", "solution": {"time": 0.001103371, "max_depth": 30, "is_feasible": true}, "AVD": 8.66353527336861}