{"name": "random-30-2.80-7.json", "solution": {"time": 0.001467616, "max_depth": 3, "is_feasible": false}, "AVD": 5.707911175244503}