{"name": "random-30-0.80-38.json", "solution": {"time": 0.001715494, "max_depth": 0, "is_feasible": false}, "AVD": 3.7447520905020744}