{"name": "random-30-7.20-35.json", "solution": {"time": 0.001532391, "max_depth": 30, "is_feasible": true}, "AVD": 9.33421781305115}