{"name": "random-30-6.80-22.json", "solution": {"time": 0.001731757, "max_depth": 30, "is_feasible": true}, "AVD": 9.048383597883605}