{"name": "random-30-7.60-32.json", "solution": {"time": 0.001209349, "max_depth": 30, "is_feasible": true}, "AVD": 9.706053791887125}