{"name": "random-30-1.40-36.json", "solution": {"time": 0.002098994, "max_depth": 0, "is_feasible": false}, "AVD": 4.45248152464818}