{"name": "random-30-7.80-7.json", "solution": {"time": 0.001151093, "max_depth": 30, "is_feasible": true}, "AVD": 9.930407407407412}