{"name": "random-30-3.40-36.json", "solution": {"time": 0.002033482, "max_depth": 2, "is_feasible": false}, "AVD": 6.320276735610067}