{"name": "random-30-9.20-7.json", "solution": {"time": 0.001780236, "max_depth": 30, "is_feasible": true}, "AVD": 11.028638447971787}