{"name": "random-30-5.40-18.json", "solution": {"time": 0.00120288, "max_depth": 30, "is_feasible": true}, "AVD": 7.937878306878312}