{"name": "random-30-0.60-14.json", "solution": {"time": 0.002543188, "max_depth": 0, "is_feasible": false}, "AVD": 3.3978351895018375}