{"name": "random-30-9.20-36.json", "solution": {"time": 0.001643469, "max_depth": 30, "is_feasible": true}, "AVD": 10.995396825396831}