{"name": "random-30-7.80-23.json", "solution": {"time": 0.001821155, "max_depth": 30, "is_feasible": true}, "AVD": 9.812503527336865}