{"name": "random-30-2.40-14.json", "solution": {"time": 0.001380418, "max_depth": 0, "is_feasible": false}, "AVD": 5.353695810362468}