{"name": "random-30-2.20-8.json", "solution": {"time": 0.004831883, "max_depth": 2, "is_feasible": false}, "AVD": 5.222811891811883}