{"name": "random-30-1.00-9.json", "solution": {"time": 0.002814054, "max_depth": 0, "is_feasible": false}, "AVD": 3.9581985853652357}