{"name": "random-30-4.20-0.json", "solution": {"time": 0.001087292, "max_depth": 30, "is_feasible": true}, "AVD": 6.935766153599488}