{"name": "random-30-3.80-31.json", "solution": {"time": 0.002782178, "max_depth": 4, "is_feasible": false}, "AVD": 6.643865640532309}