{"name": "random-30-2.60-48.json", "solution": {"time": 0.004429093, "max_depth": 0, "is_feasible": false}, "AVD": 5.578307118807118}