{"name": "random-30-2.00-27.json", "solution": {"time": 0.001213919, "max_depth": 0, "is_feasible": false}, "AVD": 5.038945887445876}