{"name": "random-30-7.80-5.json", "solution": {"time": 0.001153806, "max_depth": 30, "is_feasible": true}, "AVD": 9.82833156966491}