{"name": "random-30-4.20-33.json", "solution": {"time": 0.003386037, "max_depth": 30, "is_feasible": true}, "AVD": 6.958015873015875}