{"name": "random-30-4.60-47.json", "solution": {"time": 0.000864006, "max_depth": 30, "is_feasible": true}, "AVD": 7.315529822029824}