{"name": "random-30-3.00-2.json", "solution": {"time": 0.001310513, "max_depth": 2, "is_feasible": false}, "AVD": 5.95453439153439}