{"name": "random-30-4.80-1.json", "solution": {"time": 0.001723758, "max_depth": 30, "is_feasible": true}, "AVD": 7.428510582010586}