{"name": "random-30-3.20-30.json", "solution": {"time": 0.002797887, "max_depth": 8, "is_feasible": false}, "AVD": 6.104424883758215}