{"name": "random-30-7.40-19.json", "solution": {"time": 0.001201409, "max_depth": 30, "is_feasible": true}, "AVD": 9.516089947089954}