{"name": "random-30-5.00-40.json", "solution": {"time": 0.001427799, "max_depth": 30, "is_feasible": true}, "AVD": 7.652183261183263}