{"name": "random-30-4.40-19.json", "solution": {"time": 0.001565791, "max_depth": 0, "is_feasible": false}, "AVD": 7.054872855539525}