{"name": "random-30-2.20-3.json", "solution": {"time": 0.001763005, "max_depth": 0, "is_feasible": false}, "AVD": 5.220989498156157}