{"name": "random-30-7.40-27.json", "solution": {"time": 0.001989729, "max_depth": 30, "is_feasible": true}, "AVD": 9.532984126984132}