{"name": "random-30-2.60-11.json", "solution": {"time": 0.001269166, "max_depth": 2, "is_feasible": false}, "AVD": 5.57283726150392}