{"name": "random-30-5.00-25.json", "solution": {"time": 0.001868879, "max_depth": 30, "is_feasible": true}, "AVD": 7.595702821869491}