{"name": "random-30-6.60-23.json", "solution": {"time": 0.001214869, "max_depth": 30, "is_feasible": true}, "AVD": 8.832613756613764}