{"name": "random-30-5.60-1.json", "solution": {"time": 0.001248573, "max_depth": 30, "is_feasible": true}, "AVD": 8.06045679012346}