{"name": "random-30-6.80-33.json", "solution": {"time": 0.000923989, "max_depth": 30, "is_feasible": true}, "AVD": 9.040018518518524}