{"name": "random-30-4.00-0.json", "solution": {"time": 0.002525629, "max_depth": 6, "is_feasible": false}, "AVD": 6.767070386403721}