{"name": "random-30-3.00-34.json", "solution": {"time": 0.001791625, "max_depth": 2, "is_feasible": false}, "AVD": 5.909674603174597}