{"name": "random-30-6.60-30.json", "solution": {"time": 0.001261498, "max_depth": 30, "is_feasible": true}, "AVD": 8.848168430335102}