{"name": "random-30-1.20-29.json", "solution": {"time": 0.001660441, "max_depth": 0, "is_feasible": false}, "AVD": 4.220028742862061}