{"name": "random-30-8.60-14.json", "solution": {"time": 0.001579074, "max_depth": 30, "is_feasible": true}, "AVD": 10.55040740740741}