{"name": "random-30-4.60-24.json", "solution": {"time": 0.001484906, "max_depth": 30, "is_feasible": true}, "AVD": 7.314843915343918}