{"name": "random-30-1.40-10.json", "solution": {"time": 0.001480837, "max_depth": 0, "is_feasible": false}, "AVD": 4.339058691308674}