{"name": "random-30-7.40-34.json", "solution": {"time": 0.001326128, "max_depth": 30, "is_feasible": true}, "AVD": 9.636481481481486}