{"name": "random-30-6.00-39.json", "solution": {"time": 0.000612948, "max_depth": 30, "is_feasible": true}, "AVD": 8.374721340388012}