{"name": "random-30-6.80-47.json", "solution": {"time": 0.001884409, "max_depth": 30, "is_feasible": true}, "AVD": 9.130394179894186}