{"name": "random-30-0.00-30.json", "solution": {"time": 0.001920886, "max_depth": 0, "is_feasible": false}, "AVD": 2.218745375358108}