{"name": "random-30-7.00-43.json", "solution": {"time": 0.001178235, "max_depth": 30, "is_feasible": true}, "AVD": 9.228478835978843}