{"name": "random-30-8.20-46.json", "solution": {"time": 0.001896237, "max_depth": 30, "is_feasible": true}, "AVD": 10.139124338624349}