{"name": "random-30-2.40-42.json", "solution": {"time": 0.003139361, "max_depth": 0, "is_feasible": false}, "AVD": 5.369065816899143}