{"name": "random-30-5.20-24.json", "solution": {"time": 0.000508723, "max_depth": 30, "is_feasible": true}, "AVD": 7.846901234567905}