{"name": "random-30-4.20-35.json", "solution": {"time": 0.006467508, "max_depth": 4, "is_feasible": false}, "AVD": 6.954243386243388}