{"name": "random-30-4.00-38.json", "solution": {"time": 0.002231017, "max_depth": 5, "is_feasible": false}, "AVD": 6.805362637362636}