{"name": "random-30-7.40-42.json", "solution": {"time": 0.001270338, "max_depth": 30, "is_feasible": true}, "AVD": 9.52844620811288}