{"name": "random-30-3.20-12.json", "solution": {"time": 0.002562929, "max_depth": 3, "is_feasible": false}, "AVD": 6.094312730479398}