{"name": "random-30-0.60-12.json", "solution": {"time": 0.003087835, "max_depth": 0, "is_feasible": false}, "AVD": 3.447774472441123}