{"name": "random-30-3.80-30.json", "solution": {"time": 0.003458233, "max_depth": 8, "is_feasible": false}, "AVD": 6.616991021324355}