{"name": "random-30-9.60-2.json", "solution": {"time": 0.001645937, "max_depth": 30, "is_feasible": true}, "AVD": 11.25266402116403}