{"name": "random-30-0.60-48.json", "solution": {"time": 0.001548107, "max_depth": 0, "is_feasible": false}, "AVD": 3.469085944919259}