{"name": "random-30-3.40-18.json", "solution": {"time": 0.001599205, "max_depth": 2, "is_feasible": false}, "AVD": 6.280909171075837}