{"name": "random-30-9.80-33.json", "solution": {"time": 0.001185267, "max_depth": 30, "is_feasible": true}, "AVD": 11.412420634920636}