{"name": "random-30-2.00-10.json", "solution": {"time": 0.002667116, "max_depth": 0, "is_feasible": false}, "AVD": 4.94327261010593}