{"name": "random-30-5.20-8.json", "solution": {"time": 0.002956679, "max_depth": 30, "is_feasible": true}, "AVD": 7.771287477954151}