{"name": "random-30-4.80-19.json", "solution": {"time": 0.001789086, "max_depth": 3, "is_feasible": false}, "AVD": 7.376354337021009}