{"name": "random-30-4.60-1.json", "solution": {"time": 0.0015986, "max_depth": 4, "is_feasible": false}, "AVD": 7.272198412698415}