{"name": "random-30-0.20-31.json", "solution": {"time": 0.031357857, "max_depth": 0, "is_feasible": false}, "AVD": 2.6754079196039813}