{"name": "random-30-10.00-30.json", "solution": {"time": 0.001551938, "max_depth": 30, "is_feasible": true}, "AVD": 11.659764550264553}