{"name": "random-30-9.00-11.json", "solution": {"time": 0.001007432, "max_depth": 30, "is_feasible": true}, "AVD": 10.812050986050991}