{"name": "random-30-4.40-40.json", "solution": {"time": 0.001912284, "max_depth": 4, "is_feasible": false}, "AVD": 7.163755571588907}