{"name": "random-30-7.60-36.json", "solution": {"time": 0.00118534, "max_depth": 30, "is_feasible": true}, "AVD": 9.669149029982368}