{"name": "random-30-6.60-37.json", "solution": {"time": 0.001117815, "max_depth": 30, "is_feasible": true}, "AVD": 8.884253086419758}