{"name": "random-30-1.00-44.json", "solution": {"time": 0.00559164, "max_depth": 2, "is_feasible": false}, "AVD": 3.995755417422068}