{"name": "random-30-4.60-37.json", "solution": {"time": 0.000708675, "max_depth": 30, "is_feasible": true}, "AVD": 7.3021596119929475}