{"name": "random-30-2.20-38.json", "solution": {"time": 0.001530533, "max_depth": 0, "is_feasible": false}, "AVD": 5.210202908202899}