{"name": "random-30-6.60-14.json", "solution": {"time": 0.001406536, "max_depth": 30, "is_feasible": true}, "AVD": 8.93646649029983}