{"name": "random-30-1.60-40.json", "solution": {"time": 0.002571355, "max_depth": 0, "is_feasible": false}, "AVD": 4.6164646464646335}