{"name": "random-30-7.60-2.json", "solution": {"time": 0.001253263, "max_depth": 30, "is_feasible": true}, "AVD": 9.622867724867733}