{"name": "random-30-6.80-44.json", "solution": {"time": 0.0017828, "max_depth": 30, "is_feasible": true}, "AVD": 9.057869488536165}