{"name": "random-30-1.40-26.json", "solution": {"time": 0.002175855, "max_depth": 0, "is_feasible": false}, "AVD": 4.42776823793489}