{"name": "random-30-8.40-12.json", "solution": {"time": 0.001245611, "max_depth": 30, "is_feasible": true}, "AVD": 10.273184303350975}