{"name": "random-30-8.80-28.json", "solution": {"time": 0.001670067, "max_depth": 30, "is_feasible": true}, "AVD": 10.640482363315703}