{"name": "random-30-6.00-36.json", "solution": {"time": 0.00085764, "max_depth": 30, "is_feasible": true}, "AVD": 8.405858024691362}