{"name": "random-30-7.00-48.json", "solution": {"time": 0.001751129, "max_depth": 30, "is_feasible": true}, "AVD": 9.241026455026459}