{"name": "random-30-8.00-21.json", "solution": {"time": 0.001228823, "max_depth": 30, "is_feasible": true}, "AVD": 10.016026455026461}