{"name": "random-30-7.80-21.json", "solution": {"time": 0.001731502, "max_depth": 30, "is_feasible": true}, "AVD": 9.815428571428578}