{"name": "random-30-4.20-16.json", "solution": {"time": 0.006061189, "max_depth": 30, "is_feasible": true}, "AVD": 6.975675485008818}