{"name": "random-30-3.60-11.json", "solution": {"time": 0.004434544, "max_depth": 8, "is_feasible": false}, "AVD": 6.458877104377101}