{"name": "random-30-0.20-20.json", "solution": {"time": 0.005077738, "max_depth": 0, "is_feasible": false}, "AVD": 2.798650775150756}