{"name": "random-30-5.60-34.json", "solution": {"time": 0.001324522, "max_depth": 30, "is_feasible": true}, "AVD": 8.167890652557325}