{"name": "random-30-10.00-1.json", "solution": {"time": 0.000944205, "max_depth": 30, "is_feasible": true}, "AVD": 11.67141005291006}