{"name": "random-30-0.60-36.json", "solution": {"time": 0.001784976, "max_depth": 0, "is_feasible": false}, "AVD": 3.4792185530518673}