{"name": "random-30-1.00-26.json", "solution": {"time": 0.001495408, "max_depth": 0, "is_feasible": false}, "AVD": 4.046679974346623}