{"name": "random-30-3.00-22.json", "solution": {"time": 0.001284133, "max_depth": 2, "is_feasible": false}, "AVD": 5.927938111271442}