{"name": "random-30-9.60-35.json", "solution": {"time": 0.00119425, "max_depth": 30, "is_feasible": true}, "AVD": 11.289158730158734}