{"name": "random-30-0.20-8.json", "solution": {"time": 0.004945977, "max_depth": 0, "is_feasible": false}, "AVD": 2.6951927616682343}