{"name": "random-30-5.80-19.json", "solution": {"time": 0.004482089, "max_depth": 7, "is_feasible": false}, "AVD": 8.204139329806}