{"name": "random-30-9.20-24.json", "solution": {"time": 0.001662142, "max_depth": 30, "is_feasible": true}, "AVD": 10.949470899470905}