{"name": "random-30-7.40-17.json", "solution": {"time": 0.003061488, "max_depth": 30, "is_feasible": true}, "AVD": 9.487468253968261}