{"name": "random-30-9.80-1.json", "solution": {"time": 0.000530363, "max_depth": 30, "is_feasible": true}, "AVD": 11.522806878306886}