{"name": "random-30-4.60-32.json", "solution": {"time": 0.003053133, "max_depth": 30, "is_feasible": true}, "AVD": 7.337806878306877}