{"name": "random-30-9.40-25.json", "solution": {"time": 0.001088008, "max_depth": 30, "is_feasible": true}, "AVD": 11.181752204585539}