{"name": "random-30-3.00-7.json", "solution": {"time": 0.001543717, "max_depth": 3, "is_feasible": false}, "AVD": 5.874360349527011}