{"name": "random-30-1.00-14.json", "solution": {"time": 0.001752459, "max_depth": 0, "is_feasible": false}, "AVD": 3.9199048050714547}