{"name": "random-30-9.80-22.json", "solution": {"time": 0.00138126, "max_depth": 30, "is_feasible": true}, "AVD": 11.50697883597884}