{"name": "random-30-4.00-15.json", "solution": {"time": 0.002371446, "max_depth": 3, "is_feasible": false}, "AVD": 6.831312008978679}