{"name": "random-30-1.20-8.json", "solution": {"time": 0.002199545, "max_depth": 0, "is_feasible": false}, "AVD": 4.179213854047174}