{"name": "random-30-9.00-34.json", "solution": {"time": 0.001734555, "max_depth": 30, "is_feasible": true}, "AVD": 10.96324867724868}