{"name": "random-30-6.00-6.json", "solution": {"time": 0.001308828, "max_depth": 30, "is_feasible": true}, "AVD": 8.424037037037044}