{"name": "random-30-2.20-15.json", "solution": {"time": 0.003807438, "max_depth": 3, "is_feasible": false}, "AVD": 5.224781866281858}