{"name": "random-30-2.80-2.json", "solution": {"time": 0.002914847, "max_depth": 2, "is_feasible": false}, "AVD": 5.789255731922395}