{"name": "random-30-4.20-30.json", "solution": {"time": 0.012265686, "max_depth": 10, "is_feasible": false}, "AVD": 6.981744268077606}