{"name": "random-30-9.00-33.json", "solution": {"time": 0.001702648, "max_depth": 30, "is_feasible": true}, "AVD": 10.765685185185188}