{"name": "random-30-8.00-19.json", "solution": {"time": 0.001198496, "max_depth": 30, "is_feasible": true}, "AVD": 9.961981481481489}