{"name": "random-30-2.00-40.json", "solution": {"time": 0.00146045, "max_depth": 0, "is_feasible": false}, "AVD": 4.9947720057719955}