{"name": "random-30-6.80-27.json", "solution": {"time": 0.001455765, "max_depth": 30, "is_feasible": true}, "AVD": 9.024327160493835}