{"name": "random-30-8.80-21.json", "solution": {"time": 0.00095532, "max_depth": 30, "is_feasible": true}, "AVD": 10.695238095238102}