{"name": "random-30-2.20-11.json", "solution": {"time": 0.003913183, "max_depth": 2, "is_feasible": false}, "AVD": 5.148376105376095}