{"name": "random-30-0.80-40.json", "solution": {"time": 0.001729608, "max_depth": 0, "is_feasible": false}, "AVD": 3.7238324144990638}