{"name": "random-30-3.60-12.json", "solution": {"time": 0.00239307, "max_depth": 3, "is_feasible": false}, "AVD": 6.432251002084338}