{"name": "random-30-1.20-11.json", "solution": {"time": 0.002679524, "max_depth": 0, "is_feasible": false}, "AVD": 4.155034878701527}