{"name": "random-30-8.20-24.json", "solution": {"time": 0.001690118, "max_depth": 30, "is_feasible": true}, "AVD": 10.195465608465614}