{"name": "random-30-6.20-41.json", "solution": {"time": 0.002355029, "max_depth": 30, "is_feasible": true}, "AVD": 8.5929241622575}