{"name": "random-30-0.60-27.json", "solution": {"time": 0.001649386, "max_depth": 0, "is_feasible": false}, "AVD": 3.4094829861496336}