{"name": "random-30-5.00-45.json", "solution": {"time": 0.001104522, "max_depth": 30, "is_feasible": true}, "AVD": 7.664919753086425}