{"name": "random-30-9.00-3.json", "solution": {"time": 0.001650298, "max_depth": 30, "is_feasible": true}, "AVD": 10.79982892416226}