{"name": "random-30-9.40-19.json", "solution": {"time": 0.001561404, "max_depth": 30, "is_feasible": true}, "AVD": 11.08200000000001}