{"name": "random-30-10.00-13.json", "solution": {"time": 0.001424324, "max_depth": 30, "is_feasible": true}, "AVD": 11.573817460317466}