{"name": "random-30-5.20-0.json", "solution": {"time": 0.002032291, "max_depth": 30, "is_feasible": true}, "AVD": 7.770522045855384}