{"name": "random-30-8.40-41.json", "solution": {"time": 0.001737433, "max_depth": 30, "is_feasible": true}, "AVD": 10.408939153439155}