{"name": "random-30-2.40-10.json", "solution": {"time": 0.001286449, "max_depth": 0, "is_feasible": false}, "AVD": 5.324776661609984}