{"name": "random-30-6.60-1.json", "solution": {"time": 0.001065312, "max_depth": 30, "is_feasible": true}, "AVD": 8.902760141093479}