{"name": "random-30-3.40-38.json", "solution": {"time": 0.002347295, "max_depth": 3, "is_feasible": false}, "AVD": 6.297694003527336}