{"name": "random-30-5.60-32.json", "solution": {"time": 0.001144006, "max_depth": 30, "is_feasible": true}, "AVD": 8.12374162257496}