{"name": "random-30-8.00-15.json", "solution": {"time": 0.001235163, "max_depth": 30, "is_feasible": true}, "AVD": 10.059902116402121}