{"name": "random-30-6.20-35.json", "solution": {"time": 0.002025694, "max_depth": 30, "is_feasible": true}, "AVD": 8.54191358024692}