{"name": "random-30-8.20-27.json", "solution": {"time": 0.00172991, "max_depth": 30, "is_feasible": true}, "AVD": 10.125947971781311}