{"name": "random-30-4.80-25.json", "solution": {"time": 0.001753461, "max_depth": 30, "is_feasible": true}, "AVD": 7.467766313932982}