{"name": "random-30-8.20-2.json", "solution": {"time": 0.001782447, "max_depth": 30, "is_feasible": true}, "AVD": 10.1031216931217}