{"name": "random-30-0.00-36.json", "solution": {"time": 0.002803675, "max_depth": 0, "is_feasible": false}, "AVD": 2.171677574575394}