{"name": "random-30-5.60-22.json", "solution": {"time": 0.001323535, "max_depth": 30, "is_feasible": true}, "AVD": 8.089843915343923}