{"name": "random-30-10.00-45.json", "solution": {"time": 0.001294008, "max_depth": 30, "is_feasible": true}, "AVD": 11.59842063492064}