{"name": "random-30-4.80-16.json", "solution": {"time": 0.002065131, "max_depth": 30, "is_feasible": true}, "AVD": 7.475776014109351}