{"name": "random-30-8.80-6.json", "solution": {"time": 0.000737003, "max_depth": 30, "is_feasible": true}, "AVD": 10.672029100529112}