{"name": "random-30-1.00-25.json", "solution": {"time": 0.001513443, "max_depth": 0, "is_feasible": false}, "AVD": 4.051991545491531}