{"name": "random-30-6.20-39.json", "solution": {"time": 0.000851035, "max_depth": 30, "is_feasible": true}, "AVD": 8.531443562610233}