{"name": "random-30-4.00-42.json", "solution": {"time": 0.002359482, "max_depth": 6, "is_feasible": false}, "AVD": 6.734730880230882}