{"name": "random-30-5.80-4.json", "solution": {"time": 0.00282903, "max_depth": 30, "is_feasible": true}, "AVD": 8.278794575794581}