{"name": "random-30-5.40-14.json", "solution": {"time": 0.001928697, "max_depth": 30, "is_feasible": true}, "AVD": 7.9849250440917166}