{"name": "random-30-1.20-12.json", "solution": {"time": 0.002676376, "max_depth": 0, "is_feasible": false}, "AVD": 4.158938314771635}