{"name": "random-30-9.60-42.json", "solution": {"time": 0.000890036, "max_depth": 30, "is_feasible": true}, "AVD": 11.329753968253966}