{"name": "random-30-10.00-15.json", "solution": {"time": 0.001387213, "max_depth": 30, "is_feasible": true}, "AVD": 11.627124338624347}