{"name": "random-30-5.80-21.json", "solution": {"time": 0.001864218, "max_depth": 30, "is_feasible": true}, "AVD": 8.240934744268083}