{"name": "random-30-7.60-7.json", "solution": {"time": 0.001666208, "max_depth": 30, "is_feasible": true}, "AVD": 9.74678571428572}