{"name": "random-30-9.60-23.json", "solution": {"time": 0.001711792, "max_depth": 30, "is_feasible": true}, "AVD": 11.251843915343919}