{"name": "random-30-5.20-35.json", "solution": {"time": 0.003334967, "max_depth": 30, "is_feasible": true}, "AVD": 7.762813051146387}