{"name": "random-30-4.80-37.json", "solution": {"time": 0.002508096, "max_depth": 30, "is_feasible": true}, "AVD": 7.469324514991185}