{"name": "random-30-6.60-18.json", "solution": {"time": 0.001781751, "max_depth": 30, "is_feasible": true}, "AVD": 8.973425925925932}