{"name": "random-30-0.60-28.json", "solution": {"time": 0.00167327, "max_depth": 0, "is_feasible": false}, "AVD": 3.4106817935151086}