{"name": "random-30-0.00-26.json", "solution": {"time": 0.002857077, "max_depth": 0, "is_feasible": false}, "AVD": 2.137046698943748}