{"name": "random-30-9.00-16.json", "solution": {"time": 0.011129483, "max_depth": 30, "is_feasible": true}, "AVD": 10.855322751322761}