{"name": "random-30-1.60-27.json", "solution": {"time": 0.001478532, "max_depth": 0, "is_feasible": false}, "AVD": 4.640484570984559}