{"name": "random-30-4.60-6.json", "solution": {"time": 0.001701641, "max_depth": 30, "is_feasible": true}, "AVD": 7.295899470899473}