{"name": "random-30-2.40-20.json", "solution": {"time": 0.004792912, "max_depth": 3, "is_feasible": false}, "AVD": 5.384051386884713}