{"name": "random-30-9.80-24.json", "solution": {"time": 0.001117547, "max_depth": 30, "is_feasible": true}, "AVD": 11.43784391534392}