{"name": "random-30-9.00-47.json", "solution": {"time": 0.000972923, "max_depth": 30, "is_feasible": true}, "AVD": 10.878203703703713}