{"name": "random-30-5.60-43.json", "solution": {"time": 0.001012014, "max_depth": 30, "is_feasible": true}, "AVD": 8.106136684303355}