{"name": "random-30-6.60-45.json", "solution": {"time": 0.001222902, "max_depth": 30, "is_feasible": true}, "AVD": 8.890048500881841}