{"name": "random-30-1.40-12.json", "solution": {"time": 0.001425368, "max_depth": 0, "is_feasible": false}, "AVD": 4.420743429410085}