{"name": "random-30-3.60-34.json", "solution": {"time": 0.002109262, "max_depth": 3, "is_feasible": false}, "AVD": 6.450725749559081}