{"name": "random-30-4.20-5.json", "solution": {"time": 0.000992005, "max_depth": 30, "is_feasible": true}, "AVD": 6.951049943883277}