{"name": "random-30-1.00-37.json", "solution": {"time": 0.001894959, "max_depth": 0, "is_feasible": false}, "AVD": 3.953222703222685}