{"name": "random-30-0.20-32.json", "solution": {"time": 0.001669428, "max_depth": 0, "is_feasible": false}, "AVD": 2.7250521364981988}