{"name": "random-30-7.80-37.json", "solution": {"time": 0.001165756, "max_depth": 30, "is_feasible": true}, "AVD": 9.871113756613763}