{"name": "random-30-3.40-13.json", "solution": {"time": 0.006303985, "max_depth": 3, "is_feasible": false}, "AVD": 6.310241622574952}