{"name": "random-30-3.20-0.json", "solution": {"time": 0.004908219, "max_depth": 4, "is_feasible": false}, "AVD": 6.091658569825233}