{"name": "random-30-4.00-1.json", "solution": {"time": 0.001390208, "max_depth": 2, "is_feasible": false}, "AVD": 6.772179894179895}