{"name": "random-30-10.00-25.json", "solution": {"time": 0.002113325, "max_depth": 30, "is_feasible": true}, "AVD": 11.687976190476196}