{"name": "random-30-5.60-45.json", "solution": {"time": 0.000703515, "max_depth": 30, "is_feasible": true}, "AVD": 8.11934038800706}