{"name": "random-30-7.80-20.json", "solution": {"time": 0.001731359, "max_depth": 30, "is_feasible": true}, "AVD": 9.837762786596125}