{"name": "random-30-5.60-38.json", "solution": {"time": 0.001548662, "max_depth": 30, "is_feasible": true}, "AVD": 8.13519576719577}