{"name": "random-30-1.20-21.json", "solution": {"time": 0.002657064, "max_depth": 0, "is_feasible": false}, "AVD": 4.194763748597068}