{"name": "random-30-9.40-31.json", "solution": {"time": 0.001491448, "max_depth": 30, "is_feasible": true}, "AVD": 11.11332804232805}