{"name": "random-30-6.20-33.json", "solution": {"time": 0.002242732, "max_depth": 30, "is_feasible": true}, "AVD": 8.561295414462085}