{"name": "random-30-5.00-29.json", "solution": {"time": 0.003264835, "max_depth": 6, "is_feasible": false}, "AVD": 7.584686067019403}