{"name": "random-30-1.00-41.json", "solution": {"time": 0.001605648, "max_depth": 0, "is_feasible": false}, "AVD": 3.975134439634423}