{"name": "random-30-7.80-34.json", "solution": {"time": 0.00135526, "max_depth": 30, "is_feasible": true}, "AVD": 9.949761904761912}