{"name": "random-30-5.60-9.json", "solution": {"time": 0.002709507, "max_depth": 30, "is_feasible": true}, "AVD": 8.10949911816579}