{"name": "random-30-4.60-41.json", "solution": {"time": 0.002631929, "max_depth": 30, "is_feasible": true}, "AVD": 7.293635481802151}