{"name": "random-30-8.20-41.json", "solution": {"time": 0.001830795, "max_depth": 30, "is_feasible": true}, "AVD": 10.204568783068789}