{"name": "random-30-8.40-11.json", "solution": {"time": 0.001292412, "max_depth": 30, "is_feasible": true}, "AVD": 10.342458393458397}