{"name": "random-30-1.20-22.json", "solution": {"time": 0.002673401, "max_depth": 0, "is_feasible": false}, "AVD": 4.137797745464394}