{"name": "random-30-8.60-36.json", "solution": {"time": 0.000902418, "max_depth": 30, "is_feasible": true}, "AVD": 10.51325661375662}