{"name": "random-30-1.80-42.json", "solution": {"time": 0.002104661, "max_depth": 0, "is_feasible": false}, "AVD": 4.795352092352081}