{"name": "random-30-6.40-32.json", "solution": {"time": 0.001035371, "max_depth": 30, "is_feasible": true}, "AVD": 8.775999118165792}