{"name": "random-30-7.20-30.json", "solution": {"time": 0.001870195, "max_depth": 30, "is_feasible": true}, "AVD": 9.351358024691365}