{"name": "random-30-3.00-16.json", "solution": {"time": 0.001419307, "max_depth": 2, "is_feasible": false}, "AVD": 5.964104777938107}