{"name": "random-30-5.00-28.json", "solution": {"time": 0.002295442, "max_depth": 30, "is_feasible": true}, "AVD": 7.593515873015877}