{"name": "random-30-9.80-43.json", "solution": {"time": 0.001152515, "max_depth": 30, "is_feasible": true}, "AVD": 11.450008818342157}