{"name": "random-30-8.00-46.json", "solution": {"time": 0.001314806, "max_depth": 30, "is_feasible": true}, "AVD": 9.95492857142858}