{"name": "random-30-0.00-19.json", "solution": {"time": 0.001696628, "max_depth": 0, "is_feasible": false}, "AVD": 2.10278982854472}