{"name": "random-30-6.40-48.json", "solution": {"time": 0.001113715, "max_depth": 30, "is_feasible": true}, "AVD": 8.719466490299828}