{"name": "random-30-2.20-10.json", "solution": {"time": 0.003472972, "max_depth": 0, "is_feasible": false}, "AVD": 5.14788232138231}