{"name": "random-30-0.80-11.json", "solution": {"time": 0.001616303, "max_depth": 0, "is_feasible": false}, "AVD": 3.6530947509280676}