{"name": "random-30-7.20-33.json", "solution": {"time": 0.001192805, "max_depth": 30, "is_feasible": true}, "AVD": 9.317624338624347}