{"name": "random-30-1.40-28.json", "solution": {"time": 0.003351423, "max_depth": 0, "is_feasible": false}, "AVD": 4.429144065810719}