{"name": "random-30-7.60-40.json", "solution": {"time": 0.000942852, "max_depth": 30, "is_feasible": true}, "AVD": 9.753182539682548}