{"name": "random-30-7.20-32.json", "solution": {"time": 0.011087264, "max_depth": 30, "is_feasible": true}, "AVD": 9.418196649029987}