{"name": "random-30-6.60-24.json", "solution": {"time": 0.001131081, "max_depth": 30, "is_feasible": true}, "AVD": 8.94556966490301}