{"name": "random-30-4.00-45.json", "solution": {"time": 0.002560289, "max_depth": 6, "is_feasible": false}, "AVD": 6.820924001924002}