{"name": "random-30-4.60-17.json", "solution": {"time": 0.001320823, "max_depth": 2, "is_feasible": false}, "AVD": 7.279087301587308}