{"name": "random-30-2.20-14.json", "solution": {"time": 0.003182532, "max_depth": 0, "is_feasible": false}, "AVD": 5.180052071385395}