{"name": "random-30-3.00-26.json", "solution": {"time": 0.001334038, "max_depth": 2, "is_feasible": false}, "AVD": 5.930485409652074}