{"name": "random-30-7.60-19.json", "solution": {"time": 0.001214618, "max_depth": 30, "is_feasible": true}, "AVD": 9.677322751322755}