{"name": "random-30-8.40-49.json", "solution": {"time": 0.001570247, "max_depth": 30, "is_feasible": true}, "AVD": 10.343713403880077}