{"name": "random-30-6.60-13.json", "solution": {"time": 0.001628739, "max_depth": 30, "is_feasible": true}, "AVD": 8.895379188712528}