{"name": "random-30-10.00-24.json", "solution": {"time": 0.002560153, "max_depth": 30, "is_feasible": true}, "AVD": 11.600224867724872}