{"name": "random-30-6.20-1.json", "solution": {"time": 0.000840424, "max_depth": 30, "is_feasible": true}, "AVD": 8.556921516754857}