{"name": "random-30-3.80-2.json", "solution": {"time": 0.001243831, "max_depth": 2, "is_feasible": false}, "AVD": 6.607010582010583}