{"name": "random-30-9.60-38.json", "solution": {"time": 0.00109298, "max_depth": 30, "is_feasible": true}, "AVD": 11.302963844797183}