{"name": "random-30-0.20-2.json", "solution": {"time": 0.001744358, "max_depth": 0, "is_feasible": false}, "AVD": 2.7360267109433605}