{"name": "random-30-1.60-41.json", "solution": {"time": 0.002061269, "max_depth": 0, "is_feasible": false}, "AVD": 4.631447731281052}