{"name": "random-30-4.60-21.json", "solution": {"time": 0.001453453, "max_depth": 6, "is_feasible": false}, "AVD": 7.255905643738983}