{"name": "random-30-3.40-12.json", "solution": {"time": 0.001806226, "max_depth": 3, "is_feasible": false}, "AVD": 6.257787157287159}