{"name": "random-30-5.20-46.json", "solution": {"time": 0.004443171, "max_depth": 30, "is_feasible": true}, "AVD": 7.731674646341319}