{"name": "random-30-0.00-44.json", "solution": {"time": 0.001613194, "max_depth": 0, "is_feasible": false}, "AVD": 2.1635998823253613}