{"name": "random-30-0.20-7.json", "solution": {"time": 0.006236427, "max_depth": 0, "is_feasible": false}, "AVD": 2.599736498069817}