{"name": "random-30-4.00-7.json", "solution": {"time": 0.001047662, "max_depth": 30, "is_feasible": true}, "AVD": 6.786370210036876}