{"name": "random-30-0.40-29.json", "solution": {"time": 0.002331932, "max_depth": 0, "is_feasible": false}, "AVD": 3.1486587486587285}