{"name": "random-30-7.20-17.json", "solution": {"time": 0.001497294, "max_depth": 30, "is_feasible": true}, "AVD": 9.309696649029991}