{"name": "random-30-2.00-12.json", "solution": {"time": 0.002732452, "max_depth": 3, "is_feasible": false}, "AVD": 5.046794816294809}