{"name": "random-30-5.20-6.json", "solution": {"time": 0.003463634, "max_depth": 30, "is_feasible": true}, "AVD": 7.775552028218699}