{"name": "random-30-7.60-4.json", "solution": {"time": 0.000999675, "max_depth": 30, "is_feasible": true}, "AVD": 9.73035626102293}