{"name": "random-30-1.40-48.json", "solution": {"time": 0.001549979, "max_depth": 0, "is_feasible": false}, "AVD": 4.378058928725581}