{"name": "random-30-0.00-7.json", "solution": {"time": 0.002007304, "max_depth": 0, "is_feasible": false}, "AVD": 2.0367121438837055}