{"name": "random-30-2.40-6.json", "solution": {"time": 0.001646796, "max_depth": 2, "is_feasible": false}, "AVD": 5.439020843354174}