{"name": "random-30-8.00-6.json", "solution": {"time": 0.001194021, "max_depth": 30, "is_feasible": true}, "AVD": 10.028765432098773}