{"name": "random-30-2.00-49.json", "solution": {"time": 0.001409596, "max_depth": 0, "is_feasible": false}, "AVD": 5.062269199935859}