{"name": "random-30-6.60-20.json", "solution": {"time": 0.001111867, "max_depth": 30, "is_feasible": true}, "AVD": 8.915143738977072}