{"name": "random-30-6.00-5.json", "solution": {"time": 0.00087082, "max_depth": 30, "is_feasible": true}, "AVD": 8.442434744268082}