{"name": "random-30-2.00-35.json", "solution": {"time": 0.001444262, "max_depth": 0, "is_feasible": false}, "AVD": 5.014293009459666}