{"name": "random-30-1.60-18.json", "solution": {"time": 0.001394887, "max_depth": 0, "is_feasible": false}, "AVD": 4.571833493666816}