{"name": "random-30-8.40-6.json", "solution": {"time": 0.001534488, "max_depth": 30, "is_feasible": true}, "AVD": 10.32250000000001}