{"name": "random-30-9.80-4.json", "solution": {"time": 0.001444005, "max_depth": 30, "is_feasible": true}, "AVD": 11.463622574955915}