{"name": "random-30-3.20-44.json", "solution": {"time": 0.003184136, "max_depth": 2, "is_feasible": false}, "AVD": 6.093733686067017}