{"name": "random-30-1.00-10.json", "solution": {"time": 0.001902279, "max_depth": 0, "is_feasible": false}, "AVD": 3.9075448444075724}