{"name": "random-30-7.40-11.json", "solution": {"time": 0.001315512, "max_depth": 30, "is_feasible": true}, "AVD": 9.544905483405493}