{"name": "random-30-5.00-43.json", "solution": {"time": 0.00595459, "max_depth": 30, "is_feasible": true}, "AVD": 7.6236684303351}