{"name": "random-30-9.60-26.json", "solution": {"time": 0.001627669, "max_depth": 30, "is_feasible": true}, "AVD": 11.353208994709002}