{"name": "random-30-6.00-31.json", "solution": {"time": 0.00083784, "max_depth": 30, "is_feasible": true}, "AVD": 8.388747635080973}