{"name": "random-30-10.00-32.json", "solution": {"time": 0.00160268, "max_depth": 30, "is_feasible": true}, "AVD": 11.653449735449739}