{"name": "random-30-6.20-11.json", "solution": {"time": 0.000731925, "max_depth": 30, "is_feasible": true}, "AVD": 8.57860213243547}