{"name": "random-30-0.60-17.json", "solution": {"time": 0.002071756, "max_depth": 0, "is_feasible": false}, "AVD": 3.5717515324181788}