{"name": "random-30-8.00-42.json", "solution": {"time": 0.001201829, "max_depth": 30, "is_feasible": true}, "AVD": 9.990056437389779}