{"name": "random-30-3.60-43.json", "solution": {"time": 0.002271146, "max_depth": 7, "is_feasible": false}, "AVD": 6.461797178130511}