{"name": "random-30-3.80-34.json", "solution": {"time": 0.002719444, "max_depth": 3, "is_feasible": false}, "AVD": 6.632707231040564}