{"name": "random-30-9.80-7.json", "solution": {"time": 0.00115089, "max_depth": 30, "is_feasible": true}, "AVD": 11.54300881834216}