{"name": "random-30-2.80-34.json", "solution": {"time": 0.0020683, "max_depth": 2, "is_feasible": false}, "AVD": 5.732996472663132}