{"name": "random-30-2.80-8.json", "solution": {"time": 0.001363571, "max_depth": 2, "is_feasible": false}, "AVD": 5.77894801494801}