{"name": "random-30-1.80-48.json", "solution": {"time": 0.001430654, "max_depth": 0, "is_feasible": false}, "AVD": 4.8260206090206}