{"name": "random-30-8.40-36.json", "solution": {"time": 0.001531218, "max_depth": 30, "is_feasible": true}, "AVD": 10.354320105820111}