{"name": "random-30-6.40-1.json", "solution": {"time": 0.001047797, "max_depth": 30, "is_feasible": true}, "AVD": 8.71971252204586}