{"name": "random-30-8.40-35.json", "solution": {"time": 0.001494274, "max_depth": 30, "is_feasible": true}, "AVD": 10.310307760141098}