{"name": "random-30-9.80-29.json", "solution": {"time": 0.001168517, "max_depth": 30, "is_feasible": true}, "AVD": 11.50173015873016}