{"name": "random-30-7.20-15.json", "solution": {"time": 0.001105865, "max_depth": 30, "is_feasible": true}, "AVD": 9.347530864197536}