{"name": "random-30-0.80-41.json", "solution": {"time": 0.001709683, "max_depth": 0, "is_feasible": false}, "AVD": 3.729558244224894}