{"name": "random-30-0.80-19.json", "solution": {"time": 0.002779258, "max_depth": 0, "is_feasible": false}, "AVD": 3.7689820118153268}