{"name": "random-30-7.80-27.json", "solution": {"time": 0.001729258, "max_depth": 30, "is_feasible": true}, "AVD": 9.830682539682547}