{"name": "random-30-2.60-6.json", "solution": {"time": 0.005110387, "max_depth": 2, "is_feasible": false}, "AVD": 5.616273047939712}