{"name": "random-30-6.40-29.json", "solution": {"time": 0.006679034, "max_depth": 30, "is_feasible": true}, "AVD": 8.711648148148154}