{"name": "random-30-1.60-22.json", "solution": {"time": 0.001390252, "max_depth": 0, "is_feasible": false}, "AVD": 4.5963728185394706}