{"name": "random-30-2.20-46.json", "solution": {"time": 0.001544869, "max_depth": 2, "is_feasible": false}, "AVD": 5.217619608786269}