{"name": "random-30-7.60-35.json", "solution": {"time": 0.001466674, "max_depth": 30, "is_feasible": true}, "AVD": 9.661194003527344}