{"name": "random-30-4.00-11.json", "solution": {"time": 0.002145191, "max_depth": 30, "is_feasible": true}, "AVD": 6.790910614077281}