{"name": "random-30-9.40-40.json", "solution": {"time": 0.00163774, "max_depth": 30, "is_feasible": true}, "AVD": 11.194518518518525}