{"name": "random-30-9.60-32.json", "solution": {"time": 0.011137892, "max_depth": 30, "is_feasible": true}, "AVD": 11.304084656084658}