{"name": "random-30-8.80-5.json", "solution": {"time": 0.000753181, "max_depth": 30, "is_feasible": true}, "AVD": 10.713717813051153}