{"name": "random-30-1.20-44.json", "solution": {"time": 0.002717384, "max_depth": 2, "is_feasible": false}, "AVD": 4.252248960915614}