{"name": "random-30-3.60-29.json", "solution": {"time": 0.00338176, "max_depth": 2, "is_feasible": false}, "AVD": 6.458872134038799}