{"name": "random-30-2.80-45.json", "solution": {"time": 0.003624053, "max_depth": 3, "is_feasible": false}, "AVD": 5.776061968895299}