{"name": "random-30-7.20-0.json", "solution": {"time": 0.007703423, "max_depth": 30, "is_feasible": true}, "AVD": 9.4296507936508}