{"name": "random-30-7.80-47.json", "solution": {"time": 0.001184088, "max_depth": 30, "is_feasible": true}, "AVD": 9.93907319223987}