{"name": "random-30-0.20-24.json", "solution": {"time": 0.001778604, "max_depth": 0, "is_feasible": false}, "AVD": 2.6854478118105396}