{"name": "random-30-1.60-15.json", "solution": {"time": 0.001436721, "max_depth": 2, "is_feasible": false}, "AVD": 4.614720057720043}