{"name": "random-30-5.40-16.json", "solution": {"time": 0.002116058, "max_depth": 30, "is_feasible": true}, "AVD": 7.9435097001763735}