{"name": "random-30-4.20-14.json", "solution": {"time": 0.005615409, "max_depth": 4, "is_feasible": false}, "AVD": 6.954544091710762}