{"name": "random-30-0.40-15.json", "solution": {"time": 0.002489196, "max_depth": 0, "is_feasible": false}, "AVD": 3.047843943093924}