{"name": "random-30-2.20-20.json", "solution": {"time": 0.002041059, "max_depth": 3, "is_feasible": false}, "AVD": 5.204174843674837}