{"name": "random-30-9.20-5.json", "solution": {"time": 0.00169701, "max_depth": 30, "is_feasible": true}, "AVD": 11.057834215167553}