{"name": "random-30-9.40-10.json", "solution": {"time": 0.001229474, "max_depth": 30, "is_feasible": true}, "AVD": 11.14350793650794}