{"name": "random-30-0.40-44.json", "solution": {"time": 0.002348589, "max_depth": 0, "is_feasible": false}, "AVD": 3.1981940960274122}