{"name": "random-30-8.20-3.json", "solution": {"time": 0.001634227, "max_depth": 30, "is_feasible": true}, "AVD": 10.182617283950623}