{"name": "random-30-3.40-11.json", "solution": {"time": 0.002144165, "max_depth": 4, "is_feasible": false}, "AVD": 6.267792448292444}