{"name": "random-30-6.60-10.json", "solution": {"time": 0.001079163, "max_depth": 30, "is_feasible": true}, "AVD": 8.974959275292614}