{"name": "random-30-8.60-15.json", "solution": {"time": 0.001565237, "max_depth": 30, "is_feasible": true}, "AVD": 10.496116402116405}