{"name": "random-30-6.80-6.json", "solution": {"time": 0.001238864, "max_depth": 30, "is_feasible": true}, "AVD": 9.073068783068793}