{"name": "random-30-9.40-1.json", "solution": {"time": 0.001179814, "max_depth": 30, "is_feasible": true}, "AVD": 11.180658730158736}