{"name": "random-30-3.00-17.json", "solution": {"time": 0.001316435, "max_depth": 2, "is_feasible": false}, "AVD": 6.007349206349204}