{"name": "random-30-8.80-10.json", "solution": {"time": 0.001500774, "max_depth": 30, "is_feasible": true}, "AVD": 10.672931216931222}