{"name": "random-30-0.00-0.json", "solution": {"time": 0.156224011, "max_depth": 0, "is_feasible": false}, "AVD": 2.1314720540896905}