{"name": "random-30-3.80-8.json", "solution": {"time": 0.001766127, "max_depth": 3, "is_feasible": false}, "AVD": 6.636236171236171}