{"name": "random-30-1.60-17.json", "solution": {"time": 0.001332023, "max_depth": 0, "is_feasible": false}, "AVD": 4.715029704863025}