{"name": "random-30-3.80-15.json", "solution": {"time": 0.001517528, "max_depth": 3, "is_feasible": false}, "AVD": 6.6629741061407755}