{"name": "random-30-5.80-7.json", "solution": {"time": 0.00173766, "max_depth": 30, "is_feasible": true}, "AVD": 8.27483245149912}