{"name": "random-30-0.20-14.json", "solution": {"time": 0.001902984, "max_depth": 0, "is_feasible": false}, "AVD": 2.7460759984387266}