{"name": "random-30-10.00-8.json", "solution": {"time": 0.000979723, "max_depth": 30, "is_feasible": true}, "AVD": 11.688632275132282}