{"name": "random-30-5.40-31.json", "solution": {"time": 0.001284303, "max_depth": 30, "is_feasible": true}, "AVD": 7.913304954304958}