{"name": "random-30-5.40-19.json", "solution": {"time": 0.001525443, "max_depth": 3, "is_feasible": false}, "AVD": 7.865298941798945}