{"name": "random-30-1.20-13.json", "solution": {"time": 0.002688644, "max_depth": 0, "is_feasible": false}, "AVD": 4.201775175441824}