{"name": "random-30-6.00-24.json", "solution": {"time": 0.001514853, "max_depth": 30, "is_feasible": true}, "AVD": 8.467694003527345}