{"name": "random-30-2.60-33.json", "solution": {"time": 0.002110161, "max_depth": 2, "is_feasible": false}, "AVD": 5.594485569985564}