{"name": "random-30-0.00-13.json", "solution": {"time": 0.004405116, "max_depth": 0, "is_feasible": false}, "AVD": 2.152597982264635}