{"name": "random-30-8.20-14.json", "solution": {"time": 0.001216454, "max_depth": 30, "is_feasible": true}, "AVD": 10.235486772486778}