{"name": "random-30-2.20-23.json", "solution": {"time": 0.001370071, "max_depth": 2, "is_feasible": false}, "AVD": 5.236587184420508}