{"name": "random-30-6.40-36.json", "solution": {"time": 0.002407021, "max_depth": 30, "is_feasible": true}, "AVD": 8.729663139329809}