{"name": "random-30-8.40-3.json", "solution": {"time": 0.00153689, "max_depth": 30, "is_feasible": true}, "AVD": 10.35533156966491}