{"name": "random-30-7.80-9.json", "solution": {"time": 0.001338334, "max_depth": 30, "is_feasible": true}, "AVD": 9.812749559082903}