{"name": "random-30-9.60-17.json", "solution": {"time": 0.001639355, "max_depth": 30, "is_feasible": true}, "AVD": 11.267179894179897}