{"name": "random-30-3.40-1.json", "solution": {"time": 0.001560039, "max_depth": 0, "is_feasible": false}, "AVD": 6.299334215167548}