{"name": "random-30-2.80-31.json", "solution": {"time": 0.001659041, "max_depth": 0, "is_feasible": false}, "AVD": 5.7767429052429025}