{"name": "random-30-7.20-20.json", "solution": {"time": 0.000936961, "max_depth": 30, "is_feasible": true}, "AVD": 9.379405643738982}