{"name": "random-30-1.00-11.json", "solution": {"time": 0.002023468, "max_depth": 0, "is_feasible": false}, "AVD": 3.9067490842490646}