{"name": "random-30-7.40-1.json", "solution": {"time": 0.001358779, "max_depth": 30, "is_feasible": true}, "AVD": 9.54963227513228}