{"name": "random-30-6.20-37.json", "solution": {"time": 0.000835599, "max_depth": 30, "is_feasible": true}, "AVD": 8.561951499118173}