{"name": "random-30-0.20-17.json", "solution": {"time": 0.001635809, "max_depth": 0, "is_feasible": false}, "AVD": 2.8297648061814575}