{"name": "random-30-0.00-45.json", "solution": {"time": 0.001775484, "max_depth": 0, "is_feasible": false}, "AVD": 2.139351828273384}