{"name": "random-30-0.20-36.json", "solution": {"time": 0.003178034, "max_depth": 0, "is_feasible": false}, "AVD": 2.7577013048679504}