{"name": "random-30-5.80-37.json", "solution": {"time": 0.000949851, "max_depth": 30, "is_feasible": true}, "AVD": 8.247577601410942}