{"name": "random-30-6.40-49.json", "solution": {"time": 0.001399754, "max_depth": 30, "is_feasible": true}, "AVD": 8.780263668430342}