{"name": "random-30-2.80-20.json", "solution": {"time": 0.004082025, "max_depth": 5, "is_feasible": false}, "AVD": 5.772257174923837}