{"name": "random-30-6.40-34.json", "solution": {"time": 0.002057398, "max_depth": 30, "is_feasible": true}, "AVD": 8.818535273368612}