{"name": "random-30-10.00-36.json", "solution": {"time": 0.001581793, "max_depth": 30, "is_feasible": true}, "AVD": 11.639015873015875}