{"name": "random-30-3.80-38.json", "solution": {"time": 0.006133552, "max_depth": 5, "is_feasible": false}, "AVD": 6.636092796092794}