{"name": "random-30-5.00-22.json", "solution": {"time": 0.001234394, "max_depth": 30, "is_feasible": true}, "AVD": 7.617408289241628}