{"name": "random-30-9.40-11.json", "solution": {"time": 0.001159322, "max_depth": 30, "is_feasible": true}, "AVD": 11.165024531024534}