{"name": "random-30-8.40-15.json", "solution": {"time": 0.001222308, "max_depth": 30, "is_feasible": true}, "AVD": 10.351367724867732}