{"name": "random-30-3.20-20.json", "solution": {"time": 0.002880987, "max_depth": 5, "is_feasible": false}, "AVD": 6.115056437389768}