{"name": "random-30-3.80-47.json", "solution": {"time": 0.001870264, "max_depth": 5, "is_feasible": false}, "AVD": 6.583667388167387}