{"name": "random-30-0.80-22.json", "solution": {"time": 0.001928045, "max_depth": 0, "is_feasible": false}, "AVD": 3.6682175787175613}