{"name": "random-30-8.60-38.json", "solution": {"time": 0.001274257, "max_depth": 30, "is_feasible": true}, "AVD": 10.482940035273376}