{"name": "random-30-6.80-49.json", "solution": {"time": 0.001355563, "max_depth": 30, "is_feasible": true}, "AVD": 9.086955908289248}