{"name": "random-30-7.00-45.json", "solution": {"time": 0.001561507, "max_depth": 30, "is_feasible": true}, "AVD": 9.15825044091711}