{"name": "random-30-2.60-46.json", "solution": {"time": 0.001269847, "max_depth": 3, "is_feasible": false}, "AVD": 5.5853252364919}