{"name": "random-30-4.40-11.json", "solution": {"time": 0.00249979, "max_depth": 30, "is_feasible": true}, "AVD": 7.108346240179577}