{"name": "random-30-0.40-31.json", "solution": {"time": 0.002393925, "max_depth": 0, "is_feasible": false}, "AVD": 3.0800417946251084}