{"name": "random-30-9.80-42.json", "solution": {"time": 0.001169989, "max_depth": 30, "is_feasible": true}, "AVD": 11.465071428571433}