{"name": "random-30-1.80-40.json", "solution": {"time": 0.003295722, "max_depth": 0, "is_feasible": false}, "AVD": 4.814403399070054}