{"name": "random-30-8.40-40.json", "solution": {"time": 0.001869675, "max_depth": 30, "is_feasible": true}, "AVD": 10.36252116402117}