{"name": "random-30-2.40-1.json", "solution": {"time": 0.001379642, "max_depth": 0, "is_feasible": false}, "AVD": 5.411952380952375}