{"name": "random-30-3.60-24.json", "solution": {"time": 0.002840915, "max_depth": 5, "is_feasible": false}, "AVD": 6.454060846560847}