{"name": "random-30-8.00-13.json", "solution": {"time": 0.001157658, "max_depth": 30, "is_feasible": true}, "AVD": 9.946918871252212}