{"name": "random-30-3.80-48.json", "solution": {"time": 0.001529973, "max_depth": 3, "is_feasible": false}, "AVD": 6.590774971941642}