{"name": "random-30-1.60-31.json", "solution": {"time": 0.001508417, "max_depth": 0, "is_feasible": false}, "AVD": 4.640576522243178}