{"name": "random-30-2.40-28.json", "solution": {"time": 0.004787409, "max_depth": 2, "is_feasible": false}, "AVD": 5.365947694281021}