{"name": "random-30-3.20-31.json", "solution": {"time": 0.002288591, "max_depth": 4, "is_feasible": false}, "AVD": 6.115801988135321}