{"name": "random-30-9.20-43.json", "solution": {"time": 0.001658459, "max_depth": 30, "is_feasible": true}, "AVD": 10.91456172839507}