{"name": "random-30-2.00-21.json", "solution": {"time": 0.001426012, "max_depth": 0, "is_feasible": false}, "AVD": 5.019464646464638}