{"name": "random-30-6.40-18.json", "solution": {"time": 0.001518266, "max_depth": 30, "is_feasible": true}, "AVD": 8.76274074074075}