{"name": "random-30-1.60-44.json", "solution": {"time": 0.001753072, "max_depth": 2, "is_feasible": false}, "AVD": 4.673505013505004}