{"name": "random-30-8.20-25.json", "solution": {"time": 0.001746553, "max_depth": 30, "is_feasible": true}, "AVD": 10.242156966490308}