{"name": "random-30-2.40-13.json", "solution": {"time": 0.001375147, "max_depth": 2, "is_feasible": false}, "AVD": 5.405401475068134}