{"name": "random-30-6.20-30.json", "solution": {"time": 0.001890702, "max_depth": 30, "is_feasible": true}, "AVD": 8.532017636684309}