{"name": "random-30-7.00-32.json", "solution": {"time": 0.0012975, "max_depth": 30, "is_feasible": true}, "AVD": 9.239003527336868}