{"name": "random-30-3.20-14.json", "solution": {"time": 0.002421484, "max_depth": 2, "is_feasible": false}, "AVD": 6.060743065576397}