{"name": "random-30-6.80-14.json", "solution": {"time": 0.001144252, "max_depth": 30, "is_feasible": true}, "AVD": 9.118529982363322}