{"name": "random-30-5.00-9.json", "solution": {"time": 0.002207488, "max_depth": 30, "is_feasible": true}, "AVD": 7.622875661375667}