{"name": "random-30-6.00-8.json", "solution": {"time": 0.001097204, "max_depth": 30, "is_feasible": true}, "AVD": 8.416902116402124}