{"name": "random-30-3.80-35.json", "solution": {"time": 0.002337096, "max_depth": 3, "is_feasible": false}, "AVD": 6.605971781305115}