{"name": "random-30-8.40-13.json", "solution": {"time": 0.001186764, "max_depth": 30, "is_feasible": true}, "AVD": 10.27807760141094}