{"name": "random-30-1.40-25.json", "solution": {"time": 0.002388129, "max_depth": 0, "is_feasible": false}, "AVD": 4.5177470369136925}