{"name": "random-30-9.20-49.json", "solution": {"time": 0.00168307, "max_depth": 30, "is_feasible": true}, "AVD": 10.955430335097008}