{"name": "random-30-4.20-34.json", "solution": {"time": 0.004940483, "max_depth": 4, "is_feasible": false}, "AVD": 6.976440917107585}