{"name": "random-30-5.00-39.json", "solution": {"time": 0.005046461, "max_depth": 7, "is_feasible": false}, "AVD": 7.568912698412702}