{"name": "random-30-7.80-19.json", "solution": {"time": 0.001737664, "max_depth": 30, "is_feasible": true}, "AVD": 9.820267195767203}