{"name": "random-30-1.60-3.json", "solution": {"time": 0.001487138, "max_depth": 0, "is_feasible": false}, "AVD": 4.649841997508653}