{"name": "random-30-0.20-22.json", "solution": {"time": 0.00179693, "max_depth": 0, "is_feasible": false}, "AVD": 2.624403797908685}