{"name": "random-30-8.80-31.json", "solution": {"time": 0.001837808, "max_depth": 30, "is_feasible": true}, "AVD": 10.616835978835983}