{"name": "random-30-1.40-38.json", "solution": {"time": 0.002093175, "max_depth": 0, "is_feasible": false}, "AVD": 4.420098050098037}