{"name": "random-30-3.40-39.json", "solution": {"time": 0.001783568, "max_depth": 2, "is_feasible": false}, "AVD": 6.26710654160654}