{"name": "random-30-6.60-11.json", "solution": {"time": 0.001313039, "max_depth": 30, "is_feasible": true}, "AVD": 8.896201779701785}