{"name": "random-30-6.20-32.json", "solution": {"time": 0.00193093, "max_depth": 30, "is_feasible": true}, "AVD": 8.619468253968261}