{"name": "random-30-7.60-29.json", "solution": {"time": 0.001200834, "max_depth": 30, "is_feasible": true}, "AVD": 9.713161375661377}