{"name": "random-30-1.60-1.json", "solution": {"time": 0.00206322, "max_depth": 0, "is_feasible": false}, "AVD": 4.664903078403063}