{"name": "random-30-6.40-5.json", "solution": {"time": 0.000945505, "max_depth": 30, "is_feasible": true}, "AVD": 8.742128747795418}