{"name": "random-30-4.40-4.json", "solution": {"time": 0.002397933, "max_depth": 30, "is_feasible": true}, "AVD": 7.137430174763511}