{"name": "random-30-6.60-9.json", "solution": {"time": 0.001126459, "max_depth": 30, "is_feasible": true}, "AVD": 8.914296296296303}