{"name": "random-30-9.00-18.json", "solution": {"time": 0.001199122, "max_depth": 30, "is_feasible": true}, "AVD": 10.86204761904762}