{"name": "random-30-1.60-16.json", "solution": {"time": 0.001323323, "max_depth": 0, "is_feasible": false}, "AVD": 4.601917230917218}