{"name": "random-30-6.00-22.json", "solution": {"time": 0.001082472, "max_depth": 30, "is_feasible": true}, "AVD": 8.401210758377434}