{"name": "random-30-5.60-35.json", "solution": {"time": 0.002205505, "max_depth": 30, "is_feasible": true}, "AVD": 8.107694885361559}