{"name": "random-30-7.40-35.json", "solution": {"time": 0.001609321, "max_depth": 30, "is_feasible": true}, "AVD": 9.502421516754858}