{"name": "random-30-2.80-24.json", "solution": {"time": 0.001262757, "max_depth": 2, "is_feasible": false}, "AVD": 5.745218534551867}