{"name": "random-30-8.60-45.json", "solution": {"time": 0.00134616, "max_depth": 30, "is_feasible": true}, "AVD": 10.408556437389773}