{"name": "random-30-6.00-20.json", "solution": {"time": 0.001263901, "max_depth": 30, "is_feasible": true}, "AVD": 8.455720458553795}