{"name": "random-30-1.80-43.json", "solution": {"time": 0.001559258, "max_depth": 0, "is_feasible": false}, "AVD": 4.8311186467853}