{"name": "random-30-1.20-37.json", "solution": {"time": 0.001432709, "max_depth": 0, "is_feasible": false}, "AVD": 4.165565496232146}