{"name": "random-30-9.20-40.json", "solution": {"time": 0.001942418, "max_depth": 30, "is_feasible": true}, "AVD": 11.036730158730164}