{"name": "random-30-8.20-36.json", "solution": {"time": 0.001625484, "max_depth": 30, "is_feasible": true}, "AVD": 10.18753791887126}