{"name": "random-30-8.80-11.json", "solution": {"time": 0.001401704, "max_depth": 30, "is_feasible": true}, "AVD": 10.665662097162102}