{"name": "random-30-4.80-36.json", "solution": {"time": 0.001542778, "max_depth": 30, "is_feasible": true}, "AVD": 7.475557319223989}