{"name": "random-30-6.40-14.json", "solution": {"time": 0.000974445, "max_depth": 30, "is_feasible": true}, "AVD": 8.79868871252205}