{"name": "random-30-0.40-46.json", "solution": {"time": 0.00201949, "max_depth": 0, "is_feasible": false}, "AVD": 3.127827582910898}