{"name": "random-30-9.40-35.json", "solution": {"time": 0.001412723, "max_depth": 30, "is_feasible": true}, "AVD": 11.127925925925933}