{"name": "random-30-5.60-30.json", "solution": {"time": 0.001515882, "max_depth": 30, "is_feasible": true}, "AVD": 8.077268959435628}