{"name": "random-30-5.60-42.json", "solution": {"time": 0.001469974, "max_depth": 30, "is_feasible": true}, "AVD": 8.088067019400357}