{"name": "random-30-3.80-14.json", "solution": {"time": 0.001497234, "max_depth": 4, "is_feasible": false}, "AVD": 6.606873897707232}