{"name": "random-30-9.60-6.json", "solution": {"time": 0.000914872, "max_depth": 30, "is_feasible": true}, "AVD": 11.336642857142865}