{"name": "random-30-3.60-15.json", "solution": {"time": 0.003119988, "max_depth": 3, "is_feasible": false}, "AVD": 6.484327721661056}