{"name": "random-30-5.60-2.json", "solution": {"time": 0.001198602, "max_depth": 30, "is_feasible": true}, "AVD": 8.087246913580254}