{"name": "random-30-7.20-4.json", "solution": {"time": 0.00137518, "max_depth": 30, "is_feasible": true}, "AVD": 9.344086419753092}