{"name": "random-30-7.20-29.json", "solution": {"time": 0.001849136, "max_depth": 30, "is_feasible": true}, "AVD": 9.373965608465616}