{"name": "random-30-7.40-14.json", "solution": {"time": 0.001862443, "max_depth": 30, "is_feasible": true}, "AVD": 9.58596296296297}