{"name": "random-30-4.80-2.json", "solution": {"time": 0.000846551, "max_depth": 30, "is_feasible": true}, "AVD": 7.443545855379193}