{"name": "random-30-6.80-36.json", "solution": {"time": 0.001109982, "max_depth": 30, "is_feasible": true}, "AVD": 9.066398589065262}