{"name": "random-30-3.60-21.json", "solution": {"time": 0.002110279, "max_depth": 0, "is_feasible": false}, "AVD": 6.419233686067022}