{"name": "random-30-1.20-24.json", "solution": {"time": 0.004180106, "max_depth": 2, "is_feasible": false}, "AVD": 4.111694293360944}