{"name": "random-30-0.40-6.json", "solution": {"time": 0.001959939, "max_depth": 0, "is_feasible": false}, "AVD": 3.165383363550011}