{"name": "random-30-6.60-25.json", "solution": {"time": 0.001103796, "max_depth": 30, "is_feasible": true}, "AVD": 8.948549382716054}