{"name": "random-30-3.80-6.json", "solution": {"time": 0.001382451, "max_depth": 2, "is_feasible": false}, "AVD": 6.604960317460317}