{"name": "random-30-5.40-29.json", "solution": {"time": 0.001261173, "max_depth": 30, "is_feasible": true}, "AVD": 7.919289241622578}