{"name": "random-30-3.60-32.json", "solution": {"time": 0.004757, "max_depth": 5, "is_feasible": false}, "AVD": 6.482381834215166}