{"name": "random-30-2.40-30.json", "solution": {"time": 0.001558994, "max_depth": 3, "is_feasible": false}, "AVD": 5.400557880391208}