{"name": "random-30-9.80-0.json", "solution": {"time": 0.000966907, "max_depth": 30, "is_feasible": true}, "AVD": 11.513949735449744}