{"name": "random-30-5.00-14.json", "solution": {"time": 0.00542604, "max_depth": 30, "is_feasible": true}, "AVD": 7.641273368606704}