{"name": "random-30-5.80-3.json", "solution": {"time": 0.002262264, "max_depth": 30, "is_feasible": true}, "AVD": 8.241864197530868}