{"name": "random-30-10.00-49.json", "solution": {"time": 0.001263893, "max_depth": 30, "is_feasible": true}, "AVD": 11.562445326278663}