{"name": "random-30-3.00-45.json", "solution": {"time": 0.002138164, "max_depth": 3, "is_feasible": false}, "AVD": 5.956813291646622}