{"name": "random-30-7.40-47.json", "solution": {"time": 0.000999304, "max_depth": 30, "is_feasible": true}, "AVD": 9.62251234567902}