{"name": "random-30-2.00-15.json", "solution": {"time": 0.002339219, "max_depth": 2, "is_feasible": false}, "AVD": 5.0201704345037585}