{"name": "random-30-2.20-17.json", "solution": {"time": 0.001946116, "max_depth": 2, "is_feasible": false}, "AVD": 5.306109026775685}