{"name": "random-30-5.80-36.json", "solution": {"time": 0.000812985, "max_depth": 30, "is_feasible": true}, "AVD": 8.236096119929458}