{"name": "random-30-7.60-27.json", "solution": {"time": 0.001384895, "max_depth": 30, "is_feasible": true}, "AVD": 9.64533862433863}