{"name": "random-30-2.60-13.json", "solution": {"time": 0.002188582, "max_depth": 3, "is_feasible": false}, "AVD": 5.615452942119601}