{"name": "random-30-5.20-26.json", "solution": {"time": 0.001101848, "max_depth": 30, "is_feasible": true}, "AVD": 7.7816779701779755}