{"name": "random-30-9.60-29.json", "solution": {"time": 0.00168635, "max_depth": 30, "is_feasible": true}, "AVD": 11.323767195767203}