{"name": "random-30-0.60-34.json", "solution": {"time": 0.001796277, "max_depth": 0, "is_feasible": false}, "AVD": 3.347004495504474}