{"name": "random-30-5.60-40.json", "solution": {"time": 0.001502952, "max_depth": 30, "is_feasible": true}, "AVD": 8.133555555555558}