{"name": "random-30-7.60-45.json", "solution": {"time": 0.000909056, "max_depth": 30, "is_feasible": true}, "AVD": 9.640390652557324}