{"name": "random-30-1.20-2.json", "solution": {"time": 0.005129692, "max_depth": 0, "is_feasible": false}, "AVD": 4.2033159803159625}