{"name": "random-30-1.40-14.json", "solution": {"time": 0.001659316, "max_depth": 0, "is_feasible": false}, "AVD": 4.3567528089194605}