{"name": "random-30-9.20-45.json", "solution": {"time": 0.001940014, "max_depth": 30, "is_feasible": true}, "AVD": 10.899963844797183}