{"name": "random-30-5.60-33.json", "solution": {"time": 0.001401307, "max_depth": 30, "is_feasible": true}, "AVD": 8.07428924162258}