{"name": "random-30-5.20-43.json", "solution": {"time": 0.001229334, "max_depth": 30, "is_feasible": true}, "AVD": 7.757263668430339}