{"name": "random-30-6.80-38.json", "solution": {"time": 0.001117376, "max_depth": 30, "is_feasible": true}, "AVD": 9.046062449895787}