{"name": "random-30-8.40-42.json", "solution": {"time": 0.001497756, "max_depth": 30, "is_feasible": true}, "AVD": 10.338410052910055}