{"name": "random-30-10.00-14.json", "solution": {"time": 0.001389801, "max_depth": 30, "is_feasible": true}, "AVD": 11.657550264550265}