{"name": "random-30-3.20-26.json", "solution": {"time": 0.00179731, "max_depth": 2, "is_feasible": false}, "AVD": 6.08595013628347}