{"name": "random-30-8.20-13.json", "solution": {"time": 0.001210874, "max_depth": 30, "is_feasible": true}, "AVD": 10.123077601410937}