{"name": "random-30-7.80-3.json", "solution": {"time": 0.001195078, "max_depth": 30, "is_feasible": true}, "AVD": 9.853754850088187}