{"name": "random-30-5.80-13.json", "solution": {"time": 0.001220886, "max_depth": 30, "is_feasible": true}, "AVD": 8.289567019400359}