{"name": "random-30-3.80-12.json", "solution": {"time": 0.004801133, "max_depth": 30, "is_feasible": true}, "AVD": 6.591324194324198}