{"name": "random-30-0.20-47.json", "solution": {"time": 0.001892775, "max_depth": 0, "is_feasible": false}, "AVD": 2.6675510573304524}