{"name": "random-30-8.60-28.json", "solution": {"time": 0.001643148, "max_depth": 30, "is_feasible": true}, "AVD": 10.4854823633157}