{"name": "random-30-6.40-20.json", "solution": {"time": 0.001206147, "max_depth": 30, "is_feasible": true}, "AVD": 8.758995590828928}