{"name": "random-30-7.60-46.json", "solution": {"time": 0.001014866, "max_depth": 30, "is_feasible": true}, "AVD": 9.665103174603185}