{"name": "random-30-5.60-25.json", "solution": {"time": 0.001241055, "max_depth": 30, "is_feasible": true}, "AVD": 8.14492768959436}