{"name": "random-30-7.20-38.json", "solution": {"time": 0.0013731, "max_depth": 30, "is_feasible": true}, "AVD": 9.361967211800549}