{"name": "random-30-2.60-40.json", "solution": {"time": 0.001203981, "max_depth": 2, "is_feasible": false}, "AVD": 5.5810905082571685}