{"name": "random-30-6.20-9.json", "solution": {"time": 0.001280615, "max_depth": 30, "is_feasible": true}, "AVD": 8.570425925925933}