{"name": "random-30-8.20-16.json", "solution": {"time": 0.001319388, "max_depth": 30, "is_feasible": true}, "AVD": 10.204924162257504}