{"name": "random-30-7.80-30.json", "solution": {"time": 0.001164021, "max_depth": 30, "is_feasible": true}, "AVD": 9.870485008818347}