{"name": "random-30-5.80-2.json", "solution": {"time": 0.00093839, "max_depth": 30, "is_feasible": true}, "AVD": 8.250201940035279}