{"name": "random-30-5.80-45.json", "solution": {"time": 0.001115862, "max_depth": 30, "is_feasible": true}, "AVD": 8.266166666666672}