{"name": "random-30-0.20-41.json", "solution": {"time": 0.002582354, "max_depth": 0, "is_feasible": false}, "AVD": 2.7424046389340324}