{"name": "random-30-2.00-47.json", "solution": {"time": 0.001462632, "max_depth": 0, "is_feasible": false}, "AVD": 4.9903466841800075}