{"name": "random-30-8.20-22.json", "solution": {"time": 0.001640087, "max_depth": 30, "is_feasible": true}, "AVD": 10.17504497354498}