{"name": "random-30-3.40-7.json", "solution": {"time": 0.002806074, "max_depth": 5, "is_feasible": false}, "AVD": 6.227058040724705}