{"name": "random-30-0.20-23.json", "solution": {"time": 0.001795277, "max_depth": 0, "is_feasible": false}, "AVD": 2.65973670157002}