{"name": "random-30-7.40-23.json", "solution": {"time": 0.001237344, "max_depth": 30, "is_feasible": true}, "AVD": 9.503651675485012}