{"name": "random-30-2.20-31.json", "solution": {"time": 0.001801281, "max_depth": 0, "is_feasible": false}, "AVD": 5.23955122655122}