{"name": "random-30-7.80-24.json", "solution": {"time": 0.00163635, "max_depth": 30, "is_feasible": true}, "AVD": 9.90129365079366}