{"name": "random-30-7.40-16.json", "solution": {"time": 0.002385032, "max_depth": 30, "is_feasible": true}, "AVD": 9.532382716049389}