{"name": "random-30-6.60-22.json", "solution": {"time": 0.001025857, "max_depth": 30, "is_feasible": true}, "AVD": 8.875669312169322}