{"name": "random-30-8.80-26.json", "solution": {"time": 0.001808094, "max_depth": 30, "is_feasible": true}, "AVD": 10.713881834215176}