{"name": "random-30-8.60-13.json", "solution": {"time": 0.001502716, "max_depth": 30, "is_feasible": true}, "AVD": 10.402159611992952}