{"name": "random-30-2.60-19.json", "solution": {"time": 0.001551757, "max_depth": 0, "is_feasible": false}, "AVD": 5.614438993105657}