{"name": "random-30-3.60-16.json", "solution": {"time": 0.002536562, "max_depth": 4, "is_feasible": false}, "AVD": 6.467373897707233}