{"name": "random-30-8.20-21.json", "solution": {"time": 0.00169725, "max_depth": 30, "is_feasible": true}, "AVD": 10.168730158730165}