{"name": "random-30-8.60-46.json", "solution": {"time": 0.001335526, "max_depth": 30, "is_feasible": true}, "AVD": 10.462710758377431}