{"name": "random-30-0.40-22.json", "solution": {"time": 0.002473683, "max_depth": 0, "is_feasible": false}, "AVD": 3.107613790530441}