{"name": "random-30-2.60-34.json", "solution": {"time": 0.001813317, "max_depth": 2, "is_feasible": false}, "AVD": 5.532043209876536}