{"name": "random-30-8.40-20.json", "solution": {"time": 0.001583251, "max_depth": 30, "is_feasible": true}, "AVD": 10.286688712522047}