{"name": "random-30-1.80-34.json", "solution": {"time": 0.001809501, "max_depth": 0, "is_feasible": false}, "AVD": 4.773752531419189}