{"name": "random-30-5.00-1.json", "solution": {"time": 0.002703028, "max_depth": 30, "is_feasible": true}, "AVD": 7.568967372134043}