{"name": "random-30-2.00-13.json", "solution": {"time": 0.002595273, "max_depth": 0, "is_feasible": false}, "AVD": 5.028789001122324}