{"name": "random-30-0.60-24.json", "solution": {"time": 0.001640489, "max_depth": 0, "is_feasible": false}, "AVD": 3.373878732378713}