{"name": "random-30-0.60-42.json", "solution": {"time": 0.001797113, "max_depth": 0, "is_feasible": false}, "AVD": 3.3739585445418583}