{"name": "random-30-4.20-13.json", "solution": {"time": 0.006949437, "max_depth": 7, "is_feasible": false}, "AVD": 6.94751851851852}