{"name": "random-30-0.60-4.json", "solution": {"time": 0.001845403, "max_depth": 0, "is_feasible": false}, "AVD": 3.257749836583153}