{"name": "random-30-5.20-1.json", "solution": {"time": 0.002114351, "max_depth": 30, "is_feasible": true}, "AVD": 7.746848324514995}