{"name": "random-30-0.80-4.json", "solution": {"time": 0.001753631, "max_depth": 0, "is_feasible": false}, "AVD": 3.591964751298065}