{"name": "random-30-3.20-34.json", "solution": {"time": 0.002222984, "max_depth": 3, "is_feasible": false}, "AVD": 6.078288359788356}