{"name": "random-30-3.60-18.json", "solution": {"time": 0.002222885, "max_depth": 2, "is_feasible": false}, "AVD": 6.440501763668431}