{"name": "random-30-3.80-7.json", "solution": {"time": 0.000934596, "max_depth": 30, "is_feasible": true}, "AVD": 6.600534231200898}