{"name": "random-30-6.20-26.json", "solution": {"time": 0.002103899, "max_depth": 30, "is_feasible": true}, "AVD": 8.577916225749565}