{"name": "random-30-7.80-6.json", "solution": {"time": 0.001207917, "max_depth": 30, "is_feasible": true}, "AVD": 9.876991181657859}