{"name": "random-30-9.60-19.json", "solution": {"time": 0.001735452, "max_depth": 30, "is_feasible": true}, "AVD": 11.24831746031747}