{"name": "random-30-1.20-9.json", "solution": {"time": 0.00216855, "max_depth": 0, "is_feasible": false}, "AVD": 4.182970665137316}