{"name": "random-30-3.80-32.json", "solution": {"time": 0.005221139, "max_depth": 6, "is_feasible": false}, "AVD": 6.654768077601409}