{"name": "random-30-9.40-34.json", "solution": {"time": 0.001458826, "max_depth": 30, "is_feasible": true}, "AVD": 11.240717813051146}