{"name": "random-30-8.60-5.json", "solution": {"time": 0.001384251, "max_depth": 30, "is_feasible": true}, "AVD": 10.467522045855386}