{"name": "random-30-8.00-41.json", "solution": {"time": 0.001233736, "max_depth": 30, "is_feasible": true}, "AVD": 10.02193121693122}