{"name": "random-30-0.60-39.json", "solution": {"time": 0.001731633, "max_depth": 0, "is_feasible": false}, "AVD": 3.5312358197358007}