{"name": "random-30-4.20-6.json", "solution": {"time": 0.001387734, "max_depth": 2, "is_feasible": false}, "AVD": 6.934287477954148}