{"name": "random-30-8.20-26.json", "solution": {"time": 0.001808256, "max_depth": 30, "is_feasible": true}, "AVD": 10.18376543209877}