{"name": "random-30-2.40-23.json", "solution": {"time": 0.003405448, "max_depth": 2, "is_feasible": false}, "AVD": 5.4096362033028615}