{"name": "random-30-3.40-4.json", "solution": {"time": 0.001469682, "max_depth": 2, "is_feasible": false}, "AVD": 6.275285233285231}