{"name": "random-30-9.40-49.json", "solution": {"time": 0.001410744, "max_depth": 30, "is_feasible": true}, "AVD": 11.125848324514996}