{"name": "random-30-0.40-28.json", "solution": {"time": 0.002338738, "max_depth": 0, "is_feasible": false}, "AVD": 3.112100189933506}