{"name": "random-30-9.40-2.json", "solution": {"time": 0.001471779, "max_depth": 30, "is_feasible": true}, "AVD": 11.082738095238103}