{"name": "random-30-7.20-44.json", "solution": {"time": 0.001165585, "max_depth": 30, "is_feasible": true}, "AVD": 9.381865961199303}