{"name": "random-30-7.80-22.json", "solution": {"time": 0.001661045, "max_depth": 30, "is_feasible": true}, "AVD": 9.863896825396832}