{"name": "random-30-8.00-28.json", "solution": {"time": 0.001299464, "max_depth": 30, "is_feasible": true}, "AVD": 10.004572310405653}