{"name": "random-30-0.60-44.json", "solution": {"time": 0.010368299, "max_depth": 2, "is_feasible": false}, "AVD": 3.501699584366233}