{"name": "random-30-6.00-10.json", "solution": {"time": 0.001176364, "max_depth": 30, "is_feasible": true}, "AVD": 8.457445165945169}