{"name": "random-30-6.40-41.json", "solution": {"time": 0.001035272, "max_depth": 30, "is_feasible": true}, "AVD": 8.75514109347443}