{"name": "random-30-7.80-42.json", "solution": {"time": 0.001227709, "max_depth": 30, "is_feasible": true}, "AVD": 9.825789241622582}