{"name": "random-30-8.00-5.json", "solution": {"time": 0.001188342, "max_depth": 30, "is_feasible": true}, "AVD": 10.005638447971787}