{"name": "random-30-7.60-47.json", "solution": {"time": 0.000753343, "max_depth": 30, "is_feasible": true}, "AVD": 9.781940917107594}