{"name": "random-30-7.20-14.json", "solution": {"time": 0.001234863, "max_depth": 30, "is_feasible": true}, "AVD": 9.419563492063494}