{"name": "random-30-0.60-19.json", "solution": {"time": 0.001530136, "max_depth": 0, "is_feasible": false}, "AVD": 3.499615292115271}