{"name": "random-30-9.20-38.json", "solution": {"time": 0.00203111, "max_depth": 30, "is_feasible": true}, "AVD": 10.977245149911822}