{"name": "random-30-6.60-39.json", "solution": {"time": 0.001002484, "max_depth": 30, "is_feasible": true}, "AVD": 8.834527336860674}