{"name": "random-30-2.20-19.json", "solution": {"time": 0.001899811, "max_depth": 0, "is_feasible": false}, "AVD": 5.251932339265667}