{"name": "random-30-0.60-29.json", "solution": {"time": 0.001689093, "max_depth": 0, "is_feasible": false}, "AVD": 3.4663828455494934}