{"name": "random-30-3.40-2.json", "solution": {"time": 0.00163634, "max_depth": 2, "is_feasible": false}, "AVD": 6.291597883597884}