{"name": "random-30-8.60-22.json", "solution": {"time": 0.00108011, "max_depth": 30, "is_feasible": true}, "AVD": 10.456669312169314}