{"name": "random-30-0.80-13.json", "solution": {"time": 0.001621297, "max_depth": 0, "is_feasible": false}, "AVD": 3.709811854811837}