{"name": "random-30-9.00-39.json", "solution": {"time": 0.001690163, "max_depth": 30, "is_feasible": true}, "AVD": 10.808494708994713}