{"name": "random-30-3.80-44.json", "solution": {"time": 0.001353087, "max_depth": 2, "is_feasible": false}, "AVD": 6.613571428571428}