{"name": "random-30-8.00-29.json", "solution": {"time": 0.00118453, "max_depth": 30, "is_feasible": true}, "AVD": 10.040957671957678}