{"name": "random-30-7.00-8.json", "solution": {"time": 0.001068893, "max_depth": 30, "is_feasible": true}, "AVD": 9.18471252204586}