{"name": "random-30-7.60-17.json", "solution": {"time": 0.002072135, "max_depth": 30, "is_feasible": true}, "AVD": 9.64115608465609}