{"name": "random-30-4.20-47.json", "solution": {"time": 0.002216627, "max_depth": 6, "is_feasible": false}, "AVD": 6.954792608625943}