{"name": "random-30-8.00-47.json", "solution": {"time": 0.001181918, "max_depth": 30, "is_feasible": true}, "AVD": 10.104789241622585}