{"name": "random-30-8.60-0.json", "solution": {"time": 0.001515538, "max_depth": 30, "is_feasible": true}, "AVD": 10.568613756613765}