{"name": "random-30-3.00-33.json", "solution": {"time": 0.001843517, "max_depth": 2, "is_feasible": false}, "AVD": 5.950515873015868}