{"name": "random-30-3.60-45.json", "solution": {"time": 0.00220696, "max_depth": 4, "is_feasible": false}, "AVD": 6.473800545133878}