{"name": "random-30-3.40-33.json", "solution": {"time": 0.002158698, "max_depth": 3, "is_feasible": false}, "AVD": 6.281401234567898}