{"name": "random-30-1.80-0.json", "solution": {"time": 0.001697116, "max_depth": 0, "is_feasible": false}, "AVD": 4.8280701089034315}