{"name": "random-30-0.20-49.json", "solution": {"time": 0.001683709, "max_depth": 0, "is_feasible": false}, "AVD": 2.726332257248902}