{"name": "random-30-3.80-39.json", "solution": {"time": 0.00289435, "max_depth": 2, "is_feasible": false}, "AVD": 6.613407407407406}