{"name": "random-30-1.20-30.json", "solution": {"time": 0.002340677, "max_depth": 0, "is_feasible": false}, "AVD": 4.1756652236652085}