{"name": "random-30-8.00-39.json", "solution": {"time": 0.00115841, "max_depth": 30, "is_feasible": true}, "AVD": 10.01455026455027}