{"name": "random-30-6.20-7.json", "solution": {"time": 0.001112588, "max_depth": 30, "is_feasible": true}, "AVD": 8.624361552028224}