{"name": "random-30-4.60-28.json", "solution": {"time": 0.003123081, "max_depth": 30, "is_feasible": true}, "AVD": 7.248169312169316}