{"name": "random-30-6.20-5.json", "solution": {"time": 0.000969371, "max_depth": 30, "is_feasible": true}, "AVD": 8.604733686067025}