{"name": "random-30-0.40-25.json", "solution": {"time": 0.002405179, "max_depth": 0, "is_feasible": false}, "AVD": 3.1799114712447833}