{"name": "random-30-7.80-48.json", "solution": {"time": 0.001217102, "max_depth": 30, "is_feasible": true}, "AVD": 9.931555555555564}