{"name": "random-30-7.40-29.json", "solution": {"time": 0.001262635, "max_depth": 30, "is_feasible": true}, "AVD": 9.55078042328043}