{"name": "random-30-4.80-12.json", "solution": {"time": 0.000792185, "max_depth": 30, "is_feasible": true}, "AVD": 7.419191197691202}