{"name": "random-30-9.60-27.json", "solution": {"time": 0.0016532, "max_depth": 30, "is_feasible": true}, "AVD": 11.252445326278663}