{"name": "random-30-3.20-35.json", "solution": {"time": 0.001807096, "max_depth": 0, "is_feasible": false}, "AVD": 6.0899090107423435}