{"name": "random-30-4.00-29.json", "solution": {"time": 0.002450227, "max_depth": 5, "is_feasible": false}, "AVD": 6.798368606701942}