{"name": "random-30-2.00-18.json", "solution": {"time": 0.001753421, "max_depth": 0, "is_feasible": false}, "AVD": 4.9970757575757485}