{"name": "random-30-3.20-3.json", "solution": {"time": 0.001890602, "max_depth": 2, "is_feasible": false}, "AVD": 6.115034070867404}