{"name": "random-30-4.40-36.json", "solution": {"time": 0.001757426, "max_depth": 30, "is_feasible": true}, "AVD": 7.146339506172842}