{"name": "random-30-1.40-5.json", "solution": {"time": 0.002607385, "max_depth": 0, "is_feasible": false}, "AVD": 4.420243910410563}