{"name": "random-30-10.00-17.json", "solution": {"time": 0.00138883, "max_depth": 30, "is_feasible": true}, "AVD": 11.61736507936508}