{"name": "random-30-2.80-15.json", "solution": {"time": 0.003924263, "max_depth": 3, "is_feasible": false}, "AVD": 5.773261947928611}