{"name": "random-30-8.40-32.json", "solution": {"time": 0.001781877, "max_depth": 30, "is_feasible": true}, "AVD": 10.34554497354498}