{"name": "random-30-6.80-25.json", "solution": {"time": 0.001814828, "max_depth": 30, "is_feasible": true}, "AVD": 9.109782186948856}