{"name": "random-30-0.40-24.json", "solution": {"time": 0.002088797, "max_depth": 0, "is_feasible": false}, "AVD": 3.101649384566033}