{"name": "random-30-9.60-30.json", "solution": {"time": 0.001654628, "max_depth": 30, "is_feasible": true}, "AVD": 11.337708994708999}