{"name": "random-30-9.80-28.json", "solution": {"time": 0.001164065, "max_depth": 30, "is_feasible": true}, "AVD": 11.454601410934751}