{"name": "random-30-5.20-10.json", "solution": {"time": 0.003697035, "max_depth": 30, "is_feasible": true}, "AVD": 7.777714125380792}