{"name": "random-30-7.20-13.json", "solution": {"time": 0.001207349, "max_depth": 30, "is_feasible": true}, "AVD": 9.333397707231047}