{"name": "random-30-9.00-13.json", "solution": {"time": 0.001698517, "max_depth": 30, "is_feasible": true}, "AVD": 10.72462522045856}