{"name": "random-30-9.60-48.json", "solution": {"time": 0.000948957, "max_depth": 30, "is_feasible": true}, "AVD": 11.357500881834223}