{"name": "random-30-8.40-23.json", "solution": {"time": 0.001836753, "max_depth": 30, "is_feasible": true}, "AVD": 10.299892416225754}