{"name": "random-30-6.00-45.json", "solution": {"time": 0.000856252, "max_depth": 30, "is_feasible": true}, "AVD": 8.423900352733694}