{"name": "random-30-4.00-22.json", "solution": {"time": 0.004175356, "max_depth": 4, "is_feasible": false}, "AVD": 6.774339506172842}