{"name": "random-30-2.00-42.json", "solution": {"time": 0.001692104, "max_depth": 0, "is_feasible": false}, "AVD": 5.006941879108534}