{"name": "random-30-3.20-38.json", "solution": {"time": 0.002374811, "max_depth": 3, "is_feasible": false}, "AVD": 6.1184991613324895}