{"name": "random-30-9.80-35.json", "solution": {"time": 0.001181356, "max_depth": 30, "is_feasible": true}, "AVD": 11.468269841269846}