{"name": "random-30-0.00-1.json", "solution": {"time": 0.015331462, "max_depth": 0, "is_feasible": false}, "AVD": 2.037161903274639}