{"name": "random-30-4.80-26.json", "solution": {"time": 0.004313909, "max_depth": 8, "is_feasible": false}, "AVD": 7.453280262946934}