{"name": "random-30-1.60-26.json", "solution": {"time": 0.001471855, "max_depth": 0, "is_feasible": false}, "AVD": 4.653811768478423}