{"name": "random-30-6.60-34.json", "solution": {"time": 0.001086399, "max_depth": 30, "is_feasible": true}, "AVD": 9.011478835978842}