{"name": "random-30-0.40-12.json", "solution": {"time": 0.002482829, "max_depth": 0, "is_feasible": false}, "AVD": 3.0987877122876952}