{"name": "random-30-4.60-15.json", "solution": {"time": 0.00153672, "max_depth": 30, "is_feasible": true}, "AVD": 7.2969407567740925}