{"name": "random-30-0.00-42.json", "solution": {"time": 0.00171663, "max_depth": 0, "is_feasible": false}, "AVD": 2.095190563612121}