{"name": "random-30-0.40-21.json", "solution": {"time": 0.002465298, "max_depth": 0, "is_feasible": false}, "AVD": 3.1067161665494822}