{"name": "random-30-1.60-14.json", "solution": {"time": 0.001710891, "max_depth": 0, "is_feasible": false}, "AVD": 4.544862717529369}