{"name": "random-30-0.00-28.json", "solution": {"time": 0.001903202, "max_depth": 0, "is_feasible": false}, "AVD": 2.0498275284990886}