{"name": "random-30-5.80-10.json", "solution": {"time": 0.001576819, "max_depth": 30, "is_feasible": true}, "AVD": 8.28139578322912}