{"name": "random-30-3.60-23.json", "solution": {"time": 0.002829334, "max_depth": 4, "is_feasible": false}, "AVD": 6.4813480038480025}