{"name": "random-30-8.00-30.json", "solution": {"time": 0.001213501, "max_depth": 30, "is_feasible": true}, "AVD": 9.994895061728398}