{"name": "random-30-1.00-17.json", "solution": {"time": 0.001231811, "max_depth": 0, "is_feasible": false}, "AVD": 4.0628989528989345}