{"name": "random-30-2.00-6.json", "solution": {"time": 0.001422502, "max_depth": 0, "is_feasible": false}, "AVD": 5.0832042648709255}