{"name": "random-30-2.80-40.json", "solution": {"time": 0.002335856, "max_depth": 2, "is_feasible": false}, "AVD": 5.773785553952215}