{"name": "random-30-2.60-8.json", "solution": {"time": 0.001525225, "max_depth": 2, "is_feasible": false}, "AVD": 5.592734290400951}