{"name": "random-30-3.60-7.json", "solution": {"time": 0.002434241, "max_depth": 5, "is_feasible": false}, "AVD": 6.416994548661216}