{"name": "random-30-9.40-7.json", "solution": {"time": 0.00162693, "max_depth": 30, "is_feasible": true}, "AVD": 11.189379188712529}