{"name": "random-30-3.60-10.json", "solution": {"time": 0.002727132, "max_depth": 3, "is_feasible": false}, "AVD": 6.416254732921396}