{"name": "random-30-3.00-15.json", "solution": {"time": 0.001919181, "max_depth": 3, "is_feasible": false}, "AVD": 5.951693843193839}