{"name": "random-30-5.80-0.json", "solution": {"time": 0.002248112, "max_depth": 30, "is_feasible": true}, "AVD": 8.245472663139335}