{"name": "random-30-3.00-46.json", "solution": {"time": 0.004722641, "max_depth": 3, "is_feasible": false}, "AVD": 5.928047458714123}