{"name": "random-30-4.00-9.json", "solution": {"time": 0.002769293, "max_depth": 6, "is_feasible": false}, "AVD": 6.788092432259103}