{"name": "random-30-3.40-28.json", "solution": {"time": 0.002568246, "max_depth": 4, "is_feasible": false}, "AVD": 6.250100529100529}