{"name": "random-30-3.60-30.json", "solution": {"time": 0.005852257, "max_depth": 8, "is_feasible": false}, "AVD": 6.453926647426647}