{"name": "random-30-6.20-25.json", "solution": {"time": 0.001861262, "max_depth": 30, "is_feasible": true}, "AVD": 8.612634038800708}