{"name": "random-30-1.00-32.json", "solution": {"time": 0.005135343, "max_depth": 0, "is_feasible": false}, "AVD": 3.9544452152785308}