{"name": "random-30-9.00-35.json", "solution": {"time": 0.00174124, "max_depth": 30, "is_feasible": true}, "AVD": 10.794470899470905}