{"name": "random-30-1.40-20.json", "solution": {"time": 0.001761341, "max_depth": 0, "is_feasible": false}, "AVD": 4.461982326315648}