{"name": "random-30-8.80-19.json", "solution": {"time": 0.001213916, "max_depth": 30, "is_feasible": true}, "AVD": 10.599695767195776}