{"name": "random-30-0.40-8.json", "solution": {"time": 0.002056124, "max_depth": 0, "is_feasible": false}, "AVD": 3.022336864116256}