{"name": "random-30-5.60-44.json", "solution": {"time": 0.00133524, "max_depth": 30, "is_feasible": true}, "AVD": 8.102036155202827}