{"name": "random-30-4.00-21.json", "solution": {"time": 0.001622981, "max_depth": 0, "is_feasible": false}, "AVD": 6.750419753086424}