{"name": "random-30-6.00-40.json", "solution": {"time": 0.00095954, "max_depth": 30, "is_feasible": true}, "AVD": 8.458973544973547}