{"name": "random-30-6.60-17.json", "solution": {"time": 0.006985954, "max_depth": 30, "is_feasible": true}, "AVD": 8.835593474426815}