{"name": "random-30-5.20-33.json", "solution": {"time": 0.000995286, "max_depth": 30, "is_feasible": true}, "AVD": 7.741873015873022}