{"name": "random-30-8.40-5.json", "solution": {"time": 0.001503775, "max_depth": 30, "is_feasible": true}, "AVD": 10.351067019400356}