{"name": "random-30-4.20-24.json", "solution": {"time": 0.004315261, "max_depth": 10, "is_feasible": false}, "AVD": 6.982810405643743}