{"name": "random-30-0.80-42.json", "solution": {"time": 0.001727144, "max_depth": 0, "is_feasible": false}, "AVD": 3.675080468913785}