{"name": "random-30-9.80-23.json", "solution": {"time": 0.001202967, "max_depth": 30, "is_feasible": true}, "AVD": 11.444732804232807}