{"name": "random-30-4.00-49.json", "solution": {"time": 0.003092424, "max_depth": 7, "is_feasible": false}, "AVD": 6.845445165945173}