{"name": "random-30-1.00-3.json", "solution": {"time": 0.00169192, "max_depth": 0, "is_feasible": false}, "AVD": 3.991250570417222}