{"name": "random-30-2.40-21.json", "solution": {"time": 0.003058182, "max_depth": 0, "is_feasible": false}, "AVD": 5.375601811768473}