{"name": "random-30-9.20-33.json", "solution": {"time": 0.001702966, "max_depth": 30, "is_feasible": true}, "AVD": 10.926917989417996}