{"name": "random-30-7.60-20.json", "solution": {"time": 0.001244634, "max_depth": 30, "is_feasible": true}, "AVD": 9.669067019400359}