{"name": "random-30-0.60-15.json", "solution": {"time": 0.002494332, "max_depth": 0, "is_feasible": false}, "AVD": 3.4161392249725395}