{"name": "random-30-8.20-44.json", "solution": {"time": 0.001646342, "max_depth": 30, "is_feasible": true}, "AVD": 10.191419753086425}