{"name": "random-30-2.60-23.json", "solution": {"time": 0.001986128, "max_depth": 2, "is_feasible": false}, "AVD": 5.590690716690712}