{"name": "random-30-1.80-4.json", "solution": {"time": 0.00484857, "max_depth": 0, "is_feasible": false}, "AVD": 4.7738163811497065}