{"name": "random-30-0.00-39.json", "solution": {"time": 0.001967358, "max_depth": 0, "is_feasible": false}, "AVD": 2.199438917110472}