{"name": "random-30-7.60-22.json", "solution": {"time": 0.001148678, "max_depth": 30, "is_feasible": true}, "AVD": 9.695119047619055}