{"name": "random-30-8.40-10.json", "solution": {"time": 0.001273161, "max_depth": 30, "is_feasible": true}, "AVD": 10.328104056437393}