{"name": "random-30-6.60-15.json", "solution": {"time": 0.001340383, "max_depth": 30, "is_feasible": true}, "AVD": 8.870940035273373}