{"name": "random-30-1.20-4.json", "solution": {"time": 0.002294096, "max_depth": 0, "is_feasible": false}, "AVD": 4.096981136147788}