{"name": "random-30-0.60-23.json", "solution": {"time": 0.00161653, "max_depth": 0, "is_feasible": false}, "AVD": 3.4418420869254005}