{"name": "random-30-8.60-37.json", "solution": {"time": 0.001117226, "max_depth": 30, "is_feasible": true}, "AVD": 10.519243386243394}