{"name": "random-30-7.60-31.json", "solution": {"time": 0.001381013, "max_depth": 30, "is_feasible": true}, "AVD": 9.623635642135651}