{"name": "random-30-4.60-48.json", "solution": {"time": 0.003286892, "max_depth": 8, "is_feasible": false}, "AVD": 7.251176366843039}