{"name": "random-30-3.60-33.json", "solution": {"time": 0.002131135, "max_depth": 3, "is_feasible": false}, "AVD": 6.453104056437387}