{"name": "random-30-2.00-26.json", "solution": {"time": 0.001154195, "max_depth": 0, "is_feasible": false}, "AVD": 5.042514590347915}