{"name": "random-30-9.00-15.json", "solution": {"time": 0.001732048, "max_depth": 30, "is_feasible": true}, "AVD": 10.807756613756622}