{"name": "random-30-5.80-41.json", "solution": {"time": 0.003808561, "max_depth": 30, "is_feasible": true}, "AVD": 8.289895061728396}