{"name": "random-30-7.60-13.json", "solution": {"time": 0.0012239, "max_depth": 30, "is_feasible": true}, "AVD": 9.627159611992953}