{"name": "random-30-6.80-20.json", "solution": {"time": 0.001858072, "max_depth": 30, "is_feasible": true}, "AVD": 9.053003527336866}