{"name": "random-30-2.00-4.json", "solution": {"time": 0.001457901, "max_depth": 0, "is_feasible": false}, "AVD": 4.973532029698688}