{"name": "random-30-4.80-42.json", "solution": {"time": 0.004035537, "max_depth": 7, "is_feasible": false}, "AVD": 7.414596119929458}