{"name": "random-30-2.00-9.json", "solution": {"time": 0.001699102, "max_depth": 2, "is_feasible": false}, "AVD": 5.019205233038557}