{"name": "random-30-2.00-32.json", "solution": {"time": 0.001847863, "max_depth": 3, "is_feasible": false}, "AVD": 5.072736732403388}