{"name": "random-30-1.80-30.json", "solution": {"time": 0.00213487, "max_depth": 0, "is_feasible": false}, "AVD": 4.825039923039912}