{"name": "random-30-3.80-33.json", "solution": {"time": 0.003307663, "max_depth": 5, "is_feasible": false}, "AVD": 6.61255996472663}