{"name": "random-30-1.20-46.json", "solution": {"time": 0.002707596, "max_depth": 2, "is_feasible": false}, "AVD": 4.273580410330395}