{"name": "random-30-7.80-13.json", "solution": {"time": 0.001672792, "max_depth": 30, "is_feasible": true}, "AVD": 9.788392416225756}