{"name": "random-30-10.00-42.json", "solution": {"time": 0.001014786, "max_depth": 30, "is_feasible": true}, "AVD": 11.680923280423285}