{"name": "random-30-4.60-7.json", "solution": {"time": 0.005315963, "max_depth": 30, "is_feasible": true}, "AVD": 7.262849206349207}