{"name": "random-30-5.20-39.json", "solution": {"time": 0.00221442, "max_depth": 30, "is_feasible": true}, "AVD": 7.752343033509703}