{"name": "random-30-6.80-41.json", "solution": {"time": 0.001958009, "max_depth": 30, "is_feasible": true}, "AVD": 9.063145502645508}