{"name": "random-30-9.40-23.json", "solution": {"time": 0.001122102, "max_depth": 30, "is_feasible": true}, "AVD": 11.123251322751324}