{"name": "random-30-7.00-6.json", "solution": {"time": 0.000909751, "max_depth": 30, "is_feasible": true}, "AVD": 9.215439153439162}