{"name": "random-30-5.60-26.json", "solution": {"time": 0.001331861, "max_depth": 30, "is_feasible": true}, "AVD": 8.108761022927693}