{"name": "random-30-8.80-30.json", "solution": {"time": 0.001858241, "max_depth": 30, "is_feasible": true}, "AVD": 10.671072310405652}