{"name": "random-30-8.20-19.json", "solution": {"time": 0.001599327, "max_depth": 30, "is_feasible": true}, "AVD": 10.096314814814823}