{"name": "random-30-1.00-13.json", "solution": {"time": 0.001858497, "max_depth": 0, "is_feasible": false}, "AVD": 3.968047501880818}