{"name": "random-30-9.00-22.json", "solution": {"time": 0.0017069, "max_depth": 30, "is_feasible": true}, "AVD": 10.819976190476195}