{"name": "random-30-5.00-49.json", "solution": {"time": 0.00437892, "max_depth": 30, "is_feasible": true}, "AVD": 7.650267195767202}