{"name": "random-30-9.60-7.json", "solution": {"time": 0.000947634, "max_depth": 30, "is_feasible": true}, "AVD": 11.379971781305121}