{"name": "random-30-5.40-49.json", "solution": {"time": 0.001960858, "max_depth": 30, "is_feasible": true}, "AVD": 7.954581128747801}