{"name": "random-30-9.00-4.json", "solution": {"time": 0.001600039, "max_depth": 30, "is_feasible": true}, "AVD": 10.808385361552034}