{"name": "random-30-10.00-38.json", "solution": {"time": 0.000656824, "max_depth": 30, "is_feasible": true}, "AVD": 11.665778659612005}