{"name": "random-30-5.00-34.json", "solution": {"time": 0.003716535, "max_depth": 30, "is_feasible": true}, "AVD": 7.686269841269846}