{"name": "random-30-6.40-31.json", "solution": {"time": 0.001182092, "max_depth": 30, "is_feasible": true}, "AVD": 8.713509539842878}