{"name": "random-30-1.80-35.json", "solution": {"time": 0.001751702, "max_depth": 0, "is_feasible": false}, "AVD": 4.834031265031253}