{"name": "random-30-10.00-12.json", "solution": {"time": 0.001128887, "max_depth": 30, "is_feasible": true}, "AVD": 11.580296296296297}