{"name": "random-30-1.40-24.json", "solution": {"time": 0.003635945, "max_depth": 2, "is_feasible": false}, "AVD": 4.332873583206902}