{"name": "random-30-8.00-23.json", "solution": {"time": 0.001336296, "max_depth": 30, "is_feasible": true}, "AVD": 9.992762786596126}