{"name": "random-30-2.80-29.json", "solution": {"time": 0.001240236, "max_depth": 0, "is_feasible": false}, "AVD": 5.776601250601248}