{"name": "random-30-10.00-44.json", "solution": {"time": 0.001566568, "max_depth": 30, "is_feasible": true}, "AVD": 11.613455908289248}