{"name": "random-30-8.60-41.json", "solution": {"time": 0.001429686, "max_depth": 30, "is_feasible": true}, "AVD": 10.558362433862438}