{"name": "random-30-6.00-42.json", "solution": {"time": 0.001057829, "max_depth": 30, "is_feasible": true}, "AVD": 8.43789682539683}