{"name": "random-30-5.20-41.json", "solution": {"time": 0.00216527, "max_depth": 30, "is_feasible": true}, "AVD": 7.780609347442682}