{"name": "random-30-5.00-32.json", "solution": {"time": 0.001642967, "max_depth": 30, "is_feasible": true}, "AVD": 7.6330449735449735}