{"name": "random-30-2.20-33.json", "solution": {"time": 0.001698466, "max_depth": 0, "is_feasible": false}, "AVD": 5.230327043327037}