{"name": "random-30-6.80-17.json", "solution": {"time": 0.003920019, "max_depth": 30, "is_feasible": true}, "AVD": 8.991741622574962}