{"name": "random-30-8.80-35.json", "solution": {"time": 0.001719313, "max_depth": 30, "is_feasible": true}, "AVD": 10.6130634920635}