{"name": "random-30-7.40-8.json", "solution": {"time": 0.00120888, "max_depth": 30, "is_feasible": true}, "AVD": 9.470027336860678}