{"name": "random-30-6.20-14.json", "solution": {"time": 0.000657775, "max_depth": 30, "is_feasible": true}, "AVD": 8.632480599647268}