{"name": "random-30-3.20-40.json", "solution": {"time": 0.001909918, "max_depth": 2, "is_feasible": false}, "AVD": 6.121455747955745}