{"name": "random-30-4.20-17.json", "solution": {"time": 0.001695789, "max_depth": 2, "is_feasible": false}, "AVD": 6.9821816578483284}