{"name": "random-30-1.80-22.json", "solution": {"time": 0.001690271, "max_depth": 0, "is_feasible": false}, "AVD": 4.815311250477905}