{"name": "random-30-0.20-0.json", "solution": {"time": 0.001589931, "max_depth": 0, "is_feasible": false}, "AVD": 2.752784110950763}