{"name": "random-30-9.20-30.json", "solution": {"time": 0.001687403, "max_depth": 30, "is_feasible": true}, "AVD": 10.991897707231049}