{"name": "random-30-9.20-17.json", "solution": {"time": 0.001850581, "max_depth": 30, "is_feasible": true}, "AVD": 10.922899470899475}