{"name": "random-30-2.20-28.json", "solution": {"time": 0.001574775, "max_depth": 0, "is_feasible": false}, "AVD": 5.198263390930051}