{"name": "random-30-8.20-0.json", "solution": {"time": 0.001141336, "max_depth": 30, "is_feasible": true}, "AVD": 10.260335978835986}