{"name": "random-30-6.80-48.json", "solution": {"time": 0.001836297, "max_depth": 30, "is_feasible": true}, "AVD": 9.025830687830693}