{"name": "random-30-9.80-15.json", "solution": {"time": 0.00167755, "max_depth": 30, "is_feasible": true}, "AVD": 11.418161375661379}