{"name": "random-30-6.80-23.json", "solution": {"time": 0.001858823, "max_depth": 30, "is_feasible": true}, "AVD": 8.99165961199295}