{"name": "random-30-0.80-0.json", "solution": {"time": 0.00151279, "max_depth": 0, "is_feasible": false}, "AVD": 3.742820636153954}