{"name": "random-30-3.00-4.json", "solution": {"time": 0.003464895, "max_depth": 2, "is_feasible": false}, "AVD": 5.926193522526853}