{"name": "random-30-2.20-45.json", "solution": {"time": 0.00168718, "max_depth": 2, "is_feasible": false}, "AVD": 5.235480519480513}