{"name": "random-30-9.80-25.json", "solution": {"time": 0.00118193, "max_depth": 30, "is_feasible": true}, "AVD": 11.527153439153446}