{"name": "random-30-9.80-49.json", "solution": {"time": 0.001186581, "max_depth": 30, "is_feasible": true}, "AVD": 11.430982363315701}