{"name": "random-30-4.20-49.json", "solution": {"time": 0.002574778, "max_depth": 7, "is_feasible": false}, "AVD": 6.998531585698259}