{"name": "random-30-3.20-8.json", "solution": {"time": 0.00214278, "max_depth": 3, "is_feasible": false}, "AVD": 6.129602132435463}