{"name": "random-30-0.60-30.json", "solution": {"time": 0.001788375, "max_depth": 0, "is_feasible": false}, "AVD": 3.452234586401235}