{"name": "random-30-5.40-12.json", "solution": {"time": 0.00062544, "max_depth": 30, "is_feasible": true}, "AVD": 7.9149700176366915}