{"name": "random-30-7.20-8.json", "solution": {"time": 0.001236653, "max_depth": 30, "is_feasible": true}, "AVD": 9.356278659612}