{"name": "random-30-8.20-34.json", "solution": {"time": 0.001783967, "max_depth": 30, "is_feasible": true}, "AVD": 10.289449735449741}