{"name": "random-30-0.60-31.json", "solution": {"time": 0.001799982, "max_depth": 0, "is_feasible": false}, "AVD": 3.446640661807308}