{"name": "random-30-8.40-24.json", "solution": {"time": 0.001495721, "max_depth": 30, "is_feasible": true}, "AVD": 10.355550264550272}