{"name": "random-30-2.40-0.json", "solution": {"time": 0.001650856, "max_depth": 0, "is_feasible": false}, "AVD": 5.378606381273042}