{"name": "random-30-9.60-31.json", "solution": {"time": 0.001789506, "max_depth": 30, "is_feasible": true}, "AVD": 11.276365079365085}