{"name": "random-30-0.00-33.json", "solution": {"time": 0.001932902, "max_depth": 0, "is_feasible": false}, "AVD": 2.1174365594177162}