{"name": "random-30-1.00-45.json", "solution": {"time": 0.004179918, "max_depth": 0, "is_feasible": false}, "AVD": 3.9973847325513825}