{"name": "random-30-5.60-14.json", "solution": {"time": 0.001319453, "max_depth": 30, "is_feasible": true}, "AVD": 8.164172839506177}