{"name": "random-30-8.40-14.json", "solution": {"time": 0.001211286, "max_depth": 30, "is_feasible": true}, "AVD": 10.405248677248686}