{"name": "random-30-8.20-43.json", "solution": {"time": 0.001701975, "max_depth": 30, "is_feasible": true}, "AVD": 10.194235449735457}