{"name": "random-30-8.60-23.json", "solution": {"time": 0.001232144, "max_depth": 30, "is_feasible": true}, "AVD": 10.463421516754853}