{"name": "random-30-6.00-23.json", "solution": {"time": 0.001503591, "max_depth": 30, "is_feasible": true}, "AVD": 8.37297178130512}