{"name": "random-30-7.60-18.json", "solution": {"time": 0.001231982, "max_depth": 30, "is_feasible": true}, "AVD": 9.767589065255736}