{"name": "random-30-6.80-18.json", "solution": {"time": 0.001732532, "max_depth": 30, "is_feasible": true}, "AVD": 9.12383333333334}