{"name": "random-30-8.20-4.json", "solution": {"time": 0.00179974, "max_depth": 30, "is_feasible": true}, "AVD": 10.194976030142701}