{"name": "random-30-3.20-29.json", "solution": {"time": 0.001811156, "max_depth": 2, "is_feasible": false}, "AVD": 6.127387846721177}