{"name": "random-30-7.00-14.json", "solution": {"time": 0.001319178, "max_depth": 30, "is_feasible": true}, "AVD": 9.291162257495595}