{"name": "random-30-4.60-43.json", "solution": {"time": 0.001878784, "max_depth": 30, "is_feasible": true}, "AVD": 7.283433862433865}