{"name": "random-30-2.20-37.json", "solution": {"time": 0.002158812, "max_depth": 2, "is_feasible": false}, "AVD": 5.18501170434503}