{"name": "random-30-7.20-10.json", "solution": {"time": 0.001290251, "max_depth": 30, "is_feasible": true}, "AVD": 9.42669841269842}