{"name": "random-30-8.20-8.json", "solution": {"time": 0.001173117, "max_depth": 30, "is_feasible": true}, "AVD": 10.154542328042334}