{"name": "random-30-4.20-29.json", "solution": {"time": 0.001411211, "max_depth": 5, "is_feasible": false}, "AVD": 6.948365961199296}