{"name": "random-30-7.00-38.json", "solution": {"time": 0.001412361, "max_depth": 30, "is_feasible": true}, "AVD": 9.20877144460478}