{"name": "random-30-1.20-35.json", "solution": {"time": 0.001875096, "max_depth": 0, "is_feasible": false}, "AVD": 4.2272389832389665}