{"name": "random-30-7.20-19.json", "solution": {"time": 0.000863757, "max_depth": 30, "is_feasible": true}, "AVD": 9.369783068783073}