{"name": "random-30-6.40-46.json", "solution": {"time": 0.001214331, "max_depth": 30, "is_feasible": true}, "AVD": 8.725644620811293}