{"name": "random-30-2.40-31.json", "solution": {"time": 0.001247688, "max_depth": 0, "is_feasible": false}, "AVD": 5.424075036075033}