{"name": "random-30-2.20-9.json", "solution": {"time": 0.010903753, "max_depth": 2, "is_feasible": false}, "AVD": 5.204471343471335}