{"name": "random-30-7.80-40.json", "solution": {"time": 0.001505468, "max_depth": 30, "is_feasible": true}, "AVD": 9.920238095238098}