{"name": "random-30-8.20-15.json", "solution": {"time": 0.001212567, "max_depth": 30, "is_feasible": true}, "AVD": 10.233764550264555}