{"name": "random-30-0.20-30.json", "solution": {"time": 0.002579728, "max_depth": 0, "is_feasible": false}, "AVD": 2.773872491705809}