{"name": "random-30-7.20-26.json", "solution": {"time": 0.000919501, "max_depth": 30, "is_feasible": true}, "AVD": 9.426643738977077}