{"name": "random-30-4.40-0.json", "solution": {"time": 0.00121931, "max_depth": 30, "is_feasible": true}, "AVD": 7.103231762065096}