{"name": "random-30-2.00-5.json", "solution": {"time": 0.001558616, "max_depth": 2, "is_feasible": false}, "AVD": 4.983835541002196}