{"name": "random-30-1.00-47.json", "solution": {"time": 0.001902056, "max_depth": 0, "is_feasible": false}, "AVD": 3.9655024975024804}