{"name": "random-30-6.20-16.json", "solution": {"time": 0.001098309, "max_depth": 30, "is_feasible": true}, "AVD": 8.57001587301588}