{"name": "random-30-8.20-31.json", "solution": {"time": 0.001911051, "max_depth": 30, "is_feasible": true}, "AVD": 10.111814814814819}