{"name": "random-30-9.80-38.json", "solution": {"time": 0.001580049, "max_depth": 30, "is_feasible": true}, "AVD": 11.477482363315705}