{"name": "random-30-8.20-47.json", "solution": {"time": 0.001687579, "max_depth": 30, "is_feasible": true}, "AVD": 10.24535537918872}