{"name": "random-30-3.00-24.json", "solution": {"time": 0.001406816, "max_depth": 2, "is_feasible": false}, "AVD": 5.8944777938111255}