{"name": "random-30-4.20-25.json", "solution": {"time": 0.000983738, "max_depth": 30, "is_feasible": true}, "AVD": 6.970590828924163}