{"name": "random-30-5.00-8.json", "solution": {"time": 0.005804956, "max_depth": 30, "is_feasible": true}, "AVD": 7.6141825396825435}