{"name": "random-30-4.40-17.json", "solution": {"time": 0.00159204, "max_depth": 2, "is_feasible": false}, "AVD": 7.110582892416232}