{"name": "random-30-5.20-7.json", "solution": {"time": 0.000977433, "max_depth": 30, "is_feasible": true}, "AVD": 7.78282363315697}