{"name": "random-30-5.20-17.json", "solution": {"time": 0.00663496, "max_depth": 6, "is_feasible": false}, "AVD": 7.754666666666676}