{"name": "random-30-7.20-42.json", "solution": {"time": 0.001163157, "max_depth": 30, "is_feasible": true}, "AVD": 9.374594356261033}