{"name": "random-30-0.60-32.json", "solution": {"time": 0.001825779, "max_depth": 0, "is_feasible": false}, "AVD": 3.4129245630912104}