{"name": "random-30-2.80-21.json", "solution": {"time": 0.002136377, "max_depth": 0, "is_feasible": false}, "AVD": 5.747320987654319}