{"name": "random-30-4.60-9.json", "solution": {"time": 0.000925329, "max_depth": 30, "is_feasible": true}, "AVD": 7.289365961199297}