{"name": "random-30-8.80-12.json", "solution": {"time": 0.001546321, "max_depth": 30, "is_feasible": true}, "AVD": 10.617355379188712}