{"name": "random-30-1.40-23.json", "solution": {"time": 0.001571619, "max_depth": 2, "is_feasible": false}, "AVD": 4.440220464720451}