{"name": "random-30-7.80-11.json", "solution": {"time": 0.001830237, "max_depth": 30, "is_feasible": true}, "AVD": 9.85608096841431}