{"name": "random-30-2.60-43.json", "solution": {"time": 0.001307259, "max_depth": 2, "is_feasible": false}, "AVD": 5.592052589385916}