{"name": "random-30-8.20-39.json", "solution": {"time": 0.001673215, "max_depth": 30, "is_feasible": true}, "AVD": 10.157412698412701}