{"name": "random-30-1.80-25.json", "solution": {"time": 0.002697322, "max_depth": 0, "is_feasible": false}, "AVD": 4.89228439461772}