{"name": "random-30-4.80-13.json", "solution": {"time": 0.002195308, "max_depth": 30, "is_feasible": true}, "AVD": 7.508771604938273}