{"name": "random-30-5.60-36.json", "solution": {"time": 0.00156593, "max_depth": 30, "is_feasible": true}, "AVD": 8.082626984126989}