{"name": "random-30-9.40-15.json", "solution": {"time": 0.001550591, "max_depth": 30, "is_feasible": true}, "AVD": 11.13588095238096}