{"name": "random-30-1.40-15.json", "solution": {"time": 0.004877734, "max_depth": 0, "is_feasible": false}, "AVD": 4.378124498957816}