{"name": "random-30-1.40-40.json", "solution": {"time": 0.002118887, "max_depth": 0, "is_feasible": false}, "AVD": 4.410158329324982}