{"name": "random-30-4.60-8.json", "solution": {"time": 0.003022711, "max_depth": 30, "is_feasible": true}, "AVD": 7.316620811287479}