{"name": "random-30-3.20-15.json", "solution": {"time": 0.003383074, "max_depth": 3, "is_feasible": false}, "AVD": 6.131515712682378}