{"name": "random-30-6.40-23.json", "solution": {"time": 0.001204655, "max_depth": 30, "is_feasible": true}, "AVD": 8.68171428571429}