{"name": "random-30-6.40-30.json", "solution": {"time": 0.001059768, "max_depth": 30, "is_feasible": true}, "AVD": 8.703665784832454}