{"name": "random-30-1.80-14.json", "solution": {"time": 0.001724386, "max_depth": 0, "is_feasible": false}, "AVD": 4.783098487931807}