{"name": "random-30-3.20-6.json", "solution": {"time": 0.001574115, "max_depth": 2, "is_feasible": false}, "AVD": 6.134550104216772}