{"name": "random-30-2.20-7.json", "solution": {"time": 0.005509985, "max_depth": 2, "is_feasible": false}, "AVD": 5.1218188231521475}