{"name": "random-30-1.80-5.json", "solution": {"time": 0.005068122, "max_depth": 2, "is_feasible": false}, "AVD": 4.7993440386773605}