{"name": "random-30-7.60-21.json", "solution": {"time": 0.001281461, "max_depth": 30, "is_feasible": true}, "AVD": 9.667672839506176}