{"name": "random-30-0.00-12.json", "solution": {"time": 0.00178673, "max_depth": 0, "is_feasible": false}, "AVD": 2.053325842639558}