{"name": "random-30-6.00-34.json", "solution": {"time": 0.000709421, "max_depth": 30, "is_feasible": true}, "AVD": 8.481307760141098}