{"name": "random-30-4.20-43.json", "solution": {"time": 0.001530222, "max_depth": 30, "is_feasible": true}, "AVD": 6.964795414462082}