{"name": "random-30-4.20-46.json", "solution": {"time": 0.00216115, "max_depth": 4, "is_feasible": false}, "AVD": 6.949323515990187}