{"name": "random-30-4.00-19.json", "solution": {"time": 0.001591391, "max_depth": 0, "is_feasible": false}, "AVD": 6.7480165945165975}