{"name": "random-30-2.80-9.json", "solution": {"time": 0.001785971, "max_depth": 6, "is_feasible": false}, "AVD": 5.758917551584215}