{"name": "random-30-7.40-18.json", "solution": {"time": 0.001180842, "max_depth": 30, "is_feasible": true}, "AVD": 9.59307054673722}