{"name": "random-30-1.80-13.json", "solution": {"time": 0.00169129, "max_depth": 0, "is_feasible": false}, "AVD": 4.8445915134248345}