{"name": "random-30-6.20-17.json", "solution": {"time": 0.003803704, "max_depth": 30, "is_feasible": true}, "AVD": 8.513701940035283}