{"name": "random-30-7.60-37.json", "solution": {"time": 0.001169937, "max_depth": 30, "is_feasible": true}, "AVD": 9.70889682539683}