{"name": "random-30-6.20-40.json", "solution": {"time": 0.00216386, "max_depth": 30, "is_feasible": true}, "AVD": 8.647351851851855}