{"name": "random-30-5.80-30.json", "solution": {"time": 0.001512341, "max_depth": 30, "is_feasible": true}, "AVD": 8.223165784832455}