{"name": "random-30-1.80-15.json", "solution": {"time": 0.00182264, "max_depth": 2, "is_feasible": false}, "AVD": 4.820397627064279}