{"name": "random-30-7.40-15.json", "solution": {"time": 0.001643548, "max_depth": 30, "is_feasible": true}, "AVD": 9.52992239858907}