{"name": "random-30-5.00-15.json", "solution": {"time": 0.001605017, "max_depth": 30, "is_feasible": true}, "AVD": 7.568611992945331}