{"name": "random-30-7.40-30.json", "solution": {"time": 0.001394615, "max_depth": 30, "is_feasible": true}, "AVD": 9.556466490299828}