{"name": "random-30-2.40-12.json", "solution": {"time": 0.001340115, "max_depth": 3, "is_feasible": false}, "AVD": 5.388749121249115}