{"name": "random-30-9.60-16.json", "solution": {"time": 0.001782522, "max_depth": 30, "is_feasible": true}, "AVD": 11.330984126984134}