{"name": "random-30-6.80-37.json", "solution": {"time": 0.000942151, "max_depth": 30, "is_feasible": true}, "AVD": 9.058607583774258}