{"name": "random-30-7.80-10.json", "solution": {"time": 0.001962148, "max_depth": 30, "is_feasible": true}, "AVD": 9.881665784832455}