{"name": "random-30-3.80-28.json", "solution": {"time": 0.002038484, "max_depth": 4, "is_feasible": false}, "AVD": 6.6076666666666695}