{"name": "random-30-7.20-28.json", "solution": {"time": 0.001482455, "max_depth": 30, "is_feasible": true}, "AVD": 9.38014373897708}