{"name": "random-30-7.60-11.json", "solution": {"time": 0.001278683, "max_depth": 30, "is_feasible": true}, "AVD": 9.6790747955748}