{"name": "random-30-0.00-15.json", "solution": {"time": 0.004351992, "max_depth": 0, "is_feasible": false}, "AVD": 2.064594934782748}