{"name": "random-30-8.80-29.json", "solution": {"time": 0.001644133, "max_depth": 30, "is_feasible": true}, "AVD": 10.671619047619055}