{"name": "random-30-1.40-45.json", "solution": {"time": 0.001535165, "max_depth": 0, "is_feasible": false}, "AVD": 4.456931697931685}