{"name": "random-30-9.60-45.json", "solution": {"time": 0.0009143, "max_depth": 30, "is_feasible": true}, "AVD": 11.269558201058206}