{"name": "random-30-5.00-36.json", "solution": {"time": 0.004407674, "max_depth": 30, "is_feasible": true}, "AVD": 7.623477072310409}