{"name": "random-30-8.00-26.json", "solution": {"time": 0.001254025, "max_depth": 30, "is_feasible": true}, "AVD": 10.043363315696656}