{"name": "random-30-1.60-0.json", "solution": {"time": 0.002563023, "max_depth": 0, "is_feasible": false}, "AVD": 4.613063214563206}