{"name": "random-30-9.40-5.json", "solution": {"time": 0.001771335, "max_depth": 30, "is_feasible": true}, "AVD": 11.217426807760143}