{"name": "random-30-5.40-42.json", "solution": {"time": 0.001264634, "max_depth": 30, "is_feasible": true}, "AVD": 7.9116075837742565}