{"name": "random-30-5.20-16.json", "solution": {"time": 0.006474366, "max_depth": 30, "is_feasible": true}, "AVD": 7.779707231040569}