{"name": "random-30-10.00-29.json", "solution": {"time": 0.001566143, "max_depth": 30, "is_feasible": true}, "AVD": 11.680841269841272}