{"name": "random-30-3.00-12.json", "solution": {"time": 0.00140738, "max_depth": 3, "is_feasible": false}, "AVD": 5.929662818662816}