{"name": "random-30-5.80-32.json", "solution": {"time": 0.001434366, "max_depth": 30, "is_feasible": true}, "AVD": 8.25495855379189}