{"name": "random-30-4.80-22.json", "solution": {"time": 0.001710566, "max_depth": 30, "is_feasible": true}, "AVD": 7.436492945326282}