{"name": "random-30-1.80-38.json", "solution": {"time": 0.001762382, "max_depth": 0, "is_feasible": false}, "AVD": 4.818338186504841}