{"name": "random-30-0.80-15.json", "solution": {"time": 0.001602558, "max_depth": 0, "is_feasible": false}, "AVD": 3.715055370555354}