{"name": "random-30-6.60-26.json", "solution": {"time": 0.001251697, "max_depth": 30, "is_feasible": true}, "AVD": 8.88690476190477}