{"name": "random-30-2.00-11.json", "solution": {"time": 0.002815887, "max_depth": 2, "is_feasible": false}, "AVD": 4.968037320703973}