{"name": "random-30-7.80-18.json", "solution": {"time": 0.00174239, "max_depth": 30, "is_feasible": true}, "AVD": 9.887570546737216}