{"name": "random-30-1.00-4.json", "solution": {"time": 0.001636616, "max_depth": 0, "is_feasible": false}, "AVD": 3.8754002047335216}