{"name": "random-30-5.00-2.json", "solution": {"time": 0.000942784, "max_depth": 30, "is_feasible": true}, "AVD": 7.623887125220462}