{"name": "random-30-5.40-38.json", "solution": {"time": 0.002040828, "max_depth": 30, "is_feasible": true}, "AVD": 7.951765432098767}