{"name": "random-30-1.20-32.json", "solution": {"time": 0.005505822, "max_depth": 2, "is_feasible": false}, "AVD": 4.217048260381577}