{"name": "random-30-9.60-14.json", "solution": {"time": 0.00171489, "max_depth": 30, "is_feasible": true}, "AVD": 11.395362433862438}