{"name": "random-30-9.00-43.json", "solution": {"time": 0.001163194, "max_depth": 30, "is_feasible": true}, "AVD": 10.79917283950618}