{"name": "random-30-6.00-2.json", "solution": {"time": 0.000954735, "max_depth": 30, "is_feasible": true}, "AVD": 8.425103174603178}