{"name": "random-30-8.60-4.json", "solution": {"time": 0.001332762, "max_depth": 30, "is_feasible": true}, "AVD": 10.527827160493832}