{"name": "random-30-5.40-22.json", "solution": {"time": 0.000584108, "max_depth": 30, "is_feasible": true}, "AVD": 7.909584656084661}