{"name": "random-30-6.20-45.json", "solution": {"time": 0.001944684, "max_depth": 30, "is_feasible": true}, "AVD": 8.582426807760148}