{"name": "random-30-2.80-43.json", "solution": {"time": 0.001940327, "max_depth": 2, "is_feasible": false}, "AVD": 5.765693843193836}