{"name": "random-30-2.20-35.json", "solution": {"time": 0.004508005, "max_depth": 0, "is_feasible": false}, "AVD": 5.209771444604771}