{"name": "random-30-8.80-49.json", "solution": {"time": 0.000740774, "max_depth": 30, "is_feasible": true}, "AVD": 10.67306790123457}