{"name": "random-30-4.40-42.json", "solution": {"time": 0.00203076, "max_depth": 6, "is_feasible": false}, "AVD": 7.063481481481485}