{"name": "random-30-7.00-3.json", "solution": {"time": 0.001853551, "max_depth": 30, "is_feasible": true}, "AVD": 9.188348324514998}