{"name": "random-30-2.80-17.json", "solution": {"time": 0.002762056, "max_depth": 2, "is_feasible": false}, "AVD": 5.839391534391529}