{"name": "random-30-6.60-19.json", "solution": {"time": 0.001397711, "max_depth": 30, "is_feasible": true}, "AVD": 8.859977954144625}