{"name": "random-30-9.60-33.json", "solution": {"time": 0.00169853, "max_depth": 30, "is_feasible": true}, "AVD": 11.260865079365084}