{"name": "random-30-1.40-39.json", "solution": {"time": 0.002104485, "max_depth": 0, "is_feasible": false}, "AVD": 4.4601788581788435}