{"name": "random-30-2.40-22.json", "solution": {"time": 0.003056914, "max_depth": 0, "is_feasible": false}, "AVD": 5.382834418667749}