{"name": "random-30-8.40-21.json", "solution": {"time": 0.001529392, "max_depth": 30, "is_feasible": true}, "AVD": 10.328814814814818}