{"name": "random-30-0.00-29.json", "solution": {"time": 0.00193864, "max_depth": 0, "is_feasible": false}, "AVD": 2.138124576403977}