{"name": "random-30-8.60-2.json", "solution": {"time": 0.001477039, "max_depth": 30, "is_feasible": true}, "AVD": 10.448058201058208}