{"name": "random-30-9.20-27.json", "solution": {"time": 0.001810419, "max_depth": 30, "is_feasible": true}, "AVD": 10.925387125220462}