{"name": "random-30-6.40-39.json", "solution": {"time": 0.001168876, "max_depth": 30, "is_feasible": true}, "AVD": 8.66763580246914}