{"name": "random-30-0.20-34.json", "solution": {"time": 0.001862228, "max_depth": 0, "is_feasible": false}, "AVD": 2.670248258640399}