{"name": "random-30-8.80-13.json", "solution": {"time": 0.001685164, "max_depth": 30, "is_feasible": true}, "AVD": 10.593736331569671}