{"name": "random-30-1.20-48.json", "solution": {"time": 0.00245192, "max_depth": 0, "is_feasible": false}, "AVD": 4.209230682897335}