{"name": "random-30-0.80-8.json", "solution": {"time": 0.00203089, "max_depth": 0, "is_feasible": false}, "AVD": 3.637049351882667}