{"name": "random-30-2.60-25.json", "solution": {"time": 0.001552684, "max_depth": 0, "is_feasible": false}, "AVD": 5.602130714964042}