{"name": "random-30-1.40-21.json", "solution": {"time": 0.001782993, "max_depth": 0, "is_feasible": false}, "AVD": 4.4217914061247265}