{"name": "random-30-3.20-22.json", "solution": {"time": 0.001992355, "max_depth": 2, "is_feasible": false}, "AVD": 6.091492063492064}