{"name": "random-30-6.40-10.json", "solution": {"time": 0.001085296, "max_depth": 30, "is_feasible": true}, "AVD": 8.797543049543055}