{"name": "random-30-3.00-41.json", "solution": {"time": 0.004133062, "max_depth": 4, "is_feasible": false}, "AVD": 5.95022262305595}