{"name": "random-30-3.80-37.json", "solution": {"time": 0.002544543, "max_depth": 4, "is_feasible": false}, "AVD": 6.606709876543212}