{"name": "random-30-6.00-33.json", "solution": {"time": 0.00079846, "max_depth": 30, "is_feasible": true}, "AVD": 8.411571428571433}