{"name": "random-30-3.40-30.json", "solution": {"time": 0.003188512, "max_depth": 8, "is_feasible": false}, "AVD": 6.285531585698251}