{"name": "random-30-9.60-3.json", "solution": {"time": 0.001700202, "max_depth": 30, "is_feasible": true}, "AVD": 11.288283950617288}