{"name": "random-30-0.20-11.json", "solution": {"time": 0.001819686, "max_depth": 0, "is_feasible": false}, "AVD": 2.7493817513278125}