{"name": "random-30-0.20-3.json", "solution": {"time": 0.00256329, "max_depth": 0, "is_feasible": false}, "AVD": 2.7614424402757587}