{"name": "random-30-9.20-4.json", "solution": {"time": 0.00170097, "max_depth": 30, "is_feasible": true}, "AVD": 10.996025573192243}