{"name": "random-30-7.80-36.json", "solution": {"time": 0.001201611, "max_depth": 30, "is_feasible": true}, "AVD": 9.84826014109348}