{"name": "random-30-5.00-35.json", "solution": {"time": 0.002318348, "max_depth": 30, "is_feasible": true}, "AVD": 7.610956790123462}