{"name": "random-30-9.20-1.json", "solution": {"time": 0.000843434, "max_depth": 30, "is_feasible": true}, "AVD": 11.021066137566145}