{"name": "random-30-1.40-42.json", "solution": {"time": 0.001758427, "max_depth": 0, "is_feasible": false}, "AVD": 4.346026627693281}