{"name": "random-30-5.40-48.json", "solution": {"time": 0.001952231, "max_depth": 30, "is_feasible": true}, "AVD": 7.903734567901241}