{"name": "random-30-0.80-49.json", "solution": {"time": 0.002322632, "max_depth": 0, "is_feasible": false}, "AVD": 3.81006759290091}