{"name": "random-30-1.60-38.json", "solution": {"time": 0.002526666, "max_depth": 0, "is_feasible": false}, "AVD": 4.623806600806588}