{"name": "random-30-5.00-4.json", "solution": {"time": 0.001020702, "max_depth": 30, "is_feasible": true}, "AVD": 7.637503367003371}