{"name": "random-30-1.00-8.json", "solution": {"time": 0.002929166, "max_depth": 0, "is_feasible": false}, "AVD": 3.9358370333370183}