{"name": "random-30-7.20-22.json", "solution": {"time": 0.000830027, "max_depth": 30, "is_feasible": true}, "AVD": 9.35903968253969}