{"name": "random-30-8.80-47.json", "solution": {"time": 0.000748099, "max_depth": 30, "is_feasible": true}, "AVD": 10.734603174603182}