{"name": "random-30-0.00-40.json", "solution": {"time": 0.00275124, "max_depth": 0, "is_feasible": false}, "AVD": 1.998040634746509}