{"name": "random-30-9.40-22.json", "solution": {"time": 0.001113266, "max_depth": 30, "is_feasible": true}, "AVD": 11.125219576719582}