{"name": "random-30-7.60-24.json", "solution": {"time": 0.001149205, "max_depth": 30, "is_feasible": true}, "AVD": 9.72989153439154}