{"name": "random-30-9.80-47.json", "solution": {"time": 0.001163378, "max_depth": 30, "is_feasible": true}, "AVD": 11.523462962962975}