{"name": "random-30-4.40-34.json", "solution": {"time": 0.007460002, "max_depth": 4, "is_feasible": false}, "AVD": 7.161456790123461}