{"name": "random-30-1.00-34.json", "solution": {"time": 0.001910105, "max_depth": 0, "is_feasible": false}, "AVD": 3.9057120040453195}