{"name": "random-30-9.20-9.json", "solution": {"time": 0.001656451, "max_depth": 30, "is_feasible": true}, "AVD": 10.977108465608469}