{"name": "random-30-7.00-22.json", "solution": {"time": 0.001155846, "max_depth": 30, "is_feasible": true}, "AVD": 9.2165052910053}