{"name": "random-30-8.60-8.json", "solution": {"time": 0.001355054, "max_depth": 30, "is_feasible": true}, "AVD": 10.478484126984133}