{"name": "random-30-6.00-29.json", "solution": {"time": 0.001926229, "max_depth": 30, "is_feasible": true}, "AVD": 8.384617283950623}