{"name": "random-30-3.00-44.json", "solution": {"time": 0.002267636, "max_depth": 2, "is_feasible": false}, "AVD": 5.936027336860667}