{"name": "random-30-7.20-36.json", "solution": {"time": 0.001194001, "max_depth": 30, "is_feasible": true}, "AVD": 9.374430335097006}