{"name": "random-30-8.80-0.json", "solution": {"time": 0.001373555, "max_depth": 30, "is_feasible": true}, "AVD": 10.722383597883606}