{"name": "random-30-3.20-21.json", "solution": {"time": 0.001835113, "max_depth": 0, "is_feasible": false}, "AVD": 6.097123456790124}