{"name": "random-30-8.60-35.json", "solution": {"time": 0.000889912, "max_depth": 30, "is_feasible": true}, "AVD": 10.421022045855382}