{"name": "random-30-8.40-45.json", "solution": {"time": 0.001486226, "max_depth": 30, "is_feasible": true}, "AVD": 10.258313051146388}