{"name": "random-30-2.80-12.json", "solution": {"time": 0.001439424, "max_depth": 3, "is_feasible": false}, "AVD": 5.748421917588581}