{"name": "random-30-0.80-29.json", "solution": {"time": 0.001608718, "max_depth": 0, "is_feasible": false}, "AVD": 3.7515055376721866}