{"name": "random-30-7.00-1.json", "solution": {"time": 0.001372801, "max_depth": 30, "is_feasible": true}, "AVD": 9.226100529100535}