{"name": "random-30-8.60-42.json", "solution": {"time": 0.001367496, "max_depth": 30, "is_feasible": true}, "AVD": 10.516865079365084}