{"name": "random-30-2.80-32.json", "solution": {"time": 0.002705014, "max_depth": 4, "is_feasible": false}, "AVD": 5.7903492063492035}