{"name": "random-30-7.80-44.json", "solution": {"time": 0.00116261, "max_depth": 30, "is_feasible": true}, "AVD": 9.882622574955917}