{"name": "random-30-4.40-12.json", "solution": {"time": 0.000843992, "max_depth": 30, "is_feasible": true}, "AVD": 7.070482202982207}