{"name": "random-30-7.00-47.json", "solution": {"time": 0.001741965, "max_depth": 30, "is_feasible": true}, "AVD": 9.258904761904768}