{"name": "random-30-1.40-27.json", "solution": {"time": 0.003940005, "max_depth": 0, "is_feasible": false}, "AVD": 4.442243392410045}