{"name": "random-30-4.80-29.json", "solution": {"time": 0.002483419, "max_depth": 6, "is_feasible": false}, "AVD": 7.441659611992949}