{"name": "random-30-3.40-0.json", "solution": {"time": 0.001833075, "max_depth": 4, "is_feasible": false}, "AVD": 6.22618326118326}