{"name": "random-30-9.00-0.json", "solution": {"time": 0.000870381, "max_depth": 30, "is_feasible": true}, "AVD": 10.880828042328046}