{"name": "random-30-9.00-36.json", "solution": {"time": 0.001688523, "max_depth": 30, "is_feasible": true}, "AVD": 10.83178571428572}