{"name": "random-30-10.00-9.json", "solution": {"time": 0.000985927, "max_depth": 30, "is_feasible": true}, "AVD": 11.63811375661376}