{"name": "random-30-7.40-13.json", "solution": {"time": 0.001775914, "max_depth": 30, "is_feasible": true}, "AVD": 9.479704585537924}