{"name": "random-30-5.00-30.json", "solution": {"time": 0.000635298, "max_depth": 30, "is_feasible": true}, "AVD": 7.612405643738981}