{"name": "random-30-3.80-4.json", "solution": {"time": 0.004897594, "max_depth": 6, "is_feasible": false}, "AVD": 6.647474106140774}