{"name": "random-30-8.40-0.json", "solution": {"time": 0.001198295, "max_depth": 30, "is_feasible": true}, "AVD": 10.40155820105821}