{"name": "random-30-5.60-0.json", "solution": {"time": 0.001346051, "max_depth": 30, "is_feasible": true}, "AVD": 8.079947971781312}