{"name": "random-30-6.80-40.json", "solution": {"time": 0.002163986, "max_depth": 30, "is_feasible": true}, "AVD": 9.14616754850089}