{"name": "random-30-4.20-45.json", "solution": {"time": 0.002131433, "max_depth": 6, "is_feasible": false}, "AVD": 6.984289081289083}