{"name": "random-30-7.00-17.json", "solution": {"time": 0.002717909, "max_depth": 30, "is_feasible": true}, "AVD": 9.169704585537925}