{"name": "random-30-0.40-32.json", "solution": {"time": 0.002351542, "max_depth": 0, "is_feasible": false}, "AVD": 3.113084221334205}