{"name": "random-30-4.40-38.json", "solution": {"time": 0.002003264, "max_depth": 30, "is_feasible": true}, "AVD": 7.148116402116402}