{"name": "random-30-4.40-41.json", "solution": {"time": 0.004640568, "max_depth": 8, "is_feasible": false}, "AVD": 7.1407155683822365}