{"name": "random-30-6.80-35.json", "solution": {"time": 0.001109877, "max_depth": 30, "is_feasible": true}, "AVD": 9.026022045855383}