{"name": "random-30-7.60-8.json", "solution": {"time": 0.001792921, "max_depth": 30, "is_feasible": true}, "AVD": 9.650778659612001}