{"name": "random-30-3.80-27.json", "solution": {"time": 0.001577946, "max_depth": 2, "is_feasible": false}, "AVD": 6.602800705467373}