{"name": "random-30-1.80-11.json", "solution": {"time": 0.001832039, "max_depth": 2, "is_feasible": false}, "AVD": 4.7857285615618785}