{"name": "random-30-8.80-42.json", "solution": {"time": 0.00071713, "max_depth": 30, "is_feasible": true}, "AVD": 10.645375661375668}