{"name": "random-30-3.20-32.json", "solution": {"time": 0.00386009, "max_depth": 5, "is_feasible": false}, "AVD": 6.131977954144616}