{"name": "random-30-2.20-21.json", "solution": {"time": 0.001446105, "max_depth": 0, "is_feasible": false}, "AVD": 5.190265351932011}