{"name": "random-30-1.40-43.json", "solution": {"time": 0.001518669, "max_depth": 0, "is_feasible": false}, "AVD": 4.421674603174585}