{"name": "random-30-0.60-22.json", "solution": {"time": 0.001557744, "max_depth": 0, "is_feasible": false}, "AVD": 3.395816467483117}