{"name": "random-30-2.00-37.json", "solution": {"time": 0.001566871, "max_depth": 2, "is_feasible": false}, "AVD": 5.026815776815766}