{"name": "random-30-9.80-48.json", "solution": {"time": 0.001235443, "max_depth": 30, "is_feasible": true}, "AVD": 11.549050264550267}