{"name": "random-30-8.80-22.json", "solution": {"time": 0.001683901, "max_depth": 30, "is_feasible": true}, "AVD": 10.642669312169318}