{"name": "random-30-7.80-28.json", "solution": {"time": 0.001580311, "max_depth": 30, "is_feasible": true}, "AVD": 9.848998236331576}