{"name": "random-30-6.00-27.json", "solution": {"time": 0.002276976, "max_depth": 30, "is_feasible": true}, "AVD": 8.414305114638452}