{"name": "random-30-0.60-45.json", "solution": {"time": 0.00196593, "max_depth": 0, "is_feasible": false}, "AVD": 3.4180843477509972}