{"name": "random-30-6.40-16.json", "solution": {"time": 0.002424327, "max_depth": 30, "is_feasible": true}, "AVD": 8.745682539682544}