{"name": "random-30-4.40-14.json", "solution": {"time": 0.007333465, "max_depth": 5, "is_feasible": false}, "AVD": 7.120670194003532}