{"name": "random-30-6.80-34.json", "solution": {"time": 0.001040468, "max_depth": 30, "is_feasible": true}, "AVD": 9.179108465608472}