{"name": "random-30-9.00-27.json", "solution": {"time": 0.001694317, "max_depth": 30, "is_feasible": true}, "AVD": 10.746932098765438}