{"name": "random-30-1.20-23.json", "solution": {"time": 0.002230931, "max_depth": 2, "is_feasible": false}, "AVD": 4.210244631911281}