{"name": "random-30-1.00-49.json", "solution": {"time": 0.001239898, "max_depth": 0, "is_feasible": false}, "AVD": 4.019987345987331}