{"name": "random-30-10.00-10.json", "solution": {"time": 0.006845364, "max_depth": 30, "is_feasible": true}, "AVD": 11.63778571428572}