{"name": "random-30-1.60-9.json", "solution": {"time": 0.001860412, "max_depth": 2, "is_feasible": false}, "AVD": 4.6330546798880015}