{"name": "random-30-9.00-14.json", "solution": {"time": 0.001818772, "max_depth": 30, "is_feasible": true}, "AVD": 10.884518518518522}