{"name": "random-30-10.00-7.json", "solution": {"time": 0.000961841, "max_depth": 30, "is_feasible": true}, "AVD": 11.707686067019408}