{"name": "random-30-9.60-39.json", "solution": {"time": 0.000918969, "max_depth": 30, "is_feasible": true}, "AVD": 11.308103174603179}