{"name": "random-30-5.60-16.json", "solution": {"time": 0.001788311, "max_depth": 30, "is_feasible": true}, "AVD": 8.09255026455027}