{"name": "random-30-4.00-41.json", "solution": {"time": 0.003111315, "max_depth": 6, "is_feasible": false}, "AVD": 6.80469087702421}