{"name": "random-30-2.00-17.json", "solution": {"time": 0.001786571, "max_depth": 2, "is_feasible": false}, "AVD": 5.1382308802308705}