{"name": "random-30-9.80-36.json", "solution": {"time": 0.001225767, "max_depth": 30, "is_feasible": true}, "AVD": 11.435465608465613}