{"name": "random-30-1.40-3.json", "solution": {"time": 0.001760106, "max_depth": 0, "is_feasible": false}, "AVD": 4.421693528693515}