{"name": "random-30-3.60-39.json", "solution": {"time": 0.001409727, "max_depth": 2, "is_feasible": false}, "AVD": 6.447636684303349}