{"name": "random-30-9.80-13.json", "solution": {"time": 0.001783001, "max_depth": 30, "is_feasible": true}, "AVD": 11.41488095238096}