{"name": "random-30-8.80-34.json", "solution": {"time": 0.001717923, "max_depth": 30, "is_feasible": true}, "AVD": 10.790534391534392}