{"name": "random-30-4.00-4.json", "solution": {"time": 0.00318464, "max_depth": 9, "is_feasible": false}, "AVD": 6.80739474106141}