{"name": "random-30-8.00-35.json", "solution": {"time": 0.001491529, "max_depth": 30, "is_feasible": true}, "AVD": 9.966519400352741}