{"name": "random-30-2.80-16.json", "solution": {"time": 0.002951169, "max_depth": 2, "is_feasible": false}, "AVD": 5.786032467532462}