{"name": "random-30-0.00-3.json", "solution": {"time": 0.001893578, "max_depth": 0, "is_feasible": false}, "AVD": 2.128328736804216}