{"name": "random-30-0.80-1.json", "solution": {"time": 0.001532367, "max_depth": 0, "is_feasible": false}, "AVD": 3.8070366423699555}