{"name": "random-30-9.80-2.json", "solution": {"time": 0.001678267, "max_depth": 30, "is_feasible": true}, "AVD": 11.409960317460325}