{"name": "random-30-2.60-37.json", "solution": {"time": 0.002725707, "max_depth": 2, "is_feasible": false}, "AVD": 5.555913259579922}