{"name": "random-30-5.80-48.json", "solution": {"time": 0.002417624, "max_depth": 30, "is_feasible": true}, "AVD": 8.250885361552031}