{"name": "random-30-3.00-38.json", "solution": {"time": 0.003484147, "max_depth": 3, "is_feasible": false}, "AVD": 5.9434065687398965}