{"name": "random-30-1.60-48.json", "solution": {"time": 0.004276067, "max_depth": 0, "is_feasible": false}, "AVD": 4.605712848879504}