{"name": "random-30-0.80-2.json", "solution": {"time": 0.002304189, "max_depth": 0, "is_feasible": false}, "AVD": 3.7139909534909377}