{"name": "random-30-6.00-21.json", "solution": {"time": 0.001583129, "max_depth": 30, "is_feasible": true}, "AVD": 8.408619047619053}