{"name": "random-30-4.60-18.json", "solution": {"time": 0.001667241, "max_depth": 30, "is_feasible": true}, "AVD": 7.324083774250444}