{"name": "random-30-6.00-4.json", "solution": {"time": 0.001044213, "max_depth": 30, "is_feasible": true}, "AVD": 8.435404965404969}