{"name": "random-30-7.40-39.json", "solution": {"time": 0.001320824, "max_depth": 30, "is_feasible": true}, "AVD": 9.499851851851854}