{"name": "random-30-0.20-33.json", "solution": {"time": 0.001838694, "max_depth": 0, "is_feasible": false}, "AVD": 2.748417477584131}