{"name": "random-30-7.40-49.json", "solution": {"time": 0.001036744, "max_depth": 30, "is_feasible": true}, "AVD": 9.558571428571433}