{"name": "random-30-8.80-8.json", "solution": {"time": 0.000836702, "max_depth": 30, "is_feasible": true}, "AVD": 10.630531746031755}