{"name": "random-30-1.20-42.json", "solution": {"time": 0.002726942, "max_depth": 0, "is_feasible": false}, "AVD": 4.128855915689234}