{"name": "random-30-7.00-18.json", "solution": {"time": 0.001178611, "max_depth": 30, "is_feasible": true}, "AVD": 9.29291181657849}