{"name": "random-30-0.40-37.json", "solution": {"time": 0.002367806, "max_depth": 0, "is_feasible": false}, "AVD": 3.094842410675726}