{"name": "random-30-9.40-48.json", "solution": {"time": 0.001423215, "max_depth": 30, "is_feasible": true}, "AVD": 11.174453262786598}