{"name": "random-30-9.20-25.json", "solution": {"time": 0.00172031, "max_depth": 30, "is_feasible": true}, "AVD": 11.031590828924168}