{"name": "random-30-9.40-6.json", "solution": {"time": 0.00169003, "max_depth": 30, "is_feasible": true}, "AVD": 11.129976190476203}