{"name": "random-30-8.40-1.json", "solution": {"time": 0.001176692, "max_depth": 30, "is_feasible": true}, "AVD": 10.37367460317461}