{"name": "random-30-9.40-43.json", "solution": {"time": 0.001360907, "max_depth": 30, "is_feasible": true}, "AVD": 11.086209876543219}