{"name": "random-30-7.20-16.json", "solution": {"time": 0.001309141, "max_depth": 30, "is_feasible": true}, "AVD": 9.32664550264551}