{"name": "random-30-0.40-14.json", "solution": {"time": 0.002499439, "max_depth": 0, "is_feasible": false}, "AVD": 3.0757238132237967}