{"name": "random-30-6.00-13.json", "solution": {"time": 0.001099264, "max_depth": 30, "is_feasible": true}, "AVD": 8.432456790123462}