{"name": "random-30-5.40-41.json", "solution": {"time": 0.002041817, "max_depth": 30, "is_feasible": true}, "AVD": 7.968085537918872}