{"name": "random-30-8.80-7.json", "solution": {"time": 0.000710754, "max_depth": 30, "is_feasible": true}, "AVD": 10.700432098765438}