{"name": "random-30-9.40-29.json", "solution": {"time": 0.001385213, "max_depth": 30, "is_feasible": true}, "AVD": 11.18713756613757}