{"name": "random-30-0.00-18.json", "solution": {"time": 0.001830494, "max_depth": 0, "is_feasible": false}, "AVD": 2.0616590364972636}