{"name": "random-30-5.80-39.json", "solution": {"time": 0.001805925, "max_depth": 30, "is_feasible": true}, "AVD": 8.232925044091717}