{"name": "random-30-7.40-31.json", "solution": {"time": 0.001503928, "max_depth": 30, "is_feasible": true}, "AVD": 9.484901074234413}