{"name": "random-30-7.80-8.json", "solution": {"time": 0.001171106, "max_depth": 30, "is_feasible": true}, "AVD": 9.821852733686073}