{"name": "random-30-2.40-27.json", "solution": {"time": 0.001594477, "max_depth": 0, "is_feasible": false}, "AVD": 5.4102574955908205}