{"name": "random-30-4.20-11.json", "solution": {"time": 0.002280325, "max_depth": 30, "is_feasible": true}, "AVD": 6.9509132595799255}