{"name": "random-30-8.60-48.json", "solution": {"time": 0.001393394, "max_depth": 30, "is_feasible": true}, "AVD": 10.53865255731923}