{"name": "random-30-0.00-48.json", "solution": {"time": 0.001813575, "max_depth": 0, "is_feasible": false}, "AVD": 2.0771512829944094}