{"name": "random-30-9.40-21.json", "solution": {"time": 0.001134496, "max_depth": 30, "is_feasible": true}, "AVD": 11.182380952380955}