{"name": "random-30-0.40-49.json", "solution": {"time": 0.002005683, "max_depth": 0, "is_feasible": false}, "AVD": 3.1570350112849876}