{"name": "random-30-6.60-35.json", "solution": {"time": 0.00127999, "max_depth": 30, "is_feasible": true}, "AVD": 8.854455908289248}