{"name": "random-30-7.80-38.json", "solution": {"time": 0.001328816, "max_depth": 30, "is_feasible": true}, "AVD": 9.856244989578327}