{"name": "random-30-2.40-8.json", "solution": {"time": 0.001759454, "max_depth": 2, "is_feasible": false}, "AVD": 5.398505895339223}