{"name": "random-30-4.00-13.json", "solution": {"time": 0.001742062, "max_depth": 3, "is_feasible": false}, "AVD": 6.8054215167548495}