{"name": "random-30-8.40-25.json", "solution": {"time": 0.001520616, "max_depth": 30, "is_feasible": true}, "AVD": 10.389611992945333}