{"name": "random-30-5.40-35.json", "solution": {"time": 0.001878875, "max_depth": 30, "is_feasible": true}, "AVD": 7.961388007054678}