{"name": "random-30-7.80-4.json", "solution": {"time": 0.001341582, "max_depth": 30, "is_feasible": true}, "AVD": 9.87248308481642}