{"name": "random-30-9.60-37.json", "solution": {"time": 0.00116108, "max_depth": 30, "is_feasible": true}, "AVD": 11.353126984126991}