{"name": "random-30-4.20-26.json", "solution": {"time": 0.001742511, "max_depth": 4, "is_feasible": false}, "AVD": 6.934046416546419}