{"name": "random-30-3.40-29.json", "solution": {"time": 0.002076652, "max_depth": 2, "is_feasible": false}, "AVD": 6.303081850248513}