{"name": "random-30-9.20-12.json", "solution": {"time": 0.001701471, "max_depth": 30, "is_feasible": true}, "AVD": 10.973691358024693}