{"name": "random-30-7.40-26.json", "solution": {"time": 0.001808749, "max_depth": 30, "is_feasible": true}, "AVD": 9.559446208112883}