{"name": "random-30-2.00-34.json", "solution": {"time": 0.001534634, "max_depth": 2, "is_feasible": false}, "AVD": 4.997638170471494}