{"name": "random-30-0.60-1.json", "solution": {"time": 0.00308531, "max_depth": 0, "is_feasible": false}, "AVD": 3.4743830829663938}