{"name": "random-30-6.20-8.json", "solution": {"time": 0.001166781, "max_depth": 30, "is_feasible": true}, "AVD": 8.53300176366844}