{"name": "random-30-0.40-38.json", "solution": {"time": 0.002381782, "max_depth": 0, "is_feasible": false}, "AVD": 3.0752398743231906}