{"name": "random-30-9.60-34.json", "solution": {"time": 0.001796188, "max_depth": 30, "is_feasible": true}, "AVD": 11.396865961199296}