{"name": "random-30-8.60-16.json", "solution": {"time": 0.001734575, "max_depth": 30, "is_feasible": true}, "AVD": 10.513256613756623}