{"name": "random-30-1.60-37.json", "solution": {"time": 0.002619666, "max_depth": 0, "is_feasible": false}, "AVD": 4.613248837582158}