{"name": "random-30-1.00-12.json", "solution": {"time": 0.001868484, "max_depth": 0, "is_feasible": false}, "AVD": 3.935510711510695}