{"name": "random-30-0.80-34.json", "solution": {"time": 0.001696322, "max_depth": 0, "is_feasible": false}, "AVD": 3.642210761460743}