{"name": "random-30-1.20-26.json", "solution": {"time": 0.002817732, "max_depth": 0, "is_feasible": false}, "AVD": 4.257956629789947}