{"name": "random-30-9.80-8.json", "solution": {"time": 0.001165409, "max_depth": 30, "is_feasible": true}, "AVD": 11.49918783068784}