{"name": "random-30-5.20-14.json", "solution": {"time": 0.005247227, "max_depth": 30, "is_feasible": true}, "AVD": 7.799991181657851}