{"name": "random-30-6.60-4.json", "solution": {"time": 0.002487028, "max_depth": 30, "is_feasible": true}, "AVD": 8.917576719576724}