{"name": "random-30-4.80-31.json", "solution": {"time": 0.002465096, "max_depth": 4, "is_feasible": false}, "AVD": 7.432504248837586}