{"name": "random-30-7.80-43.json", "solution": {"time": 0.001342677, "max_depth": 30, "is_feasible": true}, "AVD": 9.89333862433863}