{"name": "random-30-2.00-0.json", "solution": {"time": 0.002585987, "max_depth": 0, "is_feasible": false}, "AVD": 5.008274694441352}