{"name": "random-30-9.60-25.json", "solution": {"time": 0.001704173, "max_depth": 30, "is_feasible": true}, "AVD": 11.360863315696655}