{"name": "random-30-8.40-47.json", "solution": {"time": 0.001516419, "max_depth": 30, "is_feasible": true}, "AVD": 10.396555555555562}