{"name": "random-30-6.60-40.json", "solution": {"time": 0.002160991, "max_depth": 30, "is_feasible": true}, "AVD": 8.976788359788365}