{"name": "random-30-1.20-33.json", "solution": {"time": 0.001416169, "max_depth": 0, "is_feasible": false}, "AVD": 4.213771086937739}