{"name": "random-30-9.20-13.json", "solution": {"time": 0.001688267, "max_depth": 30, "is_feasible": true}, "AVD": 10.885174603174608}