{"name": "random-30-0.00-31.json", "solution": {"time": 0.001958672, "max_depth": 0, "is_feasible": false}, "AVD": 1.985118834687452}