{"name": "random-30-3.60-5.json", "solution": {"time": 0.002912324, "max_depth": 9, "is_feasible": false}, "AVD": 6.4411081449414755}