{"name": "random-30-3.20-13.json", "solution": {"time": 0.002903601, "max_depth": 3, "is_feasible": false}, "AVD": 6.136162978996308}