{"name": "random-30-4.00-26.json", "solution": {"time": 0.005423844, "max_depth": 3, "is_feasible": false}, "AVD": 6.791646224146224}