{"name": "random-30-0.40-30.json", "solution": {"time": 0.002383122, "max_depth": 0, "is_feasible": false}, "AVD": 3.167747906414555}