{"name": "random-30-0.80-44.json", "solution": {"time": 0.001948506, "max_depth": 2, "is_feasible": false}, "AVD": 3.737447700447684}