{"name": "random-30-2.60-22.json", "solution": {"time": 0.002287457, "max_depth": 0, "is_feasible": false}, "AVD": 5.5635626102292735}