{"name": "random-30-2.40-36.json", "solution": {"time": 0.001491149, "max_depth": 2, "is_feasible": false}, "AVD": 5.4095475018808274}