{"name": "random-30-4.20-12.json", "solution": {"time": 0.000762955, "max_depth": 30, "is_feasible": true}, "AVD": 6.908894019560689}