{"name": "random-30-5.60-23.json", "solution": {"time": 0.00140539, "max_depth": 30, "is_feasible": true}, "AVD": 8.070983966650637}