{"name": "random-30-8.60-9.json", "solution": {"time": 0.001541664, "max_depth": 30, "is_feasible": true}, "AVD": 10.4456798941799}