{"name": "random-30-4.00-20.json", "solution": {"time": 0.004046804, "max_depth": 8, "is_feasible": false}, "AVD": 6.783907407407408}