{"name": "random-30-2.00-22.json", "solution": {"time": 0.001403327, "max_depth": 0, "is_feasible": false}, "AVD": 5.004343156843149}