{"name": "random-30-1.60-29.json", "solution": {"time": 0.001460274, "max_depth": 0, "is_feasible": false}, "AVD": 4.636989658489646}