{"name": "random-30-3.40-37.json", "solution": {"time": 0.002064759, "max_depth": 3, "is_feasible": false}, "AVD": 6.279296296296297}