{"name": "random-30-9.00-42.json", "solution": {"time": 0.001701064, "max_depth": 30, "is_feasible": true}, "AVD": 10.804148148148155}