{"name": "random-30-5.40-5.json", "solution": {"time": 0.001127349, "max_depth": 30, "is_feasible": true}, "AVD": 7.970381834215172}