{"name": "random-30-5.20-45.json", "solution": {"time": 0.001448298, "max_depth": 30, "is_feasible": true}, "AVD": 7.8136049382716095}