{"name": "random-30-7.40-43.json", "solution": {"time": 0.001262197, "max_depth": 30, "is_feasible": true}, "AVD": 9.547335978835985}