{"name": "random-30-1.80-41.json", "solution": {"time": 0.002901519, "max_depth": 0, "is_feasible": false}, "AVD": 4.825782988616309}