{"name": "random-30-7.40-37.json", "solution": {"time": 0.001284067, "max_depth": 30, "is_feasible": true}, "AVD": 9.540693121693128}