{"name": "random-30-1.40-8.json", "solution": {"time": 0.002675634, "max_depth": 0, "is_feasible": false}, "AVD": 4.414384646217967}