{"name": "random-30-3.60-42.json", "solution": {"time": 0.002363666, "max_depth": 6, "is_feasible": false}, "AVD": 6.410406365239698}