{"name": "random-30-7.40-2.json", "solution": {"time": 0.001260479, "max_depth": 30, "is_feasible": true}, "AVD": 9.482465608465617}