{"name": "random-30-0.80-26.json", "solution": {"time": 0.001792769, "max_depth": 0, "is_feasible": false}, "AVD": 3.760266523599838}