{"name": "random-30-10.00-37.json", "solution": {"time": 0.000785698, "max_depth": 30, "is_feasible": true}, "AVD": 11.682317460317467}