{"name": "random-30-1.80-7.json", "solution": {"time": 0.002772337, "max_depth": 2, "is_feasible": false}, "AVD": 4.710376703543359}