{"name": "random-30-3.00-25.json", "solution": {"time": 0.001292185, "max_depth": 2, "is_feasible": false}, "AVD": 5.9504023199023175}