{"name": "random-30-5.60-18.json", "solution": {"time": 0.002442197, "max_depth": 30, "is_feasible": true}, "AVD": 8.125436507936513}