{"name": "random-30-0.00-9.json", "solution": {"time": 0.001968899, "max_depth": 0, "is_feasible": false}, "AVD": 2.0908660825376386}