{"name": "random-30-9.40-14.json", "solution": {"time": 0.001242923, "max_depth": 30, "is_feasible": true}, "AVD": 11.223222222222228}