{"name": "random-30-6.00-0.json", "solution": {"time": 0.001178225, "max_depth": 30, "is_feasible": true}, "AVD": 8.400718694885368}