{"name": "random-30-1.60-6.json", "solution": {"time": 0.001693237, "max_depth": 0, "is_feasible": false}, "AVD": 4.698108188108178}