{"name": "random-30-4.40-31.json", "solution": {"time": 0.002527137, "max_depth": 4, "is_feasible": false}, "AVD": 7.119989257655928}