{"name": "random-30-4.20-19.json", "solution": {"time": 0.001646234, "max_depth": 0, "is_feasible": false}, "AVD": 6.886149751483089}