{"name": "random-30-2.60-5.json", "solution": {"time": 0.002042923, "max_depth": 2, "is_feasible": false}, "AVD": 5.549521404521399}