{"name": "random-30-7.40-46.json", "solution": {"time": 0.001439295, "max_depth": 30, "is_feasible": true}, "AVD": 9.533722222222233}