{"name": "random-30-2.60-36.json", "solution": {"time": 0.001529985, "max_depth": 2, "is_feasible": false}, "AVD": 5.605416108582769}