{"name": "random-30-7.40-7.json", "solution": {"time": 0.001151302, "max_depth": 30, "is_feasible": true}, "AVD": 9.595394179894184}