{"name": "random-30-8.00-45.json", "solution": {"time": 0.001210363, "max_depth": 30, "is_feasible": true}, "AVD": 9.938635802469141}