{"name": "random-30-7.20-2.json", "solution": {"time": 0.000950095, "max_depth": 30, "is_feasible": true}, "AVD": 9.337798941798948}