{"name": "random-30-1.40-9.json", "solution": {"time": 0.002615344, "max_depth": 0, "is_feasible": false}, "AVD": 4.4161938493605}