{"name": "random-30-5.40-34.json", "solution": {"time": 0.001141951, "max_depth": 30, "is_feasible": true}, "AVD": 8.007669312169318}