{"name": "random-30-6.00-25.json", "solution": {"time": 0.00166902, "max_depth": 30, "is_feasible": true}, "AVD": 8.433440917107585}