{"name": "random-30-5.00-11.json", "solution": {"time": 0.001136612, "max_depth": 30, "is_feasible": true}, "AVD": 7.619433702100374}