{"name": "random-30-2.60-39.json", "solution": {"time": 0.001115825, "max_depth": 0, "is_feasible": false}, "AVD": 5.610972182138844}