{"name": "random-30-2.60-18.json", "solution": {"time": 0.001897706, "max_depth": 0, "is_feasible": false}, "AVD": 5.557851691518351}