{"name": "random-30-7.40-6.json", "solution": {"time": 0.000943359, "max_depth": 30, "is_feasible": true}, "AVD": 9.547335978835985}