{"name": "random-30-3.20-25.json", "solution": {"time": 0.001648785, "max_depth": 2, "is_feasible": false}, "AVD": 6.134461402794735}