{"name": "random-30-0.40-39.json", "solution": {"time": 0.002327387, "max_depth": 0, "is_feasible": false}, "AVD": 3.205561857895171}