{"name": "random-30-4.00-35.json", "solution": {"time": 0.001757494, "max_depth": 3, "is_feasible": false}, "AVD": 6.778276014109348}