{"name": "random-30-8.00-7.json", "solution": {"time": 0.001153599, "max_depth": 30, "is_feasible": true}, "AVD": 10.044402116402122}