{"name": "random-30-7.60-42.json", "solution": {"time": 0.00075789, "max_depth": 30, "is_feasible": true}, "AVD": 9.663599647266318}