{"name": "random-30-7.60-0.json", "solution": {"time": 0.001272122, "max_depth": 30, "is_feasible": true}, "AVD": 9.753100529100534}