{"name": "random-30-7.00-37.json", "solution": {"time": 0.00121243, "max_depth": 30, "is_feasible": true}, "AVD": 9.201579365079372}