{"name": "random-30-9.20-14.json", "solution": {"time": 0.001988039, "max_depth": 30, "is_feasible": true}, "AVD": 11.046407407407411}