{"name": "random-30-4.00-32.json", "solution": {"time": 0.003631614, "max_depth": 8, "is_feasible": false}, "AVD": 6.825623456790122}