{"name": "random-30-3.00-47.json", "solution": {"time": 0.005452904, "max_depth": 4, "is_feasible": false}, "AVD": 5.892161616161612}