{"name": "random-30-4.80-41.json", "solution": {"time": 0.004689927, "max_depth": 30, "is_feasible": true}, "AVD": 7.480234407567742}