{"name": "random-30-3.40-16.json", "solution": {"time": 0.001656698, "max_depth": 2, "is_feasible": false}, "AVD": 6.325632275132273}