{"name": "random-30-0.00-49.json", "solution": {"time": 0.004198752, "max_depth": 0, "is_feasible": false}, "AVD": 2.164034921868242}