{"name": "random-30-8.60-18.json", "solution": {"time": 0.001548064, "max_depth": 30, "is_feasible": true}, "AVD": 10.546088183421523}