{"name": "random-30-4.60-29.json", "solution": {"time": 0.001608355, "max_depth": 5, "is_feasible": false}, "AVD": 7.276435626102294}