{"name": "random-30-3.20-37.json", "solution": {"time": 0.002313502, "max_depth": 3, "is_feasible": false}, "AVD": 6.1140723104056445}