{"name": "random-30-6.00-15.json", "solution": {"time": 0.000936489, "max_depth": 30, "is_feasible": true}, "AVD": 8.381036155202828}