{"name": "random-30-6.40-27.json", "solution": {"time": 0.00116458, "max_depth": 30, "is_feasible": true}, "AVD": 8.729720298220302}