{"name": "random-30-7.20-41.json", "solution": {"time": 0.00136637, "max_depth": 30, "is_feasible": true}, "AVD": 9.376425925925927}