{"name": "random-30-2.80-23.json", "solution": {"time": 0.005497411, "max_depth": 3, "is_feasible": false}, "AVD": 5.76378771845438}