{"name": "random-30-2.60-30.json", "solution": {"time": 0.001604796, "max_depth": 7, "is_feasible": false}, "AVD": 5.580789802789799}