{"name": "random-30-0.80-30.json", "solution": {"time": 0.001674061, "max_depth": 0, "is_feasible": false}, "AVD": 3.7104903059902883}