{"name": "random-30-9.60-1.json", "solution": {"time": 0.001728366, "max_depth": 30, "is_feasible": true}, "AVD": 11.360917989417999}