{"name": "random-30-9.20-48.json", "solution": {"time": 0.001748858, "max_depth": 30, "is_feasible": true}, "AVD": 11.043755731922404}