{"name": "random-30-1.60-24.json", "solution": {"time": 0.001533221, "max_depth": 2, "is_feasible": false}, "AVD": 4.559381075714397}