{"name": "random-30-7.60-23.json", "solution": {"time": 0.00121866, "max_depth": 30, "is_feasible": true}, "AVD": 9.67923633156967}