{"name": "random-30-0.00-38.json", "solution": {"time": 0.001960476, "max_depth": 0, "is_feasible": false}, "AVD": 2.0425722612249873}