{"name": "random-30-9.80-17.json", "solution": {"time": 0.001893718, "max_depth": 30, "is_feasible": true}, "AVD": 11.411846560846563}