{"name": "random-30-3.00-32.json", "solution": {"time": 0.004186573, "max_depth": 5, "is_feasible": false}, "AVD": 5.968284832451496}