{"name": "random-30-2.80-37.json", "solution": {"time": 0.002006232, "max_depth": 2, "is_feasible": false}, "AVD": 5.749565095398425}