{"name": "random-30-0.60-10.json", "solution": {"time": 0.003175275, "max_depth": 0, "is_feasible": false}, "AVD": 3.3829145487772774}