{"name": "random-30-3.80-9.json", "solution": {"time": 0.002519212, "max_depth": 6, "is_feasible": false}, "AVD": 6.626807439474107}