{"name": "random-30-2.60-27.json", "solution": {"time": 0.001962713, "max_depth": 0, "is_feasible": false}, "AVD": 5.609078483245144}