{"name": "random-30-8.40-2.json", "solution": {"time": 0.001555848, "max_depth": 30, "is_feasible": true}, "AVD": 10.267306878306886}