{"name": "random-30-8.40-8.json", "solution": {"time": 0.001535045, "max_depth": 30, "is_feasible": true}, "AVD": 10.283462962962968}