{"name": "random-30-8.80-48.json", "solution": {"time": 0.000750034, "max_depth": 30, "is_feasible": true}, "AVD": 10.677578483245155}