{"name": "random-30-9.00-31.json", "solution": {"time": 0.001905965, "max_depth": 30, "is_feasible": true}, "AVD": 10.75166137566138}