{"name": "random-30-4.60-2.json", "solution": {"time": 0.001548471, "max_depth": 3, "is_feasible": false}, "AVD": 7.276490299823637}