{"name": "random-30-5.60-7.json", "solution": {"time": 0.001733243, "max_depth": 30, "is_feasible": true}, "AVD": 8.114747795414466}