{"name": "random-30-1.00-6.json", "solution": {"time": 0.002689042, "max_depth": 0, "is_feasible": false}, "AVD": 4.042078970412288}