{"name": "random-30-9.60-44.json", "solution": {"time": 0.000886945, "max_depth": 30, "is_feasible": true}, "AVD": 11.283636684303358}