{"name": "random-30-5.40-44.json", "solution": {"time": 0.002393804, "max_depth": 30, "is_feasible": true}, "AVD": 7.913411816578488}