{"name": "random-30-4.40-23.json", "solution": {"time": 0.000786329, "max_depth": 30, "is_feasible": true}, "AVD": 7.112200737534073}