{"name": "random-30-3.80-3.json", "solution": {"time": 0.002138641, "max_depth": 2, "is_feasible": false}, "AVD": 6.6033772647106}