{"name": "random-30-1.20-31.json", "solution": {"time": 0.00219829, "max_depth": 0, "is_feasible": false}, "AVD": 4.154730923397577}