{"name": "random-30-2.80-14.json", "solution": {"time": 0.001575129, "max_depth": 2, "is_feasible": false}, "AVD": 5.723126145459474}