{"name": "random-30-5.00-42.json", "solution": {"time": 0.00696776, "max_depth": 7, "is_feasible": false}, "AVD": 7.565987654320994}