{"name": "random-30-8.80-38.json", "solution": {"time": 0.000842185, "max_depth": 30, "is_feasible": true}, "AVD": 10.67632098765433}