{"name": "random-30-8.00-3.json", "solution": {"time": 0.00115709, "max_depth": 30, "is_feasible": true}, "AVD": 9.989236331569673}