{"name": "random-30-1.60-8.json", "solution": {"time": 0.001895356, "max_depth": 2, "is_feasible": false}, "AVD": 4.615391818058473}