{"name": "random-30-2.80-46.json", "solution": {"time": 0.002430002, "max_depth": 3, "is_feasible": false}, "AVD": 5.761593314093314}