{"name": "random-30-1.00-24.json", "solution": {"time": 0.001697542, "max_depth": 2, "is_feasible": false}, "AVD": 3.884940769107419}