{"name": "random-30-6.80-31.json", "solution": {"time": 0.001264271, "max_depth": 30, "is_feasible": true}, "AVD": 9.016073913740586}