{"name": "random-30-1.60-23.json", "solution": {"time": 0.001402726, "max_depth": 2, "is_feasible": false}, "AVD": 4.661183544850199}