{"name": "random-30-3.80-1.json", "solution": {"time": 0.001540574, "max_depth": 0, "is_feasible": false}, "AVD": 6.6089241622574955}