{"name": "random-30-2.20-18.json", "solution": {"time": 0.001954812, "max_depth": 0, "is_feasible": false}, "AVD": 5.201555475388799}