{"name": "random-30-7.60-30.json", "solution": {"time": 0.001931293, "max_depth": 30, "is_feasible": true}, "AVD": 9.712313932980605}