{"name": "random-30-5.40-1.json", "solution": {"time": 0.000725018, "max_depth": 30, "is_feasible": true}, "AVD": 7.8998800705467405}