{"name": "random-30-6.20-28.json", "solution": {"time": 0.002174333, "max_depth": 30, "is_feasible": true}, "AVD": 8.543745149911825}