{"name": "random-30-4.60-0.json", "solution": {"time": 0.000953373, "max_depth": 30, "is_feasible": true}, "AVD": 7.25705627705628}