{"name": "random-30-3.60-22.json", "solution": {"time": 0.008100381, "max_depth": 3, "is_feasible": false}, "AVD": 6.458298059964729}