{"name": "random-30-2.00-29.json", "solution": {"time": 0.001270278, "max_depth": 0, "is_feasible": false}, "AVD": 5.053439393939385}