{"name": "random-30-6.40-44.json", "solution": {"time": 0.000960515, "max_depth": 30, "is_feasible": true}, "AVD": 8.74171869488537}