{"name": "random-30-7.80-25.json", "solution": {"time": 0.001776281, "max_depth": 30, "is_feasible": true}, "AVD": 9.92026543209877}