{"name": "random-30-6.40-17.json", "solution": {"time": 0.008785933, "max_depth": 30, "is_feasible": true}, "AVD": 8.697897707231048}