{"name": "random-30-8.00-43.json", "solution": {"time": 0.001327611, "max_depth": 30, "is_feasible": true}, "AVD": 10.041531746031751}