{"name": "random-30-1.80-26.json", "solution": {"time": 0.002665636, "max_depth": 0, "is_feasible": false}, "AVD": 4.850169953503274}