{"name": "random-30-6.20-15.json", "solution": {"time": 0.000589902, "max_depth": 30, "is_feasible": true}, "AVD": 8.532892416225755}