{"name": "random-30-4.40-22.json", "solution": {"time": 0.001752276, "max_depth": 30, "is_feasible": true}, "AVD": 7.112879188712525}