{"name": "random-30-2.20-39.json", "solution": {"time": 0.001512856, "max_depth": 0, "is_feasible": false}, "AVD": 5.250451943118602}