{"name": "random-30-5.20-9.json", "solution": {"time": 0.001517641, "max_depth": 30, "is_feasible": true}, "AVD": 7.814507054673725}