{"name": "random-30-4.00-28.json", "solution": {"time": 0.004718269, "max_depth": 6, "is_feasible": false}, "AVD": 6.7929285714285745}