{"name": "random-30-0.00-4.json", "solution": {"time": 0.00399697, "max_depth": 0, "is_feasible": false}, "AVD": 2.0355361247321935}