{"name": "random-30-6.80-7.json", "solution": {"time": 0.001196407, "max_depth": 30, "is_feasible": true}, "AVD": 9.110438271604945}