{"name": "random-30-1.20-47.json", "solution": {"time": 0.002688693, "max_depth": 0, "is_feasible": false}, "AVD": 4.189129678962995}