{"name": "random-30-4.80-44.json", "solution": {"time": 0.005435276, "max_depth": 6, "is_feasible": false}, "AVD": 7.420555555555561}