{"name": "random-30-6.20-47.json", "solution": {"time": 0.001874286, "max_depth": 30, "is_feasible": true}, "AVD": 8.628571428571433}