{"name": "random-30-4.20-15.json", "solution": {"time": 0.005780064, "max_depth": 3, "is_feasible": false}, "AVD": 6.9661374058040755}