{"name": "random-30-6.60-21.json", "solution": {"time": 0.00123271, "max_depth": 30, "is_feasible": true}, "AVD": 8.872006172839512}