{"name": "random-30-7.20-25.json", "solution": {"time": 0.000907571, "max_depth": 30, "is_feasible": true}, "AVD": 9.451684303350977}