{"name": "random-30-8.20-32.json", "solution": {"time": 0.001981842, "max_depth": 30, "is_feasible": true}, "AVD": 10.196887125220462}