{"name": "random-30-7.00-7.json", "solution": {"time": 0.000902573, "max_depth": 30, "is_feasible": true}, "AVD": 9.284273368606708}