{"name": "random-30-1.60-35.json", "solution": {"time": 0.014052265, "max_depth": 0, "is_feasible": false}, "AVD": 4.638839389006043}