{"name": "random-30-9.40-30.json", "solution": {"time": 0.001396671, "max_depth": 30, "is_feasible": true}, "AVD": 11.18976190476191}