{"name": "random-30-7.80-0.json", "solution": {"time": 0.001839711, "max_depth": 30, "is_feasible": true}, "AVD": 9.91999206349207}