{"name": "random-30-6.20-29.json", "solution": {"time": 0.002433889, "max_depth": 30, "is_feasible": true}, "AVD": 8.583711640211646}