{"name": "random-30-1.00-18.json", "solution": {"time": 0.00339461, "max_depth": 0, "is_feasible": false}, "AVD": 3.9047999469665995}