{"name": "random-30-7.40-33.json", "solution": {"time": 0.001344999, "max_depth": 30, "is_feasible": true}, "AVD": 9.47803703703704}