{"name": "random-30-8.00-2.json", "solution": {"time": 0.001224468, "max_depth": 30, "is_feasible": true}, "AVD": 9.950582010582018}