{"name": "random-30-1.40-16.json", "solution": {"time": 0.004879394, "max_depth": 0, "is_feasible": false}, "AVD": 4.362478638645291}