{"name": "random-30-2.60-42.json", "solution": {"time": 0.001421483, "max_depth": 3, "is_feasible": false}, "AVD": 5.578085938752598}