{"name": "random-30-0.80-31.json", "solution": {"time": 0.001654531, "max_depth": 0, "is_feasible": false}, "AVD": 3.72144321110986}