{"name": "random-30-0.40-35.json", "solution": {"time": 0.002335981, "max_depth": 0, "is_feasible": false}, "AVD": 3.158687170853819}