{"name": "random-30-8.80-16.json", "solution": {"time": 0.002229888, "max_depth": 30, "is_feasible": true}, "AVD": 10.66645238095239}