{"name": "random-30-9.40-33.json", "solution": {"time": 0.001380385, "max_depth": 30, "is_feasible": true}, "AVD": 11.075029100529106}