{"name": "random-30-4.40-18.json", "solution": {"time": 0.001931301, "max_depth": 30, "is_feasible": true}, "AVD": 7.146093474426811}