{"name": "random-30-0.60-43.json", "solution": {"time": 0.001769683, "max_depth": 0, "is_feasible": false}, "AVD": 3.4317269705602835}