{"name": "random-30-9.20-2.json", "solution": {"time": 0.001632139, "max_depth": 30, "is_feasible": true}, "AVD": 10.941023809523816}