{"name": "random-30-0.40-42.json", "solution": {"time": 0.002345602, "max_depth": 0, "is_feasible": false}, "AVD": 3.1000885071718236}