{"name": "random-30-6.20-6.json", "solution": {"time": 0.001533681, "max_depth": 30, "is_feasible": true}, "AVD": 8.570589947089953}