{"name": "random-30-8.80-20.json", "solution": {"time": 0.000729074, "max_depth": 30, "is_feasible": true}, "AVD": 10.599313051146387}