{"name": "random-30-4.20-9.json", "solution": {"time": 0.003256531, "max_depth": 6, "is_feasible": false}, "AVD": 6.939044091710761}