{"name": "random-30-5.60-47.json", "solution": {"time": 0.000991782, "max_depth": 30, "is_feasible": true}, "AVD": 8.145529100529105}