{"name": "random-30-2.00-31.json", "solution": {"time": 0.001382892, "max_depth": 0, "is_feasible": false}, "AVD": 5.053275372775364}