{"name": "random-30-4.20-3.json", "solution": {"time": 0.002830452, "max_depth": 8, "is_feasible": false}, "AVD": 6.939700176366846}