{"name": "random-30-7.80-41.json", "solution": {"time": 0.001261436, "max_depth": 30, "is_feasible": true}, "AVD": 9.89793121693122}