{"name": "random-30-7.60-12.json", "solution": {"time": 0.001277294, "max_depth": 30, "is_feasible": true}, "AVD": 9.578664021164023}