{"name": "random-30-3.00-29.json", "solution": {"time": 0.0016995, "max_depth": 0, "is_feasible": false}, "AVD": 5.953714285714283}