{"name": "random-30-4.40-24.json", "solution": {"time": 0.006121378, "max_depth": 30, "is_feasible": true}, "AVD": 7.157164902998239}