{"name": "random-30-6.00-7.json", "solution": {"time": 0.001081218, "max_depth": 30, "is_feasible": true}, "AVD": 8.471165784832458}