{"name": "random-30-4.80-46.json", "solution": {"time": 0.00474647, "max_depth": 30, "is_feasible": true}, "AVD": 7.411833376500048}