{"name": "random-30-9.40-8.json", "solution": {"time": 0.001697197, "max_depth": 30, "is_feasible": true}, "AVD": 11.175902116402122}