{"name": "random-30-6.20-18.json", "solution": {"time": 0.001623937, "max_depth": 30, "is_feasible": true}, "AVD": 8.598063492063499}