{"name": "random-40-10.00-30.json", "solution": {"time": 0.001033011, "max_depth": 40, "is_feasible": true}, "AVD": 13.032153769841262}