{"name": "random-40-5.00-5.json", "solution": {"time": 0.003764133, "max_depth": 6, "is_feasible": false}, "AVD": 8.901736562049043}