{"name": "random-40-6.20-36.json", "solution": {"time": 0.001643098, "max_depth": 40, "is_feasible": true}, "AVD": 9.98107043650792}