{"name": "random-40-10.40-19.json", "solution": {"time": 0.001662349, "max_depth": 40, "is_feasible": true}, "AVD": 13.36465016233765}