{"name": "random-40-3.60-19.json", "solution": {"time": 0.003820833, "max_depth": 4, "is_feasible": false}, "AVD": 7.705199387418117}