{"name": "random-40-10.60-22.json", "solution": {"time": 0.001186703, "max_depth": 40, "is_feasible": true}, "AVD": 13.45187499999999}