{"name": "random-40-5.20-25.json", "solution": {"time": 0.00253345, "max_depth": 3, "is_feasible": false}, "AVD": 9.108785082972563}