{"name": "random-40-9.80-11.json", "solution": {"time": 0.001662178, "max_depth": 40, "is_feasible": true}, "AVD": 12.816924107142848}