{"name": "random-40-5.40-47.json", "solution": {"time": 0.004897179, "max_depth": 40, "is_feasible": true}, "AVD": 9.247278977966465}