{"name": "random-40-6.80-11.json", "solution": {"time": 0.002816873, "max_depth": 40, "is_feasible": true}, "AVD": 10.418627480158715}