{"name": "random-40-2.00-33.json", "solution": {"time": 0.003129483, "max_depth": 2, "is_feasible": false}, "AVD": 6.1258314255189035}