{"name": "random-40-3.00-31.json", "solution": {"time": 0.00339465, "max_depth": 2, "is_feasible": false}, "AVD": 7.212731629481604}