{"name": "random-40-10.60-20.json", "solution": {"time": 0.001175577, "max_depth": 40, "is_feasible": true}, "AVD": 13.441340277777769}