{"name": "random-40-3.60-22.json", "solution": {"time": 0.003161527, "max_depth": 3, "is_feasible": false}, "AVD": 7.767409344128074}