{"name": "random-40-2.80-15.json", "solution": {"time": 0.002839923, "max_depth": 0, "is_feasible": false}, "AVD": 6.994636824980555}