{"name": "random-40-2.20-16.json", "solution": {"time": 0.002615826, "max_depth": 2, "is_feasible": false}, "AVD": 6.395206664862893}