{"name": "random-40-8.80-3.json", "solution": {"time": 0.001439759, "max_depth": 40, "is_feasible": true}, "AVD": 12.129889384920624}