{"name": "random-40-10.60-27.json", "solution": {"time": 0.003053865, "max_depth": 40, "is_feasible": true}, "AVD": 13.476991567460306}