{"name": "random-40-2.40-7.json", "solution": {"time": 0.003412943, "max_depth": 0, "is_feasible": false}, "AVD": 6.619660218253943}