{"name": "random-40-4.80-33.json", "solution": {"time": 0.00267381, "max_depth": 3, "is_feasible": false}, "AVD": 8.698197150072128}