{"name": "random-40-9.60-43.json", "solution": {"time": 0.00343152, "max_depth": 40, "is_feasible": true}, "AVD": 12.769375496031737}