{"name": "random-40-4.00-5.json", "solution": {"time": 0.003557062, "max_depth": 5, "is_feasible": false}, "AVD": 8.07895589826838}