{"name": "random-40-3.00-9.json", "solution": {"time": 0.002660617, "max_depth": 0, "is_feasible": false}, "AVD": 7.1223323239260505}