{"name": "random-40-12.00-42.json", "solution": {"time": 0.000963352, "max_depth": 40, "is_feasible": true}, "AVD": 14.558773313492054}