{"name": "random-40-9.00-23.json", "solution": {"time": 0.002886975, "max_depth": 40, "is_feasible": true}, "AVD": 12.149230158730145}