{"name": "random-40-5.80-17.json", "solution": {"time": 0.007264636, "max_depth": 40, "is_feasible": true}, "AVD": 9.586693181818159}