{"name": "random-40-5.00-22.json", "solution": {"time": 0.009220698, "max_depth": 5, "is_feasible": false}, "AVD": 8.959305916305901}