{"name": "random-40-6.80-34.json", "solution": {"time": 0.001471264, "max_depth": 40, "is_feasible": true}, "AVD": 10.439881809163044}