{"name": "random-40-4.40-16.json", "solution": {"time": 0.006761487, "max_depth": 14, "is_feasible": false}, "AVD": 8.46194056637805}