{"name": "random-40-8.60-39.json", "solution": {"time": 0.001403769, "max_depth": 40, "is_feasible": true}, "AVD": 11.852183531746022}