{"name": "random-40-6.60-3.json", "solution": {"time": 0.001967682, "max_depth": 40, "is_feasible": true}, "AVD": 10.324628472222205}