{"name": "random-40-4.20-4.json", "solution": {"time": 0.008757275, "max_depth": 5, "is_feasible": false}, "AVD": 8.25244972041845}