{"name": "random-40-2.20-34.json", "solution": {"time": 0.00317728, "max_depth": 2, "is_feasible": false}, "AVD": 6.3536229985292225}