{"name": "random-40-4.40-20.json", "solution": {"time": 0.002835284, "max_depth": 2, "is_feasible": false}, "AVD": 8.436823998917731}