{"name": "random-40-5.40-1.json", "solution": {"time": 0.003098109, "max_depth": 40, "is_feasible": true}, "AVD": 9.255010281385262}