{"name": "random-40-8.80-39.json", "solution": {"time": 0.001064645, "max_depth": 40, "is_feasible": true}, "AVD": 12.034487103174591}