{"name": "random-40-6.60-34.json", "solution": {"time": 0.001564883, "max_depth": 40, "is_feasible": true}, "AVD": 10.273075261543996}