{"name": "random-40-10.00-16.json", "solution": {"time": 0.001213083, "max_depth": 40, "is_feasible": true}, "AVD": 13.012568948412692}