{"name": "random-40-5.40-42.json", "solution": {"time": 0.001240312, "max_depth": 40, "is_feasible": true}, "AVD": 9.251353264790744}