{"name": "random-40-6.20-1.json", "solution": {"time": 0.001293643, "max_depth": 40, "is_feasible": true}, "AVD": 9.895920003607486}