{"name": "random-40-8.40-15.json", "solution": {"time": 0.001965541, "max_depth": 40, "is_feasible": true}, "AVD": 11.742545138888875}