{"name": "random-40-3.60-24.json", "solution": {"time": 0.003386422, "max_depth": 3, "is_feasible": false}, "AVD": 7.73855810855809}