{"name": "random-40-8.60-17.json", "solution": {"time": 0.001600469, "max_depth": 40, "is_feasible": true}, "AVD": 11.88938045634919}