{"name": "random-40-10.00-5.json", "solution": {"time": 0.002700814, "max_depth": 40, "is_feasible": true}, "AVD": 12.985459325396812}