{"name": "random-40-4.00-27.json", "solution": {"time": 0.006809467, "max_depth": 2, "is_feasible": false}, "AVD": 8.068210407647882}