{"name": "random-40-4.00-13.json", "solution": {"time": 0.006554531, "max_depth": 8, "is_feasible": false}, "AVD": 8.12509071137194}