{"name": "random-40-3.80-42.json", "solution": {"time": 0.005328646, "max_depth": 12, "is_feasible": false}, "AVD": 7.913288239538216}