{"name": "random-40-4.20-38.json", "solution": {"time": 0.003932314, "max_depth": 4, "is_feasible": false}, "AVD": 8.241404716810948}