{"name": "random-40-7.00-4.json", "solution": {"time": 0.001165206, "max_depth": 40, "is_feasible": true}, "AVD": 10.60957440476189}