{"name": "random-40-9.40-21.json", "solution": {"time": 0.001378537, "max_depth": 40, "is_feasible": true}, "AVD": 12.506373511904753}