{"name": "random-40-5.40-3.json", "solution": {"time": 0.001209681, "max_depth": 40, "is_feasible": true}, "AVD": 9.275083198051927}