{"name": "random-40-3.20-6.json", "solution": {"time": 0.003380996, "max_depth": 2, "is_feasible": false}, "AVD": 7.349495004994982}