{"name": "random-40-2.60-46.json", "solution": {"time": 0.002622273, "max_depth": 2, "is_feasible": false}, "AVD": 6.756716280247511}