{"name": "random-40-5.40-15.json", "solution": {"time": 0.006325043, "max_depth": 40, "is_feasible": true}, "AVD": 9.272328418109648}