{"name": "random-40-10.00-24.json", "solution": {"time": 0.001349404, "max_depth": 40, "is_feasible": true}, "AVD": 12.914827876984114}