{"name": "random-40-4.20-9.json", "solution": {"time": 0.002772982, "max_depth": 2, "is_feasible": false}, "AVD": 8.24890605228103}