{"name": "random-40-7.60-12.json", "solution": {"time": 0.001880423, "max_depth": 40, "is_feasible": true}, "AVD": 11.116056412337645}