{"name": "random-40-9.00-28.json", "solution": {"time": 0.001411896, "max_depth": 40, "is_feasible": true}, "AVD": 12.214655257936498}