{"name": "random-40-7.60-13.json", "solution": {"time": 0.001867417, "max_depth": 40, "is_feasible": true}, "AVD": 11.129155483405473}