{"name": "random-40-6.40-7.json", "solution": {"time": 0.001413691, "max_depth": 40, "is_feasible": true}, "AVD": 10.128353174603163}