{"name": "random-40-9.40-35.json", "solution": {"time": 0.001920741, "max_depth": 40, "is_feasible": true}, "AVD": 12.569236111111104}