{"name": "random-40-9.40-9.json", "solution": {"time": 0.00109398, "max_depth": 40, "is_feasible": true}, "AVD": 12.484104166666658}