{"name": "random-40-4.00-42.json", "solution": {"time": 0.007358935, "max_depth": 13, "is_feasible": false}, "AVD": 8.087937590187567}