{"name": "random-40-7.00-6.json", "solution": {"time": 0.001883093, "max_depth": 40, "is_feasible": true}, "AVD": 10.540553300865787}