{"name": "random-40-9.80-18.json", "solution": {"time": 0.001499555, "max_depth": 40, "is_feasible": true}, "AVD": 12.853226190476178}