{"name": "random-40-2.00-48.json", "solution": {"time": 0.003932244, "max_depth": 0, "is_feasible": false}, "AVD": 6.237048305860781}