{"name": "random-40-3.20-16.json", "solution": {"time": 0.006018061, "max_depth": 2, "is_feasible": false}, "AVD": 7.342438672438651}