{"name": "random-40-5.20-19.json", "solution": {"time": 0.016182991, "max_depth": 40, "is_feasible": true}, "AVD": 9.069417613636343}