{"name": "random-40-6.60-2.json", "solution": {"time": 0.001782263, "max_depth": 40, "is_feasible": true}, "AVD": 10.307404626623363}