{"name": "random-40-10.80-27.json", "solution": {"time": 0.001367603, "max_depth": 40, "is_feasible": true}, "AVD": 13.627690972222208}