{"name": "random-40-6.00-30.json", "solution": {"time": 0.001757822, "max_depth": 40, "is_feasible": true}, "AVD": 9.786891729797961}