{"name": "random-40-4.60-43.json", "solution": {"time": 0.005528332, "max_depth": 40, "is_feasible": true}, "AVD": 8.656485344516572}