{"name": "random-40-4.20-19.json", "solution": {"time": 0.004068286, "max_depth": 4, "is_feasible": false}, "AVD": 8.224286255411235}