{"name": "random-40-10.40-25.json", "solution": {"time": 0.001007853, "max_depth": 40, "is_feasible": true}, "AVD": 13.313194940476176}