{"name": "random-40-2.20-41.json", "solution": {"time": 0.005078468, "max_depth": 2, "is_feasible": false}, "AVD": 6.4067372037684365}