{"name": "random-40-4.20-41.json", "solution": {"time": 0.003196324, "max_depth": 3, "is_feasible": false}, "AVD": 8.246697961760441}