{"name": "random-40-7.80-8.json", "solution": {"time": 0.003467965, "max_depth": 40, "is_feasible": true}, "AVD": 11.184979527417015}