{"name": "random-40-10.00-48.json", "solution": {"time": 0.001294815, "max_depth": 40, "is_feasible": true}, "AVD": 12.981249503968247}