{"name": "random-40-10.00-19.json", "solution": {"time": 0.001290256, "max_depth": 40, "is_feasible": true}, "AVD": 13.022373376623364}