{"name": "random-40-5.20-48.json", "solution": {"time": 0.005126277, "max_depth": 6, "is_feasible": false}, "AVD": 9.108853490259724}