{"name": "random-40-11.00-43.json", "solution": {"time": 0.002484372, "max_depth": 40, "is_feasible": true}, "AVD": 13.863013888888883}