{"name": "random-40-2.40-9.json", "solution": {"time": 0.002945036, "max_depth": 0, "is_feasible": false}, "AVD": 6.562622051559527}