{"name": "random-40-5.80-38.json", "solution": {"time": 0.002508794, "max_depth": 40, "is_feasible": true}, "AVD": 9.618380546536777}