{"name": "random-40-7.00-13.json", "solution": {"time": 0.001350393, "max_depth": 40, "is_feasible": true}, "AVD": 10.634245400432889}