{"name": "random-40-4.20-18.json", "solution": {"time": 0.006662083, "max_depth": 2, "is_feasible": false}, "AVD": 8.283963862526345}