{"name": "random-40-6.00-47.json", "solution": {"time": 0.004459216, "max_depth": 40, "is_feasible": true}, "AVD": 9.747844110750346}