{"name": "random-40-8.00-33.json", "solution": {"time": 0.001417901, "max_depth": 40, "is_feasible": true}, "AVD": 11.352699404761886}