{"name": "random-40-7.80-6.json", "solution": {"time": 0.001243825, "max_depth": 40, "is_feasible": true}, "AVD": 11.210299467893204}