{"name": "random-40-6.20-44.json", "solution": {"time": 0.001523207, "max_depth": 40, "is_feasible": true}, "AVD": 9.97035267857141}