{"name": "random-40-4.40-47.json", "solution": {"time": 0.003177482, "max_depth": 3, "is_feasible": false}, "AVD": 8.384629807692288}