{"name": "random-40-11.60-6.json", "solution": {"time": 0.000959598, "max_depth": 40, "is_feasible": true}, "AVD": 14.283650297619042}