{"name": "random-40-8.00-12.json", "solution": {"time": 0.001399839, "max_depth": 40, "is_feasible": true}, "AVD": 11.447168019480506}