{"name": "random-40-4.40-23.json", "solution": {"time": 0.002932848, "max_depth": 2, "is_feasible": false}, "AVD": 8.479225423881655}