{"name": "random-40-5.80-15.json", "solution": {"time": 0.004275976, "max_depth": 40, "is_feasible": true}, "AVD": 9.608683351370834}