{"name": "random-40-10.60-35.json", "solution": {"time": 0.000992613, "max_depth": 40, "is_feasible": true}, "AVD": 13.5128869047619}