{"name": "random-40-10.20-39.json", "solution": {"time": 0.001103507, "max_depth": 40, "is_feasible": true}, "AVD": 13.143012400793637}