{"name": "random-40-7.00-42.json", "solution": {"time": 0.001098711, "max_depth": 40, "is_feasible": true}, "AVD": 10.5861698683261}