{"name": "random-40-3.80-43.json", "solution": {"time": 0.003170212, "max_depth": 3, "is_feasible": false}, "AVD": 7.974272411616137}