{"name": "random-40-10.60-2.json", "solution": {"time": 0.00111681, "max_depth": 40, "is_feasible": true}, "AVD": 13.413132440476181}