{"name": "random-40-6.20-32.json", "solution": {"time": 0.001242486, "max_depth": 40, "is_feasible": true}, "AVD": 9.901815972222206}