{"name": "random-40-4.00-19.json", "solution": {"time": 0.003862971, "max_depth": 4, "is_feasible": false}, "AVD": 8.053804202741683}