{"name": "random-40-2.20-47.json", "solution": {"time": 0.003097885, "max_depth": 0, "is_feasible": false}, "AVD": 6.446937009171362}