{"name": "random-40-11.20-32.json", "solution": {"time": 0.001128126, "max_depth": 40, "is_feasible": true}, "AVD": 13.97615029761904}