{"name": "random-40-5.20-31.json", "solution": {"time": 0.003209381, "max_depth": 3, "is_feasible": false}, "AVD": 9.128817325036056}