{"name": "random-40-7.20-44.json", "solution": {"time": 0.001220952, "max_depth": 40, "is_feasible": true}, "AVD": 10.807598710317444}