{"name": "random-40-9.40-0.json", "solution": {"time": 0.001777373, "max_depth": 40, "is_feasible": true}, "AVD": 12.516664186507924}