{"name": "random-40-3.40-44.json", "solution": {"time": 0.002731719, "max_depth": 2, "is_feasible": false}, "AVD": 7.583539231601705}