{"name": "random-40-5.60-32.json", "solution": {"time": 0.001018728, "max_depth": 40, "is_feasible": true}, "AVD": 9.419232142857126}