{"name": "random-40-3.60-21.json", "solution": {"time": 0.003114459, "max_depth": 2, "is_feasible": false}, "AVD": 7.687899028055256}