{"name": "random-40-5.20-3.json", "solution": {"time": 0.001192032, "max_depth": 40, "is_feasible": true}, "AVD": 9.112791531385263}