{"name": "random-40-7.00-30.json", "solution": {"time": 0.005422544, "max_depth": 40, "is_feasible": true}, "AVD": 10.621858134920618}