{"name": "random-40-7.00-26.json", "solution": {"time": 0.001587419, "max_depth": 40, "is_feasible": true}, "AVD": 10.628286571067807}