{"name": "random-40-8.80-25.json", "solution": {"time": 0.001940301, "max_depth": 40, "is_feasible": true}, "AVD": 12.006462301587288}