{"name": "random-40-6.20-28.json", "solution": {"time": 0.003784237, "max_depth": 40, "is_feasible": true}, "AVD": 9.99388293650792}