{"name": "random-40-12.00-14.json", "solution": {"time": 0.001118497, "max_depth": 40, "is_feasible": true}, "AVD": 14.508092757936499}