{"name": "random-40-11.60-25.json", "solution": {"time": 0.001157951, "max_depth": 40, "is_feasible": true}, "AVD": 14.241877480158717}