{"name": "random-40-6.60-24.json", "solution": {"time": 0.002434338, "max_depth": 40, "is_feasible": true}, "AVD": 10.209338158369397}