{"name": "random-40-6.00-24.json", "solution": {"time": 0.002359963, "max_depth": 40, "is_feasible": true}, "AVD": 9.741012626262613}