{"name": "random-40-4.60-20.json", "solution": {"time": 0.00274507, "max_depth": 2, "is_feasible": false}, "AVD": 8.620286796536778}