{"name": "random-40-2.80-34.json", "solution": {"time": 0.002366901, "max_depth": 2, "is_feasible": false}, "AVD": 6.9587575584137795}