{"name": "random-40-11.40-42.json", "solution": {"time": 0.001116477, "max_depth": 40, "is_feasible": true}, "AVD": 14.073057539682532}