{"name": "random-40-6.20-5.json", "solution": {"time": 0.001544786, "max_depth": 40, "is_feasible": true}, "AVD": 9.949693677849911}