{"name": "random-40-7.00-38.json", "solution": {"time": 0.001326736, "max_depth": 40, "is_feasible": true}, "AVD": 10.57176920995669}