{"name": "random-40-4.60-22.json", "solution": {"time": 0.002896078, "max_depth": 5, "is_feasible": false}, "AVD": 8.631406322843807}