{"name": "random-40-2.40-45.json", "solution": {"time": 0.003436957, "max_depth": 0, "is_feasible": false}, "AVD": 6.5883598311410605}