{"name": "random-40-2.80-40.json", "solution": {"time": 0.002977425, "max_depth": 2, "is_feasible": false}, "AVD": 6.973052832584064}