{"name": "random-40-8.20-26.json", "solution": {"time": 0.001832225, "max_depth": 40, "is_feasible": true}, "AVD": 11.593554067460305}