{"name": "random-40-6.00-26.json", "solution": {"time": 0.005678659, "max_depth": 40, "is_feasible": true}, "AVD": 9.763831078643566}