{"name": "random-40-3.20-32.json", "solution": {"time": 0.003499465, "max_depth": 2, "is_feasible": false}, "AVD": 7.322712058774535}