{"name": "random-40-10.20-31.json", "solution": {"time": 0.000988217, "max_depth": 40, "is_feasible": true}, "AVD": 13.201522817460312}