{"name": "random-40-8.40-9.json", "solution": {"time": 0.001592507, "max_depth": 40, "is_feasible": true}, "AVD": 11.713950892857131}