{"name": "random-40-11.20-46.json", "solution": {"time": 0.001708123, "max_depth": 40, "is_feasible": true}, "AVD": 13.94509523809523}