{"name": "random-40-9.20-12.json", "solution": {"time": 0.001294831, "max_depth": 40, "is_feasible": true}, "AVD": 12.405990440115428}