{"name": "random-40-10.00-41.json", "solution": {"time": 0.001029723, "max_depth": 40, "is_feasible": true}, "AVD": 12.986943948412687}