{"name": "random-40-5.40-35.json", "solution": {"time": 0.009638573, "max_depth": 40, "is_feasible": true}, "AVD": 9.325523403679634}