{"name": "random-40-9.80-4.json", "solution": {"time": 0.001199968, "max_depth": 40, "is_feasible": true}, "AVD": 12.823838789682531}