{"name": "random-40-8.60-4.json", "solution": {"time": 0.001385495, "max_depth": 40, "is_feasible": true}, "AVD": 11.875144345238084}