{"name": "random-40-11.20-12.json", "solution": {"time": 0.001363931, "max_depth": 40, "is_feasible": true}, "AVD": 14.020261904761899}