{"name": "random-40-4.00-35.json", "solution": {"time": 0.00471445, "max_depth": 6, "is_feasible": false}, "AVD": 8.14175009018757}