{"name": "random-40-3.80-1.json", "solution": {"time": 0.002160624, "max_depth": 0, "is_feasible": false}, "AVD": 7.904887085137065}