{"name": "random-40-5.60-45.json", "solution": {"time": 0.002762207, "max_depth": 40, "is_feasible": true}, "AVD": 9.464872745310226}