{"name": "random-40-6.00-16.json", "solution": {"time": 0.001634703, "max_depth": 40, "is_feasible": true}, "AVD": 9.815669011543994}