{"name": "random-40-7.00-48.json", "solution": {"time": 0.001527615, "max_depth": 40, "is_feasible": true}, "AVD": 10.565344471500712}