{"name": "random-40-7.40-18.json", "solution": {"time": 0.001735739, "max_depth": 40, "is_feasible": true}, "AVD": 10.854679563492041}