{"name": "random-40-9.20-21.json", "solution": {"time": 0.001121878, "max_depth": 40, "is_feasible": true}, "AVD": 12.350183035714277}