{"name": "random-40-3.80-9.json", "solution": {"time": 0.003260004, "max_depth": 2, "is_feasible": false}, "AVD": 7.895075830419557}