{"name": "random-40-2.00-43.json", "solution": {"time": 0.002724042, "max_depth": 0, "is_feasible": false}, "AVD": 6.191544517981997}