{"name": "random-40-7.80-19.json", "solution": {"time": 0.002504469, "max_depth": 40, "is_feasible": true}, "AVD": 11.179370129870113}