{"name": "random-40-10.20-45.json", "solution": {"time": 0.001508044, "max_depth": 40, "is_feasible": true}, "AVD": 13.219846726190468}