{"name": "random-40-10.60-11.json", "solution": {"time": 0.001640036, "max_depth": 40, "is_feasible": true}, "AVD": 13.489336309523798}