{"name": "random-40-5.40-41.json", "solution": {"time": 0.001757584, "max_depth": 40, "is_feasible": true}, "AVD": 9.26022032828281}