{"name": "random-40-7.80-26.json", "solution": {"time": 0.001796235, "max_depth": 40, "is_feasible": true}, "AVD": 11.27696329365078}