{"name": "random-40-8.40-42.json", "solution": {"time": 0.001671439, "max_depth": 40, "is_feasible": true}, "AVD": 11.665612824675312}