{"name": "random-40-8.60-12.json", "solution": {"time": 0.001384416, "max_depth": 40, "is_feasible": true}, "AVD": 11.935283594877333}