{"name": "random-40-4.20-29.json", "solution": {"time": 0.003267528, "max_depth": 2, "is_feasible": false}, "AVD": 8.235181502525233}