{"name": "random-40-7.40-14.json", "solution": {"time": 0.001123246, "max_depth": 40, "is_feasible": true}, "AVD": 10.885448620823606}