{"name": "random-40-11.60-43.json", "solution": {"time": 0.000969635, "max_depth": 40, "is_feasible": true}, "AVD": 14.308136408730153}