{"name": "random-40-2.60-29.json", "solution": {"time": 0.002506654, "max_depth": 0, "is_feasible": false}, "AVD": 6.7764114635364425}