{"name": "random-40-9.00-15.json", "solution": {"time": 0.002192403, "max_depth": 40, "is_feasible": true}, "AVD": 12.232572420634908}