{"name": "random-40-8.20-38.json", "solution": {"time": 0.001116288, "max_depth": 40, "is_feasible": true}, "AVD": 11.546920634920621}