{"name": "random-40-9.40-6.json", "solution": {"time": 0.001080795, "max_depth": 40, "is_feasible": true}, "AVD": 12.498930059523799}