{"name": "random-40-9.00-7.json", "solution": {"time": 0.001327642, "max_depth": 40, "is_feasible": true}, "AVD": 12.231880952380946}