{"name": "random-40-6.00-31.json", "solution": {"time": 0.003104536, "max_depth": 40, "is_feasible": true}, "AVD": 9.794618055555539}