{"name": "random-40-8.80-31.json", "solution": {"time": 0.001494581, "max_depth": 40, "is_feasible": true}, "AVD": 12.07880208333332}