{"name": "random-40-2.00-24.json", "solution": {"time": 0.00298053, "max_depth": 0, "is_feasible": false}, "AVD": 6.225025262931491}