{"name": "random-40-9.20-19.json", "solution": {"time": 0.001293373, "max_depth": 40, "is_feasible": true}, "AVD": 12.313293019480506}