{"name": "random-40-10.80-24.json", "solution": {"time": 0.00141499, "max_depth": 40, "is_feasible": true}, "AVD": 13.572536210317448}