{"name": "random-40-2.20-35.json", "solution": {"time": 0.003018708, "max_depth": 0, "is_feasible": false}, "AVD": 6.401995483682965}