{"name": "random-40-6.00-14.json", "solution": {"time": 0.001979227, "max_depth": 40, "is_feasible": true}, "AVD": 9.774810092685078}