{"name": "random-40-9.00-37.json", "solution": {"time": 0.001760975, "max_depth": 40, "is_feasible": true}, "AVD": 12.230437003968243}