{"name": "random-40-10.60-38.json", "solution": {"time": 0.000930653, "max_depth": 40, "is_feasible": true}, "AVD": 13.537393353174593}