{"name": "random-40-3.60-45.json", "solution": {"time": 0.003668401, "max_depth": 3, "is_feasible": false}, "AVD": 7.734930104617584}