{"name": "random-40-5.20-30.json", "solution": {"time": 0.004172693, "max_depth": 7, "is_feasible": false}, "AVD": 9.126537698412676}