{"name": "random-40-11.20-2.json", "solution": {"time": 0.003033085, "max_depth": 40, "is_feasible": true}, "AVD": 13.941800595238089}