{"name": "random-40-2.00-20.json", "solution": {"time": 0.002874374, "max_depth": 0, "is_feasible": false}, "AVD": 6.190387140637121}