{"name": "random-40-2.20-15.json", "solution": {"time": 0.00268279, "max_depth": 0, "is_feasible": false}, "AVD": 6.399021971084453}