{"name": "random-40-3.80-21.json", "solution": {"time": 0.002911338, "max_depth": 2, "is_feasible": false}, "AVD": 7.859718507187236}