{"name": "random-40-2.60-19.json", "solution": {"time": 0.00318928, "max_depth": 3, "is_feasible": false}, "AVD": 6.765180295399024}