{"name": "random-40-9.20-39.json", "solution": {"time": 0.001310541, "max_depth": 40, "is_feasible": true}, "AVD": 12.34894246031745}