{"name": "random-40-7.40-7.json", "solution": {"time": 0.001514877, "max_depth": 40, "is_feasible": true}, "AVD": 10.959559027777763}