{"name": "random-40-5.00-41.json", "solution": {"time": 0.005577383, "max_depth": 3, "is_feasible": false}, "AVD": 8.921870490620469}