{"name": "random-40-9.60-4.json", "solution": {"time": 0.001301438, "max_depth": 40, "is_feasible": true}, "AVD": 12.632261408730148}