{"name": "random-40-8.80-16.json", "solution": {"time": 0.001169766, "max_depth": 40, "is_feasible": true}, "AVD": 12.087831845238087}