{"name": "random-40-5.80-47.json", "solution": {"time": 0.004282118, "max_depth": 40, "is_feasible": true}, "AVD": 9.59407377344876}