{"name": "random-40-4.80-31.json", "solution": {"time": 0.005974517, "max_depth": 3, "is_feasible": false}, "AVD": 8.786825261543992}