{"name": "random-40-3.80-34.json", "solution": {"time": 0.003387869, "max_depth": 2, "is_feasible": false}, "AVD": 7.882984380203109}