{"name": "random-40-4.00-7.json", "solution": {"time": 0.004569271, "max_depth": 6, "is_feasible": false}, "AVD": 8.131169146825377}