{"name": "random-40-8.80-19.json", "solution": {"time": 0.003571062, "max_depth": 40, "is_feasible": true}, "AVD": 11.97786990440114}