{"name": "random-40-6.80-28.json", "solution": {"time": 0.001322036, "max_depth": 40, "is_feasible": true}, "AVD": 10.4724603174603}