{"name": "random-40-7.00-14.json", "solution": {"time": 0.001638861, "max_depth": 40, "is_feasible": true}, "AVD": 10.588588727244964}