{"name": "random-40-8.20-35.json", "solution": {"time": 0.003299223, "max_depth": 40, "is_feasible": true}, "AVD": 11.579706213924954}