{"name": "random-40-11.80-4.json", "solution": {"time": 0.003119836, "max_depth": 40, "is_feasible": true}, "AVD": 14.429875496031741}