{"name": "random-40-5.00-0.json", "solution": {"time": 0.0033088, "max_depth": 4, "is_feasible": false}, "AVD": 8.941756673881653}