{"name": "random-40-8.20-1.json", "solution": {"time": 0.005448648, "max_depth": 40, "is_feasible": true}, "AVD": 11.536040178571412}