{"name": "random-40-8.80-27.json", "solution": {"time": 0.001722637, "max_depth": 40, "is_feasible": true}, "AVD": 12.067758928571417}