{"name": "random-40-9.00-3.json", "solution": {"time": 0.00356928, "max_depth": 40, "is_feasible": true}, "AVD": 12.301637896825383}