{"name": "random-40-5.20-16.json", "solution": {"time": 0.003882303, "max_depth": 40, "is_feasible": true}, "AVD": 9.124871888528123}