{"name": "random-40-2.40-46.json", "solution": {"time": 0.003284101, "max_depth": 2, "is_feasible": false}, "AVD": 6.564007405788635}