{"name": "random-40-8.60-46.json", "solution": {"time": 0.001730611, "max_depth": 40, "is_feasible": true}, "AVD": 11.898308531746018}