{"name": "random-40-6.80-31.json", "solution": {"time": 0.003062615, "max_depth": 40, "is_feasible": true}, "AVD": 10.441750992063476}