{"name": "random-40-6.20-31.json", "solution": {"time": 0.001792733, "max_depth": 40, "is_feasible": true}, "AVD": 9.958557043650776}