{"name": "random-40-7.80-44.json", "solution": {"time": 0.00105829, "max_depth": 40, "is_feasible": true}, "AVD": 11.294046626984116}