{"name": "random-40-7.80-11.json", "solution": {"time": 0.00240963, "max_depth": 40, "is_feasible": true}, "AVD": 11.213083829365067}