{"name": "random-40-6.60-4.json", "solution": {"time": 0.001490978, "max_depth": 40, "is_feasible": true}, "AVD": 10.276429067460302}