{"name": "random-40-5.80-8.json", "solution": {"time": 0.006835399, "max_depth": 40, "is_feasible": true}, "AVD": 9.581301948051934}