{"name": "random-40-5.00-30.json", "solution": {"time": 0.00706807, "max_depth": 5, "is_feasible": false}, "AVD": 8.97335899170272}