{"name": "random-40-8.00-48.json", "solution": {"time": 0.00147864, "max_depth": 40, "is_feasible": true}, "AVD": 11.364801948051939}