{"name": "random-40-4.00-18.json", "solution": {"time": 0.005140478, "max_depth": 2, "is_feasible": false}, "AVD": 8.110225423881655}