{"name": "random-40-2.40-30.json", "solution": {"time": 0.003499005, "max_depth": 3, "is_feasible": false}, "AVD": 6.623085418054148}