{"name": "random-40-11.20-33.json", "solution": {"time": 0.001346324, "max_depth": 40, "is_feasible": true}, "AVD": 13.998256944444439}