{"name": "random-40-5.00-4.json", "solution": {"time": 0.003755786, "max_depth": 40, "is_feasible": true}, "AVD": 8.924122384559862}