{"name": "random-40-9.00-33.json", "solution": {"time": 0.001778078, "max_depth": 40, "is_feasible": true}, "AVD": 12.171745400432886}