{"name": "random-40-4.00-48.json", "solution": {"time": 0.003188154, "max_depth": 4, "is_feasible": false}, "AVD": 8.104080998862228}