{"name": "random-40-4.60-39.json", "solution": {"time": 0.002792128, "max_depth": 4, "is_feasible": false}, "AVD": 8.585689348845577}