{"name": "random-40-2.40-25.json", "solution": {"time": 0.002654984, "max_depth": 2, "is_feasible": false}, "AVD": 6.656677804834038}