{"name": "random-40-7.60-43.json", "solution": {"time": 0.001700803, "max_depth": 40, "is_feasible": true}, "AVD": 11.140642361111096}