{"name": "random-40-2.60-44.json", "solution": {"time": 0.002327792, "max_depth": 2, "is_feasible": false}, "AVD": 6.809338123681849}