{"name": "random-40-10.60-0.json", "solution": {"time": 0.001922115, "max_depth": 40, "is_feasible": true}, "AVD": 13.447990575396815}