{"name": "random-40-3.20-22.json", "solution": {"time": 0.003399315, "max_depth": 2, "is_feasible": false}, "AVD": 7.402802201270933}