{"name": "random-40-6.20-42.json", "solution": {"time": 0.001364763, "max_depth": 40, "is_feasible": true}, "AVD": 9.929519074675307}