{"name": "random-40-9.00-8.json", "solution": {"time": 0.001315239, "max_depth": 40, "is_feasible": true}, "AVD": 12.138898809523798}