{"name": "random-40-5.60-13.json", "solution": {"time": 0.006815174, "max_depth": 40, "is_feasible": true}, "AVD": 9.485413419913403}