{"name": "random-40-12.00-33.json", "solution": {"time": 0.003227012, "max_depth": 40, "is_feasible": true}, "AVD": 14.618483630952374}