{"name": "random-40-4.20-46.json", "solution": {"time": 0.005500363, "max_depth": 6, "is_feasible": false}, "AVD": 8.221146915584395}