{"name": "random-40-7.60-20.json", "solution": {"time": 0.001987263, "max_depth": 40, "is_feasible": true}, "AVD": 11.079549107142842}