{"name": "random-40-9.80-32.json", "solution": {"time": 0.000996601, "max_depth": 40, "is_feasible": true}, "AVD": 12.82664533730158}