{"name": "random-40-5.60-27.json", "solution": {"time": 0.004950111, "max_depth": 7, "is_feasible": false}, "AVD": 9.450634785353515}