{"name": "random-40-7.20-21.json", "solution": {"time": 0.001185477, "max_depth": 40, "is_feasible": true}, "AVD": 10.755064331501817}