{"name": "random-40-2.20-14.json", "solution": {"time": 0.003311975, "max_depth": 0, "is_feasible": false}, "AVD": 6.38405833923019}