{"name": "random-40-4.40-46.json", "solution": {"time": 0.004072393, "max_depth": 6, "is_feasible": false}, "AVD": 8.408348079004307}