{"name": "random-40-4.20-45.json", "solution": {"time": 0.004573124, "max_depth": 3, "is_feasible": false}, "AVD": 8.26081020021643}