{"name": "random-40-9.80-34.json", "solution": {"time": 0.003389647, "max_depth": 40, "is_feasible": true}, "AVD": 12.862440836940825}