{"name": "random-40-5.20-2.json", "solution": {"time": 0.003724239, "max_depth": 40, "is_feasible": true}, "AVD": 9.14402649780773}