{"name": "random-40-8.80-42.json", "solution": {"time": 0.001040185, "max_depth": 40, "is_feasible": true}, "AVD": 11.995339646464634}