{"name": "random-40-9.80-33.json", "solution": {"time": 0.001078973, "max_depth": 40, "is_feasible": true}, "AVD": 12.827603039321778}