{"name": "random-40-9.80-5.json", "solution": {"time": 0.001181867, "max_depth": 40, "is_feasible": true}, "AVD": 12.822028769841257}