{"name": "random-40-6.20-8.json", "solution": {"time": 0.003225842, "max_depth": 40, "is_feasible": true}, "AVD": 9.88743934884558}