{"name": "random-40-10.80-9.json", "solution": {"time": 0.001419632, "max_depth": 40, "is_feasible": true}, "AVD": 13.591205853174591}