{"name": "random-40-10.60-41.json", "solution": {"time": 0.000917727, "max_depth": 40, "is_feasible": true}, "AVD": 13.454295138888881}