{"name": "random-40-9.80-46.json", "solution": {"time": 0.001191603, "max_depth": 40, "is_feasible": true}, "AVD": 12.810639880952374}