{"name": "random-40-2.80-49.json", "solution": {"time": 0.002255619, "max_depth": 0, "is_feasible": false}, "AVD": 6.97893031274279}