{"name": "random-40-8.00-5.json", "solution": {"time": 0.001264545, "max_depth": 40, "is_feasible": true}, "AVD": 11.401063356782094}