{"name": "random-40-4.60-7.json", "solution": {"time": 0.004826179, "max_depth": 6, "is_feasible": false}, "AVD": 8.661850694444425}