{"name": "random-40-3.20-39.json", "solution": {"time": 0.003472481, "max_depth": 3, "is_feasible": false}, "AVD": 7.369141549422783}