{"name": "random-40-8.40-23.json", "solution": {"time": 0.002101096, "max_depth": 40, "is_feasible": true}, "AVD": 11.63532688492062}