{"name": "random-40-10.20-0.json", "solution": {"time": 0.001732352, "max_depth": 40, "is_feasible": true}, "AVD": 13.161600694444436}