{"name": "random-40-10.00-45.json", "solution": {"time": 0.001046543, "max_depth": 40, "is_feasible": true}, "AVD": 13.070082837301578}