{"name": "random-40-5.20-20.json", "solution": {"time": 0.003432676, "max_depth": 3, "is_feasible": false}, "AVD": 9.083833062770545}