{"name": "random-40-5.80-35.json", "solution": {"time": 0.007599869, "max_depth": 40, "is_feasible": true}, "AVD": 9.623849431818163}