{"name": "random-40-4.20-31.json", "solution": {"time": 0.002915731, "max_depth": 3, "is_feasible": false}, "AVD": 8.281546852453081}