{"name": "random-40-7.60-7.json", "solution": {"time": 0.00167592, "max_depth": 40, "is_feasible": true}, "AVD": 11.107106150793637}