{"name": "random-40-4.80-1.json", "solution": {"time": 0.003278364, "max_depth": 4, "is_feasible": false}, "AVD": 8.754757034632014}