{"name": "random-40-5.00-27.json", "solution": {"time": 0.005919885, "max_depth": 5, "is_feasible": false}, "AVD": 8.952028860028838}