{"name": "random-40-8.60-13.json", "solution": {"time": 0.001548296, "max_depth": 40, "is_feasible": true}, "AVD": 11.913866567460312}