{"name": "random-40-6.60-11.json", "solution": {"time": 0.002767536, "max_depth": 40, "is_feasible": true}, "AVD": 10.263291170634904}