{"name": "random-40-6.60-44.json", "solution": {"time": 0.001893519, "max_depth": 40, "is_feasible": true}, "AVD": 10.291315972222206}