{"name": "random-40-2.20-43.json", "solution": {"time": 0.002687375, "max_depth": 0, "is_feasible": false}, "AVD": 6.433143696581176}