{"name": "random-40-10.00-6.json", "solution": {"time": 0.001294957, "max_depth": 40, "is_feasible": true}, "AVD": 13.006691468253962}