{"name": "random-40-8.80-40.json", "solution": {"time": 0.004897412, "max_depth": 40, "is_feasible": true}, "AVD": 12.054865079365069}