{"name": "random-40-9.40-22.json", "solution": {"time": 0.00137125, "max_depth": 40, "is_feasible": true}, "AVD": 12.48196874999999}