{"name": "random-40-10.60-43.json", "solution": {"time": 0.000991777, "max_depth": 40, "is_feasible": true}, "AVD": 13.547094246031739}