{"name": "random-40-9.80-24.json", "solution": {"time": 0.001026364, "max_depth": 40, "is_feasible": true}, "AVD": 12.795000496031735}