{"name": "random-40-2.20-37.json", "solution": {"time": 0.003275024, "max_depth": 0, "is_feasible": false}, "AVD": 6.371800137362619}