{"name": "random-40-6.20-39.json", "solution": {"time": 0.003579861, "max_depth": 40, "is_feasible": true}, "AVD": 9.949588293650773}