{"name": "random-40-11.40-45.json", "solution": {"time": 0.001183747, "max_depth": 40, "is_feasible": true}, "AVD": 14.160650297619037}