{"name": "random-40-3.20-44.json", "solution": {"time": 0.003877238, "max_depth": 2, "is_feasible": false}, "AVD": 7.382749053030277}