{"name": "random-40-11.20-13.json", "solution": {"time": 0.001353789, "max_depth": 40, "is_feasible": true}, "AVD": 13.982190476190468}