{"name": "random-40-2.80-2.json", "solution": {"time": 0.003570291, "max_depth": 4, "is_feasible": false}, "AVD": 7.002093219280698}