{"name": "random-40-7.00-2.json", "solution": {"time": 0.001349129, "max_depth": 40, "is_feasible": true}, "AVD": 10.629608495670983}