{"name": "random-40-5.40-39.json", "solution": {"time": 0.003723321, "max_depth": 8, "is_feasible": false}, "AVD": 9.265890737734468}