{"name": "random-40-9.60-40.json", "solution": {"time": 0.001240874, "max_depth": 40, "is_feasible": true}, "AVD": 12.73354117063491}