{"name": "random-40-7.20-46.json", "solution": {"time": 0.001338923, "max_depth": 40, "is_feasible": true}, "AVD": 10.76401587301586}