{"name": "random-40-10.80-11.json", "solution": {"time": 0.001322022, "max_depth": 40, "is_feasible": true}, "AVD": 13.645526785714276}