{"name": "random-40-7.40-30.json", "solution": {"time": 0.006494689, "max_depth": 40, "is_feasible": true}, "AVD": 10.945688988095224}