{"name": "random-40-10.80-42.json", "solution": {"time": 0.001723158, "max_depth": 40, "is_feasible": true}, "AVD": 13.606377480158718}