{"name": "random-40-9.80-37.json", "solution": {"time": 0.003085418, "max_depth": 40, "is_feasible": true}, "AVD": 12.892843253968241}