{"name": "random-40-8.20-29.json", "solution": {"time": 0.001845776, "max_depth": 40, "is_feasible": true}, "AVD": 11.548689980158715}