{"name": "random-40-5.40-11.json", "solution": {"time": 0.001442967, "max_depth": 40, "is_feasible": true}, "AVD": 9.252651723276703}