{"name": "random-40-7.20-2.json", "solution": {"time": 0.001660172, "max_depth": 40, "is_feasible": true}, "AVD": 10.781692685786421}