{"name": "random-40-10.00-39.json", "solution": {"time": 0.002432694, "max_depth": 40, "is_feasible": true}, "AVD": 12.98006994047618}