{"name": "random-40-8.60-21.json", "solution": {"time": 0.001420432, "max_depth": 40, "is_feasible": true}, "AVD": 11.792351190476179}