{"name": "random-40-5.80-4.json", "solution": {"time": 0.001598559, "max_depth": 40, "is_feasible": true}, "AVD": 9.614673611111092}