{"name": "random-40-10.00-32.json", "solution": {"time": 0.001054449, "max_depth": 40, "is_feasible": true}, "AVD": 13.007301587301578}