{"name": "random-40-9.20-32.json", "solution": {"time": 0.001275128, "max_depth": 40, "is_feasible": true}, "AVD": 12.362324404761896}