{"name": "random-40-10.60-34.json", "solution": {"time": 0.001200277, "max_depth": 40, "is_feasible": true}, "AVD": 13.471441332972569}