{"name": "random-40-10.60-18.json", "solution": {"time": 0.001168122, "max_depth": 40, "is_feasible": true}, "AVD": 13.469995535714276}