{"name": "random-40-2.80-7.json", "solution": {"time": 0.003756187, "max_depth": 0, "is_feasible": false}, "AVD": 7.005389142107864}