{"name": "random-40-2.60-9.json", "solution": {"time": 0.002904627, "max_depth": 0, "is_feasible": false}, "AVD": 6.751141441891417}