{"name": "random-40-4.20-10.json", "solution": {"time": 0.004329945, "max_depth": 3, "is_feasible": false}, "AVD": 8.285209984459962}