{"name": "random-40-6.40-31.json", "solution": {"time": 0.002985041, "max_depth": 40, "is_feasible": true}, "AVD": 10.124814484126968}