{"name": "random-40-4.00-17.json", "solution": {"time": 0.004501202, "max_depth": 2, "is_feasible": false}, "AVD": 8.069554518398244}