{"name": "random-40-9.20-0.json", "solution": {"time": 0.001514694, "max_depth": 40, "is_feasible": true}, "AVD": 12.360412698412683}