{"name": "random-40-7.60-9.json", "solution": {"time": 0.001552751, "max_depth": 40, "is_feasible": true}, "AVD": 11.058095102813837}