{"name": "random-40-6.80-17.json", "solution": {"time": 0.001624109, "max_depth": 40, "is_feasible": true}, "AVD": 10.4031119678932}