{"name": "random-40-3.20-31.json", "solution": {"time": 0.00348644, "max_depth": 2, "is_feasible": false}, "AVD": 7.396704139610366}