{"name": "random-40-5.60-47.json", "solution": {"time": 0.006262647, "max_depth": 40, "is_feasible": true}, "AVD": 9.41658701368075}