{"name": "random-40-8.40-37.json", "solution": {"time": 0.001771165, "max_depth": 40, "is_feasible": true}, "AVD": 11.765017857142846}