{"name": "random-40-10.00-38.json", "solution": {"time": 0.002423451, "max_depth": 40, "is_feasible": true}, "AVD": 13.059466765873006}