{"name": "random-40-5.40-37.json", "solution": {"time": 0.002331588, "max_depth": 40, "is_feasible": true}, "AVD": 9.254257801226533}