{"name": "random-40-2.00-26.json", "solution": {"time": 0.002719133, "max_depth": 0, "is_feasible": false}, "AVD": 6.1762797376234655}