{"name": "random-40-2.60-42.json", "solution": {"time": 0.002636586, "max_depth": 3, "is_feasible": false}, "AVD": 6.803391098484829}