{"name": "random-40-5.00-37.json", "solution": {"time": 0.003091006, "max_depth": 40, "is_feasible": true}, "AVD": 8.918732999639229}