{"name": "random-40-3.40-11.json", "solution": {"time": 0.01137331, "max_depth": 4, "is_feasible": false}, "AVD": 7.462288808413788}