{"name": "random-40-4.40-19.json", "solution": {"time": 0.003148136, "max_depth": 4, "is_feasible": false}, "AVD": 8.404165990259722}