{"name": "random-40-11.20-45.json", "solution": {"time": 0.001693372, "max_depth": 40, "is_feasible": true}, "AVD": 14.023922619047607}