{"name": "random-40-3.20-25.json", "solution": {"time": 0.002759111, "max_depth": 2, "is_feasible": false}, "AVD": 7.405683982683962}