{"name": "random-40-9.80-31.json", "solution": {"time": 0.00112047, "max_depth": 40, "is_feasible": true}, "AVD": 12.884687996031735}