{"name": "random-40-4.60-34.json", "solution": {"time": 0.003422602, "max_depth": 10, "is_feasible": false}, "AVD": 8.577863185425665}