{"name": "random-40-11.60-24.json", "solution": {"time": 0.001238914, "max_depth": 40, "is_feasible": true}, "AVD": 14.265977182539672}