{"name": "random-40-6.80-37.json", "solution": {"time": 0.001243758, "max_depth": 40, "is_feasible": true}, "AVD": 10.49643799603173}