{"name": "random-40-8.60-29.json", "solution": {"time": 0.001700532, "max_depth": 40, "is_feasible": true}, "AVD": 11.844801091269826}