{"name": "random-40-8.20-31.json", "solution": {"time": 0.001513093, "max_depth": 40, "is_feasible": true}, "AVD": 11.61157291666665}