{"name": "random-40-10.60-47.json", "solution": {"time": 0.000939482, "max_depth": 40, "is_feasible": true}, "AVD": 13.473208829365072}