{"name": "random-40-10.60-39.json", "solution": {"time": 0.000958682, "max_depth": 40, "is_feasible": true}, "AVD": 13.471053075396814}