{"name": "random-40-11.40-10.json", "solution": {"time": 0.001737405, "max_depth": 40, "is_feasible": true}, "AVD": 14.16433134920634}