{"name": "random-40-3.00-42.json", "solution": {"time": 0.003159424, "max_depth": 4, "is_feasible": false}, "AVD": 7.183421880203106}