{"name": "random-40-10.40-22.json", "solution": {"time": 0.004676585, "max_depth": 40, "is_feasible": true}, "AVD": 13.294830357142848}