{"name": "random-40-11.80-34.json", "solution": {"time": 0.001362101, "max_depth": 40, "is_feasible": true}, "AVD": 14.486962301587289}