{"name": "random-40-6.80-16.json", "solution": {"time": 0.001512158, "max_depth": 40, "is_feasible": true}, "AVD": 10.429935019841256}