{"name": "random-40-5.40-25.json", "solution": {"time": 0.009964214, "max_depth": 7, "is_feasible": false}, "AVD": 9.289827741702721}