{"name": "random-40-8.20-49.json", "solution": {"time": 0.001304474, "max_depth": 40, "is_feasible": true}, "AVD": 11.519688988095222}