{"name": "random-40-2.40-19.json", "solution": {"time": 0.002780995, "max_depth": 3, "is_feasible": false}, "AVD": 6.553653301559533}