{"name": "random-40-9.20-25.json", "solution": {"time": 0.001306246, "max_depth": 40, "is_feasible": true}, "AVD": 12.336923115079353}