{"name": "random-40-3.60-12.json", "solution": {"time": 0.003081602, "max_depth": 2, "is_feasible": false}, "AVD": 7.767195446914175}