{"name": "random-40-9.20-16.json", "solution": {"time": 0.001160241, "max_depth": 40, "is_feasible": true}, "AVD": 12.411622023809517}