{"name": "random-40-6.00-45.json", "solution": {"time": 0.001919385, "max_depth": 40, "is_feasible": true}, "AVD": 9.786649531024512}