{"name": "random-40-8.00-0.json", "solution": {"time": 0.002799303, "max_depth": 40, "is_feasible": true}, "AVD": 11.367891369047603}