{"name": "random-40-5.20-10.json", "solution": {"time": 0.004821025, "max_depth": 7, "is_feasible": false}, "AVD": 9.125175668081898}