{"name": "random-40-2.80-47.json", "solution": {"time": 0.002444008, "max_depth": 0, "is_feasible": false}, "AVD": 6.999330475080458}