{"name": "random-40-7.00-27.json", "solution": {"time": 0.001202933, "max_depth": 40, "is_feasible": true}, "AVD": 10.611791170634906}