{"name": "random-40-9.40-38.json", "solution": {"time": 0.001843867, "max_depth": 40, "is_feasible": true}, "AVD": 12.55339335317459}