{"name": "random-40-2.00-41.json", "solution": {"time": 0.002732769, "max_depth": 2, "is_feasible": false}, "AVD": 6.163071584665313}