{"name": "random-40-2.20-4.json", "solution": {"time": 0.006136765, "max_depth": 2, "is_feasible": false}, "AVD": 6.354705142080122}