{"name": "random-40-11.80-17.json", "solution": {"time": 0.002153218, "max_depth": 40, "is_feasible": true}, "AVD": 14.415008928571421}