{"name": "random-40-5.60-14.json", "solution": {"time": 0.007441598, "max_depth": 40, "is_feasible": true}, "AVD": 9.443129041097773}