{"name": "random-40-8.60-35.json", "solution": {"time": 0.001517075, "max_depth": 40, "is_feasible": true}, "AVD": 11.93526140873015}