{"name": "random-40-5.60-41.json", "solution": {"time": 0.001498075, "max_depth": 40, "is_feasible": true}, "AVD": 9.403577967171698}