{"name": "random-40-4.00-2.json", "solution": {"time": 0.003037777, "max_depth": 4, "is_feasible": false}, "AVD": 8.103516532079013}