{"name": "random-40-10.80-47.json", "solution": {"time": 0.001740087, "max_depth": 40, "is_feasible": true}, "AVD": 13.65402777777777}