{"name": "random-40-4.20-2.json", "solution": {"time": 0.003778708, "max_depth": 4, "is_feasible": false}, "AVD": 8.282481657231637}