{"name": "random-40-6.80-36.json", "solution": {"time": 0.001439168, "max_depth": 40, "is_feasible": true}, "AVD": 10.45942410714284}