{"name": "random-40-5.00-7.json", "solution": {"time": 0.006066204, "max_depth": 9, "is_feasible": false}, "AVD": 8.983424107142843}