{"name": "random-40-7.20-36.json", "solution": {"time": 0.001331753, "max_depth": 40, "is_feasible": true}, "AVD": 10.761758432539667}