{"name": "random-40-10.20-41.json", "solution": {"time": 0.001019865, "max_depth": 40, "is_feasible": true}, "AVD": 13.108967757936501}