{"name": "random-40-7.00-39.json", "solution": {"time": 0.001306744, "max_depth": 40, "is_feasible": true}, "AVD": 10.571523313492046}