{"name": "random-40-5.20-23.json", "solution": {"time": 0.003314133, "max_depth": 3, "is_feasible": false}, "AVD": 9.127903995310229}