{"name": "random-40-5.00-44.json", "solution": {"time": 0.006609064, "max_depth": 4, "is_feasible": false}, "AVD": 8.972506673881652}