{"name": "random-40-2.40-43.json", "solution": {"time": 0.004199346, "max_depth": 2, "is_feasible": false}, "AVD": 6.632974324286802}