{"name": "random-40-5.80-45.json", "solution": {"time": 0.001813388, "max_depth": 40, "is_feasible": true}, "AVD": 9.634872249278478}