{"name": "random-40-6.00-9.json", "solution": {"time": 0.001396359, "max_depth": 40, "is_feasible": true}, "AVD": 9.75689605880229}