{"name": "random-40-10.20-7.json", "solution": {"time": 0.002033638, "max_depth": 40, "is_feasible": true}, "AVD": 13.174087797619038}