{"name": "random-40-7.40-36.json", "solution": {"time": 0.001555707, "max_depth": 40, "is_feasible": true}, "AVD": 10.914918650793634}