{"name": "random-40-9.60-9.json", "solution": {"time": 0.001904762, "max_depth": 40, "is_feasible": true}, "AVD": 12.649568452380942}