{"name": "random-40-8.00-49.json", "solution": {"time": 0.001371269, "max_depth": 40, "is_feasible": true}, "AVD": 11.352760416666651}