{"name": "random-40-7.60-31.json", "solution": {"time": 0.001901539, "max_depth": 40, "is_feasible": true}, "AVD": 11.101513392857125}