{"name": "random-40-2.40-23.json", "solution": {"time": 0.002797542, "max_depth": 2, "is_feasible": false}, "AVD": 6.653164287101769}