{"name": "random-40-10.00-17.json", "solution": {"time": 0.001365142, "max_depth": 40, "is_feasible": true}, "AVD": 13.015009424603159}