{"name": "random-40-8.00-7.json", "solution": {"time": 0.001255001, "max_depth": 40, "is_feasible": true}, "AVD": 11.421378472222209}