{"name": "random-40-9.80-21.json", "solution": {"time": 0.001671373, "max_depth": 40, "is_feasible": true}, "AVD": 12.827845238095227}