{"name": "random-40-9.00-25.json", "solution": {"time": 0.00153437, "max_depth": 40, "is_feasible": true}, "AVD": 12.148538690476176}