{"name": "random-40-11.80-45.json", "solution": {"time": 0.001023961, "max_depth": 40, "is_feasible": true}, "AVD": 14.501991567460305}