{"name": "random-40-3.80-27.json", "solution": {"time": 0.006207231, "max_depth": 2, "is_feasible": false}, "AVD": 7.899739898989874}