{"name": "random-40-8.00-23.json", "solution": {"time": 0.001358803, "max_depth": 40, "is_feasible": true}, "AVD": 11.334477182539668}