{"name": "random-40-7.20-33.json", "solution": {"time": 0.001321627, "max_depth": 40, "is_feasible": true}, "AVD": 10.692855654761885}