{"name": "random-40-5.40-13.json", "solution": {"time": 0.008794057, "max_depth": 40, "is_feasible": true}, "AVD": 9.307685741341976}