{"name": "random-40-11.00-12.json", "solution": {"time": 0.001406427, "max_depth": 40, "is_feasible": true}, "AVD": 13.860715773809517}