{"name": "random-40-6.60-47.json", "solution": {"time": 0.002187325, "max_depth": 40, "is_feasible": true}, "AVD": 10.273380321067808}