{"name": "random-40-9.80-47.json", "solution": {"time": 0.001235327, "max_depth": 40, "is_feasible": true}, "AVD": 12.821906746031738}