{"name": "random-40-9.00-45.json", "solution": {"time": 0.001587245, "max_depth": 40, "is_feasible": true}, "AVD": 12.26391220238094}