{"name": "random-40-4.00-45.json", "solution": {"time": 0.003691624, "max_depth": 3, "is_feasible": false}, "AVD": 8.07610312950936}