{"name": "random-40-7.60-46.json", "solution": {"time": 0.001602512, "max_depth": 40, "is_feasible": true}, "AVD": 11.089514384920623}