{"name": "random-40-4.60-9.json", "solution": {"time": 0.003361502, "max_depth": 4, "is_feasible": false}, "AVD": 8.587357576451307}