{"name": "random-40-2.60-43.json", "solution": {"time": 0.002442359, "max_depth": 2, "is_feasible": false}, "AVD": 6.82938330766454}