{"name": "random-40-4.20-21.json", "solution": {"time": 0.002834507, "max_depth": 2, "is_feasible": false}, "AVD": 8.216708406177137}