{"name": "random-40-9.40-19.json", "solution": {"time": 0.001923159, "max_depth": 40, "is_feasible": true}, "AVD": 12.513391729797965}