{"name": "random-40-4.00-40.json", "solution": {"time": 0.003358514, "max_depth": 2, "is_feasible": false}, "AVD": 8.030017524142504}