{"name": "random-40-4.80-27.json", "solution": {"time": 0.00451984, "max_depth": 5, "is_feasible": false}, "AVD": 8.774829951298681}