{"name": "random-40-9.20-8.json", "solution": {"time": 0.002181431, "max_depth": 40, "is_feasible": true}, "AVD": 12.2875238095238}