{"name": "random-40-8.00-21.json", "solution": {"time": 0.000973982, "max_depth": 40, "is_feasible": true}, "AVD": 11.346803436147173}