{"name": "random-40-9.40-20.json", "solution": {"time": 0.00157591, "max_depth": 40, "is_feasible": true}, "AVD": 12.488497023809515}