{"name": "random-40-8.20-28.json", "solution": {"time": 0.001402236, "max_depth": 40, "is_feasible": true}, "AVD": 11.587107142857132}