{"name": "random-40-10.20-9.json", "solution": {"time": 0.00142143, "max_depth": 40, "is_feasible": true}, "AVD": 13.104940972222213}