{"name": "random-40-5.40-8.json", "solution": {"time": 0.003840986, "max_depth": 10, "is_feasible": false}, "AVD": 9.22987337662336}