{"name": "random-40-3.80-16.json", "solution": {"time": 0.003523926, "max_depth": 6, "is_feasible": false}, "AVD": 7.909520292207771}