{"name": "random-40-9.60-35.json", "solution": {"time": 0.003283119, "max_depth": 40, "is_feasible": true}, "AVD": 12.720179563492056}