{"name": "random-40-6.20-19.json", "solution": {"time": 0.002130686, "max_depth": 40, "is_feasible": true}, "AVD": 9.891181412337644}