{"name": "random-40-2.80-23.json", "solution": {"time": 0.003050116, "max_depth": 2, "is_feasible": false}, "AVD": 7.062470401126629}