{"name": "random-40-11.80-35.json", "solution": {"time": 0.001153382, "max_depth": 40, "is_feasible": true}, "AVD": 14.42446577380952}