{"name": "random-40-3.80-40.json", "solution": {"time": 0.003251928, "max_depth": 2, "is_feasible": false}, "AVD": 7.872364611083343}