{"name": "random-40-4.60-40.json", "solution": {"time": 0.002859916, "max_depth": 2, "is_feasible": false}, "AVD": 8.56045630411254}