{"name": "random-40-8.80-28.json", "solution": {"time": 0.001717428, "max_depth": 40, "is_feasible": true}, "AVD": 12.053543154761892}