{"name": "random-40-5.60-20.json", "solution": {"time": 0.003457594, "max_depth": 40, "is_feasible": true}, "AVD": 9.440427308802294}