{"name": "random-40-3.40-17.json", "solution": {"time": 0.002969008, "max_depth": 2, "is_feasible": false}, "AVD": 7.538630060911288}