{"name": "random-40-10.00-25.json", "solution": {"time": 0.000899495, "max_depth": 40, "is_feasible": true}, "AVD": 12.979622519841257}