{"name": "random-40-5.60-36.json", "solution": {"time": 0.004572698, "max_depth": 8, "is_feasible": false}, "AVD": 9.485553932178917}