{"name": "random-40-10.40-28.json", "solution": {"time": 0.000979615, "max_depth": 40, "is_feasible": true}, "AVD": 13.308741071428562}