{"name": "random-40-10.40-0.json", "solution": {"time": 0.001483034, "max_depth": 40, "is_feasible": true}, "AVD": 13.325478670634913}