{"name": "random-40-5.00-3.json", "solution": {"time": 0.000993722, "max_depth": 40, "is_feasible": true}, "AVD": 8.939926316738799}