{"name": "random-40-3.00-26.json", "solution": {"time": 0.003343144, "max_depth": 2, "is_feasible": false}, "AVD": 7.151614909396142}