{"name": "random-40-3.00-30.json", "solution": {"time": 0.007198224, "max_depth": 3, "is_feasible": false}, "AVD": 7.177108072483049}