{"name": "random-40-6.00-25.json", "solution": {"time": 0.005555861, "max_depth": 40, "is_feasible": true}, "AVD": 9.751138753607483}