{"name": "random-40-8.40-10.json", "solution": {"time": 0.001171325, "max_depth": 40, "is_feasible": true}, "AVD": 11.709903769841258}