{"name": "random-40-9.60-45.json", "solution": {"time": 0.002285062, "max_depth": 40, "is_feasible": true}, "AVD": 12.742225198412688}