{"name": "random-40-6.00-6.json", "solution": {"time": 0.00284129, "max_depth": 40, "is_feasible": true}, "AVD": 9.766700487012965}