{"name": "random-40-5.00-29.json", "solution": {"time": 0.002425553, "max_depth": 2, "is_feasible": false}, "AVD": 8.91737594696968}