{"name": "random-40-4.60-42.json", "solution": {"time": 0.005820842, "max_depth": 17, "is_feasible": false}, "AVD": 8.595271915584394}