{"name": "random-40-8.40-3.json", "solution": {"time": 0.001649722, "max_depth": 40, "is_feasible": true}, "AVD": 11.805285714285702}