{"name": "random-40-10.60-13.json", "solution": {"time": 0.001315287, "max_depth": 40, "is_feasible": true}, "AVD": 13.522181051587296}