{"name": "random-40-6.60-10.json", "solution": {"time": 0.001977841, "max_depth": 40, "is_feasible": true}, "AVD": 10.27176869658118}