{"name": "random-40-6.60-45.json", "solution": {"time": 0.002336641, "max_depth": 40, "is_feasible": true}, "AVD": 10.2637811147186}