{"name": "random-40-10.20-20.json", "solution": {"time": 0.003031208, "max_depth": 40, "is_feasible": true}, "AVD": 13.111855654761893}