{"name": "random-40-7.40-12.json", "solution": {"time": 0.001147314, "max_depth": 40, "is_feasible": true}, "AVD": 10.916791531385266}