{"name": "random-40-11.40-6.json", "solution": {"time": 0.001105167, "max_depth": 40, "is_feasible": true}, "AVD": 14.104092261904754}