{"name": "random-40-8.20-32.json", "solution": {"time": 0.00142235, "max_depth": 40, "is_feasible": true}, "AVD": 11.538623015873004}