{"name": "random-40-7.20-47.json", "solution": {"time": 0.001435962, "max_depth": 40, "is_feasible": true}, "AVD": 10.798570797258282}