{"name": "random-40-9.00-14.json", "solution": {"time": 0.002210955, "max_depth": 40, "is_feasible": true}, "AVD": 12.160129672410909}