{"name": "random-40-9.80-13.json", "solution": {"time": 0.00181219, "max_depth": 40, "is_feasible": true}, "AVD": 12.86365922619047}