{"name": "random-40-12.00-29.json", "solution": {"time": 0.001286896, "max_depth": 40, "is_feasible": true}, "AVD": 14.512770337301578}