{"name": "random-40-2.00-31.json", "solution": {"time": 0.0030432, "max_depth": 0, "is_feasible": false}, "AVD": 6.199102598790075}