{"name": "random-40-8.40-40.json", "solution": {"time": 0.002448122, "max_depth": 40, "is_feasible": true}, "AVD": 11.719055555555542}