{"name": "random-40-11.40-36.json", "solution": {"time": 0.010661444, "max_depth": 40, "is_feasible": true}, "AVD": 14.157925099206341}