{"name": "random-40-2.60-24.json", "solution": {"time": 0.002518779, "max_depth": 0, "is_feasible": false}, "AVD": 6.8077850933788255}