{"name": "random-40-4.80-26.json", "solution": {"time": 0.004113711, "max_depth": 4, "is_feasible": false}, "AVD": 8.75333342352091}