{"name": "random-40-6.60-42.json", "solution": {"time": 0.001666262, "max_depth": 40, "is_feasible": true}, "AVD": 10.251438221500702}