{"name": "random-40-11.20-38.json", "solution": {"time": 0.003075855, "max_depth": 40, "is_feasible": true}, "AVD": 14.006290178571422}