{"name": "random-40-4.00-23.json", "solution": {"time": 0.002659355, "max_depth": 2, "is_feasible": false}, "AVD": 8.144329229797961}