{"name": "random-40-9.20-10.json", "solution": {"time": 0.001397542, "max_depth": 40, "is_feasible": true}, "AVD": 12.317460317460306}