{"name": "random-40-11.20-29.json", "solution": {"time": 0.001361993, "max_depth": 40, "is_feasible": true}, "AVD": 13.924757936507925}