{"name": "random-40-6.00-20.json", "solution": {"time": 0.001648431, "max_depth": 40, "is_feasible": true}, "AVD": 9.78744268578642}