{"name": "random-40-10.60-6.json", "solution": {"time": 0.003295646, "max_depth": 40, "is_feasible": true}, "AVD": 13.460192956349198}