{"name": "random-40-3.80-24.json", "solution": {"time": 0.004770919, "max_depth": 3, "is_feasible": false}, "AVD": 7.904327453796187}