{"name": "random-40-6.20-11.json", "solution": {"time": 0.001865249, "max_depth": 40, "is_feasible": true}, "AVD": 9.927036075036053}