{"name": "random-40-4.40-12.json", "solution": {"time": 0.002900169, "max_depth": 3, "is_feasible": false}, "AVD": 8.424497745310225}