{"name": "random-40-10.20-24.json", "solution": {"time": 0.001155474, "max_depth": 40, "is_feasible": true}, "AVD": 13.134592757936497}