{"name": "random-40-7.00-25.json", "solution": {"time": 0.001607574, "max_depth": 40, "is_feasible": true}, "AVD": 10.599082205988436}