{"name": "random-40-7.40-26.json", "solution": {"time": 0.001761218, "max_depth": 40, "is_feasible": true}, "AVD": 10.940116567460304}