{"name": "random-40-8.80-18.json", "solution": {"time": 0.003409439, "max_depth": 40, "is_feasible": true}, "AVD": 12.010834821428556}