{"name": "random-40-5.60-48.json", "solution": {"time": 0.007435158, "max_depth": 6, "is_feasible": false}, "AVD": 9.423044462481949}