{"name": "random-40-12.00-39.json", "solution": {"time": 0.001714328, "max_depth": 40, "is_feasible": true}, "AVD": 14.603352678571417}