{"name": "random-40-9.40-29.json", "solution": {"time": 0.002860822, "max_depth": 40, "is_feasible": true}, "AVD": 12.508081845238083}