{"name": "random-40-9.40-23.json", "solution": {"time": 0.001401016, "max_depth": 40, "is_feasible": true}, "AVD": 12.453964285714273}