{"name": "random-40-5.00-39.json", "solution": {"time": 0.00405151, "max_depth": 7, "is_feasible": false}, "AVD": 8.941510777417005}