{"name": "random-40-3.60-9.json", "solution": {"time": 0.002936675, "max_depth": 2, "is_feasible": false}, "AVD": 7.69990244477742}