{"name": "random-40-8.00-19.json", "solution": {"time": 0.001560157, "max_depth": 40, "is_feasible": true}, "AVD": 11.348308396464633}