{"name": "random-40-5.60-31.json", "solution": {"time": 0.005632515, "max_depth": 6, "is_feasible": false}, "AVD": 9.467126488095222}