{"name": "random-40-12.00-45.json", "solution": {"time": 0.001477582, "max_depth": 40, "is_feasible": true}, "AVD": 14.674899305555545}