{"name": "random-40-4.00-26.json", "solution": {"time": 0.008032483, "max_depth": 4, "is_feasible": false}, "AVD": 8.069169958513694}