{"name": "random-40-11.40-30.json", "solution": {"time": 0.001334759, "max_depth": 40, "is_feasible": true}, "AVD": 14.141777281746025}