{"name": "random-40-8.80-10.json", "solution": {"time": 0.001587756, "max_depth": 40, "is_feasible": true}, "AVD": 12.033266865079355}