{"name": "random-40-3.60-34.json", "solution": {"time": 0.004092388, "max_depth": 2, "is_feasible": false}, "AVD": 7.700619796869775}