{"name": "random-40-7.20-4.json", "solution": {"time": 0.001330717, "max_depth": 40, "is_feasible": true}, "AVD": 10.769974702380935}