{"name": "random-40-4.20-26.json", "solution": {"time": 0.004327468, "max_depth": 4, "is_feasible": false}, "AVD": 8.227292478354965}