{"name": "random-40-6.80-22.json", "solution": {"time": 0.001647165, "max_depth": 40, "is_feasible": true}, "AVD": 10.42763690476189}