{"name": "random-40-3.00-12.json", "solution": {"time": 0.002796753, "max_depth": 0, "is_feasible": false}, "AVD": 7.220605720668199}