{"name": "random-40-10.00-14.json", "solution": {"time": 0.001130357, "max_depth": 40, "is_feasible": true}, "AVD": 12.943545995670984}