{"name": "random-40-12.00-5.json", "solution": {"time": 0.000781955, "max_depth": 40, "is_feasible": true}, "AVD": 14.547099702380944}