{"name": "random-40-11.00-23.json", "solution": {"time": 0.001362034, "max_depth": 40, "is_feasible": true}, "AVD": 13.803812003968243}