{"name": "random-40-8.80-44.json", "solution": {"time": 0.001042132, "max_depth": 40, "is_feasible": true}, "AVD": 12.086814980158717}