{"name": "random-40-8.40-34.json", "solution": {"time": 0.001622254, "max_depth": 40, "is_feasible": true}, "AVD": 11.727212662337646}