{"name": "random-40-10.60-29.json", "solution": {"time": 0.002533237, "max_depth": 40, "is_feasible": true}, "AVD": 13.484679067460306}