{"name": "random-40-5.20-9.json", "solution": {"time": 0.001566493, "max_depth": 40, "is_feasible": true}, "AVD": 9.1052075667388}