{"name": "random-40-2.00-36.json", "solution": {"time": 0.002342473, "max_depth": 0, "is_feasible": false}, "AVD": 6.261689008907738}