{"name": "random-40-8.40-13.json", "solution": {"time": 0.002200465, "max_depth": 40, "is_feasible": true}, "AVD": 11.75011061507936}