{"name": "random-40-11.40-32.json", "solution": {"time": 0.00136618, "max_depth": 40, "is_feasible": true}, "AVD": 14.15332886904761}