{"name": "random-40-11.60-44.json", "solution": {"time": 0.000966548, "max_depth": 40, "is_feasible": true}, "AVD": 14.353651289682531}