{"name": "random-40-6.40-10.json", "solution": {"time": 0.001549556, "max_depth": 40, "is_feasible": true}, "AVD": 10.102928418803403}