{"name": "random-40-6.60-49.json", "solution": {"time": 0.002299358, "max_depth": 40, "is_feasible": true}, "AVD": 10.249624503968239}