{"name": "random-40-9.20-1.json", "solution": {"time": 0.001355374, "max_depth": 40, "is_feasible": true}, "AVD": 12.339282242063481}