{"name": "random-40-11.00-9.json", "solution": {"time": 0.00134855, "max_depth": 40, "is_feasible": true}, "AVD": 13.76698115079364}