{"name": "random-40-11.40-31.json", "solution": {"time": 0.001399631, "max_depth": 40, "is_feasible": true}, "AVD": 14.154081349206345}