{"name": "random-40-10.40-47.json", "solution": {"time": 0.001339055, "max_depth": 40, "is_feasible": true}, "AVD": 13.302009424603165}