{"name": "random-40-2.00-47.json", "solution": {"time": 0.003999166, "max_depth": 0, "is_feasible": false}, "AVD": 6.242372625638227}