{"name": "random-40-5.60-19.json", "solution": {"time": 0.006082387, "max_depth": 40, "is_feasible": true}, "AVD": 9.376852904040385}