{"name": "random-40-5.60-9.json", "solution": {"time": 0.00133596, "max_depth": 40, "is_feasible": true}, "AVD": 9.415780348124082}