{"name": "random-40-10.20-1.json", "solution": {"time": 0.001642082, "max_depth": 40, "is_feasible": true}, "AVD": 13.155926587301579}