{"name": "random-40-11.60-3.json", "solution": {"time": 0.003139801, "max_depth": 40, "is_feasible": true}, "AVD": 14.319423611111102}