{"name": "random-40-2.60-36.json", "solution": {"time": 0.00283156, "max_depth": 0, "is_feasible": false}, "AVD": 6.86426049991673}