{"name": "random-40-4.60-8.json", "solution": {"time": 0.003158178, "max_depth": 8, "is_feasible": false}, "AVD": 8.576495608558087}