{"name": "random-40-7.60-42.json", "solution": {"time": 0.001392987, "max_depth": 40, "is_feasible": true}, "AVD": 11.046728400072137}