{"name": "random-40-2.80-20.json", "solution": {"time": 0.006666521, "max_depth": 0, "is_feasible": false}, "AVD": 7.018000117937598}