{"name": "random-40-2.40-36.json", "solution": {"time": 0.0023401, "max_depth": 0, "is_feasible": false}, "AVD": 6.6680671203795985}