{"name": "random-40-3.20-0.json", "solution": {"time": 0.002565354, "max_depth": 0, "is_feasible": false}, "AVD": 7.360640557359285}