{"name": "random-40-11.40-4.json", "solution": {"time": 0.001165962, "max_depth": 40, "is_feasible": true}, "AVD": 14.101855158730151}