{"name": "random-40-2.40-8.json", "solution": {"time": 0.003446965, "max_depth": 0, "is_feasible": false}, "AVD": 6.563365287490266}