{"name": "random-40-10.20-19.json", "solution": {"time": 0.001739378, "max_depth": 40, "is_feasible": true}, "AVD": 13.193999864718602}