{"name": "random-40-8.80-45.json", "solution": {"time": 0.001127905, "max_depth": 40, "is_feasible": true}, "AVD": 12.096820932539668}