{"name": "random-40-11.20-48.json", "solution": {"time": 0.001648748, "max_depth": 40, "is_feasible": true}, "AVD": 13.934601190476178}