{"name": "random-40-5.20-38.json", "solution": {"time": 0.002114757, "max_depth": 40, "is_feasible": true}, "AVD": 9.099683216089446}