{"name": "random-40-10.40-35.json", "solution": {"time": 0.001038694, "max_depth": 40, "is_feasible": true}, "AVD": 13.353015376984121}