{"name": "random-40-11.40-2.json", "solution": {"time": 0.000776551, "max_depth": 40, "is_feasible": true}, "AVD": 14.079443452380946}