{"name": "random-40-10.60-40.json", "solution": {"time": 0.000905408, "max_depth": 40, "is_feasible": true}, "AVD": 13.53680357142856}