{"name": "random-40-11.20-4.json", "solution": {"time": 0.001364685, "max_depth": 40, "is_feasible": true}, "AVD": 13.960795634920629}