{"name": "random-40-2.40-13.json", "solution": {"time": 0.003083452, "max_depth": 3, "is_feasible": false}, "AVD": 6.652294760794741}