{"name": "random-40-9.60-41.json", "solution": {"time": 0.001206645, "max_depth": 40, "is_feasible": true}, "AVD": 12.658699900793643}