{"name": "random-40-9.80-38.json", "solution": {"time": 0.001983331, "max_depth": 40, "is_feasible": true}, "AVD": 12.891399305555543}