{"name": "random-40-12.00-31.json", "solution": {"time": 0.001465605, "max_depth": 40, "is_feasible": true}, "AVD": 14.615758432539678}