{"name": "random-40-6.40-41.json", "solution": {"time": 0.00250066, "max_depth": 40, "is_feasible": true}, "AVD": 10.050202471139956}