{"name": "random-40-4.80-10.json", "solution": {"time": 0.003010441, "max_depth": 3, "is_feasible": false}, "AVD": 8.775233568514798}