{"name": "random-40-7.80-45.json", "solution": {"time": 0.001202747, "max_depth": 40, "is_feasible": true}, "AVD": 11.233300955988438}