{"name": "random-40-6.40-13.json", "solution": {"time": 0.002338464, "max_depth": 40, "is_feasible": true}, "AVD": 10.134313852813836}