{"name": "random-40-10.40-42.json", "solution": {"time": 0.001148154, "max_depth": 40, "is_feasible": true}, "AVD": 13.263429563492053}