{"name": "random-40-5.60-4.json", "solution": {"time": 0.001099279, "max_depth": 40, "is_feasible": true}, "AVD": 9.441969246031727}