{"name": "random-40-6.80-44.json", "solution": {"time": 0.002076142, "max_depth": 40, "is_feasible": true}, "AVD": 10.441852678571411}