{"name": "random-40-3.40-19.json", "solution": {"time": 0.003093061, "max_depth": 3, "is_feasible": false}, "AVD": 7.51824042277165}