{"name": "random-40-9.80-41.json", "solution": {"time": 0.001148442, "max_depth": 40, "is_feasible": true}, "AVD": 12.81403621031745}