{"name": "random-40-8.00-9.json", "solution": {"time": 0.001272607, "max_depth": 40, "is_feasible": true}, "AVD": 11.373404626623364}