{"name": "random-40-7.40-39.json", "solution": {"time": 0.00137101, "max_depth": 40, "is_feasible": true}, "AVD": 10.899157242063476}