{"name": "random-40-11.00-10.json", "solution": {"time": 0.001387504, "max_depth": 40, "is_feasible": true}, "AVD": 13.800273313492053}