{"name": "random-40-4.00-1.json", "solution": {"time": 0.003047324, "max_depth": 2, "is_feasible": false}, "AVD": 8.073071022727255}