{"name": "random-40-11.00-14.json", "solution": {"time": 0.000971581, "max_depth": 40, "is_feasible": true}, "AVD": 13.735785579004318}