{"name": "random-40-9.00-24.json", "solution": {"time": 0.001811044, "max_depth": 40, "is_feasible": true}, "AVD": 12.159886904761894}