{"name": "random-40-9.60-25.json", "solution": {"time": 0.00142304, "max_depth": 40, "is_feasible": true}, "AVD": 12.655161210317448}