{"name": "random-40-3.40-13.json", "solution": {"time": 0.005476557, "max_depth": 5, "is_feasible": false}, "AVD": 7.596892163392141}