{"name": "random-40-8.40-7.json", "solution": {"time": 0.001842243, "max_depth": 40, "is_feasible": true}, "AVD": 11.730098710317453}