{"name": "random-40-10.40-20.json", "solution": {"time": 0.000988967, "max_depth": 40, "is_feasible": true}, "AVD": 13.281590773809517}