{"name": "random-40-4.80-12.json", "solution": {"time": 0.004735378, "max_depth": 6, "is_feasible": false}, "AVD": 8.768706574675303}