{"name": "random-40-6.60-13.json", "solution": {"time": 0.001485187, "max_depth": 40, "is_feasible": true}, "AVD": 10.31932228535352}