{"name": "random-40-2.00-44.json", "solution": {"time": 0.002942858, "max_depth": 2, "is_feasible": false}, "AVD": 6.17268501290374}