{"name": "random-40-11.20-28.json", "solution": {"time": 0.001660411, "max_depth": 40, "is_feasible": true}, "AVD": 13.929110119047612}