{"name": "random-40-6.60-1.json", "solution": {"time": 0.001674517, "max_depth": 40, "is_feasible": true}, "AVD": 10.21373101551225}