{"name": "random-40-2.20-11.json", "solution": {"time": 0.002928753, "max_depth": 0, "is_feasible": false}, "AVD": 6.338525894244622}