{"name": "random-40-6.00-37.json", "solution": {"time": 0.001331562, "max_depth": 40, "is_feasible": true}, "AVD": 9.773916531385263}