{"name": "random-40-10.40-43.json", "solution": {"time": 0.001198206, "max_depth": 40, "is_feasible": true}, "AVD": 13.399750496031738}