{"name": "random-40-7.60-2.json", "solution": {"time": 0.003111903, "max_depth": 40, "is_feasible": true}, "AVD": 11.074405618686855}