{"name": "random-40-5.80-1.json", "solution": {"time": 0.001266737, "max_depth": 40, "is_feasible": true}, "AVD": 9.568997880591612}