{"name": "random-40-2.60-16.json", "solution": {"time": 0.002996547, "max_depth": 2, "is_feasible": false}, "AVD": 6.784882305194785}