{"name": "random-40-5.60-26.json", "solution": {"time": 0.002177158, "max_depth": 40, "is_feasible": true}, "AVD": 9.430197646103885}