{"name": "random-40-5.20-33.json", "solution": {"time": 0.003932364, "max_depth": 8, "is_feasible": false}, "AVD": 9.066381809163037}