{"name": "random-40-11.60-41.json", "solution": {"time": 0.000968453, "max_depth": 40, "is_feasible": true}, "AVD": 14.207771825396819}