{"name": "random-40-7.40-5.json", "solution": {"time": 0.0016789, "max_depth": 40, "is_feasible": true}, "AVD": 10.937151019119753}