{"name": "random-40-4.40-26.json", "solution": {"time": 0.00346219, "max_depth": 4, "is_feasible": false}, "AVD": 8.409451839826826}