{"name": "random-40-6.40-2.json", "solution": {"time": 0.00182986, "max_depth": 40, "is_feasible": true}, "AVD": 10.144523178210665}