{"name": "random-40-4.60-31.json", "solution": {"time": 0.002976913, "max_depth": 3, "is_feasible": false}, "AVD": 8.623394705988435}