{"name": "random-40-10.00-8.json", "solution": {"time": 0.002823406, "max_depth": 40, "is_feasible": true}, "AVD": 12.94899454365078}