{"name": "random-40-7.60-18.json", "solution": {"time": 0.003558068, "max_depth": 40, "is_feasible": true}, "AVD": 11.036088293650772}