{"name": "random-40-4.20-40.json", "solution": {"time": 0.003217345, "max_depth": 2, "is_feasible": false}, "AVD": 8.20402660533909}