{"name": "random-40-3.20-8.json", "solution": {"time": 0.004007087, "max_depth": 2, "is_feasible": false}, "AVD": 7.3471778325840615}