{"name": "random-40-4.40-5.json", "solution": {"time": 0.00390227, "max_depth": 5, "is_feasible": false}, "AVD": 8.418888347763325}