{"name": "random-40-11.40-7.json", "solution": {"time": 0.001148422, "max_depth": 40, "is_feasible": true}, "AVD": 14.116050595238088}