{"name": "random-40-2.20-1.json", "solution": {"time": 0.002730908, "max_depth": 0, "is_feasible": false}, "AVD": 6.430608929265155}