{"name": "random-40-10.40-14.json", "solution": {"time": 0.001461483, "max_depth": 40, "is_feasible": true}, "AVD": 13.256498241341978}