{"name": "random-40-6.20-12.json", "solution": {"time": 0.002749495, "max_depth": 40, "is_feasible": true}, "AVD": 9.915789547258282}