{"name": "random-40-2.80-8.json", "solution": {"time": 0.003202824, "max_depth": 2, "is_feasible": false}, "AVD": 6.968455322455301}