{"name": "random-40-3.20-5.json", "solution": {"time": 0.004153301, "max_depth": 4, "is_feasible": false}, "AVD": 7.358815746753225}