{"name": "random-40-3.60-3.json", "solution": {"time": 0.00454475, "max_depth": 4, "is_feasible": false}, "AVD": 7.667120563464296}