{"name": "random-40-9.80-49.json", "solution": {"time": 0.00113684, "max_depth": 40, "is_feasible": true}, "AVD": 12.817066468253955}