{"name": "random-40-2.80-28.json", "solution": {"time": 0.002867705, "max_depth": 0, "is_feasible": false}, "AVD": 6.974120896464621}