{"name": "random-40-10.80-35.json", "solution": {"time": 0.001192143, "max_depth": 40, "is_feasible": true}, "AVD": 13.664867559523804}