{"name": "random-40-9.00-20.json", "solution": {"time": 0.004015409, "max_depth": 40, "is_feasible": true}, "AVD": 12.18722023809523}