{"name": "random-40-3.80-35.json", "solution": {"time": 0.004474356, "max_depth": 4, "is_feasible": false}, "AVD": 7.959912427849906}