{"name": "random-40-11.60-13.json", "solution": {"time": 0.00212491, "max_depth": 40, "is_feasible": true}, "AVD": 14.281270833333329}