{"name": "random-40-9.60-23.json", "solution": {"time": 0.001469939, "max_depth": 40, "is_feasible": true}, "AVD": 12.605029761904749}