{"name": "random-40-9.60-42.json", "solution": {"time": 0.001193704, "max_depth": 40, "is_feasible": true}, "AVD": 12.616581349206337}