{"name": "random-40-7.60-8.json", "solution": {"time": 0.001711742, "max_depth": 40, "is_feasible": true}, "AVD": 11.012376848845586}