{"name": "random-40-6.80-24.json", "solution": {"time": 0.001400751, "max_depth": 40, "is_feasible": true}, "AVD": 10.375697285353525}