{"name": "random-40-3.20-12.json", "solution": {"time": 0.005824804, "max_depth": 0, "is_feasible": false}, "AVD": 7.399698558386038}