{"name": "random-40-11.80-40.json", "solution": {"time": 0.001764425, "max_depth": 40, "is_feasible": true}, "AVD": 14.520193452380942}