{"name": "random-40-8.80-36.json", "solution": {"time": 0.001353873, "max_depth": 40, "is_feasible": true}, "AVD": 12.111077380952366}