{"name": "random-40-4.20-17.json", "solution": {"time": 0.002874401, "max_depth": 3, "is_feasible": false}, "AVD": 8.270041486291463}