{"name": "random-40-11.00-4.json", "solution": {"time": 0.001277937, "max_depth": 40, "is_feasible": true}, "AVD": 13.770316468253958}