{"name": "random-40-4.60-28.json", "solution": {"time": 0.008230875, "max_depth": 13, "is_feasible": false}, "AVD": 8.628114808802286}