{"name": "random-40-4.20-15.json", "solution": {"time": 0.003302796, "max_depth": 4, "is_feasible": false}, "AVD": 8.281981331168808}