{"name": "random-40-5.80-18.json", "solution": {"time": 0.004307636, "max_depth": 3, "is_feasible": false}, "AVD": 9.600561372655102}