{"name": "random-40-7.80-41.json", "solution": {"time": 0.00129318, "max_depth": 40, "is_feasible": true}, "AVD": 11.20368799603173}