{"name": "random-40-6.20-48.json", "solution": {"time": 0.001729624, "max_depth": 40, "is_feasible": true}, "AVD": 9.915286661255397}