{"name": "random-40-5.40-23.json", "solution": {"time": 0.004992343, "max_depth": 6, "is_feasible": false}, "AVD": 9.288751713564196}