{"name": "random-40-9.20-44.json", "solution": {"time": 0.003114945, "max_depth": 40, "is_feasible": true}, "AVD": 12.38607837301586}