{"name": "random-40-8.60-27.json", "solution": {"time": 0.001390111, "max_depth": 40, "is_feasible": true}, "AVD": 11.899142361111098}