{"name": "random-40-12.00-7.json", "solution": {"time": 0.000830536, "max_depth": 40, "is_feasible": true}, "AVD": 14.594261904761897}