{"name": "random-40-2.40-34.json", "solution": {"time": 0.002635855, "max_depth": 2, "is_feasible": false}, "AVD": 6.551789665195889}