{"name": "random-40-8.40-28.json", "solution": {"time": 0.00150493, "max_depth": 40, "is_feasible": true}, "AVD": 11.74899206349205}