{"name": "random-40-5.20-1.json", "solution": {"time": 0.001776675, "max_depth": 40, "is_feasible": true}, "AVD": 9.092454229797958}