{"name": "random-40-5.20-24.json", "solution": {"time": 0.004708093, "max_depth": 8, "is_feasible": false}, "AVD": 9.089808531746018}