{"name": "random-40-7.80-34.json", "solution": {"time": 0.001303087, "max_depth": 40, "is_feasible": true}, "AVD": 11.24965214646463}