{"name": "random-40-7.20-25.json", "solution": {"time": 0.001285106, "max_depth": 40, "is_feasible": true}, "AVD": 10.7592994678932}