{"name": "random-40-8.20-6.json", "solution": {"time": 0.001530337, "max_depth": 40, "is_feasible": true}, "AVD": 11.525283594877331}