{"name": "random-40-9.00-1.json", "solution": {"time": 0.001581621, "max_depth": 40, "is_feasible": true}, "AVD": 12.189274305555543}