{"name": "random-40-4.80-35.json", "solution": {"time": 0.005026964, "max_depth": 40, "is_feasible": true}, "AVD": 8.838345193001421}