{"name": "random-40-11.60-49.json", "solution": {"time": 0.00109929, "max_depth": 40, "is_feasible": true}, "AVD": 14.258391369047606}