{"name": "random-40-4.80-3.json", "solution": {"time": 0.01128172, "max_depth": 40, "is_feasible": true}, "AVD": 8.768466224747456}