{"name": "random-40-12.00-4.json", "solution": {"time": 0.001373363, "max_depth": 40, "is_feasible": true}, "AVD": 14.580574900793644}