{"name": "random-40-4.80-37.json", "solution": {"time": 0.003228233, "max_depth": 40, "is_feasible": true}, "AVD": 8.748184388528117}