{"name": "random-40-5.20-32.json", "solution": {"time": 0.001390981, "max_depth": 40, "is_feasible": true}, "AVD": 9.087776650432883}