{"name": "random-40-11.40-46.json", "solution": {"time": 0.001128429, "max_depth": 40, "is_feasible": true}, "AVD": 14.09945535714285}