{"name": "random-40-3.80-13.json", "solution": {"time": 0.004139444, "max_depth": 5, "is_feasible": false}, "AVD": 7.936462239149717}