{"name": "random-40-6.20-15.json", "solution": {"time": 0.001348039, "max_depth": 40, "is_feasible": true}, "AVD": 9.939345689033171}