{"name": "random-40-7.20-31.json", "solution": {"time": 0.001237159, "max_depth": 40, "is_feasible": true}, "AVD": 10.791084821428555}