{"name": "random-40-3.40-6.json", "solution": {"time": 0.002926607, "max_depth": 2, "is_feasible": false}, "AVD": 7.53555173298921}