{"name": "random-40-10.20-17.json", "solution": {"time": 0.001494183, "max_depth": 40, "is_feasible": true}, "AVD": 13.178033234126968}