{"name": "random-40-3.80-11.json", "solution": {"time": 0.004318224, "max_depth": 6, "is_feasible": false}, "AVD": 7.826665414446644}