{"name": "random-40-8.60-26.json", "solution": {"time": 0.001389575, "max_depth": 40, "is_feasible": true}, "AVD": 11.952690476190464}