{"name": "random-40-11.80-19.json", "solution": {"time": 0.001774269, "max_depth": 40, "is_feasible": true}, "AVD": 14.51366517857142}