{"name": "random-40-5.20-35.json", "solution": {"time": 0.005629602, "max_depth": 40, "is_feasible": true}, "AVD": 9.156967848124077}