{"name": "random-40-6.80-39.json", "solution": {"time": 0.001364654, "max_depth": 40, "is_feasible": true}, "AVD": 10.431195932539666}