{"name": "random-40-6.00-36.json", "solution": {"time": 0.005255308, "max_depth": 8, "is_feasible": false}, "AVD": 9.811050595238077}