{"name": "random-40-10.00-49.json", "solution": {"time": 0.001220233, "max_depth": 40, "is_feasible": true}, "AVD": 12.98722867063491}