{"name": "random-40-11.00-29.json", "solution": {"time": 0.001479531, "max_depth": 40, "is_feasible": true}, "AVD": 13.77570585317459}