{"name": "random-40-8.60-22.json", "solution": {"time": 0.001431823, "max_depth": 40, "is_feasible": true}, "AVD": 11.86898214285713}