{"name": "random-40-5.20-43.json", "solution": {"time": 0.004536144, "max_depth": 40, "is_feasible": true}, "AVD": 9.146937860750338}