{"name": "random-40-6.20-33.json", "solution": {"time": 0.001662812, "max_depth": 40, "is_feasible": true}, "AVD": 9.873123737373714}