{"name": "random-40-7.40-9.json", "solution": {"time": 0.002312559, "max_depth": 40, "is_feasible": true}, "AVD": 10.892285082972567}