{"name": "random-40-6.40-1.json", "solution": {"time": 0.001421566, "max_depth": 40, "is_feasible": true}, "AVD": 10.06142496392495}