{"name": "random-40-11.00-15.json", "solution": {"time": 0.000921246, "max_depth": 40, "is_feasible": true}, "AVD": 13.78839632936507}