{"name": "random-40-2.00-11.json", "solution": {"time": 0.003590707, "max_depth": 0, "is_feasible": false}, "AVD": 6.095097638472616}