{"name": "random-40-5.80-13.json", "solution": {"time": 0.001782888, "max_depth": 40, "is_feasible": true}, "AVD": 9.650592983405467}