{"name": "random-40-6.40-17.json", "solution": {"time": 0.001965433, "max_depth": 40, "is_feasible": true}, "AVD": 10.070659947691174}