{"name": "random-40-4.20-3.json", "solution": {"time": 0.009649693, "max_depth": 8, "is_feasible": false}, "AVD": 8.22027610930734}