{"name": "random-40-6.60-17.json", "solution": {"time": 0.003341384, "max_depth": 40, "is_feasible": true}, "AVD": 10.231548340548319}