{"name": "random-40-10.40-29.json", "solution": {"time": 0.00114904, "max_depth": 40, "is_feasible": true}, "AVD": 13.29096626984126}