{"name": "random-40-9.00-18.json", "solution": {"time": 0.00238398, "max_depth": 40, "is_feasible": true}, "AVD": 12.171479166666652}