{"name": "random-40-3.20-35.json", "solution": {"time": 0.003658404, "max_depth": 2, "is_feasible": false}, "AVD": 7.401631882006866}