{"name": "random-40-2.20-17.json", "solution": {"time": 0.002440304, "max_depth": 0, "is_feasible": false}, "AVD": 6.363718833250066}