{"name": "random-40-6.40-8.json", "solution": {"time": 0.001880183, "max_depth": 40, "is_feasible": true}, "AVD": 10.055506809163044}