{"name": "random-40-3.20-1.json", "solution": {"time": 0.005459064, "max_depth": 0, "is_feasible": false}, "AVD": 7.3822443181818}