{"name": "random-40-4.40-32.json", "solution": {"time": 0.003483154, "max_depth": 5, "is_feasible": false}, "AVD": 8.421750360750341}