{"name": "random-40-6.60-36.json", "solution": {"time": 0.001826459, "max_depth": 40, "is_feasible": true}, "AVD": 10.298169642857127}