{"name": "random-40-11.60-0.json", "solution": {"time": 0.003091387, "max_depth": 40, "is_feasible": true}, "AVD": 14.296117063492057}