{"name": "random-40-6.20-4.json", "solution": {"time": 0.002191207, "max_depth": 40, "is_feasible": true}, "AVD": 9.944564980158713}