{"name": "random-40-11.00-49.json", "solution": {"time": 0.001462857, "max_depth": 40, "is_feasible": true}, "AVD": 13.774688988095226}