{"name": "random-40-7.80-24.json", "solution": {"time": 0.001727061, "max_depth": 40, "is_feasible": true}, "AVD": 11.194678571428557}