{"name": "random-40-5.80-37.json", "solution": {"time": 0.003404532, "max_depth": 40, "is_feasible": true}, "AVD": 9.613800955988438}