{"name": "random-40-3.20-26.json", "solution": {"time": 0.008184198, "max_depth": 2, "is_feasible": false}, "AVD": 7.3305825944888285}