{"name": "random-40-11.40-17.json", "solution": {"time": 0.002195949, "max_depth": 40, "is_feasible": true}, "AVD": 14.08072470238094}