{"name": "random-40-7.60-6.json", "solution": {"time": 0.001685411, "max_depth": 40, "is_feasible": true}, "AVD": 11.063933757214993}