{"name": "random-40-6.20-38.json", "solution": {"time": 0.005476901, "max_depth": 40, "is_feasible": true}, "AVD": 9.934544237012966}