{"name": "random-40-10.40-17.json", "solution": {"time": 0.001621845, "max_depth": 40, "is_feasible": true}, "AVD": 13.318279265873002}