{"name": "random-40-2.60-26.json", "solution": {"time": 0.002547049, "max_depth": 0, "is_feasible": false}, "AVD": 6.767491921273151}