{"name": "random-40-6.40-22.json", "solution": {"time": 0.002048209, "max_depth": 40, "is_feasible": true}, "AVD": 10.10311458333332}