{"name": "random-40-5.00-48.json", "solution": {"time": 0.003665178, "max_depth": 5, "is_feasible": false}, "AVD": 8.912247818154054}