{"name": "random-40-8.00-46.json", "solution": {"time": 0.001465235, "max_depth": 40, "is_feasible": true}, "AVD": 11.419873511904749}