{"name": "random-40-9.20-41.json", "solution": {"time": 0.003060824, "max_depth": 40, "is_feasible": true}, "AVD": 12.340177083333321}