{"name": "random-40-5.80-30.json", "solution": {"time": 0.002493479, "max_depth": 40, "is_feasible": true}, "AVD": 9.610201253607482}