{"name": "random-40-5.20-49.json", "solution": {"time": 0.006587955, "max_depth": 3, "is_feasible": false}, "AVD": 9.096810110028839}