{"name": "random-40-3.20-33.json", "solution": {"time": 0.003596178, "max_depth": 2, "is_feasible": false}, "AVD": 7.331168678543653}