{"name": "random-40-7.00-37.json", "solution": {"time": 0.001082212, "max_depth": 40, "is_feasible": true}, "AVD": 10.65842460317459}