{"name": "random-40-3.20-10.json", "solution": {"time": 0.003629466, "max_depth": 0, "is_feasible": false}, "AVD": 7.390577634171362}