{"name": "random-40-9.20-24.json", "solution": {"time": 0.001336274, "max_depth": 40, "is_feasible": true}, "AVD": 12.310159226190464}