{"name": "random-40-12.00-13.json", "solution": {"time": 0.001070921, "max_depth": 40, "is_feasible": true}, "AVD": 14.597190476190471}