{"name": "random-40-4.00-38.json", "solution": {"time": 0.004518404, "max_depth": 4, "is_feasible": false}, "AVD": 8.083284045815276}