{"name": "random-40-11.20-16.json", "solution": {"time": 0.003306656, "max_depth": 40, "is_feasible": true}, "AVD": 13.968523809523802}