{"name": "random-40-7.80-48.json", "solution": {"time": 0.001344217, "max_depth": 40, "is_feasible": true}, "AVD": 11.190043515512254}