{"name": "random-40-3.80-20.json", "solution": {"time": 0.006812684, "max_depth": 2, "is_feasible": false}, "AVD": 7.927823863636343}