{"name": "random-40-8.00-34.json", "solution": {"time": 0.001242237, "max_depth": 40, "is_feasible": true}, "AVD": 11.390976055194788}