{"name": "random-40-2.00-14.json", "solution": {"time": 0.002527385, "max_depth": 0, "is_feasible": false}, "AVD": 6.165146344974444}