{"name": "random-40-10.40-48.json", "solution": {"time": 0.001429232, "max_depth": 40, "is_feasible": true}, "AVD": 13.31962152777777}