{"name": "random-40-2.40-22.json", "solution": {"time": 0.002532622, "max_depth": 0, "is_feasible": false}, "AVD": 6.624403076090559}