{"name": "random-40-8.00-6.json", "solution": {"time": 0.001406769, "max_depth": 40, "is_feasible": true}, "AVD": 11.375519705988442}