{"name": "random-40-7.60-24.json", "solution": {"time": 0.001740475, "max_depth": 40, "is_feasible": true}, "AVD": 11.026997519841256}