{"name": "random-40-3.00-11.json", "solution": {"time": 0.003374408, "max_depth": 3, "is_feasible": false}, "AVD": 7.081602255383484}