{"name": "random-40-11.20-3.json", "solution": {"time": 0.001150131, "max_depth": 40, "is_feasible": true}, "AVD": 14.00179563492063}