{"name": "random-40-9.20-13.json", "solution": {"time": 0.001353935, "max_depth": 40, "is_feasible": true}, "AVD": 12.388600198412693}