{"name": "random-40-10.80-8.json", "solution": {"time": 0.001388189, "max_depth": 40, "is_feasible": true}, "AVD": 13.585613095238084}