{"name": "random-40-2.60-39.json", "solution": {"time": 0.002864905, "max_depth": 0, "is_feasible": false}, "AVD": 6.798053481240963}