{"name": "random-40-10.40-1.json", "solution": {"time": 0.002269525, "max_depth": 40, "is_feasible": true}, "AVD": 13.335993055555544}