{"name": "random-40-2.00-5.json", "solution": {"time": 0.004788762, "max_depth": 0, "is_feasible": false}, "AVD": 6.210407578532555}