{"name": "random-40-3.40-33.json", "solution": {"time": 0.003170492, "max_depth": 2, "is_feasible": false}, "AVD": 7.494007603507578}