{"name": "random-40-6.00-12.json", "solution": {"time": 0.002361439, "max_depth": 40, "is_feasible": true}, "AVD": 9.75343871753245}