{"name": "random-40-9.60-32.json", "solution": {"time": 0.001382168, "max_depth": 40, "is_feasible": true}, "AVD": 12.69382242063491}