{"name": "random-40-3.60-40.json", "solution": {"time": 0.003278205, "max_depth": 2, "is_feasible": false}, "AVD": 7.704498674936159}