{"name": "random-40-2.60-18.json", "solution": {"time": 0.002884575, "max_depth": 0, "is_feasible": false}, "AVD": 6.825420662670645}