{"name": "random-40-8.00-4.json", "solution": {"time": 0.001194838, "max_depth": 40, "is_feasible": true}, "AVD": 11.3980109126984}