{"name": "random-40-5.60-24.json", "solution": {"time": 0.002465636, "max_depth": 40, "is_feasible": true}, "AVD": 9.410063717532452}