{"name": "random-40-7.60-34.json", "solution": {"time": 0.001615028, "max_depth": 40, "is_feasible": true}, "AVD": 11.054881809163044}