{"name": "random-40-4.20-43.json", "solution": {"time": 0.008512765, "max_depth": 3, "is_feasible": false}, "AVD": 8.304407828282802}