{"name": "random-40-9.20-40.json", "solution": {"time": 0.001295332, "max_depth": 40, "is_feasible": true}, "AVD": 12.408957837301577}