{"name": "random-40-8.60-30.json", "solution": {"time": 0.001512155, "max_depth": 40, "is_feasible": true}, "AVD": 11.895583333333324}