{"name": "random-40-5.20-22.json", "solution": {"time": 0.003101779, "max_depth": 5, "is_feasible": false}, "AVD": 9.123509289321774}