{"name": "random-40-11.80-27.json", "solution": {"time": 0.001478267, "max_depth": 40, "is_feasible": true}, "AVD": 14.425197916666656}