{"name": "random-40-5.80-44.json", "solution": {"time": 0.002888312, "max_depth": 40, "is_feasible": true}, "AVD": 9.642537563131295}