{"name": "random-40-3.80-10.json", "solution": {"time": 0.002487305, "max_depth": 3, "is_feasible": false}, "AVD": 7.921786102786079}