{"name": "random-40-7.40-10.json", "solution": {"time": 0.001160207, "max_depth": 40, "is_feasible": true}, "AVD": 10.9032875631313}