{"name": "random-40-9.00-32.json", "solution": {"time": 0.001692562, "max_depth": 40, "is_feasible": true}, "AVD": 12.211686011904753}