{"name": "random-40-9.60-12.json", "solution": {"time": 0.002912102, "max_depth": 40, "is_feasible": true}, "AVD": 12.731610975829714}