{"name": "random-40-11.00-45.json", "solution": {"time": 0.001398744, "max_depth": 40, "is_feasible": true}, "AVD": 13.875419642857134}