{"name": "random-40-11.00-27.json", "solution": {"time": 0.001341339, "max_depth": 40, "is_feasible": true}, "AVD": 13.792240079365069}