{"name": "random-40-8.40-46.json", "solution": {"time": 0.001735155, "max_depth": 40, "is_feasible": true}, "AVD": 11.69963343253967}