{"name": "random-40-8.80-12.json", "solution": {"time": 0.005152886, "max_depth": 40, "is_feasible": true}, "AVD": 12.066581213924952}