{"name": "random-40-7.60-33.json", "solution": {"time": 0.001694234, "max_depth": 40, "is_feasible": true}, "AVD": 11.001860615079348}