{"name": "random-40-7.60-19.json", "solution": {"time": 0.003672743, "max_depth": 40, "is_feasible": true}, "AVD": 10.997412292568526}