{"name": "random-40-7.80-25.json", "solution": {"time": 0.001654885, "max_depth": 40, "is_feasible": true}, "AVD": 11.257968253968238}