{"name": "random-40-7.00-28.json", "solution": {"time": 0.001176072, "max_depth": 40, "is_feasible": true}, "AVD": 10.633023313492046}