{"name": "random-40-7.40-6.json", "solution": {"time": 0.001809049, "max_depth": 40, "is_feasible": true}, "AVD": 10.906319669913406}