{"name": "random-40-2.00-29.json", "solution": {"time": 0.002963582, "max_depth": 0, "is_feasible": false}, "AVD": 6.15790164349537}