{"name": "random-40-11.40-3.json", "solution": {"time": 0.001367007, "max_depth": 40, "is_feasible": true}, "AVD": 14.143831349206343}