{"name": "random-40-5.20-27.json", "solution": {"time": 0.003723797, "max_depth": 5, "is_feasible": false}, "AVD": 9.0995926226551}