{"name": "random-40-11.60-1.json", "solution": {"time": 0.003221081, "max_depth": 40, "is_feasible": true}, "AVD": 14.283365575396818}