{"name": "random-40-2.60-21.json", "solution": {"time": 0.003030069, "max_depth": 2, "is_feasible": false}, "AVD": 6.775148133116862}