{"name": "random-40-12.00-44.json", "solution": {"time": 0.00174181, "max_depth": 40, "is_feasible": true}, "AVD": 14.701947916666658}