{"name": "random-40-8.20-47.json", "solution": {"time": 0.001257775, "max_depth": 40, "is_feasible": true}, "AVD": 11.534799603174589}