{"name": "random-40-5.00-45.json", "solution": {"time": 0.003498632, "max_depth": 40, "is_feasible": true}, "AVD": 8.962626443001422}