{"name": "random-40-10.00-11.json", "solution": {"time": 0.001019063, "max_depth": 40, "is_feasible": true}, "AVD": 12.993309523809515}