{"name": "random-40-8.40-25.json", "solution": {"time": 0.00174633, "max_depth": 40, "is_feasible": true}, "AVD": 11.69379662698411}