{"name": "random-40-11.20-22.json", "solution": {"time": 0.001608535, "max_depth": 40, "is_feasible": true}, "AVD": 13.91605357142856}