{"name": "random-40-6.00-5.json", "solution": {"time": 0.00257575, "max_depth": 40, "is_feasible": true}, "AVD": 9.77900270562769}