{"name": "random-40-2.00-2.json", "solution": {"time": 0.004113735, "max_depth": 0, "is_feasible": false}, "AVD": 6.1744739341540615}