{"name": "random-40-9.40-27.json", "solution": {"time": 0.00240988, "max_depth": 40, "is_feasible": true}, "AVD": 12.533381448412687}