{"name": "random-40-8.60-14.json", "solution": {"time": 0.00137815, "max_depth": 40, "is_feasible": true}, "AVD": 11.843986319236304}