{"name": "random-40-2.00-6.json", "solution": {"time": 0.003492845, "max_depth": 0, "is_feasible": false}, "AVD": 6.1617527888777675}