{"name": "random-40-10.40-38.json", "solution": {"time": 0.001624953, "max_depth": 40, "is_feasible": true}, "AVD": 13.373820436507927}