{"name": "random-40-2.80-33.json", "solution": {"time": 0.003045962, "max_depth": 2, "is_feasible": false}, "AVD": 6.947520132645107}