{"name": "random-40-8.20-42.json", "solution": {"time": 0.003163708, "max_depth": 40, "is_feasible": true}, "AVD": 11.529007169913408}