{"name": "random-40-7.00-1.json", "solution": {"time": 0.001185655, "max_depth": 40, "is_feasible": true}, "AVD": 10.558712662337646}