{"name": "random-40-5.80-12.json", "solution": {"time": 0.002321447, "max_depth": 40, "is_feasible": true}, "AVD": 9.593079094516577}