{"name": "random-40-4.40-49.json", "solution": {"time": 0.003076533, "max_depth": 2, "is_feasible": false}, "AVD": 8.401032196969679}