{"name": "random-40-7.20-15.json", "solution": {"time": 0.001091835, "max_depth": 40, "is_feasible": true}, "AVD": 10.782343479437214}