{"name": "random-40-3.20-41.json", "solution": {"time": 0.003506614, "max_depth": 2, "is_feasible": false}, "AVD": 7.371835317460298}