{"name": "random-40-2.80-17.json", "solution": {"time": 0.002833663, "max_depth": 0, "is_feasible": false}, "AVD": 6.979459651459632}