{"name": "random-40-8.20-0.json", "solution": {"time": 0.001428688, "max_depth": 40, "is_feasible": true}, "AVD": 11.506876488095223}