{"name": "random-40-9.40-32.json", "solution": {"time": 0.001811059, "max_depth": 40, "is_feasible": true}, "AVD": 12.50374999999999}