{"name": "random-40-2.60-40.json", "solution": {"time": 0.003077206, "max_depth": 2, "is_feasible": false}, "AVD": 6.779464476495707}