{"name": "random-40-4.40-45.json", "solution": {"time": 0.00339728, "max_depth": 3, "is_feasible": false}, "AVD": 8.44779135101008}