{"name": "random-40-3.80-23.json", "solution": {"time": 0.007584077, "max_depth": 2, "is_feasible": false}, "AVD": 7.962900162337641}