{"name": "random-40-7.20-5.json", "solution": {"time": 0.005903359, "max_depth": 40, "is_feasible": true}, "AVD": 10.762107864357848}