{"name": "random-40-3.00-19.json", "solution": {"time": 0.003067655, "max_depth": 3, "is_feasible": false}, "AVD": 7.143302499583728}