{"name": "random-40-5.80-14.json", "solution": {"time": 0.003781131, "max_depth": 40, "is_feasible": true}, "AVD": 9.597892777361512}