{"name": "random-40-6.60-21.json", "solution": {"time": 0.00172192, "max_depth": 40, "is_feasible": true}, "AVD": 10.278398656898641}