{"name": "random-40-4.60-11.json", "solution": {"time": 0.002512911, "max_depth": 40, "is_feasible": true}, "AVD": 8.549676254301238}