{"name": "random-40-6.20-16.json", "solution": {"time": 0.001320357, "max_depth": 40, "is_feasible": true}, "AVD": 9.970761273448755}