{"name": "random-40-10.60-36.json", "solution": {"time": 0.001031802, "max_depth": 40, "is_feasible": true}, "AVD": 13.519455853174595}