{"name": "random-40-10.60-33.json", "solution": {"time": 0.001673759, "max_depth": 40, "is_feasible": true}, "AVD": 13.469548115079357}