{"name": "random-40-5.60-38.json", "solution": {"time": 0.00311462, "max_depth": 40, "is_feasible": true}, "AVD": 9.443256042568521}