{"name": "random-40-9.60-22.json", "solution": {"time": 0.001357603, "max_depth": 40, "is_feasible": true}, "AVD": 12.616377976190464}