{"name": "random-40-5.40-4.json", "solution": {"time": 0.00122044, "max_depth": 40, "is_feasible": true}, "AVD": 9.271827380952363}