{"name": "random-40-10.20-16.json", "solution": {"time": 0.001344243, "max_depth": 40, "is_feasible": true}, "AVD": 13.153872519841263}