{"name": "random-40-6.20-43.json", "solution": {"time": 0.001975833, "max_depth": 40, "is_feasible": true}, "AVD": 9.998582702020187}