{"name": "random-40-12.00-46.json", "solution": {"time": 0.001163554, "max_depth": 40, "is_feasible": true}, "AVD": 14.582364583333325}