{"name": "random-40-11.20-8.json", "solution": {"time": 0.001330423, "max_depth": 40, "is_feasible": true}, "AVD": 13.894435019841259}