{"name": "random-40-6.20-0.json", "solution": {"time": 0.004391672, "max_depth": 5, "is_feasible": false}, "AVD": 9.905374999999982}