{"name": "random-40-5.40-36.json", "solution": {"time": 0.005742051, "max_depth": 8, "is_feasible": false}, "AVD": 9.336278138528122}