{"name": "random-40-4.80-46.json", "solution": {"time": 0.003896929, "max_depth": 6, "is_feasible": false}, "AVD": 8.748082702020183}