{"name": "random-40-11.20-21.json", "solution": {"time": 0.001637999, "max_depth": 40, "is_feasible": true}, "AVD": 13.929333829365072}