{"name": "random-40-5.40-12.json", "solution": {"time": 0.002766021, "max_depth": 40, "is_feasible": true}, "AVD": 9.246061868686848}