{"name": "random-40-5.60-17.json", "solution": {"time": 0.007193725, "max_depth": 13, "is_feasible": false}, "AVD": 9.42025270562768}