{"name": "random-40-11.40-0.json", "solution": {"time": 0.002199276, "max_depth": 40, "is_feasible": true}, "AVD": 14.146271825396818}