{"name": "random-40-8.60-31.json", "solution": {"time": 0.001503078, "max_depth": 40, "is_feasible": true}, "AVD": 11.929139880952368}