{"name": "random-40-6.80-49.json", "solution": {"time": 0.001596327, "max_depth": 40, "is_feasible": true}, "AVD": 10.401869543650776}