{"name": "random-40-5.40-34.json", "solution": {"time": 0.006187827, "max_depth": 40, "is_feasible": true}, "AVD": 9.264021554834036}