{"name": "random-40-4.80-19.json", "solution": {"time": 0.00374496, "max_depth": 4, "is_feasible": false}, "AVD": 8.745302038239519}