{"name": "random-40-8.20-44.json", "solution": {"time": 0.002382678, "max_depth": 40, "is_feasible": true}, "AVD": 11.59400148809522}