{"name": "random-40-11.80-1.json", "solution": {"time": 0.000981033, "max_depth": 40, "is_feasible": true}, "AVD": 14.44230158730158}