{"name": "random-40-11.00-42.json", "solution": {"time": 0.002924433, "max_depth": 40, "is_feasible": true}, "AVD": 13.763422123015863}