{"name": "random-40-4.60-5.json", "solution": {"time": 0.010188803, "max_depth": 6, "is_feasible": false}, "AVD": 8.572902732683964}