{"name": "random-40-9.00-43.json", "solution": {"time": 0.001439054, "max_depth": 40, "is_feasible": true}, "AVD": 12.267125496031735}