{"name": "random-40-10.00-10.json", "solution": {"time": 0.000877416, "max_depth": 40, "is_feasible": true}, "AVD": 12.993838293650782}