{"name": "random-40-9.20-7.json", "solution": {"time": 0.003134499, "max_depth": 40, "is_feasible": true}, "AVD": 12.392708333333326}