{"name": "random-40-11.60-31.json", "solution": {"time": 0.001692003, "max_depth": 40, "is_feasible": true}, "AVD": 14.299289682539676}