{"name": "random-40-7.60-30.json", "solution": {"time": 0.002352987, "max_depth": 40, "is_feasible": true}, "AVD": 11.085101190476177}