{"name": "random-40-4.80-0.json", "solution": {"time": 0.002894508, "max_depth": 3, "is_feasible": false}, "AVD": 8.767954094516572}