{"name": "random-40-2.20-24.json", "solution": {"time": 0.009368072, "max_depth": 0, "is_feasible": false}, "AVD": 6.423981955544434}