{"name": "random-40-4.60-29.json", "solution": {"time": 0.002119644, "max_depth": 2, "is_feasible": false}, "AVD": 8.56743384740258}