{"name": "random-40-5.00-28.json", "solution": {"time": 0.015139715, "max_depth": 14, "is_feasible": false}, "AVD": 8.965876713564196}