{"name": "random-40-2.40-28.json", "solution": {"time": 0.005854917, "max_depth": 0, "is_feasible": false}, "AVD": 6.578503635253611}