{"name": "random-40-11.20-0.json", "solution": {"time": 0.001397061, "max_depth": 40, "is_feasible": true}, "AVD": 13.978997519841267}