{"name": "random-40-9.20-17.json", "solution": {"time": 0.001267594, "max_depth": 40, "is_feasible": true}, "AVD": 12.35658928571427}