{"name": "random-40-7.80-4.json", "solution": {"time": 0.001206266, "max_depth": 40, "is_feasible": true}, "AVD": 11.229740079365065}