{"name": "random-40-5.60-11.json", "solution": {"time": 0.00184334, "max_depth": 40, "is_feasible": true}, "AVD": 9.426027219308448}