{"name": "random-40-12.00-1.json", "solution": {"time": 0.0010807, "max_depth": 40, "is_feasible": true}, "AVD": 14.594221230158723}