{"name": "random-40-3.00-37.json", "solution": {"time": 0.002959761, "max_depth": 2, "is_feasible": false}, "AVD": 7.139284389221869}