{"name": "random-40-7.80-13.json", "solution": {"time": 0.001771101, "max_depth": 40, "is_feasible": true}, "AVD": 11.285020562770553}