{"name": "random-40-10.00-0.json", "solution": {"time": 0.194432326, "max_depth": 40, "is_feasible": true}, "AVD": 12.993390873015864}