{"name": "random-40-10.40-7.json", "solution": {"time": 0.001579278, "max_depth": 40, "is_feasible": true}, "AVD": 13.313398313492055}