{"name": "random-40-10.20-23.json", "solution": {"time": 0.007183858, "max_depth": 40, "is_feasible": true}, "AVD": 13.139188988095224}