{"name": "random-40-2.60-4.json", "solution": {"time": 0.003344549, "max_depth": 3, "is_feasible": false}, "AVD": 6.767468028499261}