{"name": "random-40-2.00-15.json", "solution": {"time": 0.002406161, "max_depth": 0, "is_feasible": false}, "AVD": 6.186621042152275}