{"name": "random-40-4.80-6.json", "solution": {"time": 0.002964456, "max_depth": 3, "is_feasible": false}, "AVD": 8.764781475468958}