{"name": "random-40-8.40-6.json", "solution": {"time": 0.003842031, "max_depth": 40, "is_feasible": true}, "AVD": 11.694774666305904}