{"name": "random-40-6.60-8.json", "solution": {"time": 0.001769618, "max_depth": 40, "is_feasible": true}, "AVD": 10.195183396464632}