{"name": "random-40-7.00-23.json", "solution": {"time": 0.001524867, "max_depth": 40, "is_feasible": true}, "AVD": 10.560907242063475}