{"name": "random-40-7.80-47.json", "solution": {"time": 0.001355397, "max_depth": 40, "is_feasible": true}, "AVD": 11.245847222222206}