{"name": "random-40-11.20-24.json", "solution": {"time": 0.001726815, "max_depth": 40, "is_feasible": true}, "AVD": 13.923476686507929}