{"name": "random-40-3.40-42.json", "solution": {"time": 0.003253419, "max_depth": 4, "is_feasible": false}, "AVD": 7.550613709207437}