{"name": "random-40-11.20-34.json", "solution": {"time": 0.003027867, "max_depth": 40, "is_feasible": true}, "AVD": 13.995470734126974}