{"name": "random-40-8.40-5.json", "solution": {"time": 0.00123787, "max_depth": 40, "is_feasible": true}, "AVD": 11.71852863455987}