{"name": "random-40-5.00-36.json", "solution": {"time": 0.003649552, "max_depth": 3, "is_feasible": false}, "AVD": 8.987376939033172}