{"name": "random-40-11.80-43.json", "solution": {"time": 0.000917306, "max_depth": 40, "is_feasible": true}, "AVD": 14.474576884920628}