{"name": "random-40-4.60-33.json", "solution": {"time": 0.002727285, "max_depth": 3, "is_feasible": false}, "AVD": 8.554920860389586}