{"name": "random-40-3.00-40.json", "solution": {"time": 0.004080433, "max_depth": 2, "is_feasible": false}, "AVD": 7.1608456265956075}