{"name": "random-40-8.20-33.json", "solution": {"time": 0.001905708, "max_depth": 40, "is_feasible": true}, "AVD": 11.492681051587283}