{"name": "random-40-7.60-49.json", "solution": {"time": 0.001516631, "max_depth": 40, "is_feasible": true}, "AVD": 11.066207837301572}