{"name": "random-40-11.40-23.json", "solution": {"time": 0.001185662, "max_depth": 40, "is_feasible": true}, "AVD": 14.086419146825387}