{"name": "random-40-5.20-7.json", "solution": {"time": 0.005812722, "max_depth": 9, "is_feasible": false}, "AVD": 9.13998065476189}