{"name": "random-40-7.20-34.json", "solution": {"time": 0.001135868, "max_depth": 40, "is_feasible": true}, "AVD": 10.743924467893203}