{"name": "random-40-5.00-15.json", "solution": {"time": 0.002177508, "max_depth": 40, "is_feasible": true}, "AVD": 8.931759965728695}