{"name": "random-40-5.20-26.json", "solution": {"time": 0.001942999, "max_depth": 40, "is_feasible": true}, "AVD": 9.098904852092337}