{"name": "random-40-5.40-33.json", "solution": {"time": 0.007411171, "max_depth": 40, "is_feasible": true}, "AVD": 9.237621888528116}