{"name": "random-40-7.20-49.json", "solution": {"time": 0.00119632, "max_depth": 40, "is_feasible": true}, "AVD": 10.748905257936489}