{"name": "random-40-5.60-33.json", "solution": {"time": 0.001446229, "max_depth": 40, "is_feasible": true}, "AVD": 9.413702245670976}