{"name": "random-40-6.00-33.json", "solution": {"time": 0.001682812, "max_depth": 40, "is_feasible": true}, "AVD": 9.711177804834033}