{"name": "random-40-2.00-35.json", "solution": {"time": 0.002511822, "max_depth": 0, "is_feasible": false}, "AVD": 6.184949543512026}