{"name": "random-40-10.00-29.json", "solution": {"time": 0.001094561, "max_depth": 40, "is_feasible": true}, "AVD": 13.019117559523798}