{"name": "random-40-5.40-46.json", "solution": {"time": 0.004534572, "max_depth": 40, "is_feasible": true}, "AVD": 9.272579861111094}