{"name": "random-40-6.00-48.json", "solution": {"time": 0.001823134, "max_depth": 40, "is_feasible": true}, "AVD": 9.763000946969683}