{"name": "random-40-9.60-8.json", "solution": {"time": 0.001658485, "max_depth": 40, "is_feasible": true}, "AVD": 12.633135912698402}