{"name": "random-40-10.80-46.json", "solution": {"time": 0.001809583, "max_depth": 40, "is_feasible": true}, "AVD": 13.6277113095238}