{"name": "random-40-3.00-34.json", "solution": {"time": 0.002966217, "max_depth": 2, "is_feasible": false}, "AVD": 7.158710209928936}