{"name": "random-40-10.60-44.json", "solution": {"time": 0.000955811, "max_depth": 40, "is_feasible": true}, "AVD": 13.544979166666655}