{"name": "random-40-4.60-23.json", "solution": {"time": 0.002725664, "max_depth": 2, "is_feasible": false}, "AVD": 8.626711534992765}