{"name": "random-40-4.60-37.json", "solution": {"time": 0.003980091, "max_depth": 6, "is_feasible": false}, "AVD": 8.554410579004308}