{"name": "random-40-10.40-8.json", "solution": {"time": 0.002278092, "max_depth": 40, "is_feasible": true}, "AVD": 13.28207886904761}