{"name": "random-40-8.20-3.json", "solution": {"time": 0.001717238, "max_depth": 40, "is_feasible": true}, "AVD": 11.631991567460306}