{"name": "random-40-5.00-24.json", "solution": {"time": 0.005353576, "max_depth": 8, "is_feasible": false}, "AVD": 8.927859470390704}