{"name": "random-40-9.40-45.json", "solution": {"time": 0.001847483, "max_depth": 40, "is_feasible": true}, "AVD": 12.595349206349194}