{"name": "random-40-7.40-27.json", "solution": {"time": 0.001444059, "max_depth": 40, "is_feasible": true}, "AVD": 10.941743551587287}