{"name": "random-40-4.20-42.json", "solution": {"time": 0.006000743, "max_depth": 13, "is_feasible": false}, "AVD": 8.261862193362171}