{"name": "random-40-10.00-22.json", "solution": {"time": 0.001249806, "max_depth": 40, "is_feasible": true}, "AVD": 12.976043154761893}