{"name": "random-40-10.80-41.json", "solution": {"time": 0.001733092, "max_depth": 40, "is_feasible": true}, "AVD": 13.585104662698404}