{"name": "random-40-10.40-41.json", "solution": {"time": 0.001117589, "max_depth": 40, "is_feasible": true}, "AVD": 13.27845882936507}