{"name": "random-40-7.40-13.json", "solution": {"time": 0.001104558, "max_depth": 40, "is_feasible": true}, "AVD": 10.966924828643567}