{"name": "random-40-7.20-20.json", "solution": {"time": 0.001872636, "max_depth": 40, "is_feasible": true}, "AVD": 10.748315476190461}