{"name": "random-40-3.20-21.json", "solution": {"time": 0.005138306, "max_depth": 2, "is_feasible": false}, "AVD": 7.332777743090221}