{"name": "random-40-5.00-20.json", "solution": {"time": 0.002964674, "max_depth": 2, "is_feasible": false}, "AVD": 8.939661931818163}