{"name": "random-40-6.40-35.json", "solution": {"time": 0.007118641, "max_depth": 40, "is_feasible": true}, "AVD": 10.105190836940825}