{"name": "random-40-6.60-37.json", "solution": {"time": 0.001571322, "max_depth": 40, "is_feasible": true}, "AVD": 10.303945436507922}