{"name": "random-40-3.60-6.json", "solution": {"time": 0.002668872, "max_depth": 2, "is_feasible": false}, "AVD": 7.731118353868332}