{"name": "random-40-4.40-7.json", "solution": {"time": 0.004695172, "max_depth": 6, "is_feasible": false}, "AVD": 8.482719742063471}