{"name": "random-40-8.00-25.json", "solution": {"time": 0.001294516, "max_depth": 40, "is_feasible": true}, "AVD": 11.412877480158715}