{"name": "random-40-5.00-17.json", "solution": {"time": 0.003341785, "max_depth": 5, "is_feasible": false}, "AVD": 8.943873602092328}