{"name": "random-40-6.40-5.json", "solution": {"time": 0.001589438, "max_depth": 40, "is_feasible": true}, "AVD": 10.114283459595942}