{"name": "random-40-5.80-3.json", "solution": {"time": 0.002382223, "max_depth": 40, "is_feasible": true}, "AVD": 9.609853670634902}