{"name": "random-40-4.40-25.json", "solution": {"time": 0.00259385, "max_depth": 3, "is_feasible": false}, "AVD": 8.457464511183243}