{"name": "random-40-4.20-27.json", "solution": {"time": 0.004161878, "max_depth": 5, "is_feasible": false}, "AVD": 8.25155118145741}