{"name": "random-40-11.20-37.json", "solution": {"time": 0.001671919, "max_depth": 40, "is_feasible": true}, "AVD": 14.046008928571416}