{"name": "random-40-6.80-40.json", "solution": {"time": 0.001230477, "max_depth": 40, "is_feasible": true}, "AVD": 10.382671130952364}