{"name": "random-40-12.00-25.json", "solution": {"time": 0.001381814, "max_depth": 40, "is_feasible": true}, "AVD": 14.598044642857133}