{"name": "random-40-7.60-10.json", "solution": {"time": 0.001713882, "max_depth": 40, "is_feasible": true}, "AVD": 11.060393217893203}