{"name": "random-40-8.20-48.json", "solution": {"time": 0.001346347, "max_depth": 40, "is_feasible": true}, "AVD": 11.537363952020193}