{"name": "random-40-5.00-31.json", "solution": {"time": 0.0037608, "max_depth": 3, "is_feasible": false}, "AVD": 8.961117784992766}