{"name": "random-40-3.20-13.json", "solution": {"time": 0.007734042, "max_depth": 4, "is_feasible": false}, "AVD": 7.428824703074682}