{"name": "random-40-11.80-33.json", "solution": {"time": 0.00148837, "max_depth": 40, "is_feasible": true}, "AVD": 14.475532738095234}