{"name": "random-40-9.20-26.json", "solution": {"time": 0.001280178, "max_depth": 40, "is_feasible": true}, "AVD": 12.452276289682528}