{"name": "random-40-7.80-42.json", "solution": {"time": 0.001050618, "max_depth": 40, "is_feasible": true}, "AVD": 11.222056277056264}