{"name": "random-40-8.60-5.json", "solution": {"time": 0.001684722, "max_depth": 40, "is_feasible": true}, "AVD": 11.858123872655108}