{"name": "random-40-10.80-39.json", "solution": {"time": 0.002369095, "max_depth": 40, "is_feasible": true}, "AVD": 13.609428075396812}