{"name": "random-40-10.20-14.json", "solution": {"time": 0.001327238, "max_depth": 40, "is_feasible": true}, "AVD": 13.104090503246743}