{"name": "random-40-11.80-22.json", "solution": {"time": 0.001431985, "max_depth": 40, "is_feasible": true}, "AVD": 14.363026785714277}