{"name": "random-40-11.40-20.json", "solution": {"time": 0.005047115, "max_depth": 40, "is_feasible": true}, "AVD": 14.08940873015872}