{"name": "random-40-11.20-6.json", "solution": {"time": 0.003073149, "max_depth": 40, "is_feasible": true}, "AVD": 13.944363095238089}