{"name": "random-40-7.40-37.json", "solution": {"time": 0.001293817, "max_depth": 40, "is_feasible": true}, "AVD": 10.951078373015857}