{"name": "random-40-8.40-1.json", "solution": {"time": 0.001168954, "max_depth": 40, "is_feasible": true}, "AVD": 11.683627976190461}