{"name": "random-40-3.00-4.json", "solution": {"time": 0.006566787, "max_depth": 3, "is_feasible": false}, "AVD": 7.160223845598824}