{"name": "random-40-11.60-18.json", "solution": {"time": 0.002310544, "max_depth": 40, "is_feasible": true}, "AVD": 14.281148809523803}