{"name": "random-40-4.20-44.json", "solution": {"time": 0.00526896, "max_depth": 3, "is_feasible": false}, "AVD": 8.306929653679632}