{"name": "random-40-7.00-7.json", "solution": {"time": 0.001193313, "max_depth": 40, "is_feasible": true}, "AVD": 10.61951934523808}