{"name": "random-40-6.80-10.json", "solution": {"time": 0.002015575, "max_depth": 40, "is_feasible": true}, "AVD": 10.432657089438322}