{"name": "random-40-6.20-41.json", "solution": {"time": 0.00206164, "max_depth": 40, "is_feasible": true}, "AVD": 9.884006042568526}