{"name": "random-40-4.80-41.json", "solution": {"time": 0.002950533, "max_depth": 3, "is_feasible": false}, "AVD": 8.751484577922056}