{"name": "random-40-6.20-9.json", "solution": {"time": 0.001629924, "max_depth": 40, "is_feasible": true}, "AVD": 9.91225085678209}