{"name": "random-40-9.80-43.json", "solution": {"time": 0.001315993, "max_depth": 40, "is_feasible": true}, "AVD": 12.933680555555545}