{"name": "random-40-11.20-5.json", "solution": {"time": 0.003038108, "max_depth": 40, "is_feasible": true}, "AVD": 13.925571428571416}