{"name": "random-40-3.60-0.json", "solution": {"time": 0.003170361, "max_depth": 2, "is_feasible": false}, "AVD": 7.735860073953804}