{"name": "random-40-2.60-8.json", "solution": {"time": 0.003031642, "max_depth": 2, "is_feasible": false}, "AVD": 6.775564123376602}