{"name": "random-40-3.20-4.json", "solution": {"time": 0.003855489, "max_depth": 3, "is_feasible": false}, "AVD": 7.353790584415561}