{"name": "random-40-6.20-35.json", "solution": {"time": 0.004268886, "max_depth": 40, "is_feasible": true}, "AVD": 9.95642347582971}