{"name": "random-40-8.60-20.json", "solution": {"time": 0.001603574, "max_depth": 40, "is_feasible": true}, "AVD": 11.874086805555544}