{"name": "random-40-5.20-44.json", "solution": {"time": 0.007492248, "max_depth": 4, "is_feasible": false}, "AVD": 9.125687229437208}