{"name": "random-40-8.60-3.json", "solution": {"time": 0.006274229, "max_depth": 40, "is_feasible": true}, "AVD": 11.980105158730145}