{"name": "random-40-9.20-34.json", "solution": {"time": 0.001242011, "max_depth": 40, "is_feasible": true}, "AVD": 12.375565836940826}