{"name": "random-40-2.20-42.json", "solution": {"time": 0.004135508, "max_depth": 3, "is_feasible": false}, "AVD": 6.357880889943371}