{"name": "random-40-4.00-25.json", "solution": {"time": 0.00399914, "max_depth": 2, "is_feasible": false}, "AVD": 8.091234081890315}