{"name": "random-40-5.20-41.json", "solution": {"time": 0.003006153, "max_depth": 3, "is_feasible": false}, "AVD": 9.084200983044713}