{"name": "random-40-7.20-3.json", "solution": {"time": 0.001657449, "max_depth": 40, "is_feasible": true}, "AVD": 10.832613591269824}