{"name": "random-40-8.00-42.json", "solution": {"time": 0.001173944, "max_depth": 40, "is_feasible": true}, "AVD": 11.367142586580076}