{"name": "random-40-9.20-18.json", "solution": {"time": 0.001197403, "max_depth": 40, "is_feasible": true}, "AVD": 12.343756448412686}