{"name": "random-40-2.00-8.json", "solution": {"time": 0.00582479, "max_depth": 0, "is_feasible": false}, "AVD": 6.151968129093111}