{"name": "random-40-7.60-48.json", "solution": {"time": 0.001757741, "max_depth": 40, "is_feasible": true}, "AVD": 11.032510777417018}