{"name": "random-40-11.60-37.json", "solution": {"time": 0.000990338, "max_depth": 40, "is_feasible": true}, "AVD": 14.345984126984117}