{"name": "random-40-7.00-19.json", "solution": {"time": 0.00157184, "max_depth": 40, "is_feasible": true}, "AVD": 10.562743145743127}