{"name": "random-40-7.60-25.json", "solution": {"time": 0.001550871, "max_depth": 40, "is_feasible": true}, "AVD": 11.104586174242408}