{"name": "random-40-10.60-49.json", "solution": {"time": 0.00306815, "max_depth": 40, "is_feasible": true}, "AVD": 13.473839285714273}