{"name": "random-40-6.20-29.json", "solution": {"time": 0.006524678, "max_depth": 6, "is_feasible": false}, "AVD": 9.922706078643563}