{"name": "random-40-7.20-39.json", "solution": {"time": 0.001395815, "max_depth": 40, "is_feasible": true}, "AVD": 10.715816468253951}