{"name": "random-40-8.80-33.json", "solution": {"time": 0.001448722, "max_depth": 40, "is_feasible": true}, "AVD": 12.002803436147168}