{"name": "random-40-3.40-2.json", "solution": {"time": 0.005405403, "max_depth": 4, "is_feasible": false}, "AVD": 7.550353021978003}