{"name": "random-40-8.40-33.json", "solution": {"time": 0.00680548, "max_depth": 40, "is_feasible": true}, "AVD": 11.662906114718599}