{"name": "random-40-6.00-10.json", "solution": {"time": 0.001229281, "max_depth": 40, "is_feasible": true}, "AVD": 9.7622786172161}