{"name": "random-40-5.00-11.json", "solution": {"time": 0.002729726, "max_depth": 40, "is_feasible": true}, "AVD": 8.89709837731711}