{"name": "random-40-4.40-41.json", "solution": {"time": 0.002813405, "max_depth": 3, "is_feasible": false}, "AVD": 8.42397267316015}