{"name": "random-40-6.60-28.json", "solution": {"time": 0.001644737, "max_depth": 40, "is_feasible": true}, "AVD": 10.304941964285696}