{"name": "random-40-6.20-34.json", "solution": {"time": 0.001253354, "max_depth": 40, "is_feasible": true}, "AVD": 9.947475063131296}