{"name": "random-40-2.40-3.json", "solution": {"time": 0.004882806, "max_depth": 0, "is_feasible": false}, "AVD": 6.467848235098214}