{"name": "random-40-2.60-34.json", "solution": {"time": 0.002967041, "max_depth": 2, "is_feasible": false}, "AVD": 6.750938068875541}