{"name": "random-40-7.00-46.json", "solution": {"time": 0.001753583, "max_depth": 40, "is_feasible": true}, "AVD": 10.58960317460316}