{"name": "random-40-5.20-11.json", "solution": {"time": 0.001943932, "max_depth": 40, "is_feasible": true}, "AVD": 9.086109560578292}