{"name": "random-40-9.60-31.json", "solution": {"time": 0.001990594, "max_depth": 40, "is_feasible": true}, "AVD": 12.729595734126974}