{"name": "random-40-8.40-43.json", "solution": {"time": 0.001489417, "max_depth": 40, "is_feasible": true}, "AVD": 11.812342757936495}