{"name": "random-40-2.60-6.json", "solution": {"time": 0.003147309, "max_depth": 0, "is_feasible": false}, "AVD": 6.755197809135287}