{"name": "random-40-5.40-49.json", "solution": {"time": 0.003769303, "max_depth": 4, "is_feasible": false}, "AVD": 9.278196654040384}