{"name": "random-40-4.00-43.json", "solution": {"time": 0.003984, "max_depth": 3, "is_feasible": false}, "AVD": 8.141831439393915}