{"name": "random-40-11.20-40.json", "solution": {"time": 0.001116886, "max_depth": 40, "is_feasible": true}, "AVD": 14.014587797619038}