{"name": "random-40-7.60-38.json", "solution": {"time": 0.006459642, "max_depth": 40, "is_feasible": true}, "AVD": 11.079223710317443}