{"name": "random-40-6.80-19.json", "solution": {"time": 0.001487055, "max_depth": 40, "is_feasible": true}, "AVD": 10.385462887806618}