{"name": "random-40-11.80-30.json", "solution": {"time": 0.001464693, "max_depth": 40, "is_feasible": true}, "AVD": 14.42957043650793}