{"name": "random-40-3.40-34.json", "solution": {"time": 0.008142043, "max_depth": 2, "is_feasible": false}, "AVD": 7.518233027389252}