{"name": "random-40-4.20-49.json", "solution": {"time": 0.006074107, "max_depth": 2, "is_feasible": false}, "AVD": 8.24411142676766}