{"name": "random-40-5.80-11.json", "solution": {"time": 0.001871151, "max_depth": 40, "is_feasible": true}, "AVD": 9.589316693722925}