{"name": "random-40-4.80-4.json", "solution": {"time": 0.001192443, "max_depth": 40, "is_feasible": true}, "AVD": 8.761566332972562}