{"name": "random-40-4.40-9.json", "solution": {"time": 0.003138138, "max_depth": 2, "is_feasible": false}, "AVD": 8.414166964979442}