{"name": "random-40-9.40-16.json", "solution": {"time": 0.003310464, "max_depth": 40, "is_feasible": true}, "AVD": 12.581174107142848}