{"name": "random-40-6.80-47.json", "solution": {"time": 0.001416096, "max_depth": 40, "is_feasible": true}, "AVD": 10.457697285353522}