{"name": "random-40-8.60-47.json", "solution": {"time": 0.001425584, "max_depth": 40, "is_feasible": true}, "AVD": 11.836747519841254}