{"name": "random-40-8.60-23.json", "solution": {"time": 0.001841448, "max_depth": 40, "is_feasible": true}, "AVD": 11.807014384920619}