{"name": "random-40-3.60-41.json", "solution": {"time": 0.003431237, "max_depth": 3, "is_feasible": false}, "AVD": 7.729098845598825}