{"name": "random-40-4.00-31.json", "solution": {"time": 0.003025133, "max_depth": 2, "is_feasible": false}, "AVD": 8.105203959235189}