{"name": "random-40-6.60-23.json", "solution": {"time": 0.002228443, "max_depth": 40, "is_feasible": true}, "AVD": 10.270268713924949}