{"name": "random-40-7.60-14.json", "solution": {"time": 0.003458466, "max_depth": 40, "is_feasible": true}, "AVD": 11.045645545426781}