{"name": "random-40-9.80-20.json", "solution": {"time": 0.003544548, "max_depth": 40, "is_feasible": true}, "AVD": 12.790017857142848}