{"name": "random-40-10.40-24.json", "solution": {"time": 0.000972507, "max_depth": 40, "is_feasible": true}, "AVD": 13.283299107142847}