{"name": "random-40-10.40-18.json", "solution": {"time": 0.00147285, "max_depth": 40, "is_feasible": true}, "AVD": 13.31770982142856}