{"name": "random-40-9.20-36.json", "solution": {"time": 0.001252646, "max_depth": 40, "is_feasible": true}, "AVD": 12.408693452380941}