{"name": "random-40-5.60-12.json", "solution": {"time": 0.007045399, "max_depth": 40, "is_feasible": true}, "AVD": 9.427025027056256}