{"name": "random-40-10.60-5.json", "solution": {"time": 0.003213805, "max_depth": 40, "is_feasible": true}, "AVD": 13.487221230158719}