{"name": "random-40-3.00-43.json", "solution": {"time": 0.002586263, "max_depth": 2, "is_feasible": false}, "AVD": 7.229419309856792}