{"name": "random-40-9.00-49.json", "solution": {"time": 0.001181479, "max_depth": 40, "is_feasible": true}, "AVD": 12.142600198412685}