{"name": "random-40-9.80-30.json", "solution": {"time": 0.001202286, "max_depth": 40, "is_feasible": true}, "AVD": 12.849992559523804}