{"name": "random-40-3.20-27.json", "solution": {"time": 0.004982895, "max_depth": 2, "is_feasible": false}, "AVD": 7.3594036796536555}