{"name": "random-40-5.40-22.json", "solution": {"time": 0.007698812, "max_depth": 5, "is_feasible": false}, "AVD": 9.280736967893201}