{"name": "random-40-2.20-12.json", "solution": {"time": 0.002926092, "max_depth": 0, "is_feasible": false}, "AVD": 6.434771818459298}