{"name": "random-40-3.80-7.json", "solution": {"time": 0.004591222, "max_depth": 5, "is_feasible": false}, "AVD": 7.93682589285712}