{"name": "random-40-5.80-43.json", "solution": {"time": 0.001382089, "max_depth": 40, "is_feasible": true}, "AVD": 9.658949765512247}