{"name": "random-40-11.20-25.json", "solution": {"time": 0.001702446, "max_depth": 40, "is_feasible": true}, "AVD": 13.924696924603165}