{"name": "random-40-9.20-4.json", "solution": {"time": 0.001265169, "max_depth": 40, "is_feasible": true}, "AVD": 12.330435515873004}