{"name": "random-40-11.20-18.json", "solution": {"time": 0.001815225, "max_depth": 40, "is_feasible": true}, "AVD": 13.950647321428562}