{"name": "random-40-6.80-5.json", "solution": {"time": 0.004290252, "max_depth": 40, "is_feasible": true}, "AVD": 10.449930284992767}