{"name": "random-40-11.00-18.json", "solution": {"time": 0.002361637, "max_depth": 40, "is_feasible": true}, "AVD": 13.76748958333332}