{"name": "random-40-2.20-25.json", "solution": {"time": 0.008090737, "max_depth": 0, "is_feasible": false}, "AVD": 6.449989808802288}