{"name": "random-40-10.80-14.json", "solution": {"time": 0.001404241, "max_depth": 40, "is_feasible": true}, "AVD": 13.585025162337653}