{"name": "random-40-10.00-18.json", "solution": {"time": 0.001237243, "max_depth": 40, "is_feasible": true}, "AVD": 13.009599702380939}