{"name": "random-40-9.60-36.json", "solution": {"time": 0.001657215, "max_depth": 40, "is_feasible": true}, "AVD": 12.713956349206338}