{"name": "random-40-8.80-0.json", "solution": {"time": 0.001665651, "max_depth": 40, "is_feasible": true}, "AVD": 11.987284226190463}