{"name": "random-40-9.40-44.json", "solution": {"time": 0.003100376, "max_depth": 40, "is_feasible": true}, "AVD": 12.542106150793641}