{"name": "random-40-4.00-29.json", "solution": {"time": 0.002859643, "max_depth": 2, "is_feasible": false}, "AVD": 8.072932359307341}