{"name": "random-40-10.20-5.json", "solution": {"time": 0.001591747, "max_depth": 40, "is_feasible": true}, "AVD": 13.143073412698403}