{"name": "random-40-3.80-5.json", "solution": {"time": 0.007335464, "max_depth": 5, "is_feasible": false}, "AVD": 7.881318001442982}