{"name": "random-40-3.40-32.json", "solution": {"time": 0.002799983, "max_depth": 2, "is_feasible": false}, "AVD": 7.510597295066023}