{"name": "random-40-4.60-45.json", "solution": {"time": 0.003227355, "max_depth": 3, "is_feasible": false}, "AVD": 8.608193497474728}