{"name": "random-40-9.40-30.json", "solution": {"time": 0.001916002, "max_depth": 40, "is_feasible": true}, "AVD": 12.509749503968246}