{"name": "random-40-7.00-16.json", "solution": {"time": 0.003739598, "max_depth": 40, "is_feasible": true}, "AVD": 10.594321428571414}