{"name": "random-40-3.20-42.json", "solution": {"time": 0.004502687, "max_depth": 4, "is_feasible": false}, "AVD": 7.371602931790409}