{"name": "random-40-2.20-7.json", "solution": {"time": 0.00240713, "max_depth": 0, "is_feasible": false}, "AVD": 6.418643200549428}