{"name": "random-40-11.80-24.json", "solution": {"time": 0.001344074, "max_depth": 40, "is_feasible": true}, "AVD": 14.43083134920634}