{"name": "random-40-6.40-25.json", "solution": {"time": 0.00325262, "max_depth": 40, "is_feasible": true}, "AVD": 10.108566829004308}