{"name": "random-40-3.80-33.json", "solution": {"time": 0.003575685, "max_depth": 3, "is_feasible": false}, "AVD": 7.8345501720501485}