{"name": "random-40-10.80-48.json", "solution": {"time": 0.001541831, "max_depth": 40, "is_feasible": true}, "AVD": 13.604404761904751}