{"name": "random-40-7.00-33.json", "solution": {"time": 0.001141121, "max_depth": 40, "is_feasible": true}, "AVD": 10.554582341269823}