{"name": "random-40-7.40-38.json", "solution": {"time": 0.001476692, "max_depth": 40, "is_feasible": true}, "AVD": 10.923746888528123}