{"name": "random-40-6.40-38.json", "solution": {"time": 0.002122937, "max_depth": 40, "is_feasible": true}, "AVD": 10.099599927849908}