{"name": "random-40-7.80-3.json", "solution": {"time": 0.001681345, "max_depth": 40, "is_feasible": true}, "AVD": 11.315502480158717}