{"name": "random-40-10.80-16.json", "solution": {"time": 0.001396338, "max_depth": 40, "is_feasible": true}, "AVD": 13.662488095238086}