{"name": "random-40-4.60-21.json", "solution": {"time": 0.003052046, "max_depth": 4, "is_feasible": false}, "AVD": 8.565983072483055}