{"name": "random-40-9.60-19.json", "solution": {"time": 0.001168669, "max_depth": 40, "is_feasible": true}, "AVD": 12.667345102813837}