{"name": "random-40-8.20-43.json", "solution": {"time": 0.003697447, "max_depth": 40, "is_feasible": true}, "AVD": 11.600997519841256}