{"name": "random-40-3.00-48.json", "solution": {"time": 0.002587688, "max_depth": 0, "is_feasible": false}, "AVD": 7.219704195110421}