{"name": "random-40-9.40-7.json", "solution": {"time": 0.001036065, "max_depth": 40, "is_feasible": true}, "AVD": 12.540967261904754}