{"name": "random-40-7.00-11.json", "solution": {"time": 0.002277678, "max_depth": 40, "is_feasible": true}, "AVD": 10.57044543650792}