{"name": "random-40-7.80-37.json", "solution": {"time": 0.001065974, "max_depth": 40, "is_feasible": true}, "AVD": 11.297137896825385}