{"name": "random-40-3.80-44.json", "solution": {"time": 0.00277028, "max_depth": 2, "is_feasible": false}, "AVD": 7.95501483585856}