{"name": "random-40-5.60-34.json", "solution": {"time": 0.002385286, "max_depth": 40, "is_feasible": true}, "AVD": 9.437051316738797}