{"name": "random-40-5.00-43.json", "solution": {"time": 0.003471258, "max_depth": 40, "is_feasible": true}, "AVD": 8.979297483766212}