{"name": "random-40-6.20-10.json", "solution": {"time": 0.001171634, "max_depth": 40, "is_feasible": true}, "AVD": 9.917167506104992}