{"name": "random-40-9.20-3.json", "solution": {"time": 0.001301773, "max_depth": 40, "is_feasible": true}, "AVD": 12.452825396825386}