{"name": "random-40-7.40-35.json", "solution": {"time": 0.002779841, "max_depth": 40, "is_feasible": true}, "AVD": 10.910608991702732}