{"name": "random-40-7.40-0.json", "solution": {"time": 0.001754232, "max_depth": 40, "is_feasible": true}, "AVD": 10.890818948412683}