{"name": "random-40-7.60-29.json", "solution": {"time": 0.001732166, "max_depth": 40, "is_feasible": true}, "AVD": 11.076093614718598}