{"name": "random-40-3.60-47.json", "solution": {"time": 0.005487664, "max_depth": 3, "is_feasible": false}, "AVD": 7.7258152958152735}