{"name": "random-40-9.40-25.json", "solution": {"time": 0.001932372, "max_depth": 40, "is_feasible": true}, "AVD": 12.497506448412686}