{"name": "random-40-8.60-32.json", "solution": {"time": 0.001491979, "max_depth": 40, "is_feasible": true}, "AVD": 11.871442956349195}