{"name": "random-40-2.80-12.json", "solution": {"time": 0.003211663, "max_depth": 0, "is_feasible": false}, "AVD": 7.042394924519904}