{"name": "random-40-8.40-44.json", "solution": {"time": 0.001365032, "max_depth": 40, "is_feasible": true}, "AVD": 11.755886408730143}