{"name": "random-40-4.20-14.json", "solution": {"time": 0.003240208, "max_depth": 4, "is_feasible": false}, "AVD": 8.262123449467179}