{"name": "random-40-9.20-27.json", "solution": {"time": 0.001253949, "max_depth": 40, "is_feasible": true}, "AVD": 12.376458829365067}