{"name": "random-40-4.80-45.json", "solution": {"time": 0.002832911, "max_depth": 3, "is_feasible": false}, "AVD": 8.78510398629147}