{"name": "random-40-3.00-33.json", "solution": {"time": 0.006326508, "max_depth": 2, "is_feasible": false}, "AVD": 7.140791198384923}