{"name": "random-40-4.60-48.json", "solution": {"time": 0.003710475, "max_depth": 5, "is_feasible": false}, "AVD": 8.59423030441779}