{"name": "random-40-2.60-1.json", "solution": {"time": 0.002838911, "max_depth": 0, "is_feasible": false}, "AVD": 6.8199826388888685}