{"name": "random-40-2.00-38.json", "solution": {"time": 0.002992834, "max_depth": 2, "is_feasible": false}, "AVD": 6.15239763014761}