{"name": "random-40-3.00-17.json", "solution": {"time": 0.002796302, "max_depth": 0, "is_feasible": false}, "AVD": 7.1614581633643954}