{"name": "random-40-11.20-39.json", "solution": {"time": 0.001657389, "max_depth": 40, "is_feasible": true}, "AVD": 13.93571974206348}