{"name": "random-40-10.20-29.json", "solution": {"time": 0.000968448, "max_depth": 40, "is_feasible": true}, "AVD": 13.176080853174593}