{"name": "random-40-9.80-29.json", "solution": {"time": 0.001263333, "max_depth": 40, "is_feasible": true}, "AVD": 12.848589285714274}