{"name": "random-40-6.00-18.json", "solution": {"time": 0.001634353, "max_depth": 40, "is_feasible": true}, "AVD": 9.751464150432879}