{"name": "random-40-9.00-5.json", "solution": {"time": 0.001217419, "max_depth": 40, "is_feasible": true}, "AVD": 12.203105519480506}