{"name": "random-40-4.80-9.json", "solution": {"time": 0.005970038, "max_depth": 9, "is_feasible": false}, "AVD": 8.767057973276705}