{"name": "random-40-3.80-8.json", "solution": {"time": 0.003482165, "max_depth": 2, "is_feasible": false}, "AVD": 7.896059416278145}