{"name": "random-40-11.00-28.json", "solution": {"time": 0.001329185, "max_depth": 40, "is_feasible": true}, "AVD": 13.768160714285708}