{"name": "random-40-3.80-26.json", "solution": {"time": 0.003642991, "max_depth": 4, "is_feasible": false}, "AVD": 7.914748827561311}