{"name": "random-40-9.60-17.json", "solution": {"time": 0.00131812, "max_depth": 40, "is_feasible": true}, "AVD": 12.666834821428555}