{"name": "random-40-2.00-16.json", "solution": {"time": 0.002751153, "max_depth": 2, "is_feasible": false}, "AVD": 6.191036796536776}