{"name": "random-40-11.80-36.json", "solution": {"time": 0.001211569, "max_depth": 40, "is_feasible": true}, "AVD": 14.4477113095238}