{"name": "random-40-2.60-20.json", "solution": {"time": 0.002890988, "max_depth": 0, "is_feasible": false}, "AVD": 6.811498855311337}