{"name": "random-40-2.20-29.json", "solution": {"time": 0.002840798, "max_depth": 0, "is_feasible": false}, "AVD": 6.3712504613441885}