{"name": "random-40-6.00-2.json", "solution": {"time": 0.001650555, "max_depth": 40, "is_feasible": true}, "AVD": 9.81286246392495}