{"name": "random-40-8.80-48.json", "solution": {"time": 0.00126839, "max_depth": 40, "is_feasible": true}, "AVD": 12.021613591269833}