{"name": "random-40-6.40-21.json", "solution": {"time": 0.001992904, "max_depth": 40, "is_feasible": true}, "AVD": 10.106223061660547}