{"name": "random-40-5.40-5.json", "solution": {"time": 0.003770989, "max_depth": 9, "is_feasible": false}, "AVD": 9.260505050505035}