{"name": "random-40-8.20-18.json", "solution": {"time": 0.001303791, "max_depth": 40, "is_feasible": true}, "AVD": 11.525485119047602}