{"name": "random-40-5.40-14.json", "solution": {"time": 0.003844945, "max_depth": 5, "is_feasible": false}, "AVD": 9.274614160145395}