{"name": "random-40-7.80-0.json", "solution": {"time": 0.001856132, "max_depth": 40, "is_feasible": true}, "AVD": 11.208772321428558}