{"name": "random-40-7.60-47.json", "solution": {"time": 0.001810094, "max_depth": 40, "is_feasible": true}, "AVD": 11.104421626984113}