{"name": "random-40-7.60-41.json", "solution": {"time": 0.0017589, "max_depth": 40, "is_feasible": true}, "AVD": 11.050039682539667}