{"name": "random-40-10.20-4.json", "solution": {"time": 0.001000473, "max_depth": 40, "is_feasible": true}, "AVD": 13.150801587301578}