{"name": "random-40-12.00-15.json", "solution": {"time": 0.003039822, "max_depth": 40, "is_feasible": true}, "AVD": 14.609128472222215}