{"name": "random-40-8.80-15.json", "solution": {"time": 0.001132956, "max_depth": 40, "is_feasible": true}, "AVD": 12.067128472222208}