{"name": "random-40-9.40-40.json", "solution": {"time": 0.000968508, "max_depth": 40, "is_feasible": true}, "AVD": 12.568381944444434}