{"name": "random-40-2.20-9.json", "solution": {"time": 0.004708986, "max_depth": 0, "is_feasible": false}, "AVD": 6.363114971833697}