{"name": "random-40-5.60-1.json", "solution": {"time": 0.001800535, "max_depth": 40, "is_feasible": true}, "AVD": 9.414027642496373}