{"name": "random-40-9.60-13.json", "solution": {"time": 0.001823607, "max_depth": 40, "is_feasible": true}, "AVD": 12.67159374999999}