{"name": "random-40-6.40-26.json", "solution": {"time": 0.002513481, "max_depth": 40, "is_feasible": true}, "AVD": 10.090792027417017}