{"name": "random-40-11.60-20.json", "solution": {"time": 0.002597657, "max_depth": 40, "is_feasible": true}, "AVD": 14.255483134920627}