{"name": "random-40-8.60-44.json", "solution": {"time": 0.001371188, "max_depth": 40, "is_feasible": true}, "AVD": 11.91476140873014}