{"name": "random-40-10.40-44.json", "solution": {"time": 0.003103059, "max_depth": 40, "is_feasible": true}, "AVD": 13.384517857142848}