{"name": "random-40-4.60-14.json", "solution": {"time": 0.008554331, "max_depth": 4, "is_feasible": false}, "AVD": 8.584528842685076}