{"name": "random-40-9.80-19.json", "solution": {"time": 0.00171315, "max_depth": 40, "is_feasible": true}, "AVD": 12.8019373647186}