{"name": "random-40-6.00-15.json", "solution": {"time": 0.002872521, "max_depth": 40, "is_feasible": true}, "AVD": 9.770771645021629}