{"name": "random-40-11.40-41.json", "solution": {"time": 0.001104331, "max_depth": 40, "is_feasible": true}, "AVD": 14.061343253968243}