{"name": "random-40-2.20-46.json", "solution": {"time": 0.003945654, "max_depth": 2, "is_feasible": false}, "AVD": 6.347193851287583}