{"name": "random-40-8.80-2.json", "solution": {"time": 0.003451521, "max_depth": 40, "is_feasible": true}, "AVD": 12.009045138888878}