{"name": "random-40-6.20-24.json", "solution": {"time": 0.003036707, "max_depth": 40, "is_feasible": true}, "AVD": 9.89348137626261}