{"name": "random-40-6.20-7.json", "solution": {"time": 0.010714825, "max_depth": 40, "is_feasible": true}, "AVD": 9.97378968253967}