{"name": "random-40-8.60-19.json", "solution": {"time": 0.001559477, "max_depth": 40, "is_feasible": true}, "AVD": 11.837562860750348}