{"name": "random-40-4.40-28.json", "solution": {"time": 0.004259676, "max_depth": 9, "is_feasible": false}, "AVD": 8.465947014790741}