{"name": "random-40-10.80-45.json", "solution": {"time": 0.001823979, "max_depth": 40, "is_feasible": true}, "AVD": 13.714470238095226}