{"name": "random-40-10.20-6.json", "solution": {"time": 0.001475566, "max_depth": 40, "is_feasible": true}, "AVD": 13.1680679563492}