{"name": "random-40-5.40-32.json", "solution": {"time": 0.001892028, "max_depth": 40, "is_feasible": true}, "AVD": 9.252732503607483}