{"name": "random-40-3.20-3.json", "solution": {"time": 0.004370821, "max_depth": 4, "is_feasible": false}, "AVD": 7.269287816350297}