{"name": "random-40-8.40-24.json", "solution": {"time": 0.001901671, "max_depth": 40, "is_feasible": true}, "AVD": 11.672849206349197}