{"name": "random-40-10.80-44.json", "solution": {"time": 0.001773841, "max_depth": 40, "is_feasible": true}, "AVD": 13.703854166666655}