{"name": "random-40-7.40-49.json", "solution": {"time": 0.00119761, "max_depth": 40, "is_feasible": true}, "AVD": 10.908085317460301}