{"name": "random-40-3.00-14.json", "solution": {"time": 0.002864736, "max_depth": 0, "is_feasible": false}, "AVD": 7.145640151515133}