{"name": "random-40-11.60-47.json", "solution": {"time": 0.00097551, "max_depth": 40, "is_feasible": true}, "AVD": 14.296971230158723}