{"name": "random-40-3.60-36.json", "solution": {"time": 0.008503736, "max_depth": 0, "is_feasible": false}, "AVD": 7.791277940809172}