{"name": "random-40-10.80-4.json", "solution": {"time": 0.001779215, "max_depth": 40, "is_feasible": true}, "AVD": 13.608512896825388}