{"name": "random-40-8.40-2.json", "solution": {"time": 0.002244165, "max_depth": 40, "is_feasible": true}, "AVD": 11.695994904401143}