{"name": "random-40-7.00-5.json", "solution": {"time": 0.002098955, "max_depth": 40, "is_feasible": true}, "AVD": 10.607422348484834}