{"name": "random-40-5.40-10.json", "solution": {"time": 0.014426837, "max_depth": 8, "is_feasible": false}, "AVD": 9.278517073204554}