{"name": "random-40-5.20-34.json", "solution": {"time": 0.002929312, "max_depth": 40, "is_feasible": true}, "AVD": 9.089344471500704}