{"name": "random-40-6.40-32.json", "solution": {"time": 0.001885715, "max_depth": 40, "is_feasible": true}, "AVD": 10.066487103174586}