{"name": "random-40-4.40-8.json", "solution": {"time": 0.003345135, "max_depth": 4, "is_feasible": false}, "AVD": 8.399115512959245}