{"name": "random-40-2.80-26.json", "solution": {"time": 0.003052061, "max_depth": 2, "is_feasible": false}, "AVD": 6.955737113580843}