{"name": "random-40-9.60-29.json", "solution": {"time": 0.001402113, "max_depth": 40, "is_feasible": true}, "AVD": 12.69508333333332}