{"name": "random-40-10.80-13.json", "solution": {"time": 0.001333138, "max_depth": 40, "is_feasible": true}, "AVD": 13.659213789682536}