{"name": "random-40-2.40-20.json", "solution": {"time": 0.002502319, "max_depth": 0, "is_feasible": false}, "AVD": 6.627957126207109}