{"name": "random-40-8.60-16.json", "solution": {"time": 0.001414637, "max_depth": 40, "is_feasible": true}, "AVD": 11.912544642857133}