{"name": "random-40-11.20-41.json", "solution": {"time": 0.00111293, "max_depth": 40, "is_feasible": true}, "AVD": 13.93712301587301}