{"name": "random-40-5.40-48.json", "solution": {"time": 0.007242, "max_depth": 6, "is_feasible": false}, "AVD": 9.26612369227993}