{"name": "random-40-6.00-11.json", "solution": {"time": 0.002101793, "max_depth": 40, "is_feasible": true}, "AVD": 9.752911796536775}