{"name": "random-40-3.80-19.json", "solution": {"time": 0.003354986, "max_depth": 4, "is_feasible": false}, "AVD": 7.895880078255059}