{"name": "random-40-7.00-9.json", "solution": {"time": 0.001413244, "max_depth": 40, "is_feasible": true}, "AVD": 10.55010998376622}