{"name": "random-40-7.40-22.json", "solution": {"time": 0.002049439, "max_depth": 40, "is_feasible": true}, "AVD": 10.911054563492048}