{"name": "random-40-9.60-1.json", "solution": {"time": 0.001322736, "max_depth": 40, "is_feasible": true}, "AVD": 12.669478670634907}