{"name": "random-40-4.40-22.json", "solution": {"time": 0.003152894, "max_depth": 5, "is_feasible": false}, "AVD": 8.454921068514803}