{"name": "random-40-4.40-42.json", "solution": {"time": 0.005578987, "max_depth": 13, "is_feasible": false}, "AVD": 8.426228264790742}