{"name": "random-40-11.40-47.json", "solution": {"time": 0.001125737, "max_depth": 40, "is_feasible": true}, "AVD": 14.135533730158723}