{"name": "random-40-4.80-20.json", "solution": {"time": 0.003207125, "max_depth": 2, "is_feasible": false}, "AVD": 8.775987328643561}