{"name": "random-40-3.40-22.json", "solution": {"time": 0.004130535, "max_depth": 3, "is_feasible": false}, "AVD": 7.578455475080456}