{"name": "random-40-4.60-47.json", "solution": {"time": 0.002908799, "max_depth": 3, "is_feasible": false}, "AVD": 8.550401001775981}