{"name": "random-40-5.20-12.json", "solution": {"time": 0.003339245, "max_depth": 40, "is_feasible": true}, "AVD": 9.089527507214987}