{"name": "random-40-5.80-26.json", "solution": {"time": 0.002522899, "max_depth": 40, "is_feasible": true}, "AVD": 9.57833455086579}