{"name": "random-40-2.60-3.json", "solution": {"time": 0.002799473, "max_depth": 0, "is_feasible": false}, "AVD": 6.695295780608262}