{"name": "random-40-4.00-39.json", "solution": {"time": 0.00373102, "max_depth": 4, "is_feasible": false}, "AVD": 8.089666260822492}