{"name": "random-40-4.40-31.json", "solution": {"time": 0.003079797, "max_depth": 3, "is_feasible": false}, "AVD": 8.455083198051927}