{"name": "random-40-8.80-30.json", "solution": {"time": 0.001491187, "max_depth": 40, "is_feasible": true}, "AVD": 12.027308035714276}