{"name": "random-40-8.40-21.json", "solution": {"time": 0.001563463, "max_depth": 40, "is_feasible": true}, "AVD": 11.68399404761904}