{"name": "random-40-5.40-28.json", "solution": {"time": 0.001681216, "max_depth": 40, "is_feasible": true}, "AVD": 9.331214150432881}