{"name": "random-40-10.20-28.json", "solution": {"time": 0.000869766, "max_depth": 40, "is_feasible": true}, "AVD": 13.144802083333326}