{"name": "random-40-10.00-23.json", "solution": {"time": 0.001321057, "max_depth": 40, "is_feasible": true}, "AVD": 12.957739583333321}