{"name": "random-40-11.40-49.json", "solution": {"time": 0.001221796, "max_depth": 40, "is_feasible": true}, "AVD": 14.143200892857132}