{"name": "random-40-6.20-13.json", "solution": {"time": 0.001797284, "max_depth": 40, "is_feasible": true}, "AVD": 9.957908098845582}