{"name": "random-40-5.00-42.json", "solution": {"time": 0.001965948, "max_depth": 40, "is_feasible": true}, "AVD": 8.906981737012964}