{"name": "random-40-5.60-43.json", "solution": {"time": 0.00462471, "max_depth": 40, "is_feasible": true}, "AVD": 9.479208694083676}