{"name": "random-40-9.20-35.json", "solution": {"time": 0.005768066, "max_depth": 40, "is_feasible": true}, "AVD": 12.421221230158725}