{"name": "random-40-5.40-24.json", "solution": {"time": 0.005643674, "max_depth": 8, "is_feasible": false}, "AVD": 9.255254329004314}