{"name": "random-40-9.40-10.json", "solution": {"time": 0.001691083, "max_depth": 40, "is_feasible": true}, "AVD": 12.505254960317448}