{"name": "random-40-9.20-43.json", "solution": {"time": 0.003334352, "max_depth": 40, "is_feasible": true}, "AVD": 12.42130257936507}