{"name": "random-40-9.00-10.json", "solution": {"time": 0.001589776, "max_depth": 40, "is_feasible": true}, "AVD": 12.189477678571416}