{"name": "random-40-10.80-34.json", "solution": {"time": 0.001197828, "max_depth": 40, "is_feasible": true}, "AVD": 13.62687748015872}