{"name": "random-40-7.60-32.json", "solution": {"time": 0.001491627, "max_depth": 40, "is_feasible": true}, "AVD": 11.051666666666653}