{"name": "random-40-8.40-39.json", "solution": {"time": 0.002957468, "max_depth": 40, "is_feasible": true}, "AVD": 11.6657921626984}