{"name": "random-40-10.00-1.json", "solution": {"time": 0.000960117, "max_depth": 40, "is_feasible": true}, "AVD": 13.004495039682528}