{"name": "random-40-6.40-39.json", "solution": {"time": 0.0018945, "max_depth": 40, "is_feasible": true}, "AVD": 10.106327876984109}