{"name": "random-40-2.40-18.json", "solution": {"time": 0.002591104, "max_depth": 0, "is_feasible": false}, "AVD": 6.637749892468622}