{"name": "random-40-11.20-17.json", "solution": {"time": 0.002459021, "max_depth": 40, "is_feasible": true}, "AVD": 13.938933035714275}