{"name": "random-40-10.80-6.json", "solution": {"time": 0.001480298, "max_depth": 40, "is_feasible": true}, "AVD": 13.613149801587292}