{"name": "random-40-4.40-33.json", "solution": {"time": 0.002678294, "max_depth": 3, "is_feasible": false}, "AVD": 8.375281475468954}