{"name": "random-40-8.80-22.json", "solution": {"time": 0.00228353, "max_depth": 40, "is_feasible": true}, "AVD": 12.026819940476177}