{"name": "random-40-2.20-19.json", "solution": {"time": 0.002813131, "max_depth": 0, "is_feasible": false}, "AVD": 6.371368218586948}