{"name": "random-40-11.00-38.json", "solution": {"time": 0.001297129, "max_depth": 40, "is_feasible": true}, "AVD": 13.859495535714277}