{"name": "random-40-2.00-27.json", "solution": {"time": 0.002891017, "max_depth": 0, "is_feasible": false}, "AVD": 6.125537601287581}