{"name": "random-40-2.80-41.json", "solution": {"time": 0.002501766, "max_depth": 2, "is_feasible": false}, "AVD": 7.002074161949142}