{"name": "random-40-8.40-4.json", "solution": {"time": 0.002250536, "max_depth": 40, "is_feasible": true}, "AVD": 11.715232142857129}