{"name": "random-40-2.80-35.json", "solution": {"time": 0.002356153, "max_depth": 2, "is_feasible": false}, "AVD": 7.0267401799589155}