{"name": "random-40-8.80-14.json", "solution": {"time": 0.001132386, "max_depth": 40, "is_feasible": true}, "AVD": 12.004508640664877}