{"name": "random-40-6.00-1.json", "solution": {"time": 0.001381984, "max_depth": 40, "is_feasible": true}, "AVD": 9.754799467893198}