{"name": "random-40-11.40-48.json", "solution": {"time": 0.001129899, "max_depth": 40, "is_feasible": true}, "AVD": 14.07077976190475}