{"name": "random-40-9.80-17.json", "solution": {"time": 0.00170246, "max_depth": 40, "is_feasible": true}, "AVD": 12.835898809523794}