{"name": "random-40-3.40-40.json", "solution": {"time": 0.002698545, "max_depth": 2, "is_feasible": false}, "AVD": 7.527887699106432}