{"name": "random-40-11.00-6.json", "solution": {"time": 0.001422761, "max_depth": 40, "is_feasible": true}, "AVD": 13.759436011904754}