{"name": "random-40-2.00-21.json", "solution": {"time": 0.002510061, "max_depth": 0, "is_feasible": false}, "AVD": 6.192572994815626}