{"name": "random-40-6.40-27.json", "solution": {"time": 0.00287922, "max_depth": 40, "is_feasible": true}, "AVD": 10.106836309523793}