{"name": "random-40-11.20-1.json", "solution": {"time": 0.001398457, "max_depth": 40, "is_feasible": true}, "AVD": 13.945746031746022}