{"name": "random-40-8.80-20.json", "solution": {"time": 0.002578178, "max_depth": 40, "is_feasible": true}, "AVD": 12.022569444444434}