{"name": "random-40-2.40-41.json", "solution": {"time": 0.002704988, "max_depth": 2, "is_feasible": false}, "AVD": 6.613219977938712}