{"name": "random-40-12.00-30.json", "solution": {"time": 0.00149743, "max_depth": 40, "is_feasible": true}, "AVD": 14.589665674603165}