{"name": "random-40-9.80-26.json", "solution": {"time": 0.000916934, "max_depth": 40, "is_feasible": true}, "AVD": 12.906550595238084}