{"name": "random-40-9.80-39.json", "solution": {"time": 0.001541314, "max_depth": 40, "is_feasible": true}, "AVD": 12.817412202380941}