{"name": "random-40-6.40-44.json", "solution": {"time": 0.002267378, "max_depth": 40, "is_feasible": true}, "AVD": 10.129044642857128}