{"name": "random-40-7.20-9.json", "solution": {"time": 0.001286904, "max_depth": 40, "is_feasible": true}, "AVD": 10.727837662337645}