{"name": "random-40-9.40-47.json", "solution": {"time": 0.00111579, "max_depth": 40, "is_feasible": true}, "AVD": 12.490307043650782}