{"name": "random-40-10.20-44.json", "solution": {"time": 0.001414552, "max_depth": 40, "is_feasible": true}, "AVD": 13.226130952380942}