{"name": "random-40-4.20-20.json", "solution": {"time": 0.002758361, "max_depth": 2, "is_feasible": false}, "AVD": 8.277582927489158}