{"name": "random-40-6.20-3.json", "solution": {"time": 0.001472621, "max_depth": 40, "is_feasible": true}, "AVD": 9.959451884920616}