{"name": "random-40-9.20-48.json", "solution": {"time": 0.001813123, "max_depth": 40, "is_feasible": true}, "AVD": 12.340400793650783}