{"name": "random-40-7.20-43.json", "solution": {"time": 0.001738641, "max_depth": 40, "is_feasible": true}, "AVD": 10.817563988095225}