{"name": "random-40-9.20-5.json", "solution": {"time": 0.005231505, "max_depth": 40, "is_feasible": true}, "AVD": 12.370133928571416}