{"name": "random-40-5.00-6.json", "solution": {"time": 0.003145379, "max_depth": 3, "is_feasible": false}, "AVD": 8.94336332070705}