{"name": "random-40-6.40-3.json", "solution": {"time": 0.001424542, "max_depth": 40, "is_feasible": true}, "AVD": 10.147368551587284}