{"name": "random-40-3.60-17.json", "solution": {"time": 0.003279887, "max_depth": 2, "is_feasible": false}, "AVD": 7.726898719336196}