{"name": "random-40-8.60-34.json", "solution": {"time": 0.00146087, "max_depth": 40, "is_feasible": true}, "AVD": 11.9010559163059}