{"name": "random-40-7.60-28.json", "solution": {"time": 0.001580995, "max_depth": 40, "is_feasible": true}, "AVD": 11.127951884920622}