{"name": "random-40-2.40-44.json", "solution": {"time": 0.003466275, "max_depth": 2, "is_feasible": false}, "AVD": 6.611820401820379}