{"name": "random-40-7.40-31.json", "solution": {"time": 0.001532732, "max_depth": 40, "is_feasible": true}, "AVD": 10.931717261904746}