{"name": "random-40-3.40-49.json", "solution": {"time": 0.002592713, "max_depth": 0, "is_feasible": false}, "AVD": 7.558683920246399}