{"name": "random-40-8.80-8.json", "solution": {"time": 0.001378891, "max_depth": 40, "is_feasible": true}, "AVD": 11.992958333333323}