{"name": "random-40-11.00-44.json", "solution": {"time": 0.001736727, "max_depth": 40, "is_feasible": true}, "AVD": 13.860593749999992}