{"name": "random-40-5.00-13.json", "solution": {"time": 0.013663532, "max_depth": 11, "is_feasible": false}, "AVD": 8.972527011183244}