{"name": "random-40-5.20-8.json", "solution": {"time": 0.004160353, "max_depth": 10, "is_feasible": false}, "AVD": 9.076082702020182}