{"name": "random-40-4.60-4.json", "solution": {"time": 0.004586105, "max_depth": 5, "is_feasible": false}, "AVD": 8.567957070707047}