{"name": "random-40-3.00-18.json", "solution": {"time": 0.002806979, "max_depth": 0, "is_feasible": false}, "AVD": 7.20286007395381}