{"name": "random-40-9.20-29.json", "solution": {"time": 0.001530552, "max_depth": 40, "is_feasible": true}, "AVD": 12.329276289682525}