{"name": "random-40-5.80-39.json", "solution": {"time": 0.016141562, "max_depth": 40, "is_feasible": true}, "AVD": 9.604179563492043}