{"name": "random-40-7.80-16.json", "solution": {"time": 0.002738235, "max_depth": 40, "is_feasible": true}, "AVD": 11.247250496031736}