{"name": "random-40-4.80-42.json", "solution": {"time": 0.00629378, "max_depth": 17, "is_feasible": false}, "AVD": 8.739260010822488}