{"name": "random-40-11.80-6.json", "solution": {"time": 0.001073488, "max_depth": 40, "is_feasible": true}, "AVD": 14.42995684523809}