{"name": "random-40-10.40-12.json", "solution": {"time": 0.001530245, "max_depth": 40, "is_feasible": true}, "AVD": 13.370790178571422}