{"name": "random-40-11.00-19.json", "solution": {"time": 0.002297722, "max_depth": 40, "is_feasible": true}, "AVD": 13.838527777777767}