{"name": "random-40-4.40-36.json", "solution": {"time": 0.002594337, "max_depth": 2, "is_feasible": false}, "AVD": 8.480493731962463}