{"name": "random-40-2.00-42.json", "solution": {"time": 0.002621836, "max_depth": 0, "is_feasible": false}, "AVD": 6.142206224331204}