{"name": "random-40-2.40-33.json", "solution": {"time": 0.003137079, "max_depth": 2, "is_feasible": false}, "AVD": 6.560936331030055}