{"name": "random-40-8.20-21.json", "solution": {"time": 0.003267598, "max_depth": 40, "is_feasible": true}, "AVD": 11.526036075036064}