{"name": "random-40-9.80-1.json", "solution": {"time": 0.001655881, "max_depth": 40, "is_feasible": true}, "AVD": 12.796017361111097}