{"name": "random-40-7.60-39.json", "solution": {"time": 0.001759209, "max_depth": 40, "is_feasible": true}, "AVD": 11.020469246031732}