{"name": "random-40-12.00-11.json", "solution": {"time": 0.001463138, "max_depth": 40, "is_feasible": true}, "AVD": 14.58218154761904}