{"name": "random-40-10.80-33.json", "solution": {"time": 0.001514181, "max_depth": 40, "is_feasible": true}, "AVD": 13.657525793650786}