{"name": "random-40-3.00-2.json", "solution": {"time": 0.007591675, "max_depth": 4, "is_feasible": false}, "AVD": 7.187779609279588}