{"name": "random-40-8.00-45.json", "solution": {"time": 0.001288054, "max_depth": 40, "is_feasible": true}, "AVD": 11.436246888528121}