{"name": "random-40-4.80-44.json", "solution": {"time": 0.002842143, "max_depth": 4, "is_feasible": false}, "AVD": 8.785647546897524}