{"name": "random-40-7.20-42.json", "solution": {"time": 0.00121445, "max_depth": 40, "is_feasible": true}, "AVD": 10.754237328643562}