{"name": "random-40-3.60-23.json", "solution": {"time": 0.003359358, "max_depth": 2, "is_feasible": false}, "AVD": 7.796805420274147}