{"name": "random-40-4.80-16.json", "solution": {"time": 0.001874304, "max_depth": 40, "is_feasible": true}, "AVD": 8.80419331709955}