{"name": "random-40-4.40-1.json", "solution": {"time": 0.002585222, "max_depth": 2, "is_feasible": false}, "AVD": 8.425782693001423}