{"name": "random-40-6.80-6.json", "solution": {"time": 0.008651238, "max_depth": 40, "is_feasible": true}, "AVD": 10.402096951659436}