{"name": "random-40-8.00-41.json", "solution": {"time": 0.005504653, "max_depth": 40, "is_feasible": true}, "AVD": 11.380337797619035}