{"name": "random-40-10.60-42.json", "solution": {"time": 0.001027109, "max_depth": 40, "is_feasible": true}, "AVD": 13.445367063492052}