{"name": "random-40-9.40-49.json", "solution": {"time": 0.000995898, "max_depth": 40, "is_feasible": true}, "AVD": 12.490713789682527}