{"name": "random-40-8.20-27.json", "solution": {"time": 0.001710183, "max_depth": 40, "is_feasible": true}, "AVD": 11.587432539682524}