{"name": "random-40-11.00-39.json", "solution": {"time": 0.001289804, "max_depth": 40, "is_feasible": true}, "AVD": 13.775990575396815}