{"name": "random-40-8.20-45.json", "solution": {"time": 0.002477421, "max_depth": 40, "is_feasible": true}, "AVD": 11.594306547619032}