{"name": "random-40-2.20-38.json", "solution": {"time": 0.002994674, "max_depth": 2, "is_feasible": false}, "AVD": 6.404819239787971}