{"name": "random-40-11.80-25.json", "solution": {"time": 0.001160852, "max_depth": 40, "is_feasible": true}, "AVD": 14.410880456349195}