{"name": "random-40-2.60-23.json", "solution": {"time": 0.002719353, "max_depth": 2, "is_feasible": false}, "AVD": 6.8602553314740575}