{"name": "random-40-11.40-26.json", "solution": {"time": 0.003148453, "max_depth": 40, "is_feasible": true}, "AVD": 14.192396825396816}