{"name": "random-40-4.40-11.json", "solution": {"time": 0.002447081, "max_depth": 40, "is_feasible": true}, "AVD": 8.379514051920284}