{"name": "random-40-10.00-9.json", "solution": {"time": 0.002833688, "max_depth": 40, "is_feasible": true}, "AVD": 12.969250496031737}