{"name": "random-40-9.20-9.json", "solution": {"time": 0.001806347, "max_depth": 40, "is_feasible": true}, "AVD": 12.297834821428562}