{"name": "random-40-5.40-31.json", "solution": {"time": 0.00744169, "max_depth": 4, "is_feasible": false}, "AVD": 9.299284586940818}