{"name": "random-40-10.80-21.json", "solution": {"time": 0.001345217, "max_depth": 40, "is_feasible": true}, "AVD": 13.589822916666657}