{"name": "random-40-10.40-3.json", "solution": {"time": 0.000990572, "max_depth": 40, "is_feasible": true}, "AVD": 13.390497023809512}