{"name": "random-40-4.00-28.json", "solution": {"time": 0.004475099, "max_depth": 9, "is_feasible": false}, "AVD": 8.11114060245308}