{"name": "random-40-8.00-43.json", "solution": {"time": 0.001393051, "max_depth": 40, "is_feasible": true}, "AVD": 11.482532738095227}