{"name": "random-40-6.60-25.json", "solution": {"time": 0.003136955, "max_depth": 40, "is_feasible": true}, "AVD": 10.292273674242406}