{"name": "random-40-9.00-26.json", "solution": {"time": 0.001394092, "max_depth": 40, "is_feasible": true}, "AVD": 12.259031249999987}