{"name": "random-40-6.60-14.json", "solution": {"time": 0.003764378, "max_depth": 40, "is_feasible": true}, "AVD": 10.26081428640802}