{"name": "random-40-6.80-46.json", "solution": {"time": 0.00192546, "max_depth": 40, "is_feasible": true}, "AVD": 10.403333829365064}