{"name": "random-40-5.80-9.json", "solution": {"time": 0.001404123, "max_depth": 40, "is_feasible": true}, "AVD": 9.59562125721499}