{"name": "random-40-3.20-20.json", "solution": {"time": 0.002221923, "max_depth": 0, "is_feasible": false}, "AVD": 7.399337464618692}