{"name": "random-40-5.20-18.json", "solution": {"time": 0.009720457, "max_depth": 3, "is_feasible": false}, "AVD": 9.101422979797963}