{"name": "random-40-4.20-8.json", "solution": {"time": 0.002754633, "max_depth": 2, "is_feasible": false}, "AVD": 8.221450695138177}