{"name": "random-40-4.00-6.json", "solution": {"time": 0.002898842, "max_depth": 2, "is_feasible": false}, "AVD": 8.090050820707052}