{"name": "random-40-5.80-24.json", "solution": {"time": 0.009385835, "max_depth": 40, "is_feasible": true}, "AVD": 9.580408955627693}