{"name": "random-40-9.40-4.json", "solution": {"time": 0.00085828, "max_depth": 40, "is_feasible": true}, "AVD": 12.481562003968245}