{"name": "random-40-4.80-32.json", "solution": {"time": 0.003396037, "max_depth": 5, "is_feasible": false}, "AVD": 8.767952245670974}