{"name": "random-40-11.60-27.json", "solution": {"time": 0.00113992, "max_depth": 40, "is_feasible": true}, "AVD": 14.256683035714275}