{"name": "random-40-5.80-0.json", "solution": {"time": 0.003775707, "max_depth": 4, "is_feasible": false}, "AVD": 9.566636904761884}