{"name": "random-40-11.60-9.json", "solution": {"time": 0.001010276, "max_depth": 40, "is_feasible": true}, "AVD": 14.280518353174594}