{"name": "random-40-11.20-42.json", "solution": {"time": 0.001110301, "max_depth": 40, "is_feasible": true}, "AVD": 13.896245039682531}