{"name": "random-40-7.20-22.json", "solution": {"time": 0.001692671, "max_depth": 40, "is_feasible": true}, "AVD": 10.747318948412683}