{"name": "random-40-8.40-12.json", "solution": {"time": 0.001658502, "max_depth": 40, "is_feasible": true}, "AVD": 11.778177940115427}