{"name": "random-40-5.80-21.json", "solution": {"time": 0.001772568, "max_depth": 40, "is_feasible": true}, "AVD": 9.57310473554222}