{"name": "random-40-10.20-37.json", "solution": {"time": 0.00093547, "max_depth": 40, "is_feasible": true}, "AVD": 13.191069444444432}