{"name": "random-40-8.00-26.json", "solution": {"time": 0.001496922, "max_depth": 40, "is_feasible": true}, "AVD": 11.423513888888873}