{"name": "random-40-3.60-26.json", "solution": {"time": 0.007747463, "max_depth": 3, "is_feasible": false}, "AVD": 7.722357954545435}