{"name": "random-40-9.00-36.json", "solution": {"time": 0.001835262, "max_depth": 40, "is_feasible": true}, "AVD": 12.247683035714271}