{"name": "random-40-2.60-45.json", "solution": {"time": 0.002298816, "max_depth": 0, "is_feasible": false}, "AVD": 6.783835147491376}