{"name": "random-40-7.60-37.json", "solution": {"time": 0.001436198, "max_depth": 40, "is_feasible": true}, "AVD": 11.134602182539668}