{"name": "random-40-6.00-17.json", "solution": {"time": 0.005585085, "max_depth": 40, "is_feasible": true}, "AVD": 9.759702606421333}