{"name": "random-40-5.40-20.json", "solution": {"time": 0.006479551, "max_depth": 40, "is_feasible": true}, "AVD": 9.290724431818164}