{"name": "random-40-12.00-17.json", "solution": {"time": 0.001650599, "max_depth": 40, "is_feasible": true}, "AVD": 14.532395833333329}