{"name": "random-40-4.60-26.json", "solution": {"time": 0.003913531, "max_depth": 4, "is_feasible": false}, "AVD": 8.57454820526694}