{"name": "random-40-11.60-12.json", "solution": {"time": 0.002370207, "max_depth": 40, "is_feasible": true}, "AVD": 14.321660714285708}