{"name": "random-40-9.20-47.json", "solution": {"time": 0.001800479, "max_depth": 40, "is_feasible": true}, "AVD": 12.300743055555543}