{"name": "random-40-6.80-33.json", "solution": {"time": 0.002965972, "max_depth": 40, "is_feasible": true}, "AVD": 10.36910615079363}