{"name": "random-40-2.80-31.json", "solution": {"time": 0.002255676, "max_depth": 0, "is_feasible": false}, "AVD": 7.0137736568986355}