{"name": "random-40-7.00-21.json", "solution": {"time": 0.001287851, "max_depth": 40, "is_feasible": true}, "AVD": 10.584475045787531}