{"name": "random-40-11.60-23.json", "solution": {"time": 0.00116753, "max_depth": 40, "is_feasible": true}, "AVD": 14.240108134920623}