{"name": "random-40-10.80-17.json", "solution": {"time": 0.001346271, "max_depth": 40, "is_feasible": true}, "AVD": 13.629297619047609}