{"name": "random-40-7.00-32.json", "solution": {"time": 0.001191833, "max_depth": 40, "is_feasible": true}, "AVD": 10.580390376984113}