{"name": "random-40-4.60-27.json", "solution": {"time": 0.009311685, "max_depth": 5, "is_feasible": false}, "AVD": 8.586364177489155}