{"name": "random-40-4.20-23.json", "solution": {"time": 0.003003805, "max_depth": 2, "is_feasible": false}, "AVD": 8.317238816738797}