{"name": "random-40-10.80-3.json", "solution": {"time": 0.003174751, "max_depth": 40, "is_feasible": true}, "AVD": 13.679490079365072}