{"name": "random-40-3.40-21.json", "solution": {"time": 0.005930215, "max_depth": 2, "is_feasible": false}, "AVD": 7.498789287101765}