{"name": "random-40-10.20-49.json", "solution": {"time": 0.001408898, "max_depth": 40, "is_feasible": true}, "AVD": 13.15086259920634}