{"name": "random-40-2.00-28.json", "solution": {"time": 0.002871461, "max_depth": 0, "is_feasible": false}, "AVD": 6.160570807664534}