{"name": "random-40-2.20-0.json", "solution": {"time": 0.002508069, "max_depth": 0, "is_feasible": false}, "AVD": 6.418614187895417}