{"name": "random-40-2.20-21.json", "solution": {"time": 0.004491905, "max_depth": 0, "is_feasible": false}, "AVD": 6.377865986444095}