{"name": "random-40-2.00-40.json", "solution": {"time": 0.00263957, "max_depth": 0, "is_feasible": false}, "AVD": 6.1658516795704035}