{"name": "random-40-7.20-0.json", "solution": {"time": 0.001632745, "max_depth": 40, "is_feasible": true}, "AVD": 10.725537698412683}