{"name": "random-40-8.20-39.json", "solution": {"time": 0.001290871, "max_depth": 40, "is_feasible": true}, "AVD": 11.515336805555542}