{"name": "random-40-8.80-46.json", "solution": {"time": 0.001091054, "max_depth": 40, "is_feasible": true}, "AVD": 12.065359126984115}