{"name": "random-40-6.20-40.json", "solution": {"time": 0.004134155, "max_depth": 40, "is_feasible": true}, "AVD": 9.88739682539681}