{"name": "random-40-2.80-36.json", "solution": {"time": 0.002386741, "max_depth": 0, "is_feasible": false}, "AVD": 7.058666045759777}