{"name": "random-40-4.60-15.json", "solution": {"time": 0.004239472, "max_depth": 13, "is_feasible": false}, "AVD": 8.614862283549764}