{"name": "random-40-9.40-11.json", "solution": {"time": 0.001673257, "max_depth": 40, "is_feasible": true}, "AVD": 12.488232638888876}