{"name": "random-40-7.60-44.json", "solution": {"time": 0.001515789, "max_depth": 40, "is_feasible": true}, "AVD": 11.140723710317449}