{"name": "random-40-2.80-46.json", "solution": {"time": 0.00375483, "max_depth": 4, "is_feasible": false}, "AVD": 6.94717141192139}