{"name": "random-40-6.00-23.json", "solution": {"time": 0.002184465, "max_depth": 40, "is_feasible": true}, "AVD": 9.791772682178916}