{"name": "random-40-3.40-24.json", "solution": {"time": 0.003183902, "max_depth": 3, "is_feasible": false}, "AVD": 7.553998945498927}