{"name": "random-40-8.20-8.json", "solution": {"time": 0.001233657, "max_depth": 40, "is_feasible": true}, "AVD": 11.523717622655111}