{"name": "random-40-6.80-9.json", "solution": {"time": 0.001216448, "max_depth": 40, "is_feasible": true}, "AVD": 10.405593118686852}