{"name": "random-40-5.80-20.json", "solution": {"time": 0.004209012, "max_depth": 40, "is_feasible": true}, "AVD": 9.602983360389596}