{"name": "random-40-7.20-29.json", "solution": {"time": 0.001308824, "max_depth": 40, "is_feasible": true}, "AVD": 10.750371392496374}