{"name": "random-40-2.40-26.json", "solution": {"time": 0.002412801, "max_depth": 0, "is_feasible": false}, "AVD": 6.578988601676079}