{"name": "random-40-6.80-48.json", "solution": {"time": 0.001577901, "max_depth": 40, "is_feasible": true}, "AVD": 10.403866296897533}