{"name": "random-40-2.80-32.json", "solution": {"time": 0.00462674, "max_depth": 2, "is_feasible": false}, "AVD": 6.930184218559193}