{"name": "random-40-6.60-9.json", "solution": {"time": 0.002076309, "max_depth": 40, "is_feasible": true}, "AVD": 10.231099071067803}