{"name": "random-40-9.60-15.json", "solution": {"time": 0.001368954, "max_depth": 40, "is_feasible": true}, "AVD": 12.693598710317449}