{"name": "random-40-7.20-38.json", "solution": {"time": 0.001276615, "max_depth": 40, "is_feasible": true}, "AVD": 10.75584212662336}