{"name": "random-40-2.80-25.json", "solution": {"time": 0.002933649, "max_depth": 2, "is_feasible": false}, "AVD": 7.049585227272708}