{"name": "random-40-8.00-3.json", "solution": {"time": 0.001294609, "max_depth": 40, "is_feasible": true}, "AVD": 11.467849206349193}