{"name": "random-40-5.80-27.json", "solution": {"time": 0.005138708, "max_depth": 7, "is_feasible": false}, "AVD": 9.604547483766217}