{"name": "random-40-7.00-22.json", "solution": {"time": 0.001869337, "max_depth": 40, "is_feasible": true}, "AVD": 10.585352678571414}