{"name": "random-40-11.60-29.json", "solution": {"time": 0.003383629, "max_depth": 40, "is_feasible": true}, "AVD": 14.212896825396815}