{"name": "random-40-10.40-30.json", "solution": {"time": 0.00107291, "max_depth": 40, "is_feasible": true}, "AVD": 13.318747023809516}