{"name": "random-40-12.00-35.json", "solution": {"time": 0.002051661, "max_depth": 40, "is_feasible": true}, "AVD": 14.589808035714281}