{"name": "random-40-12.00-19.json", "solution": {"time": 0.001427216, "max_depth": 40, "is_feasible": true}, "AVD": 14.668513392857136}