{"name": "random-40-5.20-15.json", "solution": {"time": 0.001812531, "max_depth": 40, "is_feasible": true}, "AVD": 9.102776334776314}