{"name": "random-40-2.20-27.json", "solution": {"time": 0.003013091, "max_depth": 0, "is_feasible": false}, "AVD": 6.348685300810279}