{"name": "random-40-9.80-15.json", "solution": {"time": 0.001681339, "max_depth": 40, "is_feasible": true}, "AVD": 12.859734126984119}