{"name": "random-40-5.40-38.json", "solution": {"time": 0.001941691, "max_depth": 40, "is_feasible": true}, "AVD": 9.271855113636343}