{"name": "random-40-6.40-42.json", "solution": {"time": 0.002884029, "max_depth": 40, "is_feasible": true}, "AVD": 10.108731376262607}