{"name": "random-40-6.60-30.json", "solution": {"time": 0.002349808, "max_depth": 40, "is_feasible": true}, "AVD": 10.278361111111092}