{"name": "random-40-6.20-14.json", "solution": {"time": 0.001926524, "max_depth": 40, "is_feasible": true}, "AVD": 9.938383009351742}