{"name": "random-40-5.80-6.json", "solution": {"time": 0.004228509, "max_depth": 7, "is_feasible": false}, "AVD": 9.60875915404038}