{"name": "random-40-6.40-33.json", "solution": {"time": 0.002476789, "max_depth": 40, "is_feasible": true}, "AVD": 10.053351055194785}