{"name": "random-40-10.60-12.json", "solution": {"time": 0.001654662, "max_depth": 40, "is_feasible": true}, "AVD": 13.538816964285706}