{"name": "random-40-2.00-46.json", "solution": {"time": 0.003041932, "max_depth": 2, "is_feasible": false}, "AVD": 6.117975253912732}