{"name": "random-40-2.80-19.json", "solution": {"time": 0.00311561, "max_depth": 3, "is_feasible": false}, "AVD": 6.964034732628461}