{"name": "random-40-6.00-42.json", "solution": {"time": 0.001371268, "max_depth": 40, "is_feasible": true}, "AVD": 9.766129193722927}