{"name": "random-40-7.00-34.json", "solution": {"time": 0.001065376, "max_depth": 40, "is_feasible": true}, "AVD": 10.582629329004313}