{"name": "random-40-9.00-34.json", "solution": {"time": 0.001777255, "max_depth": 40, "is_feasible": true}, "AVD": 12.207559388528127}