{"name": "random-40-9.80-0.json", "solution": {"time": 0.001785045, "max_depth": 40, "is_feasible": true}, "AVD": 12.834576884920622}