{"name": "random-40-10.20-33.json", "solution": {"time": 0.00095703, "max_depth": 40, "is_feasible": true}, "AVD": 13.166217261904753}