{"name": "random-40-9.20-2.json", "solution": {"time": 0.001215969, "max_depth": 40, "is_feasible": true}, "AVD": 12.325005456349194}