{"name": "random-40-11.60-16.json", "solution": {"time": 0.001715356, "max_depth": 40, "is_feasible": true}, "AVD": 14.276023809523803}