{"name": "random-40-4.40-15.json", "solution": {"time": 0.003036305, "max_depth": 4, "is_feasible": false}, "AVD": 8.44079531926405}