{"name": "random-40-10.60-19.json", "solution": {"time": 0.001279122, "max_depth": 40, "is_feasible": true}, "AVD": 13.51540873015872}