{"name": "random-40-9.20-20.json", "solution": {"time": 0.001279068, "max_depth": 40, "is_feasible": true}, "AVD": 12.340360119047613}