{"name": "random-40-11.80-3.json", "solution": {"time": 0.001679792, "max_depth": 40, "is_feasible": true}, "AVD": 14.441508432539678}