{"name": "random-40-5.80-33.json", "solution": {"time": 0.002325692, "max_depth": 40, "is_feasible": true}, "AVD": 9.564667884199114}