{"name": "random-40-10.80-31.json", "solution": {"time": 0.001716885, "max_depth": 40, "is_feasible": true}, "AVD": 13.682581349206341}