{"name": "random-40-6.60-5.json", "solution": {"time": 0.002172387, "max_depth": 40, "is_feasible": true}, "AVD": 10.284506673881653}