{"name": "random-40-7.20-12.json", "solution": {"time": 0.001298353, "max_depth": 40, "is_feasible": true}, "AVD": 10.748073277417012}