{"name": "random-40-10.20-30.json", "solution": {"time": 0.001005683, "max_depth": 40, "is_feasible": true}, "AVD": 13.169389880952375}