{"name": "random-40-12.00-12.json", "solution": {"time": 0.00108842, "max_depth": 40, "is_feasible": true}, "AVD": 14.633817956349196}