{"name": "random-40-7.00-20.json", "solution": {"time": 0.001608594, "max_depth": 40, "is_feasible": true}, "AVD": 10.60249702380951}