{"name": "random-40-5.40-2.json", "solution": {"time": 0.003673363, "max_depth": 40, "is_feasible": true}, "AVD": 9.322713158369393}