{"name": "random-40-10.20-11.json", "solution": {"time": 0.001316845, "max_depth": 40, "is_feasible": true}, "AVD": 13.143358134920623}