{"name": "random-40-7.20-45.json", "solution": {"time": 0.001318234, "max_depth": 40, "is_feasible": true}, "AVD": 10.77619976551225}