{"name": "random-40-10.20-8.json", "solution": {"time": 0.001391629, "max_depth": 40, "is_feasible": true}, "AVD": 13.084034226190465}