{"name": "random-40-5.00-40.json", "solution": {"time": 0.007288598, "max_depth": 4, "is_feasible": false}, "AVD": 8.926080312049049}