{"name": "random-40-10.40-39.json", "solution": {"time": 0.001183568, "max_depth": 40, "is_feasible": true}, "AVD": 13.304246527777769}