{"name": "random-40-4.40-30.json", "solution": {"time": 0.003716541, "max_depth": 4, "is_feasible": false}, "AVD": 8.486689782439765}