{"name": "random-40-4.40-40.json", "solution": {"time": 0.002968636, "max_depth": 2, "is_feasible": false}, "AVD": 8.396234442640678}