{"name": "random-40-8.20-23.json", "solution": {"time": 0.010745264, "max_depth": 40, "is_feasible": true}, "AVD": 11.499148313492048}