{"name": "random-40-7.40-17.json", "solution": {"time": 0.001721905, "max_depth": 40, "is_feasible": true}, "AVD": 10.890534226190457}