{"name": "random-40-6.60-32.json", "solution": {"time": 0.001668711, "max_depth": 40, "is_feasible": true}, "AVD": 10.247712797619032}