{"name": "random-40-9.60-48.json", "solution": {"time": 0.003245687, "max_depth": 40, "is_feasible": true}, "AVD": 12.665289186507929}