{"name": "random-40-7.80-31.json", "solution": {"time": 0.002800309, "max_depth": 40, "is_feasible": true}, "AVD": 11.265676091269826}