{"name": "random-40-9.20-38.json", "solution": {"time": 0.001306064, "max_depth": 40, "is_feasible": true}, "AVD": 12.422827876984114}