{"name": "random-40-12.00-48.json", "solution": {"time": 0.000779662, "max_depth": 40, "is_feasible": true}, "AVD": 14.515475198412691}