{"name": "random-40-2.60-27.json", "solution": {"time": 0.00237649, "max_depth": 0, "is_feasible": false}, "AVD": 6.7647236305361105}