{"name": "random-40-12.00-24.json", "solution": {"time": 0.001434123, "max_depth": 40, "is_feasible": true}, "AVD": 14.57077232142856}