{"name": "random-40-4.40-10.json", "solution": {"time": 0.003080693, "max_depth": 3, "is_feasible": false}, "AVD": 8.438917461011188}