{"name": "random-40-9.60-0.json", "solution": {"time": 0.001076463, "max_depth": 40, "is_feasible": true}, "AVD": 12.657093253968242}