{"name": "random-40-3.40-45.json", "solution": {"time": 0.002772026, "max_depth": 3, "is_feasible": false}, "AVD": 7.53779751151624}