{"name": "random-40-4.80-24.json", "solution": {"time": 0.005394314, "max_depth": 8, "is_feasible": false}, "AVD": 8.775370383089115}