{"name": "random-40-9.60-5.json", "solution": {"time": 0.001761107, "max_depth": 40, "is_feasible": true}, "AVD": 12.663418154761894}