{"name": "random-40-2.60-0.json", "solution": {"time": 0.00673349, "max_depth": 0, "is_feasible": false}, "AVD": 6.798331376956355}