{"name": "random-40-3.40-31.json", "solution": {"time": 0.018261375, "max_depth": 2, "is_feasible": false}, "AVD": 7.564113410894636}