{"name": "random-40-7.00-8.json", "solution": {"time": 0.001194107, "max_depth": 40, "is_feasible": true}, "AVD": 10.552509785353518}