{"name": "random-40-3.40-26.json", "solution": {"time": 0.003087405, "max_depth": 3, "is_feasible": false}, "AVD": 7.523281655844137}