{"name": "random-40-7.80-32.json", "solution": {"time": 0.00248734, "max_depth": 40, "is_feasible": true}, "AVD": 11.24287797619046}