{"name": "random-40-9.40-34.json", "solution": {"time": 0.001776112, "max_depth": 40, "is_feasible": true}, "AVD": 12.534379825036062}