{"name": "random-40-12.00-23.json", "solution": {"time": 0.001318289, "max_depth": 40, "is_feasible": true}, "AVD": 14.56987748015872}