{"name": "random-40-10.20-26.json", "solution": {"time": 0.000899389, "max_depth": 40, "is_feasible": true}, "AVD": 13.22177876984126}