{"name": "random-40-6.40-0.json", "solution": {"time": 0.004997236, "max_depth": 5, "is_feasible": false}, "AVD": 10.066507440476173}