{"name": "random-40-2.40-27.json", "solution": {"time": 0.002680672, "max_depth": 0, "is_feasible": false}, "AVD": 6.561693931068911}