{"name": "random-40-9.00-27.json", "solution": {"time": 0.001413927, "max_depth": 40, "is_feasible": true}, "AVD": 12.217461805555542}