{"name": "random-40-7.00-29.json", "solution": {"time": 0.001528913, "max_depth": 40, "is_feasible": true}, "AVD": 10.581348079004313}