{"name": "random-40-11.40-13.json", "solution": {"time": 0.001735475, "max_depth": 40, "is_feasible": true}, "AVD": 14.136001488095232}