{"name": "random-40-3.60-49.json", "solution": {"time": 0.004027633, "max_depth": 0, "is_feasible": false}, "AVD": 7.743512445887424}