{"name": "random-40-2.00-49.json", "solution": {"time": 0.004066507, "max_depth": 0, "is_feasible": false}, "AVD": 6.150704656454634}