{"name": "random-40-10.60-25.json", "solution": {"time": 0.003321003, "max_depth": 40, "is_feasible": true}, "AVD": 13.442601190476177}