{"name": "random-40-3.40-47.json", "solution": {"time": 0.002698114, "max_depth": 2, "is_feasible": false}, "AVD": 7.534481962481945}