{"name": "random-40-10.20-3.json", "solution": {"time": 0.000898742, "max_depth": 40, "is_feasible": true}, "AVD": 13.23674702380951}