{"name": "random-40-10.60-16.json", "solution": {"time": 0.001183405, "max_depth": 40, "is_feasible": true}, "AVD": 13.477255952380947}