{"name": "random-40-3.80-48.json", "solution": {"time": 0.003905978, "max_depth": 4, "is_feasible": false}, "AVD": 7.934491938616918}