{"name": "random-40-3.40-27.json", "solution": {"time": 0.007379599, "max_depth": 2, "is_feasible": false}, "AVD": 7.531802985209211}