{"name": "random-40-11.40-21.json", "solution": {"time": 0.001167614, "max_depth": 40, "is_feasible": true}, "AVD": 14.079402777777767}