{"name": "random-40-11.80-21.json", "solution": {"time": 0.007991866, "max_depth": 40, "is_feasible": true}, "AVD": 14.404718253968246}