{"name": "random-40-2.60-33.json", "solution": {"time": 0.00289157, "max_depth": 2, "is_feasible": false}, "AVD": 6.749767607392582}