{"name": "random-40-7.20-32.json", "solution": {"time": 0.001294072, "max_depth": 40, "is_feasible": true}, "AVD": 10.751040674603162}