{"name": "random-40-3.60-32.json", "solution": {"time": 0.007978437, "max_depth": 2, "is_feasible": false}, "AVD": 7.708848439754666}