{"name": "random-40-5.40-26.json", "solution": {"time": 0.002627482, "max_depth": 40, "is_feasible": true}, "AVD": 9.26538415404039}