{"name": "random-40-10.60-30.json", "solution": {"time": 0.001799292, "max_depth": 40, "is_feasible": true}, "AVD": 13.456206845238086}