{"name": "random-40-7.40-40.json", "solution": {"time": 0.001133309, "max_depth": 40, "is_feasible": true}, "AVD": 10.90554315476189}