{"name": "random-40-2.80-42.json", "solution": {"time": 0.002646362, "max_depth": 3, "is_feasible": false}, "AVD": 6.988448169885649}