{
    "NAME": "random-15-6.00-0",
    "TYPE": "TSPSD",
    "COMMENT": "15 random locations, 6.0 goal degree after n/2 deletes",
    "EDGE_WEIGHT_TYPE": "EUC_2D",
    "DIMENSION": 15,
    "GROUPS": [
        8,
        14,
        10,
        10,
        10,
        10,
        12,
        12,
        9,
        12,
        13,
        15,
        16,
        12,
        14
    ],
    "GROUPS_SUM": 177,
    "EXP_DEGREE_HALF": 6.0857187257187215,
    "EXP_DEGREES": [
        14.0,
        12.426666666666668,
        11.033650793650796,
        9.79868131868132,
        8.702319902319907,
        7.727605727605724,
        6.85972693972694,
        6.0857187257187215,
        5.394188034188044,
        4.775064935064938,
        4.219380619380619,
        3.7190720390720386,
        3.2668131868131933,
        2.855873015873023,
        2.4799999999999986,
        2.133333333333333
    ],
    "EXP_REMOVED_EDGES": [
        0.0,
        11.799999999999992,
        22.24761904761903,
        31.509890109890105,
        39.732600732600694,
        47.04295704295707,
        53.55204795204795,
        59.35710955710959,
        64.54358974358966,
        69.18701298701296,
        73.35464535464536,
        77.10695970695971,
        80.49890109890104,
        83.58095238095233,
        86.4,
        89
    ],
    "NODE_COORDS": {
        "1": [
            86,
            55
        ],
        "2": [
            23,
            39
        ],
        "3": [
            1,
            33
        ],
        "4": [
            7,
            58
        ],
        "5": [
            11,
            46
        ],
        "6": [
            23,
            24
        ],
        "7": [
            60,
            0
        ],
        "8": [
            49,
            14
        ],
        "9": [
            85,
            63
        ],
        "10": [
            82,
            48
        ],
        "11": [
            97,
            53
        ],
        "12": [
            28,
            64
        ],
        "13": [
            51,
            21
        ],
        "14": [
            50,
            46
        ],
        "15": [
            76,
            2
        ]
    },
    "DELETE": {
        "1": [
            [
                "10",
                "15"
            ],
            [
                "9",
                "14"
            ],
            [
                "7",
                "8"
            ],
            [
                "3",
                "5"
            ],
            [
                "3",
                "7"
            ],
            [
                "5",
                "10"
            ],
            [
                "2",
                "13"
            ],
            [
                "12",
                "15"
            ]
        ],
        "2": [
            [
                "8",
                "12"
            ],
            [
                "10",
                "14"
            ],
            [
                "3",
                "15"
            ],
            [
                "1",
                "15"
            ],
            [
                "2",
                "14"
            ],
            [
                "8",
                "10"
            ],
            [
                "4",
                "15"
            ],
            [
                "7",
                "10"
            ],
            [
                "7",
                "13"
            ],
            [
                "2",
                "6"
            ],
            [
                "11",
                "15"
            ],
            [
                "10",
                "15"
            ],
            [
                "7",
                "8"
            ],
            [
                "2",
                "12"
            ]
        ],
        "3": [
            [
                "2",
                "12"
            ],
            [
                "5",
                "11"
            ],
            [
                "5",
                "13"
            ],
            [
                "8",
                "11"
            ],
            [
                "7",
                "14"
            ],
            [
                "2",
                "15"
            ],
            [
                "2",
                "5"
            ],
            [
                "7",
                "8"
            ],
            [
                "5",
                "10"
            ],
            [
                "12",
                "14"
            ]
        ],
        "4": [
            [
                "10",
                "11"
            ],
            [
                "7",
                "9"
            ],
            [
                "3",
                "4"
            ],
            [
                "8",
                "15"
            ],
            [
                "6",
                "11"
            ],
            [
                "4",
                "15"
            ],
            [
                "6",
                "13"
            ],
            [
                "3",
                "12"
            ],
            [
                "8",
                "14"
            ],
            [
                "5",
                "15"
            ]
        ],
        "5": [
            [
                "1",
                "9"
            ],
            [
                "9",
                "10"
            ],
            [
                "2",
                "15"
            ],
            [
                "9",
                "13"
            ],
            [
                "2",
                "12"
            ],
            [
                "1",
                "8"
            ],
            [
                "9",
                "11"
            ],
            [
                "12",
                "15"
            ],
            [
                "3",
                "12"
            ],
            [
                "3",
                "11"
            ]
        ],
        "6": [
            [
                "13",
                "14"
            ],
            [
                "1",
                "12"
            ],
            [
                "6",
                "8"
            ],
            [
                "11",
                "15"
            ],
            [
                "2",
                "10"
            ],
            [
                "5",
                "14"
            ],
            [
                "9",
                "15"
            ],
            [
                "2",
                "5"
            ],
            [
                "1",
                "9"
            ],
            [
                "5",
                "12"
            ]
        ],
        "7": [
            [
                "10",
                "13"
            ],
            [
                "1",
                "9"
            ],
            [
                "4",
                "12"
            ],
            [
                "4",
                "13"
            ],
            [
                "2",
                "11"
            ],
            [
                "5",
                "7"
            ],
            [
                "5",
                "14"
            ],
            [
                "9",
                "15"
            ],
            [
                "6",
                "15"
            ],
            [
                "3",
                "6"
            ],
            [
                "12",
                "15"
            ],
            [
                "3",
                "14"
            ]
        ],