{
    "NAME": "random-25-18.00-0",
    "TYPE": "TSPSD",
    "COMMENT": "25 random locations, 18.0 goal degree after n/2 deletes",
    "EDGE_WEIGHT_TYPE": "EUC_2D",
    "DIMENSION": 25,
    "GROUPS": [
        6,
        6,
        7,
        4,
        4,
        4,
        7,
        7,
        6,
        4,
        7,
        9,
        8,
        4,
        9,
        8,
        7,
        6,
        9,
        9,
        7,
        8,
        9,
        12,
        8
    ],
    "GROUPS_SUM": 175,
    "EXP_DEGREE_HALF": 18.09426086956522,
    "EXP_DEGREES": [
        24.0,
        23.44,
        22.893333333333334,
        22.359686956521738,
        21.838754150197627,
        21.330234519104085,
        20.833833992094863,
        20.34926482213438,
        19.87624558629776,
        19.414501185770753,
        18.963762845849814,
        18.523768115942037,
        18.09426086956522,
        17.674991304347824,
        17.265715942028976,
        16.866197628458508,
        16.476205533596836,
        16.095515151515134,
        15.723908300395259,
        15.361173122529625,
        15.007104084321487,
        14.661501976284564,
        14.324173913043493,
        13.994933333333316,
        13.67360000000002,
        13.36
    ],
    "EXP_REMOVED_EDGES": [
        0.0,
        7.000000000000005,
        13.833333333333336,
        20.503913043478278,
        27.015573122529677,
        33.372068511198925,
        39.57707509881422,
        45.634189723320226,
        51.54693017127802,
        57.3187351778656,
        62.952964426877344,
        68.45289855072454,
        73.82173913043475,
        79.06260869565222,
        84.1785507246378,
        89.17252964426866,
        94.04743083003956,
        98.80606060606083,
        103.45114624505928,
        107.98533596837969,
        112.41119894598141,
        116.73122529644294,
        120.94782608695633,
        125.06333333333355,
        129.07999999999976,
        133
    ],
    "NODE_COORDS": {
        "1": [
            71,
            95
        ],
        "2": [
            34,
            96
        ],
        "3": [
            22,
            20
        ],
        "4": [
            42,
            22
        ],
        "5": [
            57,
            51
        ],
        "6": [
            27,
            65
        ],
        "7": [
            18,
            6
        ],
        "8": [
            23,
            67
        ],
        "9": [
            33,
            39
        ],
        "10": [
            62,
            9
        ],
        "11": [
            2,
            13
        ],
        "12": [
            14,
            24
        ],
        "13": [
            3,
            45
        ],
        "14": [
            81,
            64
        ],
        "15": [
            8,
            34
        ],
        "16": [
            27,
            80
        ],
        "17": [
            40,
            67
        ],
        "18": [
            48,
            28
        ],
        "19": [
            83,
            3
        ],
        "20": [
            97,
            38
        ],
        "21": [
            81,
            90
        ],
        "22": [
            56,
            20
        ],
        "23": [
            30,
            78
        ],
        "24": [
            11,
            80
        ],
        "25": [
            5,
            22
        ]
    },
    "DELETE": {
        "1": [
            [
                "2",
                "3"
            ],
            [
                "8",
                "12"
            ],
            [
                "7",
                "11"
            ],
            [
                "3",
                "20"
            ],
            [
                "3",
                "17"
            ],
            [
                "14",
                "23"
            ]
        ],
        "2": [
            [
                "19",
                "25"
            ],
            [
                "1",
                "4"
            ],
            [
                "17",
                "19"
            ],
            [
                "4",
                "9"
            ],
            [
                "19",
                "22"
            ],
            [
                "12",
                "22"
            ]
        ],
        "3": [
            [
                "4",
                "10"
            ],
            [
                "10",
                "15"
            ],
            [
                "4",
                "19"
            ],
            [
                "12",
                "18"
            ],
            [
                "17",
                "21"
            ],
            [
                "5",
                "22"
            ],
            [
                "4",
                "5"
            ]
        ],
        "4": [
            [
                "12",
                "24"
            ],
            [
                "9",
                "25"
            ],
            [
                "11",
                "17"
            ],
            [
                "3",
                "11"
            ]
        ],
        "5": [
            [
                "1",
                "8"
            ],
            [
                "4",
                "12"
            ],
            [
                "8",
                "18"
            ],
            [
                "6",
                "9"
            ]
        ],
        "6": [
            [
                "2",
                "15"
            ],
            [
                "7",
                "11"
            ],
            [
                "2",
                "21"
            ],
            [
                "5",
                "20"
            ]
        ],
        "7": [
            [
                "1",
                "14"
            ],
            [
                "11",
                "20"
            ],
            [
                "13",
                "22"
            ],
            [
                "19",
                "22"
            ],
            [
                "7",
                "23"
            ],
            [
                "14",
                "25"
            ],
            [
                "8",
                "16"
            ]
        ],
        "8": [
            [
                "10",
                "23"
            ],
            [
                "9",
                "10"
            ],
            [
                "13",
                "24"
            ],
            [
                "6",
                "22"
            ],
            [
                "1",
                "10"
            ],
            [
                "11",
                "23"
            ],
            [
                "18",
                "21"
            ]
        ],
        "9": [
            [
                "16",
                "21"
            ],
            [
                "9",
                "22"
            ],
            [
                "14",
                "21"
            ],
            [
                "2",
                "3"
            ],
            [
                "2",
                "9"
            ],
            [
                "2",
                "11"
            ]
        ],
        "10": [
            [
                "5",
                "9"
            ],
            [
                "8",
                "11"
            ],
            [
                "5",
                "25"
            ],
            [
                "14",
                "24"
            ]
        ],