{
    "NAME": "random-25-17.00-0",
    "TYPE": "TSPSD",
    "COMMENT": "25 random locations, 17.0 goal degree after n/2 deletes",
    "EDGE_WEIGHT_TYPE": "EUC_2D",
    "DIMENSION": 25,
    "GROUPS": [
        8,
        10,
        8,
        4,
        5,
        4,
        7,
        8,
        9,
        8,
        8,
        10,
        9,
        6,
        11,
        10,
        7,
        11,
        14,
        10,
        8,
        8,
        11,
        12,
        8
    ],
    "GROUPS_SUM": 214,
    "EXP_DEGREE_HALF": 17.081947826086953,
    "EXP_DEGREES": [
        24.0,
        23.3152,
        22.65226666666667,
        22.010504347826085,
        21.38923636363636,
        20.78780500658761,
        20.205571541501975,
        19.64191620553359,
        19.09623820816864,
        18.567955731225297,
        18.056505928853756,
        17.56134492753624,
        17.081947826086953,
        16.617808695652176,
        16.168440579710133,
        15.733375494071163,
        15.312164426877471,
        14.904377338603405,
        14.509603162055333,
        14.127449802371517,
        13.757544137022407,
        13.399532015810253,
        13.053078260869583,
        12.717866666666659,
        12.393600000000008,
        12.08
    ],
    "EXP_REMOVED_EDGES": [
        0.0,
        8.559999999999997,
        16.846666666666653,
        24.868695652173955,
        32.63454545454548,
        40.152437417654866,
        47.43035573122532,
        54.47604743083012,
        61.29702239789199,
        67.90055335968378,
        74.29367588932806,
        80.48318840579701,
        86.47565217391308,
        92.2773913043478,
        97.89449275362333,
        103.33280632411045,
        108.59794466403162,
        113.69528326745744,
        118.62996047430833,
        123.40687747035604,
        128.0306982872199,
        132.50584980237184,
        136.8365217391302,
        141.02666666666676,
        145.0799999999999,
        149
    ],
    "NODE_COORDS": {
        "1": [
            71,
            95
        ],
        "2": [
            34,
            96
        ],
        "3": [
            22,
            20
        ],
        "4": [
            42,
            22
        ],
        "5": [
            57,
            51
        ],
        "6": [
            27,
            65
        ],
        "7": [
            18,
            6
        ],
        "8": [
            23,
            67
        ],
        "9": [
            33,
            39
        ],
        "10": [
            62,
            9
        ],
        "11": [
            2,
            13
        ],
        "12": [
            14,
            24
        ],
        "13": [
            3,
            45
        ],
        "14": [
            81,
            64
        ],
        "15": [
            8,
            34
        ],
        "16": [
            27,
            80
        ],
        "17": [
            40,
            67
        ],
        "18": [
            48,
            28
        ],
        "19": [
            83,
            3
        ],
        "20": [
            97,
            38
        ],
        "21": [
            81,
            90
        ],
        "22": [
            56,
            20
        ],
        "23": [
            30,
            78
        ],
        "24": [
            11,
            80
        ],
        "25": [
            5,
            22
        ]
    },
    "DELETE": {
        "1": [
            [
                "2",
                "3"
            ],
            [
                "8",
                "12"
            ],
            [
                "7",
                "11"
            ],
            [
                "3",
                "20"
            ],
            [
                "3",
                "17"
            ],
            [
                "14",
                "23"
            ],
            [
                "1",
                "23"
            ],
            [
                "1",
                "16"
            ]
        ],
        "2": [
            [
                "19",
                "25"
            ],
            [
                "1",
                "4"
            ],
            [
                "17",
                "19"
            ],
            [
                "4",
                "9"
            ],
            [
                "19",
                "22"
            ],
            [
                "12",
                "22"
            ],
            [
                "2",
                "11"
            ],
            [
                "12",
                "15"
            ],
            [
                "12",
                "19"
            ],
            [
                "20",
                "23"
            ]
        ],
        "3": [
            [
                "4",
                "10"
            ],
            [
                "10",
                "15"
            ],
            [
                "4",
                "19"
            ],
            [
                "12",
                "18"
            ],
            [
                "17",
                "21"
            ],
            [
                "5",
                "22"
            ],
            [
                "4",
                "5"
            ],
            [
                "1",
                "18"
            ]
        ],
        "4": [
            [
                "12",
                "24"
            ],
            [
                "9",
                "25"
            ],
            [
                "11",
                "17"
            ],
            [
                "3",
                "11"
            ]
        ],
        "5": [
            [
                "1",
                "8"
            ],
            [
                "4",
                "12"
            ],
            [
                "8",
                "18"
            ],
            [
                "6",
                "9"
            ],
            [
                "6",
                "10"
            ]
        ],
        "6": [
            [
                "2",
                "15"
            ],
            [
                "7",
                "11"
            ],
            [
                "2",
                "21"
            ],
            [
                "5",
                "20"
            ]
        ],
        "7": [
            [
                "1",
                "14"
            ],
            [
                "11",
                "20"
            ],
            [
                "13",
                "22"
            ],
            [
                "19",
                "22"
            ],
            [
                "7",
                "23"
            ],
            [
                "14",
                "25"
            ],
            [
                "8",
                "16"
            ]
        ],
        "8": [
            [
                "10",
                "23"
            ],
            [
                "9",
                "10"
            ],
            [
                "13",
                "24"
            ],
            [
                "6",
                "22"
            ],
            [
                "1",
                "10"
            ],
            [
                "11",
                "23"
            ],
            [
                "18",
                "21"
            ],
            [
                "2",
                "7"
            ]
        ],