{
    "NAME": "random-20-11.00-0",
    "TYPE": "TSPSD",
    "COMMENT": "20 random locations, 11.0 goal degree after n/2 deletes",
    "EDGE_WEIGHT_TYPE": "EUC_2D",
    "DIMENSION": 20,
    "GROUPS": [
        15,
        16,
        13,
        5,
        8,
        11,
        10,
        7,
        13,
        12,
        9,
        10,
        11,
        7,
        10,
        8,
        6,
        13,
        10,
        9
    ],
    "GROUPS_SUM": 203,
    "EXP_DEGREE_HALF": 10.981191950464403,
    "EXP_DEGREES": [
        19.0,
        17.985,
        17.02578947368421,
        16.11885964912281,
        15.260908152734778,
        14.448832559339529,
        13.679723942208469,
        12.950860423116612,
        12.25970072239422,
        11.603877708978315,
        10.981191950464403,
        10.389605263157902,
        9.827234262125907,
        9.292343911248697,
        8.78334107327141,
        8.298768059855526,
        7.837296181630553,
        7.397719298245621,
        6.97894736842103,
        6.579999999999986,
        6.199999999999999
    ],
    "EXP_REMOVED_EDGES": [
        0.0,
        10.149999999999991,
        19.742105263157892,
        28.811403508771896,
        37.390918472652224,
        45.51167440660472,
        53.20276057791531,
        60.49139576883387,
        67.4029927760578,
        73.96122291021685,
        80.18808049535596,
        86.10394736842098,
        91.72765737874093,
        97.07656088751303,
        102.1665892672859,
        107.01231940144474,
        111.62703818369447,
        116.0228070175438,
        120.21052631578969,
        124.20000000000014,
        128
    ],
    "NODE_COORDS": {
        "1": [
            68,
            3
        ],
        "2": [
            76,
            35
        ],
        "3": [
            42,
            26
        ],
        "4": [
            64,
            88
        ],
        "5": [
            64,
            23
        ],
        "6": [
            14,
            60
        ],
        "7": [
            37,
            0
        ],
        "8": [
            75,
            16
        ],
        "9": [
            34,
            24
        ],
        "10": [
            4,
            94
        ],
        "11": [
            45,
            22
        ],
        "12": [
            32,
            19
        ],
        "13": [
            51,
            61
        ],
        "14": [
            67,
            8
        ],
        "15": [
            44,
            49
        ],
        "16": [
            76,
            72
        ],
        "17": [
            19,
            26
        ],
        "18": [
            19,
            42
        ],
        "19": [
            64,
            40
        ],
        "20": [
            38,
            51
        ]
    },
    "DELETE": {
        "1": [
            [
                "13",
                "16"
            ],
            [
                "7",
                "14"
            ],
            [
                "3",
                "14"
            ],
            [
                "13",
                "20"
            ],
            [
                "2",
                "20"
            ],
            [
                "2",
                "8"
            ],
            [
                "4",
                "5"
            ],
            [
                "3",
                "19"
            ],
            [
                "8",
                "20"
            ],
            [
                "12",
                "18"
            ],
            [
                "3",
                "6"
            ],
            [
                "12",
                "17"
            ],
            [
                "6",
                "13"
            ],
            [
                "5",
                "17"
            ],
            [
                "9",
                "11"
            ]
        ],
        "2": [
            [
                "10",
                "13"
            ],
            [
                "2",
                "5"
            ],
            [
                "2",
                "9"
            ],
            [
                "3",
                "12"
            ],
            [
                "3",
                "5"
            ],
            [
                "2",
                "16"
            ],
            [
                "14",
                "17"
            ],
            [
                "7",
                "17"
            ],
            [
                "19",
                "20"
            ],
            [
                "4",
                "20"
            ],
            [
                "12",
                "20"
            ],
            [
                "12",
                "13"
            ],
            [
                "5",
                "11"
            ],
            [
                "3",
                "8"
            ],
            [
                "1",
                "7"
            ],
            [
                "11",
                "15"
            ]
        ],
        "3": [
            [
                "6",
                "14"
            ],
            [
                "1",
                "13"
            ],
            [
                "3",
                "18"
            ],
            [
                "7",
                "11"
            ],
            [
                "8",
                "14"
            ],
            [
                "4",
                "9"
            ],
            [
                "2",
                "6"
            ],
            [
                "4",
                "15"
            ],
            [
                "2",
                "8"
            ],
            [
                "7",
                "20"
            ],
            [
                "8",
                "12"
            ],
            [
                "11",
                "17"
            ],
            [
                "15",
                "19"
            ]
        ],
        "4": [
            [
                "3",
                "8"
            ],
            [
                "5",
                "14"
            ],
            [
                "7",
                "9"
            ],
            [
                "8",
                "12"
            ],
            [
                "11",
                "14"
            ]
        ],
        "5": [
            [
                "10",
                "11"
            ],
            [
                "14",
                "17"
            ],
            [
                "8",
                "11"
            ],
            [
                "8",
                "13"
            ],
            [
                "2",
                "7"
            ],
            [
                "1",
                "17"
            ],
            [
                "5",
                "12"
            ],
            [
                "6",
                "20"
            ]
        ],
        "6": [
            [
                "13",
                "18"
            ],
            [
                "5",
                "7"
            ],
            [
                "3",
                "8"
            ],
            [
                "7",
                "9"
            ],
            [
                "12",
                "14"
            ],
            [
                "15",
                "20"
            ],
            [
                "2",
                "5"
            ],
            [
                "7",
                "17"
            ],
            [
                "3",
                "10"
            ],
            [
                "14",
                "19"
            ],
            [
                "6",
                "8"
            ]
        ],