{
    "NAME": "random-20-13.00-0",
    "TYPE": "TSPSD",
    "COMMENT": "20 random locations, 13.0 goal degree after n/2 deletes",
    "EDGE_WEIGHT_TYPE": "EUC_2D",
    "DIMENSION": 20,
    "GROUPS": [
        12,
        12,
        8,
        2,
        4,
        9,
        7,
        5,
        8,
        7,
        8,
        7,
        6,
        4,
        7,
        7,
        4,
        8,
        8,
        7
    ],
    "GROUPS_SUM": 140,
    "EXP_DEGREE_HALF": 12.99907120743034,
    "EXP_DEGREES": [
        19.0,
        18.3,
        17.624210526315792,
        16.971842105263157,
        16.34212590299278,
        15.7343137254902,
        15.147678018575853,
        14.581511867905055,
        14.03512899896801,
        13.50786377708978,
        12.99907120743034,
        12.508126934984528,
        12.034427244582043,
        11.577389060887512,
        11.136449948400408,
        10.711068111455111,
        10.300722394220854,
        9.904912280701755,
        9.523157894736832,
        9.154999999999989,
        8.8
    ],
    "EXP_REMOVED_EDGES": [
        0.0,
        6.999999999999988,
        13.757894736842083,
        20.281578947368413,
        26.578740970072204,
        32.65686274509801,
        38.52321981424147,
        44.18488132094945,
        49.64871001031989,
        54.9213622291022,
        60.0092879256966,
        64.91873065015473,
        69.65572755417958,
        74.22610939112488,
        78.63550051599593,
        82.88931888544889,
        86.99277605779146,
        90.95087719298245,
        94.76842105263168,
        98.45000000000012,
        102
    ],
    "NODE_COORDS": {
        "1": [
            68,
            3
        ],
        "2": [
            76,
            35
        ],
        "3": [
            42,
            26
        ],
        "4": [
            64,
            88
        ],
        "5": [
            64,
            23
        ],
        "6": [
            14,
            60
        ],
        "7": [
            37,
            0
        ],
        "8": [
            75,
            16
        ],
        "9": [
            34,
            24
        ],
        "10": [
            4,
            94
        ],
        "11": [
            45,
            22
        ],
        "12": [
            32,
            19
        ],
        "13": [
            51,
            61
        ],
        "14": [
            67,
            8
        ],
        "15": [
            44,
            49
        ],
        "16": [
            76,
            72
        ],
        "17": [
            19,
            26
        ],
        "18": [
            19,
            42
        ],
        "19": [
            64,
            40
        ],
        "20": [
            38,
            51
        ]
    },
    "DELETE": {
        "1": [
            [
                "13",
                "16"
            ],
            [
                "7",
                "14"
            ],
            [
                "3",
                "14"
            ],
            [
                "13",
                "20"
            ],
            [
                "2",
                "20"
            ],
            [
                "2",
                "8"
            ],
            [
                "4",
                "5"
            ],
            [
                "3",
                "19"
            ],
            [
                "8",
                "20"
            ],
            [
                "12",
                "18"
            ],
            [
                "3",
                "6"
            ],
            [
                "12",
                "17"
            ]
        ],
        "2": [
            [
                "10",
                "13"
            ],
            [
                "2",
                "5"
            ],
            [
                "2",
                "9"
            ],
            [
                "3",
                "12"
            ],
            [
                "3",
                "5"
            ],
            [
                "2",
                "16"
            ],
            [
                "14",
                "17"
            ],
            [
                "7",
                "17"
            ],
            [
                "19",
                "20"
            ],
            [
                "4",
                "20"
            ],
            [
                "12",
                "20"
            ],
            [
                "12",
                "13"
            ]
        ],
        "3": [
            [
                "6",
                "14"
            ],
            [
                "1",
                "13"
            ],
            [
                "3",
                "18"
            ],
            [
                "7",
                "11"
            ],
            [
                "8",
                "14"
            ],
            [
                "4",
                "9"
            ],
            [
                "2",
                "6"
            ],
            [
                "4",
                "15"
            ]
        ],
        "4": [
            [
                "3",
                "8"
            ],
            [
                "5",
                "14"
            ]
        ],
        "5": [
            [
                "10",
                "11"
            ],
            [
                "14",
                "17"
            ],
            [
                "8",
                "11"
            ],
            [
                "8",
                "13"
            ]
        ],
        "6": [
            [
                "13",
                "18"
            ],
            [
                "5",
                "7"
            ],
            [
                "3",
                "8"
            ],
            [
                "7",
                "9"
            ],
            [
                "12",
                "14"
            ],
            [
                "15",
                "20"
            ],
            [
                "2",
                "5"
            ],
            [
                "7",
                "17"
            ],
            [
                "3",
                "10"
            ]
        ],
        "7": [
            [
                "2",
                "4"
            ],
            [
                "1",
                "4"
            ],
            [
                "5",
                "20"
            ],
            [
                "1",
                "10"
            ],
            [
                "16",
                "17"
            ],
            [
                "14",
                "20"
            ],
            [
                "9",
                "18"
            ]
        ],
        "8": [
            [
                "14",
                "18"
            ],
            [
                "4",
                "5"
            ],
            [
                "2",
                "17"
            ],
            [
                "15",
                "20"
            ],
            [
                "11",
                "15"
            ]
        ],
        "9": [
            [
                "12",
                "18"
            ],
            [
                "2",
                "18"
            ],
            [
                "14",
                "19"
            ],
            [
                "12",
                "16"
            ],
            [
                "1",
                "6"
            ],
            [
                "8",
                "12"
            ],
            [
                "12",
                "13"
            ],
            [
                "4",
                "5"
            ]
        ],