{
    "NAME": "random-20-17.00-0",
    "TYPE": "TSPSD",
    "COMMENT": "20 random locations, 17.0 goal degree after n/2 deletes",
    "EDGE_WEIGHT_TYPE": "EUC_2D",
    "DIMENSION": 20,
    "GROUPS": [
        4,
        2,
        1,
        0,
        1,
        4,
        0,
        2,
        3,
        4,
        2,
        3,
        0,
        1,
        4,
        2,
        1,
        1,
        5,
        2
    ],
    "GROUPS_SUM": 42,
    "EXP_DEGREE_HALF": 17.018421052631577,
    "EXP_DEGREES": [
        19.0,
        18.79,
        18.582631578947368,
        18.377894736842105,
        18.175789473684212,
        17.976315789473684,
        17.779473684210526,
        17.585263157894737,
        17.393684210526317,
        17.204736842105262,
        17.018421052631577,
        16.83473684210526,
        16.653684210526315,
        16.475263157894737,
        16.299473684210525,
        16.126315789473686,
        15.95578947368421,
        15.787894736842105,
        15.62263157894737,
        15.46,
        15.3
    ],
    "EXP_REMOVED_EDGES": [
        0.0,
        2.1000000000000005,
        4.173684210526317,
        6.221052631578949,
        8.242105263157896,
        10.23684210526316,
        12.205263157894738,
        14.147368421052624,
        16.063157894736847,
        17.95263157894736,
        19.815789473684212,
        21.652631578947382,
        23.463157894736845,
        25.24736842105262,
        27.005263157894728,
        28.73684210526315,
        30.442105263157913,
        32.121052631578955,
        33.77368421052629,
        35.39999999999999,
        37
    ],
    "NODE_COORDS": {
        "1": [
            68,
            3
        ],
        "2": [
            76,
            35
        ],
        "3": [
            42,
            26
        ],
        "4": [
            64,
            88
        ],
        "5": [
            64,
            23
        ],
        "6": [
            14,
            60
        ],
        "7": [
            37,
            0
        ],
        "8": [
            75,
            16
        ],
        "9": [
            34,
            24
        ],
        "10": [
            4,
            94
        ],
        "11": [
            45,
            22
        ],
        "12": [
            32,
            19
        ],
        "13": [
            51,
            61
        ],
        "14": [
            67,
            8
        ],
        "15": [
            44,
            49
        ],
        "16": [
            76,
            72
        ],
        "17": [
            19,
            26
        ],
        "18": [
            19,
            42
        ],
        "19": [
            64,
            40
        ],
        "20": [
            38,
            51
        ]
    },
    "DELETE": {
        "1": [
            [
                "13",
                "16"
            ],
            [
                "7",
                "14"
            ],
            [
                "3",
                "14"
            ],
            [
                "13",
                "20"
            ]
        ],
        "2": [
            [
                "10",
                "13"
            ],
            [
                "2",
                "5"
            ]
        ],
        "3": [
            [
                "6",
                "14"
            ]
        ],
        "4": [],
        "5": [
            [
                "10",
                "11"
            ]
        ],
        "6": [
            [
                "13",
                "18"
            ],
            [
                "5",
                "7"
            ],
            [
                "3",
                "8"
            ],
            [
                "7",
                "9"
            ]
        ],
        "7": [],
        "8": [
            [
                "14",
                "18"
            ],
            [
                "4",
                "5"
            ]
        ],
        "9": [
            [
                "12",
                "18"
            ],
            [
                "2",
                "18"
            ],
            [
                "14",
                "19"
            ]
        ],
        "10": [
            [
                "10",
                "20"
            ],
            [
                "3",
                "12"
            ],
            [
                "10",
                "12"
            ],
            [
                "2",
                "20"
            ]
        ],
        "11": [
            [
                "12",
                "19"
            ],
            [
                "10",
                "20"
            ]
        ],
        "12": [
            [
                "13",
                "20"
            ],
            [
                "10",
                "19"
            ],
            [
                "10",
                "13"
            ]
        ],
        "13": [],
        "14": [
            [
                "4",
                "15"
            ]
        ],
        "15": [
            [
                "10",
                "14"
            ],
            [
                "9",
                "10"
            ],
            [
                "12",
                "17"
            ],
            [
                "6",
                "11"
            ]
        ],
        "16": [
            [
                "9",
                "12"
            ],
            [
                "2",
                "3"
            ]
        ],
        "17": [
            [
                "8",
                "11"
            ]
        ],
        "18": [
            [
                "5",
                "7"
            ]
        ],
        "19": [
            [
                "5",
                "11"
            ],
            [
                "10",
                "18"
            ],
            [
                "13",
                "18"
            ],
            [
                "5",
                "18"
            ],
            [
                "5",
                "13"
            ]
        ],
        "20": [
            [
                "15",
                "17"
            ],
            [
                "12",
                "16"
            ]
        ]
    }
}