{
    "NAME": "random-15-7.00-0",
    "TYPE": "TSPSD",
    "COMMENT": "15 random locations, 7.0 goal degree after n/2 deletes",
    "EDGE_WEIGHT_TYPE": "EUC_2D",
    "DIMENSION": 15,
    "GROUPS": [
        8,
        12,
        8,
        9,
        9,
        10,
        9,
        9,
        7,
        9,
        10,
        12,
        11,
        9,
        13
    ],
    "GROUPS_SUM": 145,
    "EXP_DEGREE_HALF": 7.088982128982126,
    "EXP_DEGREES": [
        14.0,
        12.711111111111112,
        11.537777777777778,
        10.470329670329674,
        9.499780219780224,
        8.617782217782217,
        7.816583416583417,
        7.088982128982126,
        6.4282828282828355,
        5.828251748251748,
        5.283072483072484,
        4.7873015873015845,
        4.335824175824188,
        3.9238095238095276,
        3.546666666666672,
        3.1999999999999993
    ],
    "EXP_REMOVED_EDGES": [
        0.0,
        9.666666666666666,
        18.466666666666658,
        26.47252747252745,
        33.75164835164833,
        40.36663336663337,
        46.37562437562437,
        51.832634032634054,
        56.78787878787873,
        61.288111888111885,
        65.37695637695637,
        69.09523809523812,
        72.4813186813186,
        75.57142857142854,
        78.39999999999996,
        81
    ],
    "NODE_COORDS": {
        "1": [
            86,
            55
        ],
        "2": [
            23,
            39
        ],
        "3": [
            1,
            33
        ],
        "4": [
            7,
            58
        ],
        "5": [
            11,
            46
        ],
        "6": [
            23,
            24
        ],
        "7": [
            60,
            0
        ],
        "8": [
            49,
            14
        ],
        "9": [
            85,
            63
        ],
        "10": [
            82,
            48
        ],
        "11": [
            97,
            53
        ],
        "12": [
            28,
            64
        ],
        "13": [
            51,
            21
        ],
        "14": [
            50,
            46
        ],
        "15": [
            76,
            2
        ]
    },
    "DELETE": {
        "1": [
            [
                "10",
                "15"
            ],
            [
                "9",
                "14"
            ],
            [
                "7",
                "8"
            ],
            [
                "3",
                "5"
            ],
            [
                "3",
                "7"
            ],
            [
                "5",
                "10"
            ],
            [
                "2",
                "13"
            ],
            [
                "12",
                "15"
            ]
        ],
        "2": [
            [
                "8",
                "12"
            ],
            [
                "10",
                "14"
            ],
            [
                "3",
                "15"
            ],
            [
                "1",
                "15"
            ],
            [
                "2",
                "14"
            ],
            [
                "8",
                "10"
            ],
            [
                "4",
                "15"
            ],
            [
                "7",
                "10"
            ],
            [
                "7",
                "13"
            ],
            [
                "2",
                "6"
            ],
            [
                "11",
                "15"
            ],
            [
                "10",
                "15"
            ]
        ],
        "3": [
            [
                "2",
                "12"
            ],
            [
                "5",
                "11"
            ],
            [
                "5",
                "13"
            ],
            [
                "8",
                "11"
            ],
            [
                "7",
                "14"
            ],
            [
                "2",
                "15"
            ],
            [
                "2",
                "5"
            ],
            [
                "7",
                "8"
            ]
        ],
        "4": [
            [
                "10",
                "11"
            ],
            [
                "7",
                "9"
            ],
            [
                "3",
                "4"
            ],
            [
                "8",
                "15"
            ],
            [
                "6",
                "11"
            ],
            [
                "4",
                "15"
            ],
            [
                "6",
                "13"
            ],
            [
                "3",
                "12"
            ],
            [
                "8",
                "14"
            ]
        ],
        "5": [
            [
                "1",
                "9"
            ],
            [
                "9",
                "10"
            ],
            [
                "2",
                "15"
            ],
            [
                "9",
                "13"
            ],
            [
                "2",
                "12"
            ],
            [
                "1",
                "8"
            ],
            [
                "9",
                "11"
            ],
            [
                "12",
                "15"
            ],
            [
                "3",
                "12"
            ]
        ],
        "6": [
            [
                "13",
                "14"
            ],
            [
                "1",
                "12"
            ],
            [
                "6",
                "8"
            ],
            [
                "11",
                "15"
            ],
            [
                "2",
                "10"
            ],
            [
                "5",
                "14"
            ],
            [
                "9",
                "15"
            ],
            [
                "2",
                "5"
            ],
            [
                "1",
                "9"
            ],
            [
                "5",
                "12"
            ]
        ],
        "7": [
            [
                "10",
                "13"
            ],
            [
                "1",
                "9"
            ],
            [
                "4",
                "12"
            ],
            [
                "4",
                "13"
            ],
            [
                "2",
                "11"
            ],
            [
                "5",
                "7"
            ],
            [
                "5",
                "14"
            ],
            [
                "9",
                "15"
            ],
            [
                "6",
                "15"
            ]
        ],
        "8": [
            [
                "6",
                "8"
            ],
            [
                "4",
                "9"
            ],
            [
                "4",
                "11"
            ],
            [
                "6",
                "11"
            ],
            [
                "3",
                "4"
            ],
            [
                "10",
                "11"
            ],
            [
                "10",
                "15"
            ],
            [
                "2",
                "13"
            ],
            [
                "1",
                "7"
            ]
        ],