{
    "NAME": "random-15-9.00-0",
    "TYPE": "TSPSD",
    "COMMENT": "15 random locations, 9.0 goal degree after n/2 deletes",
    "EDGE_WEIGHT_TYPE": "EUC_2D",
    "DIMENSION": 15,
    "GROUPS": [
        7,
        8,
        6,
        7,
        6,
        5,
        6,
        5,
        2,
        5,
        5,
        11,
        5,
        5,
        8
    ],
    "GROUPS_SUM": 91,
    "EXP_DEGREE_HALF": 9.076239316239317,
    "EXP_DEGREES": [
        14.0,
        13.19111111111111,
        12.420317460317461,
        11.685860805860807,
        10.985982905982908,
        10.318925518925521,
        9.682930402930406,
        9.076239316239317,
        8.497094017094017,
        7.943736263736259,
        7.414407814407819,
        6.907350427350424,
        6.420805860805869,
        5.95301587301587,
        5.502222222222233,
        5.066666666666666
    ],
    "EXP_REMOVED_EDGES": [
        0.0,
        6.0666666666666655,
        11.847619047619043,
        17.356043956043944,
        22.605128205128196,
        27.608058608058595,
        32.378021978021955,
        36.92820512820512,
        41.27179487179487,
        45.421978021978056,
        49.39194139194136,
        53.19487179487182,
        56.843956043955984,
        60.352380952380976,
        63.73333333333325,
        67
    ],
    "NODE_COORDS": {
        "1": [
            86,
            55
        ],
        "2": [
            23,
            39
        ],
        "3": [
            1,
            33
        ],
        "4": [
            7,
            58
        ],
        "5": [
            11,
            46
        ],
        "6": [
            23,
            24
        ],
        "7": [
            60,
            0
        ],
        "8": [
            49,
            14
        ],
        "9": [
            85,
            63
        ],
        "10": [
            82,
            48
        ],
        "11": [
            97,
            53
        ],
        "12": [
            28,
            64
        ],
        "13": [
            51,
            21
        ],
        "14": [
            50,
            46
        ],
        "15": [
            76,
            2
        ]
    },
    "DELETE": {
        "1": [
            [
                "10",
                "15"
            ],
            [
                "9",
                "14"
            ],
            [
                "7",
                "8"
            ],
            [
                "3",
                "5"
            ],
            [
                "3",
                "7"
            ],
            [
                "5",
                "10"
            ],
            [
                "2",
                "13"
            ]
        ],
        "2": [
            [
                "8",
                "12"
            ],
            [
                "10",
                "14"
            ],
            [
                "3",
                "15"
            ],
            [
                "1",
                "15"
            ],
            [
                "2",
                "14"
            ],
            [
                "8",
                "10"
            ],
            [
                "4",
                "15"
            ],
            [
                "7",
                "10"
            ]
        ],
        "3": [
            [
                "2",
                "12"
            ],
            [
                "5",
                "11"
            ],
            [
                "5",
                "13"
            ],
            [
                "8",
                "11"
            ],
            [
                "7",
                "14"
            ],
            [
                "2",
                "15"
            ]
        ],
        "4": [
            [
                "10",
                "11"
            ],
            [
                "7",
                "9"
            ],
            [
                "3",
                "4"
            ],
            [
                "8",
                "15"
            ],
            [
                "6",
                "11"
            ],
            [
                "4",
                "15"
            ],
            [
                "6",
                "13"
            ]
        ],
        "5": [
            [
                "1",
                "9"
            ],
            [
                "9",
                "10"
            ],
            [
                "2",
                "15"
            ],
            [
                "9",
                "13"
            ],
            [
                "2",
                "12"
            ],
            [
                "1",
                "8"
            ]
        ],
        "6": [
            [
                "13",
                "14"
            ],
            [
                "1",
                "12"
            ],
            [
                "6",
                "8"
            ],
            [
                "11",
                "15"
            ],
            [
                "2",
                "10"
            ]
        ],
        "7": [
            [
                "10",
                "13"
            ],
            [
                "1",
                "9"
            ],
            [
                "4",
                "12"
            ],
            [
                "4",
                "13"
            ],
            [
                "2",
                "11"
            ],
            [
                "5",
                "7"
            ]
        ],
        "8": [
            [
                "6",
                "8"
            ],
            [
                "4",
                "9"
            ],
            [
                "4",
                "11"
            ],
            [
                "6",
                "11"
            ],
            [
                "3",
                "4"
            ]
        ],
        "9": [
            [
                "7",
                "15"
            ],
            [
                "2",
                "13"
            ]
        ],
        "10": [
            [
                "6",
                "12"
            ],
            [
                "5",
                "15"
            ],
            [
                "3",
                "7"
            ],
            [
                "12",
                "15"
            ],
            [
                "4",
                "14"
            ]
        ],
        "11": [
            [
                "5",
                "15"
            ],
            [
                "6",
                "12"
            ],
            [
                "12",
                "15"
            ],
            [
                "8",
                "9"
            ],
            [
                "3",
                "11"
            ]
        ],
        "12": [
            [
                "6",
                "11"
            ],
            [
                "5",
                "14"
            ],
            [
                "8",
                "9"
            ],
            [
                "8",
                "14"
            ],
            [
                "6",
                "10"
            ],
            [
                "2",
                "7"
            ],
            [
                "1",
                "5"
            ],
            [
                "2",
                "13"
            ],
            [
                "5",
                "8"
            ],
            [
                "9",
                "12"
            ],
            [
                "4",
                "15"
            ]
        ],