{
    "NAME": "random-15-12.00-0",
    "TYPE": "TSPSD",
    "COMMENT": "15 random locations, 12.0 goal degree after n/2 deletes",
    "EDGE_WEIGHT_TYPE": "EUC_2D",
    "DIMENSION": 15,
    "GROUPS": [
        2,
        2,
        2,
        2,
        2,
        2,
        3,
        1,
        0,
        1,
        2,
        5,
        2,
        1,
        5
    ],
    "GROUPS_SUM": 32,
    "EXP_DEGREE_HALF": 12.062222222222221,
    "EXP_DEGREES": [
        14.0,
        13.715555555555556,
        13.433650793650793,
        13.154285714285713,
        12.877460317460317,
        12.603174603174603,
        12.331428571428571,
        12.062222222222221,
        11.795555555555556,
        11.53142857142857,
        11.269841269841269,
        11.010793650793651,
        10.754285714285713,
        10.50031746031746,
        10.248888888888889,
        10.0
    ],
    "EXP_REMOVED_EDGES": [
        0.0,
        2.1333333333333333,
        4.247619047619048,
        6.342857142857146,
        8.41904761904762,
        10.476190476190478,
        12.514285714285721,
        14.533333333333335,
        16.53333333333333,
        18.514285714285716,
        20.476190476190478,
        22.419047619047618,
        24.342857142857156,
        26.247619047619057,
        28.133333333333336,
        30
    ],
    "NODE_COORDS": {
        "1": [
            86,
            55
        ],
        "2": [
            23,
            39
        ],
        "3": [
            1,
            33
        ],
        "4": [
            7,
            58
        ],
        "5": [
            11,
            46
        ],
        "6": [
            23,
            24
        ],
        "7": [
            60,
            0
        ],
        "8": [
            49,
            14
        ],
        "9": [
            85,
            63
        ],
        "10": [
            82,
            48
        ],
        "11": [
            97,
            53
        ],
        "12": [
            28,
            64
        ],
        "13": [
            51,
            21
        ],
        "14": [
            50,
            46
        ],
        "15": [
            76,
            2
        ]
    },
    "DELETE": {
        "1": [
            [
                "10",
                "15"
            ],
            [
                "9",
                "14"
            ]
        ],
        "2": [
            [
                "8",
                "12"
            ],
            [
                "10",
                "14"
            ]
        ],
        "3": [
            [
                "2",
                "12"
            ],
            [
                "5",
                "11"
            ]
        ],
        "4": [
            [
                "10",
                "11"
            ],
            [
                "7",
                "9"
            ]
        ],
        "5": [
            [
                "1",
                "9"
            ],
            [
                "9",
                "10"
            ]
        ],
        "6": [
            [
                "13",
                "14"
            ],
            [
                "1",
                "12"
            ]
        ],
        "7": [
            [
                "10",
                "13"
            ],
            [
                "1",
                "9"
            ],
            [
                "4",
                "12"
            ]
        ],
        "8": [
            [
                "6",
                "8"
            ]
        ],
        "9": [],
        "10": [
            [
                "6",
                "12"
            ]
        ],
        "11": [
            [
                "5",
                "15"
            ],
            [
                "6",
                "12"
            ]
        ],
        "12": [
            [
                "6",
                "11"
            ],
            [
                "5",
                "14"
            ],
            [
                "8",
                "9"
            ],
            [
                "8",
                "14"
            ],
            [
                "6",
                "10"
            ]
        ],
        "13": [
            [
                "1",
                "11"
            ],
            [
                "5",
                "7"
            ]
        ],
        "14": [
            [
                "6",
                "15"
            ]
        ],
        "15": [
            [
                "4",
                "8"
            ],
            [
                "4",
                "6"
            ],
            [
                "12",
                "15"
            ],
            [
                "2",
                "15"
            ],
            [
                "3",
                "8"
            ]
        ]
    }
}