{
    "NAME": "random-15-10.00-0",
    "TYPE": "TSPSD",
    "COMMENT": "15 random locations, 10.0 goal degree after n/2 deletes",
    "EDGE_WEIGHT_TYPE": "EUC_2D",
    "DIMENSION": 15,
    "GROUPS": [
        5,
        5,
        5,
        5,
        5,
        5,
        4,
        5,
        2,
        3,
        4,
        7,
        4,
        4,
        7
    ],
    "GROUPS_SUM": 70,
    "EXP_DEGREE_HALF": 10.07726495726496,
    "EXP_DEGREES": [
        14.0,
        13.377777777777778,
        12.777142857142856,
        12.197509157509158,
        11.638290598290597,
        11.0989010989011,
        10.57875457875458,
        10.07726495726496,
        9.59384615384615,
        9.127912087912083,
        8.67887667887668,
        8.246153846153844,
        7.829157509157514,
        7.427301587301585,
        7.040000000000008,
        6.666666666666667
    ],
    "EXP_REMOVED_EDGES": [
        0.0,
        4.666666666666668,
        9.171428571428574,
        13.518681318681312,
        17.71282051282052,
        21.758241758241752,
        25.659340659340643,
        29.420512820512794,
        33.04615384615388,
        36.54065934065937,
        39.9084249084249,
        43.153846153846175,
        46.281318681318645,
        49.29523809523811,
        52.19999999999994,
        55
    ],
    "NODE_COORDS": {
        "1": [
            86,
            55
        ],
        "2": [
            23,
            39
        ],
        "3": [
            1,
            33
        ],
        "4": [
            7,
            58
        ],
        "5": [
            11,
            46
        ],
        "6": [
            23,
            24
        ],
        "7": [
            60,
            0
        ],
        "8": [
            49,
            14
        ],
        "9": [
            85,
            63
        ],
        "10": [
            82,
            48
        ],
        "11": [
            97,
            53
        ],
        "12": [
            28,
            64
        ],
        "13": [
            51,
            21
        ],
        "14": [
            50,
            46
        ],
        "15": [
            76,
            2
        ]
    },
    "DELETE": {
        "1": [
            [
                "10",
                "15"
            ],
            [
                "9",
                "14"
            ],
            [
                "7",
                "8"
            ],
            [
                "3",
                "5"
            ],
            [
                "3",
                "7"
            ]
        ],
        "2": [
            [
                "8",
                "12"
            ],
            [
                "10",
                "14"
            ],
            [
                "3",
                "15"
            ],
            [
                "1",
                "15"
            ],
            [
                "2",
                "14"
            ]
        ],
        "3": [
            [
                "2",
                "12"
            ],
            [
                "5",
                "11"
            ],
            [
                "5",
                "13"
            ],
            [
                "8",
                "11"
            ],
            [
                "7",
                "14"
            ]
        ],
        "4": [
            [
                "10",
                "11"
            ],
            [
                "7",
                "9"
            ],
            [
                "3",
                "4"
            ],
            [
                "8",
                "15"
            ],
            [
                "6",
                "11"
            ]
        ],
        "5": [
            [
                "1",
                "9"
            ],
            [
                "9",
                "10"
            ],
            [
                "2",
                "15"
            ],
            [
                "9",
                "13"
            ],
            [
                "2",
                "12"
            ]
        ],
        "6": [
            [
                "13",
                "14"
            ],
            [
                "1",
                "12"
            ],
            [
                "6",
                "8"
            ],
            [
                "11",
                "15"
            ],
            [
                "2",
                "10"
            ]
        ],
        "7": [
            [
                "10",
                "13"
            ],
            [
                "1",
                "9"
            ],
            [
                "4",
                "12"
            ],
            [
                "4",
                "13"
            ]
        ],
        "8": [
            [
                "6",
                "8"
            ],
            [
                "4",
                "9"
            ],
            [
                "4",
                "11"
            ],
            [
                "6",
                "11"
            ],
            [
                "3",
                "4"
            ]
        ],
        "9": [
            [
                "7",
                "15"
            ],
            [
                "2",
                "13"
            ]
        ],
        "10": [
            [
                "6",
                "12"
            ],
            [
                "5",
                "15"
            ],
            [
                "3",
                "7"
            ]
        ],
        "11": [
            [
                "5",
                "15"
            ],
            [
                "6",
                "12"
            ],
            [
                "12",
                "15"
            ],
            [
                "8",
                "9"
            ]
        ],
        "12": [
            [
                "6",
                "11"
            ],
            [
                "5",
                "14"
            ],
            [
                "8",
                "9"
            ],
            [
                "8",
                "14"
            ],
            [
                "6",
                "10"
            ],
            [
                "2",
                "7"
            ],
            [
                "1",
                "5"
            ]
        ],
        "13": [
            [
                "1",
                "11"
            ],
            [
                "5",
                "7"
            ],
            [
                "2",
                "12"
            ],
            [
                "5",
                "10"
            ]
        ],
        "14": [
            [
                "6",
                "15"
            ],
            [
                "5",
                "6"
            ],
            [
                "8",
                "12"
            ],
            [
                "12",
                "13"
            ]
        ],
        "15": [
            [
                "4",
                "8"
            ],
            [
                "4",
                "6"
            ],
            [
                "12",
                "15"
            ],
            [
                "2",
                "15"
            ],
            [
                "3",
                "8"
            ],
            [
                "6",
                "14"
            ],
            [
                "1",
                "15"
            ]
        ]
    }
}