{
    "NAME": "random-15-8.00-0",
    "TYPE": "TSPSD",
    "COMMENT": "15 random locations, 8.0 goal degree after n/2 deletes",
    "EDGE_WEIGHT_TYPE": "EUC_2D",
    "DIMENSION": 15,
    "GROUPS": [
        7,
        11,
        7,
        8,
        7,
        7,
        7,
        7,
        4,
        7,
        6,
        12,
        10,
        7,
        8
    ],
    "GROUPS_SUM": 115,
    "EXP_DEGREE_HALF": 8.095042735042735,
    "EXP_DEGREES": [
        14.0,
        12.977777777777778,
        12.020317460317463,
        11.124395604395607,
        10.28688644688645,
        9.504761904761903,
        8.775091575091576,
        8.095042735042735,
        7.461880341880346,
        6.872967032967032,
        6.32576312576313,
        5.817826617826615,
        5.346813186813199,
        4.910476190476194,
        4.506666666666671,
        4.133333333333333
    ],
    "EXP_REMOVED_EDGES": [
        0.0,
        7.66666666666667,
        14.847619047619032,
        21.567032967032944,
        27.84835164835162,
        33.71428571428572,
        39.186813186813175,
        44.28717948717949,
        49.035897435897404,
        53.45274725274726,
        57.556776556776526,
        61.36630036630039,
        64.898901098901,
        68.17142857142855,
        71.19999999999996,
        74
    ],
    "NODE_COORDS": {
        "1": [
            86,
            55
        ],
        "2": [
            23,
            39
        ],
        "3": [
            1,
            33
        ],
        "4": [
            7,
            58
        ],
        "5": [
            11,
            46
        ],
        "6": [
            23,
            24
        ],
        "7": [
            60,
            0
        ],
        "8": [
            49,
            14
        ],
        "9": [
            85,
            63
        ],
        "10": [
            82,
            48
        ],
        "11": [
            97,
            53
        ],
        "12": [
            28,
            64
        ],
        "13": [
            51,
            21
        ],
        "14": [
            50,
            46
        ],
        "15": [
            76,
            2
        ]
    },
    "DELETE": {
        "1": [
            [
                "10",
                "15"
            ],
            [
                "9",
                "14"
            ],
            [
                "7",
                "8"
            ],
            [
                "3",
                "5"
            ],
            [
                "3",
                "7"
            ],
            [
                "5",
                "10"
            ],
            [
                "2",
                "13"
            ]
        ],
        "2": [
            [
                "8",
                "12"
            ],
            [
                "10",
                "14"
            ],
            [
                "3",
                "15"
            ],
            [
                "1",
                "15"
            ],
            [
                "2",
                "14"
            ],
            [
                "8",
                "10"
            ],
            [
                "4",
                "15"
            ],
            [
                "7",
                "10"
            ],
            [
                "7",
                "13"
            ],
            [
                "2",
                "6"
            ],
            [
                "11",
                "15"
            ]
        ],
        "3": [
            [
                "2",
                "12"
            ],
            [
                "5",
                "11"
            ],
            [
                "5",
                "13"
            ],
            [
                "8",
                "11"
            ],
            [
                "7",
                "14"
            ],
            [
                "2",
                "15"
            ],
            [
                "2",
                "5"
            ]
        ],
        "4": [
            [
                "10",
                "11"
            ],
            [
                "7",
                "9"
            ],
            [
                "3",
                "4"
            ],
            [
                "8",
                "15"
            ],
            [
                "6",
                "11"
            ],
            [
                "4",
                "15"
            ],
            [
                "6",
                "13"
            ],
            [
                "3",
                "12"
            ]
        ],
        "5": [
            [
                "1",
                "9"
            ],
            [
                "9",
                "10"
            ],
            [
                "2",
                "15"
            ],
            [
                "9",
                "13"
            ],
            [
                "2",
                "12"
            ],
            [
                "1",
                "8"
            ],
            [
                "9",
                "11"
            ]
        ],
        "6": [
            [
                "13",
                "14"
            ],
            [
                "1",
                "12"
            ],
            [
                "6",
                "8"
            ],
            [
                "11",
                "15"
            ],
            [
                "2",
                "10"
            ],
            [
                "5",
                "14"
            ],
            [
                "9",
                "15"
            ]
        ],
        "7": [
            [
                "10",
                "13"
            ],
            [
                "1",
                "9"
            ],
            [
                "4",
                "12"
            ],
            [
                "4",
                "13"
            ],
            [
                "2",
                "11"
            ],
            [
                "5",
                "7"
            ],
            [
                "5",
                "14"
            ]
        ],
        "8": [
            [
                "6",
                "8"
            ],
            [
                "4",
                "9"
            ],
            [
                "4",
                "11"
            ],
            [
                "6",
                "11"
            ],
            [
                "3",
                "4"
            ],
            [
                "10",
                "11"
            ],
            [
                "10",
                "15"
            ]
        ],
        "9": [
            [
                "7",
                "15"
            ],
            [
                "2",
                "13"
            ],
            [
                "1",
                "14"
            ],
            [
                "3",
                "15"
            ]
        ],
        "10": [
            [
                "6",
                "12"
            ],
            [
                "5",
                "15"
            ],
            [
                "3",
                "7"
            ],
            [
                "12",
                "15"
            ],
            [
                "4",
                "14"
            ],
            [
                "4",
                "9"
            ],
            [
                "3",
                "12"
            ]
        ],