{
    "NAME": "random-15-13.00-0",
    "TYPE": "TSPSD",
    "COMMENT": "15 random locations, 13.0 goal degree after n/2 deletes",
    "EDGE_WEIGHT_TYPE": "EUC_2D",
    "DIMENSION": 15,
    "GROUPS": [
        0,
        1,
        1,
        1,
        0,
        2,
        0,
        1,
        0,
        1,
        2,
        2,
        1,
        1,
        2
    ],
    "GROUPS_SUM": 15,
    "EXP_DEGREE_HALF": 13.093333333333334,
    "EXP_DEGREES": [
        14.0,
        13.866666666666667,
        13.734603174603174,
        13.603809523809524,
        13.474285714285715,
        13.346031746031747,
        13.219047619047618,
        13.093333333333334,
        12.96888888888889,
        12.845714285714287,
        12.723809523809525,
        12.603174603174605,
        12.483809523809523,
        12.365714285714285,
        12.248888888888889,
        12.133333333333333
    ],
    "EXP_REMOVED_EDGES": [
        0.0,
        0.9999999999999999,
        1.9904761904761903,
        2.971428571428572,
        3.9428571428571426,
        4.904761904761904,
        5.8571428571428585,
        6.800000000000001,
        7.7333333333333325,
        8.657142857142855,
        9.571428571428571,
        10.476190476190473,
        11.371428571428574,
        12.257142857142862,
        13.133333333333335,
        14
    ],
    "NODE_COORDS": {
        "1": [
            86,
            55
        ],
        "2": [
            23,
            39
        ],
        "3": [
            1,
            33
        ],
        "4": [
            7,
            58
        ],
        "5": [
            11,
            46
        ],
        "6": [
            23,
            24
        ],
        "7": [
            60,
            0
        ],
        "8": [
            49,
            14
        ],
        "9": [
            85,
            63
        ],
        "10": [
            82,
            48
        ],
        "11": [
            97,
            53
        ],
        "12": [
            28,
            64
        ],
        "13": [
            51,
            21
        ],
        "14": [
            50,
            46
        ],
        "15": [
            76,
            2
        ]
    },
    "DELETE": {
        "1": [],
        "2": [
            [
                "8",
                "12"
            ]
        ],
        "3": [
            [
                "2",
                "12"
            ]
        ],
        "4": [
            [
                "10",
                "11"
            ]
        ],
        "5": [],
        "6": [
            [
                "13",
                "14"
            ],
            [
                "1",
                "12"
            ]
        ],
        "7": [],
        "8": [
            [
                "6",
                "8"
            ]
        ],
        "9": [],
        "10": [
            [
                "6",
                "12"
            ]
        ],
        "11": [
            [
                "5",
                "15"
            ],
            [
                "6",
                "12"
            ]
        ],
        "12": [
            [
                "6",
                "11"
            ],
            [
                "5",
                "14"
            ]
        ],
        "13": [
            [
                "1",
                "11"
            ]
        ],
        "14": [
            [
                "6",
                "15"
            ]
        ],
        "15": [
            [
                "4",
                "8"
            ],
            [
                "4",
                "6"
            ]
        ]
    }
}