{
    "NAME": "random-15-5.00-0",
    "TYPE": "TSPSD",
    "COMMENT": "15 random locations, 5.0 goal degree after n/2 deletes",
    "EDGE_WEIGHT_TYPE": "EUC_2D",
    "DIMENSION": 15,
    "GROUPS": [
        9,
        14,
        13,
        13,
        11,
        14,
        13,
        14,
        17,
        12,
        16,
        17,
        16,
        14,
        18
    ],
    "GROUPS_SUM": 211,
    "EXP_DEGREE_HALF": 5.05392385392385,
    "EXP_DEGREES": [
        14.0,
        12.124444444444446,
        10.492698412698417,
        9.074871794871791,
        7.844395604395611,
        6.777666777666773,
        5.853719613719614,
        5.05392385392385,
        4.361709401709417,
        3.7623176823176845,
        3.242579642579649,
        2.790720390720395,
        2.3961904761904798,
        2.049523809523821,
        1.742222222222221,
        1.4666666666666668
    ],
    "EXP_REMOVED_EDGES": [
        0.0,
        14.066666666666656,
        26.304761904761868,
        36.93846153846157,
        46.16703296703292,
        54.1674991674992,
        61.0971028971029,
        67.09557109557113,
        72.28717948717937,
        76.78261738261736,
        80.68065268065263,
        84.06959706959704,
        87.0285714285714,
        89.62857142857135,
        91.93333333333334,
        94
    ],
    "NODE_COORDS": {
        "1": [
            86,
            55
        ],
        "2": [
            23,
            39
        ],
        "3": [
            1,
            33
        ],
        "4": [
            7,
            58
        ],
        "5": [
            11,
            46
        ],
        "6": [
            23,
            24
        ],
        "7": [
            60,
            0
        ],
        "8": [
            49,
            14
        ],
        "9": [
            85,
            63
        ],
        "10": [
            82,
            48
        ],
        "11": [
            97,
            53
        ],
        "12": [
            28,
            64
        ],
        "13": [
            51,
            21
        ],
        "14": [
            50,
            46
        ],
        "15": [
            76,
            2
        ]
    },
    "DELETE": {
        "1": [
            [
                "10",
                "15"
            ],
            [
                "9",
                "14"
            ],
            [
                "7",
                "8"
            ],
            [
                "3",
                "5"
            ],
            [
                "3",
                "7"
            ],
            [
                "5",
                "10"
            ],
            [
                "2",
                "13"
            ],
            [
                "12",
                "15"
            ],
            [
                "12",
                "14"
            ]
        ],
        "2": [
            [
                "8",
                "12"
            ],
            [
                "10",
                "14"
            ],
            [
                "3",
                "15"
            ],
            [
                "1",
                "15"
            ],
            [
                "2",
                "14"
            ],
            [
                "8",
                "10"
            ],
            [
                "4",
                "15"
            ],
            [
                "7",
                "10"
            ],
            [
                "7",
                "13"
            ],
            [
                "2",
                "6"
            ],
            [
                "11",
                "15"
            ],
            [
                "10",
                "15"
            ],
            [
                "7",
                "8"
            ],
            [
                "2",
                "12"
            ]
        ],
        "3": [
            [
                "2",
                "12"
            ],
            [
                "5",
                "11"
            ],
            [
                "5",
                "13"
            ],
            [
                "8",
                "11"
            ],
            [
                "7",
                "14"
            ],
            [
                "2",
                "15"
            ],
            [
                "2",
                "5"
            ],
            [
                "7",
                "8"
            ],
            [
                "5",
                "10"
            ],
            [
                "12",
                "14"
            ],
            [
                "14",
                "15"
            ],
            [
                "6",
                "15"
            ],
            [
                "4",
                "14"
            ]
        ],
        "4": [
            [
                "10",
                "11"
            ],
            [
                "7",
                "9"
            ],
            [
                "3",
                "4"
            ],
            [
                "8",
                "15"
            ],
            [
                "6",
                "11"
            ],
            [
                "4",
                "15"
            ],
            [
                "6",
                "13"
            ],
            [
                "3",
                "12"
            ],
            [
                "8",
                "14"
            ],
            [
                "5",
                "15"
            ],
            [
                "4",
                "12"
            ],
            [
                "4",
                "14"
            ],
            [
                "8",
                "11"
            ]
        ],
        "5": [
            [
                "1",
                "9"
            ],
            [
                "9",
                "10"
            ],
            [
                "2",
                "15"
            ],
            [
                "9",
                "13"
            ],
            [
                "2",
                "12"
            ],
            [
                "1",
                "8"
            ],
            [
                "9",
                "11"
            ],
            [
                "12",
                "15"
            ],
            [
                "3",
                "12"
            ],
            [
                "3",
                "11"
            ],
            [
                "3",
                "10"
            ]
        ],
        "6": [
            [
                "13",
                "14"
            ],
            [
                "1",
                "12"
            ],
            [
                "6",
                "8"
            ],
            [
                "11",
                "15"
            ],
            [
                "2",
                "10"
            ],
            [
                "5",
                "14"
            ],
            [
                "9",
                "15"
            ],
            [
                "2",
                "5"
            ],
            [
                "1",
                "9"
            ],
            [
                "5",
                "12"
            ],
            [
                "1",
                "3"
            ],
            [
                "8",
                "10"
            ],
            [
                "3",
                "6"
            ],
            [
                "2",
                "4"
            ]
        ],