{
    "problem_type": "WCP",
    "log_dirs": [
        "./log/wcp-meta/ham_bound_v1/random10_ov_50_WCP_10s/",
        "./log/wcp-meta/ham_bound_v1/random20_ov_50_WCP_20s/",
        "./log/wcp-meta/ham_bound_v1/random30_ov_50_WCP_30s/",
        "./log/wcp-meta/ham_bound_v1/random40_ov_50_WCP_40s/",
        "./log/wcp-meta/ham_bound_v1/random50_ov_50_WCP_50s/",
        "./log/wcp-meta/ham_bound_v1/random60_ov_50_WCP_60s/",
        "./log/wcp-meta/ham_bound_v1/random70_ov_50_WCP_70s/",
        "./log/wcp-meta/ham_bound_v1/random80_ov_50_WCP_80s/",
        "./log/wcp-meta/ham_bound_v1/random90_ov_50_WCP_90s/",
        "./log/wcp-meta/ham_bound_v1/random100_ov_50_WCP_100s/"
    ],
    "problem_dirs": [
        "./data/tspsd/random10_ov_50/",
        "./data/tspsd/random20_ov_50/",
        "./data/tspsd/random30_ov_50/",
        "./data/tspsd/random40_ov_50/",
        "./data/tspsd/random50_ov_50/",
        "./data/tspsd/random60_ov_50/",
        "./data/tspsd/random70_ov_50/",
        "./data/tspsd/random80_ov_50/",
        "./data/tspsd/random90_ov_50/",
        "./data/tspsd/random100_ov_50/"
    ],
    "sizes": [
        10,
        20,
        30,
        40,
        50,
        60,
        70,
        80,
        90,
        100
    ],
    "bounds": [
        1.8414634146341462,
        2.625531914893617,
        3.612244897959184,
        4.375609756097561,
        5.317073170731708,
        6.0285714285714285,
        6.710243902439023,
        7.9399999999999995,
        8.66736842105263,
        9.488
    ],
    "rel_step": 0.5
}