{
    "problem_type": "WCP",
    "log_dirs": [
        "./log/wcp-meta/ham_bound_v1/random10_ov_50_WCP_10s/",
        "./log/wcp-meta/ham_bound_v1/random20_ov_50_WCP_20s/",
        "./log/wcp-meta/ham_bound_v1/random30_ov_50_WCP_30s/",
        "./log/wcp-meta/ham_bound_v1/random40_ov_50_WCP_40s/",
        "./log/wcp-meta/ham_bound_v1/random50_ov_50_WCP_50s/",
        "./log/wcp-meta/ham_bound_v1/random60_ov_50_WCP_60s/",
        "./log/wcp-meta/ham_bound_v1/random70_ov_50_WCP_70s/",
        "./log/wcp-meta/ham_bound_v1/random80_ov_50_WCP_80s/",
        "./log/wcp-meta/ham_bound_v1/random90_ov_50_WCP_90s/",
        "./log/wcp-meta/ham_bound_v1/random100_ov_50_WCP_100s/"
    ],
    "problem_dirs": [
        "./data/tspsd/random10_ov_50/",
        "./data/tspsd/random20_ov_50/",
        "./data/tspsd/random30_ov_50/",
        "./data/tspsd/random40_ov_50/",
        "./data/tspsd/random50_ov_50/",
        "./data/tspsd/random60_ov_50/",
        "./data/tspsd/random70_ov_50/",
        "./data/tspsd/random80_ov_50/",
        "./data/tspsd/random90_ov_50/",
        "./data/tspsd/random100_ov_50/"
    ],
    "sizes": [
        10,
        20,
        30,
        40,
        50,
        60,
        70,
        80,
        90,
        100
    ],
    "bounds": [
        4.845405472475592,
        7.258615367773988,
        11.09747995852933,
        13.336257818669846,
        17.033763104103663,
        19.11174429719187,
        22.294500932857098,
        25.3268262304922,
        28.692331002331002,
        30.67142857142857
    ],
    "rel_step": 0.25
}