{"name":"ulysses22-3.80.json","solution":{"cost":143.33292783288164,"time":0.856807094,"route":[13,12,22,17,18,3,9,5,15,14,19,20,6,10,8,1,2,21,11,7,4,16],"is_feasible":true}}