{"name": "random-90-7.96-11.json", "solution": {"time": 0.047345932, "max_depth": 10, "is_feasible": false}, "AVD": 17.89789169472527}