{"name": "random-90-17.48-49.json", "solution": {"time": 0.009423627, "max_depth": 90, "is_feasible": true}, "AVD": 25.91604663923206}