{"name": "random-90-18.04-35.json", "solution": {"time": 0.008903918, "max_depth": 90, "is_feasible": true}, "AVD": 26.329811884275088}