{"name": "random-90-9.92-3.json", "solution": {"time": 0.022657376, "max_depth": 90, "is_feasible": true}, "AVD": 19.63681500187081}