{"name": "random-90-18.32-36.json", "solution": {"time": 0.009272662, "max_depth": 90, "is_feasible": true}, "AVD": 26.56880583613939}