{"name": "random-90-15.80-43.json", "solution": {"time": 0.009211101, "max_depth": 90, "is_feasible": true}, "AVD": 24.52293964334729}