{"name": "random-90-13.56-0.json", "solution": {"time": 0.010169507, "max_depth": 90, "is_feasible": true}, "AVD": 22.663140977678246}