{"name": "random-90-7.68-24.json", "solution": {"time": 0.038575902, "max_depth": 5, "is_feasible": false}, "AVD": 17.66656060606084}