{"name": "random-90-18.88-23.json", "solution": {"time": 0.008974242, "max_depth": 90, "is_feasible": true}, "AVD": 26.990562538970156}