{"name": "random-90-14.40-26.json", "solution": {"time": 0.009670213, "max_depth": 90, "is_feasible": true}, "AVD": 23.433382217234314}