{"name": "random-90-13.56-10.json", "solution": {"time": 0.009602369, "max_depth": 90, "is_feasible": true}, "AVD": 22.722354283576745}