{"name": "random-90-6.84-33.json", "solution": {"time": 0.02834159, "max_depth": 2, "is_feasible": false}, "AVD": 16.864500187055945}