{"name": "random-90-13.84-34.json", "solution": {"time": 0.011055379, "max_depth": 90, "is_feasible": true}, "AVD": 22.958953547824155}