{"name": "random-90-14.40-30.json", "solution": {"time": 0.00914696, "max_depth": 90, "is_feasible": true}, "AVD": 23.37933956852497}