{"name": "random-90-14.12-28.json", "solution": {"time": 0.009366355, "max_depth": 90, "is_feasible": true}, "AVD": 23.179878164359884}