{"name": "random-90-10.48-18.json", "solution": {"time": 0.013047644, "max_depth": 90, "is_feasible": true}, "AVD": 20.146031737124545}