{"name": "random-90-16.64-41.json", "solution": {"time": 0.008907911, "max_depth": 90, "is_feasible": true}, "AVD": 25.175621336825277}