{"name": "random-90-15.80-30.json", "solution": {"time": 0.010648735, "max_depth": 90, "is_feasible": true}, "AVD": 24.512201459035023}