{"name": "random-90-13.84-46.json", "solution": {"time": 0.00922472, "max_depth": 90, "is_feasible": true}, "AVD": 22.92647162987927}