{"name": "random-90-14.68-16.json", "solution": {"time": 0.013848871, "max_depth": 90, "is_feasible": true}, "AVD": 23.67767651826936}