{"name": "random-90-13.56-22.json", "solution": {"time": 0.00928144, "max_depth": 90, "is_feasible": true}, "AVD": 22.73922964210024}