{"name": "random-90-10.76-22.json", "solution": {"time": 0.009997678, "max_depth": 90, "is_feasible": true}, "AVD": 20.381809514902336}