{"name": "random-90-14.96-7.json", "solution": {"time": 0.011460476, "max_depth": 90, "is_feasible": true}, "AVD": 23.836593216111932}