{"name": "random-90-12.44-32.json", "solution": {"time": 0.011743815, "max_depth": 90, "is_feasible": true}, "AVD": 21.772078688115975}