{"name": "random-90-10.76-20.json", "solution": {"time": 0.011382529, "max_depth": 90, "is_feasible": true}, "AVD": 20.327287567028527}