{"name": "random-90-7.68-16.json", "solution": {"time": 0.04857031, "max_depth": 8, "is_feasible": false}, "AVD": 17.67869840379124}