{"name": "random-90-18.04-24.json", "solution": {"time": 0.013851495, "max_depth": 90, "is_feasible": true}, "AVD": 26.31875183938171}