{"name": "random-90-13.00-22.json", "solution": {"time": 0.014345705, "max_depth": 90, "is_feasible": true}, "AVD": 22.2743527871308}