{"name": "random-90-18.60-43.json", "solution": {"time": 0.013924602, "max_depth": 90, "is_feasible": true}, "AVD": 26.778234069086157}