{"name": "random-90-19.72-46.json", "solution": {"time": 0.008874682, "max_depth": 90, "is_feasible": true}, "AVD": 27.680339069709675}