{"name": "random-90-20.00-30.json", "solution": {"time": 0.013875065, "max_depth": 90, "is_feasible": true}, "AVD": 27.912475558049856}