{"name": "random-90-17.48-48.json", "solution": {"time": 0.013932376, "max_depth": 90, "is_feasible": true}, "AVD": 25.893601010101253}