{"name": "random-90-14.68-23.json", "solution": {"time": 0.00932664, "max_depth": 90, "is_feasible": true}, "AVD": 23.57376081805735}