{"name": "random-90-9.08-16.json", "solution": {"time": 0.016046389, "max_depth": 90, "is_feasible": true}, "AVD": 18.94197836388602}