{"name": "random-90-13.28-15.json", "solution": {"time": 0.0096204, "max_depth": 90, "is_feasible": true}, "AVD": 22.45755674024218}