{"name": "random-90-11.88-42.json", "solution": {"time": 0.009792522, "max_depth": 90, "is_feasible": true}, "AVD": 21.26541831899264}