{"name": "random-90-18.32-39.json", "solution": {"time": 0.0089457, "max_depth": 90, "is_feasible": true}, "AVD": 26.56776100511307}