{"name": "random-90-10.48-42.json", "solution": {"time": 0.012792632, "max_depth": 90, "is_feasible": true}, "AVD": 20.07600423993042}