{"name": "random-90-7.40-29.json", "solution": {"time": 0.116639937, "max_depth": 13, "is_feasible": false}, "AVD": 17.3794985659062}