{"name": "random-90-6.00-42.json", "solution": {"time": 0.032310148, "max_depth": 3, "is_feasible": false}, "AVD": 16.01264219354056}