{"name": "random-90-11.32-46.json", "solution": {"time": 0.011068313, "max_depth": 90, "is_feasible": true}, "AVD": 20.83101365506945}