{"name": "random-90-17.76-8.json", "solution": {"time": 0.009194849, "max_depth": 90, "is_feasible": true}, "AVD": 26.129241613667773}