{"name": "random-90-9.08-20.json", "solution": {"time": 0.014877378, "max_depth": 90, "is_feasible": true}, "AVD": 18.876380097269223}