{"name": "random-90-17.76-29.json", "solution": {"time": 0.00881331, "max_depth": 90, "is_feasible": true}, "AVD": 26.137532173587957}