{"name": "random-90-6.00-18.json", "solution": {"time": 0.030446921, "max_depth": 3, "is_feasible": false}, "AVD": 16.078076848734444}