{"name": "random-90-18.60-16.json", "solution": {"time": 0.00894163, "max_depth": 90, "is_feasible": true}, "AVD": 26.814606995885}