{"name": "random-90-17.20-20.json", "solution": {"time": 0.011828171, "max_depth": 90, "is_feasible": true}, "AVD": 25.59689331587505}