{"name": "random-90-8.24-26.json", "solution": {"time": 0.015071052, "max_depth": 90, "is_feasible": true}, "AVD": 18.182816872428198}