{"name": "random-90-20.00-14.json", "solution": {"time": 0.009737819, "max_depth": 90, "is_feasible": true}, "AVD": 27.910856840005202}