{"name": "random-90-10.48-20.json", "solution": {"time": 0.012321703, "max_depth": 90, "is_feasible": true}, "AVD": 20.084542274598057}