{"name": "random-90-6.56-16.json", "solution": {"time": 0.043460037, "max_depth": 6, "is_feasible": false}, "AVD": 16.622591064970916}