{"name": "random-90-15.52-49.json", "solution": {"time": 0.013780783, "max_depth": 90, "is_feasible": true}, "AVD": 24.32691944132709}