{"name": "random-90-15.52-13.json", "solution": {"time": 0.009330903, "max_depth": 90, "is_feasible": true}, "AVD": 24.270934655194157}