{"name": "random-90-8.24-12.json", "solution": {"time": 0.026234644, "max_depth": 90, "is_feasible": true}, "AVD": 18.173737747849092}