{"name": "random-90-7.96-2.json", "solution": {"time": 0.02303628, "max_depth": 90, "is_feasible": true}, "AVD": 17.908261254520756}