{"name": "random-90-7.40-1.json", "solution": {"time": 0.038179029, "max_depth": 4, "is_feasible": false}, "AVD": 17.392710749470208}