{"name": "random-90-11.04-49.json", "solution": {"time": 0.015925992, "max_depth": 90, "is_feasible": true}, "AVD": 20.582618156877654}