{"name": "random-90-8.80-9.json", "solution": {"time": 0.027805016, "max_depth": 90, "is_feasible": true}, "AVD": 18.692875109116095}