{"name": "random-90-8.52-13.json", "solution": {"time": 0.024999139, "max_depth": 90, "is_feasible": true}, "AVD": 18.367072390572623}