{"name": "random-90-18.60-35.json", "solution": {"time": 0.015647626, "max_depth": 90, "is_feasible": true}, "AVD": 26.775956353660302}