{"name": "random-90-14.96-24.json", "solution": {"time": 0.008887997, "max_depth": 90, "is_feasible": true}, "AVD": 23.86127497194187}