{"name": "random-90-13.00-14.json", "solution": {"time": 0.010062608, "max_depth": 90, "is_feasible": true}, "AVD": 22.215239181943105}