{"name": "random-90-11.04-46.json", "solution": {"time": 0.011111614, "max_depth": 90, "is_feasible": true}, "AVD": 20.591620900361875}