{"name": "random-90-12.72-26.json", "solution": {"time": 0.011111377, "max_depth": 90, "is_feasible": true}, "AVD": 22.063351477740618}