{"name": "random-90-17.76-35.json", "solution": {"time": 0.008945157, "max_depth": 90, "is_feasible": true}, "AVD": 26.108179635865064}