{"name": "random-90-18.60-6.json", "solution": {"time": 0.01392984, "max_depth": 90, "is_feasible": true}, "AVD": 26.801403541588954}