{"name": "random-90-8.80-6.json", "solution": {"time": 0.014782321, "max_depth": 90, "is_feasible": true}, "AVD": 18.649802531487957}