{"name": "random-90-12.72-49.json", "solution": {"time": 0.010068068, "max_depth": 90, "is_feasible": true}, "AVD": 22.002630253149018}