{"name": "random-90-6.56-28.json", "solution": {"time": 0.062686412, "max_depth": 12, "is_feasible": false}, "AVD": 16.527279928919025}