{"name": "random-90-19.72-29.json", "solution": {"time": 0.009032746, "max_depth": 90, "is_feasible": true}, "AVD": 27.711440828033638}