{"name": "random-90-8.24-0.json", "solution": {"time": 0.055436457, "max_depth": 10, "is_feasible": false}, "AVD": 18.177907532111476}