{"name": "random-90-13.00-24.json", "solution": {"time": 0.01663334, "max_depth": 90, "is_feasible": true}, "AVD": 22.257515276219205}