{"name": "random-90-7.96-30.json", "solution": {"time": 0.052533678, "max_depth": 10, "is_feasible": false}, "AVD": 17.91920089786778}