{"name": "random-90-9.36-22.json", "solution": {"time": 0.011436603, "max_depth": 90, "is_feasible": true}, "AVD": 19.160927765307626}