{"name": "random-90-14.68-44.json", "solution": {"time": 0.009230735, "max_depth": 90, "is_feasible": true}, "AVD": 23.591565905973553}