{"name": "random-90-10.20-12.json", "solution": {"time": 0.017181399, "max_depth": 90, "is_feasible": true}, "AVD": 19.91413019079708}