{"name": "random-90-6.00-29.json", "solution": {"time": 0.037160338, "max_depth": 4, "is_feasible": false}, "AVD": 16.03223618905121}