{"name": "random-90-11.32-47.json", "solution": {"time": 0.016313262, "max_depth": 90, "is_feasible": true}, "AVD": 20.832282454171562}