{"name": "random-90-6.84-14.json", "solution": {"time": 0.042842207, "max_depth": 6, "is_feasible": false}, "AVD": 16.788171218356617}