{"name": "random-90-16.36-43.json", "solution": {"time": 0.010289122, "max_depth": 90, "is_feasible": true}, "AVD": 24.96532198528519}