{"name": "random-90-12.16-15.json", "solution": {"time": 0.010070294, "max_depth": 90, "is_feasible": true}, "AVD": 21.52336918568426}