{"name": "random-90-9.36-3.json", "solution": {"time": 0.010486496, "max_depth": 90, "is_feasible": true}, "AVD": 19.14504788627037}