{"name": "random-90-19.44-23.json", "solution": {"time": 0.008967451, "max_depth": 90, "is_feasible": true}, "AVD": 27.452927422372092}