{"name": "random-90-17.76-48.json", "solution": {"time": 0.01344532, "max_depth": 90, "is_feasible": true}, "AVD": 26.124711310637476}