{"name": "random-90-11.88-4.json", "solution": {"time": 0.011506677, "max_depth": 90, "is_feasible": true}, "AVD": 21.304837885023325}