{"name": "random-90-17.76-36.json", "solution": {"time": 0.009291261, "max_depth": 90, "is_feasible": true}, "AVD": 26.117766305025786}