{"name": "random-90-7.12-17.json", "solution": {"time": 0.090580615, "max_depth": 24, "is_feasible": false}, "AVD": 17.113397431101358}