{"name": "random-90-10.48-22.json", "solution": {"time": 0.010720609, "max_depth": 90, "is_feasible": true}, "AVD": 20.14972652450452}