{"name": "random-90-11.04-7.json", "solution": {"time": 0.011997726, "max_depth": 90, "is_feasible": true}, "AVD": 20.57061759571041}