{"name": "random-90-7.40-15.json", "solution": {"time": 0.073427922, "max_depth": 12, "is_feasible": false}, "AVD": 17.37443315874824}