{"name": "random-90-15.80-9.json", "solution": {"time": 0.009434268, "max_depth": 90, "is_feasible": true}, "AVD": 24.541795548073587}