{"name": "random-90-13.56-11.json", "solution": {"time": 0.009356435, "max_depth": 90, "is_feasible": true}, "AVD": 22.67289437585758}