{"name": "random-90-9.36-31.json", "solution": {"time": 0.065405287, "max_depth": 90, "is_feasible": true}, "AVD": 19.11851646090557}