{"name": "random-90-16.08-2.json", "solution": {"time": 0.014772764, "max_depth": 90, "is_feasible": true}, "AVD": 24.724272976680616}