{"name": "random-90-6.28-9.json", "solution": {"time": 0.032621835, "max_depth": 3, "is_feasible": false}, "AVD": 16.33224042898138}