{"name": "random-90-9.64-39.json", "solution": {"time": 0.012868677, "max_depth": 90, "is_feasible": true}, "AVD": 19.422804651453035}