{"name": "random-90-12.16-24.json", "solution": {"time": 0.010712, "max_depth": 90, "is_feasible": true}, "AVD": 21.561025564285043}