{"name": "random-90-15.24-36.json", "solution": {"time": 0.009925443, "max_depth": 90, "is_feasible": true}, "AVD": 24.057434904601806}