{"name": "random-90-11.88-6.json", "solution": {"time": 0.011989068, "max_depth": 90, "is_feasible": true}, "AVD": 21.302144968200775}