{"name": "random-90-17.48-6.json", "solution": {"time": 0.009658174, "max_depth": 90, "is_feasible": true}, "AVD": 25.94996757700485}