{"name": "random-90-12.16-16.json", "solution": {"time": 0.009647203, "max_depth": 90, "is_feasible": true}, "AVD": 21.566229455044514}