{"name": "random-90-11.60-39.json", "solution": {"time": 0.011466858, "max_depth": 90, "is_feasible": true}, "AVD": 21.11382759695745}