{"name": "random-90-6.56-11.json", "solution": {"time": 0.030994628, "max_depth": 3, "is_feasible": false}, "AVD": 16.583331462776133}