{"name": "random-90-14.12-29.json", "solution": {"time": 0.009556076, "max_depth": 90, "is_feasible": true}, "AVD": 23.15972151434484}