{"name": "random-90-17.20-42.json", "solution": {"time": 0.008801053, "max_depth": 90, "is_feasible": true}, "AVD": 25.657064721287178}