{"name": "random-90-19.44-10.json", "solution": {"time": 0.008620868, "max_depth": 90, "is_feasible": true}, "AVD": 27.46151546327494}