{"name": "random-90-13.84-11.json", "solution": {"time": 0.011550029, "max_depth": 90, "is_feasible": true}, "AVD": 22.915284636488586}