{"name": "random-90-9.92-40.json", "solution": {"time": 0.011461169, "max_depth": 90, "is_feasible": true}, "AVD": 19.715388888889155}