{"name": "random-90-15.52-15.json", "solution": {"time": 0.00910957, "max_depth": 90, "is_feasible": true}, "AVD": 24.274239618406526}