{"name": "random-90-18.32-27.json", "solution": {"time": 0.009844578, "max_depth": 90, "is_feasible": true}, "AVD": 26.541558361391925}