{"name": "random-90-9.36-29.json", "solution": {"time": 0.012455632, "max_depth": 90, "is_feasible": true}, "AVD": 19.169571829405402}