{"name": "random-90-18.32-17.json", "solution": {"time": 0.011159986, "max_depth": 90, "is_feasible": true}, "AVD": 26.598916261379447}