{"name": "random-90-7.12-42.json", "solution": {"time": 0.055289851, "max_depth": 11, "is_feasible": false}, "AVD": 17.089529648335446}