{"name": "random-90-14.68-31.json", "solution": {"time": 0.009427358, "max_depth": 90, "is_feasible": true}, "AVD": 23.632659059733356}