{"name": "random-90-11.32-24.json", "solution": {"time": 0.01474545, "max_depth": 90, "is_feasible": true}, "AVD": 20.85349282953009}