{"name": "random-90-11.60-12.json", "solution": {"time": 0.009964685, "max_depth": 90, "is_feasible": true}, "AVD": 21.066480795610655}