{"name": "random-90-8.80-22.json", "solution": {"time": 0.013481329, "max_depth": 90, "is_feasible": true}, "AVD": 18.6602999438835}