{"name": "random-90-16.64-31.json", "solution": {"time": 0.01427774, "max_depth": 90, "is_feasible": true}, "AVD": 25.22752107494722}