{"name": "random-90-6.28-26.json", "solution": {"time": 0.034131144, "max_depth": 3, "is_feasible": false}, "AVD": 16.29257176705346}