{"name": "random-90-7.40-27.json", "solution": {"time": 0.037939514, "max_depth": 5, "is_feasible": false}, "AVD": 17.377975558049872}