{"name": "random-90-13.00-31.json", "solution": {"time": 0.010209001, "max_depth": 90, "is_feasible": true}, "AVD": 22.231774099015055}