{"name": "random-90-13.28-20.json", "solution": {"time": 0.010698901, "max_depth": 90, "is_feasible": true}, "AVD": 22.43223494201296}