{"name": "random-90-13.28-41.json", "solution": {"time": 0.009390182, "max_depth": 90, "is_feasible": true}, "AVD": 22.435443197406396}