{"name": "random-90-18.04-44.json", "solution": {"time": 0.008829838, "max_depth": 90, "is_feasible": true}, "AVD": 26.308278962464374}