{"name": "random-90-16.64-11.json", "solution": {"time": 0.009129722, "max_depth": 90, "is_feasible": true}, "AVD": 25.17917084424514}