{"name": "random-90-13.56-8.json", "solution": {"time": 0.009645336, "max_depth": 90, "is_feasible": true}, "AVD": 22.696592592592832}