{"name": "random-90-11.60-25.json", "solution": {"time": 0.011233858, "max_depth": 90, "is_feasible": true}, "AVD": 21.106050941514116}