{"name": "random-90-15.52-41.json", "solution": {"time": 0.010074777, "max_depth": 90, "is_feasible": true}, "AVD": 24.270412644968413}