{"name": "random-90-16.36-24.json", "solution": {"time": 0.009258425, "max_depth": 90, "is_feasible": true}, "AVD": 25.00180433969346}