{"name": "random-90-16.36-18.json", "solution": {"time": 0.008973868, "max_depth": 90, "is_feasible": true}, "AVD": 24.99700872926821}