{"name": "random-90-13.84-32.json", "solution": {"time": 0.010049943, "max_depth": 90, "is_feasible": true}, "AVD": 22.935551440329473}