{"name": "random-90-7.68-18.json", "solution": {"time": 0.046776324, "max_depth": 7, "is_feasible": false}, "AVD": 17.671707257762996}