{"name": "random-90-17.76-44.json", "solution": {"time": 0.0099542, "max_depth": 90, "is_feasible": true}, "AVD": 26.076169223095384}