{"name": "random-90-9.36-16.json", "solution": {"time": 0.020977417, "max_depth": 90, "is_feasible": true}, "AVD": 19.187309140790873}