{"name": "random-90-6.28-48.json", "solution": {"time": 0.030188233, "max_depth": 4, "is_feasible": false}, "AVD": 16.307986531986735}