{"name": "random-90-7.12-13.json", "solution": {"time": 0.034972581, "max_depth": 7, "is_feasible": false}, "AVD": 17.09477484723804}