{"name": "random-90-7.40-48.json", "solution": {"time": 0.036521994, "max_depth": 5, "is_feasible": false}, "AVD": 17.37700579872823}