{"name": "random-90-18.88-19.json", "solution": {"time": 0.009307411, "max_depth": 90, "is_feasible": true}, "AVD": 26.97393521636136}