{"name": "random-90-19.72-3.json", "solution": {"time": 0.008798822, "max_depth": 90, "is_feasible": true}, "AVD": 27.7112527746604}