{"name": "random-90-15.24-13.json", "solution": {"time": 0.009548706, "max_depth": 90, "is_feasible": true}, "AVD": 24.04668749220625}