{"name": "random-90-15.80-3.json", "solution": {"time": 0.010260012, "max_depth": 90, "is_feasible": true}, "AVD": 24.526065531862045}