{"name": "random-90-18.60-20.json", "solution": {"time": 0.009269284, "max_depth": 90, "is_feasible": true}, "AVD": 26.74533121336849}