{"name": "random-90-10.48-10.json", "solution": {"time": 0.0150711, "max_depth": 90, "is_feasible": true}, "AVD": 20.113111485222838}