{"name": "random-90-11.32-26.json", "solution": {"time": 0.010333215, "max_depth": 90, "is_feasible": true}, "AVD": 20.866971318119724}