{"name": "random-90-9.08-24.json", "solution": {"time": 0.013156124, "max_depth": 90, "is_feasible": true}, "AVD": 18.917269921436837}