{"name": "random-90-17.20-8.json", "solution": {"time": 0.014456591, "max_depth": 90, "is_feasible": true}, "AVD": 25.67660443945653}