{"name": "random-90-19.44-37.json", "solution": {"time": 0.011093237, "max_depth": 90, "is_feasible": true}, "AVD": 27.391468262875897}