{"name": "random-90-10.76-8.json", "solution": {"time": 0.014546862, "max_depth": 90, "is_feasible": true}, "AVD": 20.373370120962946}