{"name": "random-90-19.16-32.json", "solution": {"time": 0.008974808, "max_depth": 90, "is_feasible": true}, "AVD": 27.202147711685008}