{"name": "random-90-11.04-21.json", "solution": {"time": 0.011556852, "max_depth": 90, "is_feasible": true}, "AVD": 20.607385023070425}