{"name": "random-90-9.08-46.json", "solution": {"time": 0.016988244, "max_depth": 90, "is_feasible": true}, "AVD": 18.886149083427107}