{"name": "random-90-7.12-28.json", "solution": {"time": 0.071675196, "max_depth": 12, "is_feasible": false}, "AVD": 17.077191888016177}