{"name": "random-90-15.80-47.json", "solution": {"time": 0.011255868, "max_depth": 90, "is_feasible": true}, "AVD": 24.52133339568548}