{"name": "random-90-13.00-27.json", "solution": {"time": 0.009433202, "max_depth": 90, "is_feasible": true}, "AVD": 22.231855717670772}