{"name": "random-90-13.28-48.json", "solution": {"time": 0.009782149, "max_depth": 90, "is_feasible": true}, "AVD": 22.44209614665196}