{"name": "random-90-7.96-7.json", "solution": {"time": 0.040790964, "max_depth": 6, "is_feasible": false}, "AVD": 17.888661678513767}