{"name": "random-90-14.68-34.json", "solution": {"time": 0.009736544, "max_depth": 90, "is_feasible": true}, "AVD": 23.661005424616768}