{"name": "random-90-7.12-8.json", "solution": {"time": 0.034757686, "max_depth": 4, "is_feasible": false}, "AVD": 17.104762002743698}