{"name": "random-90-9.64-4.json", "solution": {"time": 0.011132387, "max_depth": 90, "is_feasible": true}, "AVD": 19.348861765806458}