{"name": "random-90-16.08-12.json", "solution": {"time": 0.009009592, "max_depth": 90, "is_feasible": true}, "AVD": 24.725627946128196}