{"name": "random-90-8.52-12.json", "solution": {"time": 0.021615436, "max_depth": 90, "is_feasible": true}, "AVD": 18.4350362888143}