{"name": "random-90-10.20-33.json", "solution": {"time": 0.016362613, "max_depth": 90, "is_feasible": true}, "AVD": 19.86421455293704}