{"name": "random-90-11.32-37.json", "solution": {"time": 0.012654269, "max_depth": 90, "is_feasible": true}, "AVD": 20.790226025689243}