{"name": "random-90-6.84-32.json", "solution": {"time": 0.051869235, "max_depth": 8, "is_feasible": false}, "AVD": 16.834930197032257}