{"name": "random-90-11.04-31.json", "solution": {"time": 0.014618574, "max_depth": 90, "is_feasible": true}, "AVD": 20.581833520389317}