{"name": "random-90-14.68-27.json", "solution": {"time": 0.009953009, "max_depth": 90, "is_feasible": true}, "AVD": 23.607534231201136}