{"name": "random-90-18.88-15.json", "solution": {"time": 0.009292046, "max_depth": 90, "is_feasible": true}, "AVD": 26.980922371867038}