{"name": "random-90-19.16-12.json", "solution": {"time": 0.009739877, "max_depth": 90, "is_feasible": true}, "AVD": 27.191078501060215}