{"name": "random-90-18.04-5.json", "solution": {"time": 0.01062804, "max_depth": 90, "is_feasible": true}, "AVD": 26.35444768674421}