{"name": "random-90-17.76-32.json", "solution": {"time": 0.008547767, "max_depth": 90, "is_feasible": true}, "AVD": 26.081001059982786}