{"name": "random-90-14.40-12.json", "solution": {"time": 0.009612059, "max_depth": 90, "is_feasible": true}, "AVD": 23.350229891507883}