{"name": "random-90-19.44-36.json", "solution": {"time": 0.0145513, "max_depth": 90, "is_feasible": true}, "AVD": 27.461320925302626}