{"name": "random-90-8.52-45.json", "solution": {"time": 0.025813408, "max_depth": 90, "is_feasible": true}, "AVD": 18.391366223968316}