{"name": "random-90-7.12-19.json", "solution": {"time": 0.029152691, "max_depth": 3, "is_feasible": false}, "AVD": 17.072870370370612}