{"name": "random-90-15.80-45.json", "solution": {"time": 0.00917385, "max_depth": 90, "is_feasible": true}, "AVD": 24.460202519017553}