{"name": "random-90-8.80-36.json", "solution": {"time": 0.032100304, "max_depth": 90, "is_feasible": true}, "AVD": 18.613884898366628}