{"name": "random-90-11.88-8.json", "solution": {"time": 0.011037834, "max_depth": 90, "is_feasible": true}, "AVD": 21.32253684998153}