{"name": "random-90-18.88-33.json", "solution": {"time": 0.015151524, "max_depth": 90, "is_feasible": true}, "AVD": 27.002011909215835}