{"name": "random-90-16.64-8.json", "solution": {"time": 0.008884054, "max_depth": 90, "is_feasible": true}, "AVD": 25.2465450180823}