{"name": "random-90-10.76-30.json", "solution": {"time": 0.012156672, "max_depth": 90, "is_feasible": true}, "AVD": 20.37598858959992}