{"name": "random-90-19.72-41.json", "solution": {"time": 0.009474415, "max_depth": 90, "is_feasible": true}, "AVD": 27.665629567277932}