{"name": "random-90-13.00-0.json", "solution": {"time": 0.010958378, "max_depth": 90, "is_feasible": true}, "AVD": 22.192676019454034}