{"name": "random-90-12.72-47.json", "solution": {"time": 0.010685721, "max_depth": 90, "is_feasible": true}, "AVD": 22.008345616660666}