{"name": "random-90-15.80-29.json", "solution": {"time": 0.013956675, "max_depth": 90, "is_feasible": true}, "AVD": 24.533451739618627}