{"name": "random-90-9.08-27.json", "solution": {"time": 0.020614321, "max_depth": 90, "is_feasible": true}, "AVD": 18.883399675770303}