{"name": "random-90-7.12-36.json", "solution": {"time": 0.042325987, "max_depth": 6, "is_feasible": false}, "AVD": 17.095827565781494}