{"name": "random-90-15.80-33.json", "solution": {"time": 0.014799598, "max_depth": 90, "is_feasible": true}, "AVD": 24.53394756204039}