{"name": "random-90-10.20-22.json", "solution": {"time": 0.011217765, "max_depth": 90, "is_feasible": true}, "AVD": 19.89183077690508}