{"name": "random-90-15.24-43.json", "solution": {"time": 0.015582311, "max_depth": 90, "is_feasible": true}, "AVD": 24.0578123207385}