{"name": "random-90-10.20-2.json", "solution": {"time": 0.012712572, "max_depth": 90, "is_feasible": true}, "AVD": 19.88236731512682}