{"name": "random-90-14.40-31.json", "solution": {"time": 0.009333011, "max_depth": 90, "is_feasible": true}, "AVD": 23.391589225589446}