{"name": "random-90-12.16-34.json", "solution": {"time": 0.011692751, "max_depth": 90, "is_feasible": true}, "AVD": 21.563553747350273}