{"name": "random-90-14.68-46.json", "solution": {"time": 0.009370457, "max_depth": 90, "is_feasible": true}, "AVD": 23.641229267988734}