{"name": "random-90-11.04-20.json", "solution": {"time": 0.011597607, "max_depth": 90, "is_feasible": true}, "AVD": 20.540499563536816}