{"name": "random-90-17.76-27.json", "solution": {"time": 0.008994764, "max_depth": 90, "is_feasible": true}, "AVD": 26.100351914203994}