{"name": "random-90-13.28-19.json", "solution": {"time": 0.011294748, "max_depth": 90, "is_feasible": true}, "AVD": 22.426547138047347}