{"name": "random-90-17.20-16.json", "solution": {"time": 0.010251023, "max_depth": 90, "is_feasible": true}, "AVD": 25.69402126200298}