{"name": "random-90-15.80-41.json", "solution": {"time": 0.013738549, "max_depth": 90, "is_feasible": true}, "AVD": 24.506246975932374}