{"name": "random-90-15.52-37.json", "solution": {"time": 0.009204424, "max_depth": 90, "is_feasible": true}, "AVD": 24.253114415762802}