{"name": "random-90-15.80-14.json", "solution": {"time": 0.009392997, "max_depth": 90, "is_feasible": true}, "AVD": 24.50162127447335}