{"name": "random-90-11.60-47.json", "solution": {"time": 0.010321139, "max_depth": 90, "is_feasible": true}, "AVD": 21.057510973937116}