{"name": "random-90-11.60-49.json", "solution": {"time": 0.011526532, "max_depth": 90, "is_feasible": true}, "AVD": 21.066798852725018}