{"name": "random-90-6.28-24.json", "solution": {"time": 0.030233864, "max_depth": 3, "is_feasible": false}, "AVD": 16.353584611547806}