{"name": "random-90-7.12-0.json", "solution": {"time": 0.033589775, "max_depth": 4, "is_feasible": false}, "AVD": 17.139135490709783}