{"name": "random-90-6.00-23.json", "solution": {"time": 0.031367289, "max_depth": 4, "is_feasible": false}, "AVD": 15.984556219420288}