{"name": "random-90-11.60-8.json", "solution": {"time": 0.011146266, "max_depth": 90, "is_feasible": true}, "AVD": 21.084979236812806}