{"name": "random-90-19.16-18.json", "solution": {"time": 0.008764037, "max_depth": 90, "is_feasible": true}, "AVD": 27.250393939394165}