{"name": "random-90-18.04-37.json", "solution": {"time": 0.014457852, "max_depth": 90, "is_feasible": true}, "AVD": 26.313467701708664}