{"name": "random-90-11.32-1.json", "solution": {"time": 0.011424354, "max_depth": 90, "is_feasible": true}, "AVD": 20.839792991645076}