{"name": "random-90-6.56-12.json", "solution": {"time": 0.031604385, "max_depth": 5, "is_feasible": false}, "AVD": 16.60561971567548}