{"name": "random-90-13.84-17.json", "solution": {"time": 0.009624397, "max_depth": 90, "is_feasible": true}, "AVD": 22.96771286943531}