{"name": "random-90-6.56-31.json", "solution": {"time": 0.039729904, "max_depth": 5, "is_feasible": false}, "AVD": 16.53430125327369}