{"name": "random-90-9.64-10.json", "solution": {"time": 0.01374818, "max_depth": 90, "is_feasible": true}, "AVD": 19.369220975184174}