{"name": "random-90-6.28-14.json", "solution": {"time": 0.035194359, "max_depth": 4, "is_feasible": false}, "AVD": 16.255207881282168}