{"name": "random-90-14.96-48.json", "solution": {"time": 0.008849964, "max_depth": 90, "is_feasible": true}, "AVD": 23.82506172839532}