{"name": "random-90-8.52-41.json", "solution": {"time": 0.012480081, "max_depth": 90, "is_feasible": true}, "AVD": 18.38396745230103}