{"name": "random-90-13.56-27.json", "solution": {"time": 0.009160322, "max_depth": 90, "is_feasible": true}, "AVD": 22.68618618281606}