{"name": "random-90-16.08-26.json", "solution": {"time": 0.013628124, "max_depth": 90, "is_feasible": true}, "AVD": 24.82995978301557}