{"name": "random-90-7.68-22.json", "solution": {"time": 0.05555575, "max_depth": 8, "is_feasible": false}, "AVD": 17.612692324479575}