{"name": "random-90-11.60-44.json", "solution": {"time": 0.012775218, "max_depth": 90, "is_feasible": true}, "AVD": 21.061864072827277}