{"name": "random-90-9.64-31.json", "solution": {"time": 0.05776181, "max_depth": 90, "is_feasible": true}, "AVD": 19.36671611173485}