{"name": "random-90-10.48-28.json", "solution": {"time": 0.016718473, "max_depth": 90, "is_feasible": true}, "AVD": 20.100861578750685}