{"name": "random-90-18.88-46.json", "solution": {"time": 0.00992787, "max_depth": 90, "is_feasible": true}, "AVD": 27.01602026437235}