{"name": "random-90-8.52-29.json", "solution": {"time": 0.016598655, "max_depth": 90, "is_feasible": true}, "AVD": 18.408795049258252}