{"name": "random-90-9.36-8.json", "solution": {"time": 0.017583486, "max_depth": 90, "is_feasible": true}, "AVD": 19.15000748222993}