{"name": "random-90-7.96-4.json", "solution": {"time": 0.045515431, "max_depth": 6, "is_feasible": false}, "AVD": 17.844586295049492}