{"name": "random-90-11.04-11.json", "solution": {"time": 0.010685595, "max_depth": 90, "is_feasible": true}, "AVD": 20.60411535104152}