{"name": "random-90-8.52-20.json", "solution": {"time": 0.01459867, "max_depth": 90, "is_feasible": true}, "AVD": 18.381351228332942}