{"name": "random-90-7.96-44.json", "solution": {"time": 0.037465689, "max_depth": 8, "is_feasible": false}, "AVD": 17.91189845990795}