{"name": "random-90-17.48-8.json", "solution": {"time": 0.0092996, "max_depth": 90, "is_feasible": true}, "AVD": 25.898799226836502}