{"name": "random-90-14.12-17.json", "solution": {"time": 0.010257065, "max_depth": 90, "is_feasible": true}, "AVD": 23.214283264746438}