{"name": "random-90-18.88-30.json", "solution": {"time": 0.009425665, "max_depth": 90, "is_feasible": true}, "AVD": 27.02309901483998}