{"name": "random-90-7.96-47.json", "solution": {"time": 0.041938781, "max_depth": 4, "is_feasible": false}, "AVD": 17.881739556054587}