{"name": "random-90-10.20-5.json", "solution": {"time": 0.009620451, "max_depth": 90, "is_feasible": true}, "AVD": 19.879770794363626}