{"name": "random-90-14.96-43.json", "solution": {"time": 0.010379688, "max_depth": 90, "is_feasible": true}, "AVD": 23.821121212121458}