{"name": "random-90-20.00-31.json", "solution": {"time": 0.009039248, "max_depth": 90, "is_feasible": true}, "AVD": 27.92764814814836}