{"name": "random-90-14.68-40.json", "solution": {"time": 0.01099779, "max_depth": 90, "is_feasible": true}, "AVD": 23.678439269235795}