{"name": "random-90-6.00-5.json", "solution": {"time": 0.030108053, "max_depth": 3, "is_feasible": false}, "AVD": 15.988885646589575}