{"name": "random-90-11.04-9.json", "solution": {"time": 0.011595421, "max_depth": 90, "is_feasible": true}, "AVD": 20.6441227085674}