{"name": "random-90-18.60-45.json", "solution": {"time": 0.009709413, "max_depth": 90, "is_feasible": true}, "AVD": 26.721321985285158}