{"name": "random-90-13.00-33.json", "solution": {"time": 0.010034246, "max_depth": 90, "is_feasible": true}, "AVD": 22.214909028557415}