{"name": "random-90-11.32-0.json", "solution": {"time": 0.011598739, "max_depth": 90, "is_feasible": true}, "AVD": 20.808153073949608}