{"name": "random-90-9.36-0.json", "solution": {"time": 0.028367303, "max_depth": 90, "is_feasible": true}, "AVD": 19.164720601072705}