{"name": "random-90-10.76-34.json", "solution": {"time": 0.014155934, "max_depth": 90, "is_feasible": true}, "AVD": 20.394339194413494}