{"name": "random-90-17.48-35.json", "solution": {"time": 0.009254806, "max_depth": 90, "is_feasible": true}, "AVD": 25.872084299788245}