{"name": "random-90-20.00-17.json", "solution": {"time": 0.008710275, "max_depth": 90, "is_feasible": true}, "AVD": 27.921401608679616}