{"name": "random-90-10.48-14.json", "solution": {"time": 0.015233585, "max_depth": 90, "is_feasible": true}, "AVD": 20.041901733383433}