{"name": "random-90-16.64-15.json", "solution": {"time": 0.009346311, "max_depth": 90, "is_feasible": true}, "AVD": 25.203231138546187}