{"name": "random-90-8.24-13.json", "solution": {"time": 0.021227813, "max_depth": 90, "is_feasible": true}, "AVD": 18.11734723781043}