{"name": "random-90-10.48-37.json", "solution": {"time": 0.011355164, "max_depth": 90, "is_feasible": true}, "AVD": 20.084046701583983}