{"name": "random-90-11.04-44.json", "solution": {"time": 0.012714383, "max_depth": 90, "is_feasible": true}, "AVD": 20.59432310761963}