{"name": "random-90-11.60-31.json", "solution": {"time": 0.011428136, "max_depth": 90, "is_feasible": true}, "AVD": 21.047736563162736}