{"name": "random-90-14.96-15.json", "solution": {"time": 0.009398079, "max_depth": 90, "is_feasible": true}, "AVD": 23.803867876294042}