{"name": "random-90-13.00-37.json", "solution": {"time": 0.009407431, "max_depth": 90, "is_feasible": true}, "AVD": 22.199115974560673}