{"name": "random-90-9.92-15.json", "solution": {"time": 0.014403621, "max_depth": 90, "is_feasible": true}, "AVD": 19.62799108367652}