{"name": "random-90-12.16-28.json", "solution": {"time": 0.016592528, "max_depth": 90, "is_feasible": true}, "AVD": 21.543281518892858}