{"name": "random-90-11.88-0.json", "solution": {"time": 0.009916533, "max_depth": 90, "is_feasible": true}, "AVD": 21.263734505549568}