{"name": "random-90-9.08-28.json", "solution": {"time": 0.021121695, "max_depth": 90, "is_feasible": true}, "AVD": 18.89754364634015}