{"name": "random-90-11.32-19.json", "solution": {"time": 0.019693934, "max_depth": 90, "is_feasible": true}, "AVD": 20.780390322983166}