{"name": "random-90-17.20-47.json", "solution": {"time": 0.010199941, "max_depth": 90, "is_feasible": true}, "AVD": 25.646954420750948}