{"name": "random-90-12.72-11.json", "solution": {"time": 0.010266338, "max_depth": 90, "is_feasible": true}, "AVD": 21.973926985908715}