{"name": "random-90-19.16-35.json", "solution": {"time": 0.009245736, "max_depth": 90, "is_feasible": true}, "AVD": 27.23145566778924}