{"name": "random-90-9.92-31.json", "solution": {"time": 0.026108296, "max_depth": 90, "is_feasible": true}, "AVD": 19.624366504551915}