{"name": "random-90-9.92-6.json", "solution": {"time": 0.015236151, "max_depth": 90, "is_feasible": true}, "AVD": 19.629231575009594}