{"name": "random-90-7.40-5.json", "solution": {"time": 0.079516372, "max_depth": 9, "is_feasible": false}, "AVD": 17.344794488091008}