{"name": "random-90-17.20-18.json", "solution": {"time": 0.0164219, "max_depth": 90, "is_feasible": true}, "AVD": 25.676886519516383}