{"name": "random-90-9.92-23.json", "solution": {"time": 0.01607765, "max_depth": 90, "is_feasible": true}, "AVD": 19.607485222596566}