{"name": "random-90-13.28-38.json", "solution": {"time": 0.011608606, "max_depth": 90, "is_feasible": true}, "AVD": 22.466244481855853}