{"name": "random-90-7.96-36.json", "solution": {"time": 0.03149866, "max_depth": 90, "is_feasible": true}, "AVD": 17.86803984287342}