{"name": "random-90-17.20-48.json", "solution": {"time": 0.01318491, "max_depth": 90, "is_feasible": true}, "AVD": 25.64923132560193}