{"name": "random-90-16.92-23.json", "solution": {"time": 0.012155457, "max_depth": 90, "is_feasible": true}, "AVD": 25.38698198029701}