{"name": "random-90-6.56-40.json", "solution": {"time": 0.030710527, "max_depth": 4, "is_feasible": false}, "AVD": 16.647651951615135}