{"name": "random-90-14.96-31.json", "solution": {"time": 0.01377807, "max_depth": 90, "is_feasible": true}, "AVD": 23.861353847113328}