{"name": "random-90-16.36-30.json", "solution": {"time": 0.010196934, "max_depth": 90, "is_feasible": true}, "AVD": 24.98545317371266}