{"name": "random-90-8.24-42.json", "solution": {"time": 0.014942743, "max_depth": 90, "is_feasible": true}, "AVD": 18.093783108866674}