{"name": "random-90-17.76-25.json", "solution": {"time": 0.009424777, "max_depth": 90, "is_feasible": true}, "AVD": 26.115097081930635}