{"name": "random-90-12.72-34.json", "solution": {"time": 0.011063005, "max_depth": 90, "is_feasible": true}, "AVD": 22.032238683127805}