{"name": "random-90-16.64-0.json", "solution": {"time": 0.009888871, "max_depth": 90, "is_feasible": true}, "AVD": 25.1677887517149}