{"name": "random-90-17.20-35.json", "solution": {"time": 0.014800683, "max_depth": 90, "is_feasible": true}, "AVD": 25.6577982915578}