{"name": "random-90-18.88-31.json", "solution": {"time": 0.009437987, "max_depth": 90, "is_feasible": true}, "AVD": 27.026288876418715}