{"name": "random-90-16.36-12.json", "solution": {"time": 0.009325447, "max_depth": 90, "is_feasible": true}, "AVD": 24.958271854346165}