{"name": "random-90-11.60-46.json", "solution": {"time": 0.01135322, "max_depth": 90, "is_feasible": true}, "AVD": 21.06250735752611}