{"name": "random-90-15.52-34.json", "solution": {"time": 0.009986095, "max_depth": 90, "is_feasible": true}, "AVD": 24.325734380845734}