{"name": "random-90-8.24-21.json", "solution": {"time": 0.051329234, "max_depth": 16, "is_feasible": false}, "AVD": 18.15397119341587}