{"name": "random-90-12.72-12.json", "solution": {"time": 0.015529581, "max_depth": 90, "is_feasible": true}, "AVD": 21.985429542337187}