{"name": "random-90-18.32-38.json", "solution": {"time": 0.009133705, "max_depth": 90, "is_feasible": true}, "AVD": 26.579113106372596}