{"name": "random-90-18.32-13.json", "solution": {"time": 0.018546732, "max_depth": 90, "is_feasible": true}, "AVD": 26.5276829405165}