{"name": "random-90-12.44-36.json", "solution": {"time": 0.011011864, "max_depth": 90, "is_feasible": true}, "AVD": 21.778873986781647}