{"name": "random-90-13.28-28.json", "solution": {"time": 0.009927357, "max_depth": 90, "is_feasible": true}, "AVD": 22.47142598827808}