{"name": "random-90-13.84-31.json", "solution": {"time": 0.009907614, "max_depth": 90, "is_feasible": true}, "AVD": 22.92514284823565}