{"name": "random-90-10.20-1.json", "solution": {"time": 0.018491643, "max_depth": 90, "is_feasible": true}, "AVD": 19.87590946502081}