{"name": "random-90-16.36-44.json", "solution": {"time": 0.009275581, "max_depth": 90, "is_feasible": true}, "AVD": 24.96046233944407}