{"name": "random-90-6.28-49.json", "solution": {"time": 0.040445237, "max_depth": 8, "is_feasible": false}, "AVD": 16.25525545579273}