{"name": "random-90-14.12-19.json", "solution": {"time": 0.015865274, "max_depth": 90, "is_feasible": true}, "AVD": 23.11753036538244}