{"name": "random-90-7.68-3.json", "solution": {"time": 0.049759411, "max_depth": 8, "is_feasible": false}, "AVD": 17.644390759446555}