{"name": "random-90-6.28-18.json", "solution": {"time": 0.03270921, "max_depth": 4, "is_feasible": false}, "AVD": 16.345268113231278}