{"name": "random-90-6.84-6.json", "solution": {"time": 0.039754448, "max_depth": 5, "is_feasible": false}, "AVD": 16.82726162863222}