{"name": "random-90-6.84-17.json", "solution": {"time": 0.058743106, "max_depth": 12, "is_feasible": false}, "AVD": 16.85041981543855}