{"name": "random-90-13.00-42.json", "solution": {"time": 0.00978572, "max_depth": 90, "is_feasible": true}, "AVD": 22.219882154882406}