{"name": "random-90-20.00-29.json", "solution": {"time": 0.009028024, "max_depth": 90, "is_feasible": true}, "AVD": 27.94706359895271}