{"name": "random-90-15.52-16.json", "solution": {"time": 0.009085544, "max_depth": 90, "is_feasible": true}, "AVD": 24.35962289562314}