{"name": "random-90-16.92-10.json", "solution": {"time": 0.009314759, "max_depth": 90, "is_feasible": true}, "AVD": 25.4727505299915}