{"name": "random-90-12.44-37.json", "solution": {"time": 0.00922835, "max_depth": 90, "is_feasible": true}, "AVD": 21.7153892006487}