{"name": "random-90-12.44-21.json", "solution": {"time": 0.010693019, "max_depth": 90, "is_feasible": true}, "AVD": 21.79591395435864}