{"name": "random-90-16.64-47.json", "solution": {"time": 0.009267358, "max_depth": 90, "is_feasible": true}, "AVD": 25.202573762314742}