{"name": "random-90-14.96-18.json", "solution": {"time": 0.009807191, "max_depth": 90, "is_feasible": true}, "AVD": 23.873580309265726}