{"name": "random-90-15.24-21.json", "solution": {"time": 0.009101828, "max_depth": 90, "is_feasible": true}, "AVD": 24.094971006360122}