{"name": "random-90-12.44-6.json", "solution": {"time": 0.010824936, "max_depth": 90, "is_feasible": true}, "AVD": 21.779905100386824}