{"name": "random-90-8.24-49.json", "solution": {"time": 0.047897709, "max_depth": 8, "is_feasible": false}, "AVD": 18.098547823918434}