{"name": "random-90-16.92-18.json", "solution": {"time": 0.009628971, "max_depth": 90, "is_feasible": true}, "AVD": 25.44996608055891}