{"name": "random-90-6.56-17.json", "solution": {"time": 0.063470854, "max_depth": 12, "is_feasible": false}, "AVD": 16.574009976306467}