{"name": "random-90-13.28-13.json", "solution": {"time": 0.010255101, "max_depth": 90, "is_feasible": true}, "AVD": 22.442739992518003}