{"name": "random-90-18.60-30.json", "solution": {"time": 0.009809068, "max_depth": 90, "is_feasible": true}, "AVD": 26.787868562165084}