{"name": "random-90-14.96-41.json", "solution": {"time": 0.009119544, "max_depth": 90, "is_feasible": true}, "AVD": 23.836749407657024}