{"name": "random-90-14.96-39.json", "solution": {"time": 0.009521485, "max_depth": 90, "is_feasible": true}, "AVD": 23.854656628008705}