{"name": "random-90-8.52-44.json", "solution": {"time": 0.019901096, "max_depth": 90, "is_feasible": true}, "AVD": 18.411658467390176}