{"name": "random-90-9.36-23.json", "solution": {"time": 0.013678891, "max_depth": 90, "is_feasible": true}, "AVD": 19.112628444943493}