{"name": "random-90-7.68-9.json", "solution": {"time": 0.039900207, "max_depth": 8, "is_feasible": false}, "AVD": 17.648406908592317}