{"name": "random-90-7.40-30.json", "solution": {"time": 0.036212436, "max_depth": 5, "is_feasible": false}, "AVD": 17.400404289811902}