{"name": "random-90-14.40-3.json", "solution": {"time": 0.009173276, "max_depth": 90, "is_feasible": true}, "AVD": 23.40153148771691}