{"name": "random-90-18.32-12.json", "solution": {"time": 0.009106059, "max_depth": 90, "is_feasible": true}, "AVD": 26.51090890385359}