{"name": "random-90-9.92-7.json", "solution": {"time": 0.01784883, "max_depth": 90, "is_feasible": true}, "AVD": 19.63742193540365}