{"name": "random-90-16.36-9.json", "solution": {"time": 0.01423275, "max_depth": 90, "is_feasible": true}, "AVD": 24.998693914453437}