{"name": "random-90-12.16-8.json", "solution": {"time": 0.010247566, "max_depth": 90, "is_feasible": true}, "AVD": 21.551863885771525}