{"name": "random-90-16.92-6.json", "solution": {"time": 0.01443693, "max_depth": 90, "is_feasible": true}, "AVD": 25.512907220351902}