{"name": "random-90-10.20-21.json", "solution": {"time": 0.016238308, "max_depth": 90, "is_feasible": true}, "AVD": 19.883180384088025}