{"name": "random-90-6.84-42.json", "solution": {"time": 0.034783647, "max_depth": 5, "is_feasible": false}, "AVD": 16.817665669036277}