{"name": "random-90-12.16-17.json", "solution": {"time": 0.009797903, "max_depth": 90, "is_feasible": true}, "AVD": 21.575046015712907}