{"name": "random-90-19.72-34.json", "solution": {"time": 0.012755931, "max_depth": 90, "is_feasible": true}, "AVD": 27.66113249781792}