{"name": "random-90-16.92-16.json", "solution": {"time": 0.013582791, "max_depth": 90, "is_feasible": true}, "AVD": 25.474358710562647}