{"name": "random-90-17.76-15.json", "solution": {"time": 0.008864959, "max_depth": 90, "is_feasible": true}, "AVD": 26.11537024566676}