{"name": "random-90-15.24-37.json", "solution": {"time": 0.014540007, "max_depth": 90, "is_feasible": true}, "AVD": 24.02038863948147}