{"name": "random-90-13.56-17.json", "solution": {"time": 0.010039984, "max_depth": 90, "is_feasible": true}, "AVD": 22.740996944756425}