{"name": "random-90-18.88-9.json", "solution": {"time": 0.009200981, "max_depth": 90, "is_feasible": true}, "AVD": 27.036624267365234}