{"name": "random-90-13.84-28.json", "solution": {"time": 0.009184181, "max_depth": 90, "is_feasible": true}, "AVD": 22.93674865943408}