{"name": "random-90-7.40-6.json", "solution": {"time": 0.047965987, "max_depth": 9, "is_feasible": false}, "AVD": 17.357642100012683}