{"name": "random-90-18.60-33.json", "solution": {"time": 0.008925192, "max_depth": 90, "is_feasible": true}, "AVD": 26.794511223344788}