{"name": "random-90-11.04-26.json", "solution": {"time": 0.011834392, "max_depth": 90, "is_feasible": true}, "AVD": 20.636547574510796}