{"name": "random-90-16.92-30.json", "solution": {"time": 0.009895753, "max_depth": 90, "is_feasible": true}, "AVD": 25.425838508542444}