{"name": "random-90-11.32-3.json", "solution": {"time": 0.010418621, "max_depth": 90, "is_feasible": true}, "AVD": 20.833770981419384}