{"name": "random-90-19.16-15.json", "solution": {"time": 0.010237262, "max_depth": 90, "is_feasible": true}, "AVD": 27.21672184811097}