{"name": "random-90-17.48-0.json", "solution": {"time": 0.011253024, "max_depth": 90, "is_feasible": true}, "AVD": 25.839874485596926}