{"name": "random-90-6.56-20.json", "solution": {"time": 0.036027603, "max_depth": 5, "is_feasible": false}, "AVD": 16.5553574011724}