{"name": "random-90-12.72-19.json", "solution": {"time": 0.010926787, "max_depth": 90, "is_feasible": true}, "AVD": 21.976041214615513}