{"name": "random-90-19.72-38.json", "solution": {"time": 0.008816901, "max_depth": 90, "is_feasible": true}, "AVD": 27.70494974435739}