{"name": "random-90-9.36-30.json", "solution": {"time": 0.015918755, "max_depth": 90, "is_feasible": true}, "AVD": 19.174643908218204}