{"name": "random-90-6.28-41.json", "solution": {"time": 0.038182876, "max_depth": 7, "is_feasible": false}, "AVD": 16.267727250720917}