{"name": "random-90-11.04-8.json", "solution": {"time": 0.014519062, "max_depth": 90, "is_feasible": true}, "AVD": 20.608712432971938}