{"name": "random-90-20.00-10.json", "solution": {"time": 0.009590953, "max_depth": 90, "is_feasible": true}, "AVD": 27.915026437211832}