{"name": "random-90-16.08-44.json", "solution": {"time": 0.0086617, "max_depth": 90, "is_feasible": true}, "AVD": 24.73361485222621}