{"name": "random-90-14.12-9.json", "solution": {"time": 0.009001717, "max_depth": 90, "is_feasible": true}, "AVD": 23.17947368749245}