{"name": "random-90-13.84-39.json", "solution": {"time": 0.009426985, "max_depth": 90, "is_feasible": true}, "AVD": 22.930571268238154}