{"name": "random-90-7.40-7.json", "solution": {"time": 0.032118742, "max_depth": 3, "is_feasible": false}, "AVD": 17.389254021698708}