{"name": "random-90-20.00-42.json", "solution": {"time": 0.008429472, "max_depth": 90, "is_feasible": true}, "AVD": 27.934952799601167}