{"name": "random-90-13.84-23.json", "solution": {"time": 0.009725975, "max_depth": 90, "is_feasible": true}, "AVD": 22.881455293677764}