{"name": "random-90-11.04-42.json", "solution": {"time": 0.011517044, "max_depth": 90, "is_feasible": true}, "AVD": 20.565717358773163}