{"name": "random-90-16.92-44.json", "solution": {"time": 0.008830053, "max_depth": 90, "is_feasible": true}, "AVD": 25.408587043272462}