{"name": "random-90-17.20-43.json", "solution": {"time": 0.010137001, "max_depth": 90, "is_feasible": true}, "AVD": 25.653928856466145}