{"name": "random-90-19.72-36.json", "solution": {"time": 0.009243022, "max_depth": 90, "is_feasible": true}, "AVD": 27.68094781144804}