{"name": "random-90-17.20-2.json", "solution": {"time": 0.009557116, "max_depth": 90, "is_feasible": true}, "AVD": 25.59279180695871}