{"name": "random-90-16.64-14.json", "solution": {"time": 0.013654618, "max_depth": 90, "is_feasible": true}, "AVD": 25.21483938146922}