{"name": "random-90-19.44-42.json", "solution": {"time": 0.00836851, "max_depth": 90, "is_feasible": true}, "AVD": 27.46541027559569}