{"name": "random-90-16.64-1.json", "solution": {"time": 0.00896886, "max_depth": 90, "is_feasible": true}, "AVD": 25.21287454794886}