{"name": "random-90-13.00-10.json", "solution": {"time": 0.0103251, "max_depth": 90, "is_feasible": true}, "AVD": 22.256341813193913}