{"name": "random-90-14.12-38.json", "solution": {"time": 0.009951375, "max_depth": 90, "is_feasible": true}, "AVD": 23.17570800598605}