{"name": "random-90-7.12-34.json", "solution": {"time": 0.038921859, "max_depth": 5, "is_feasible": false}, "AVD": 17.124090285572006}