{"name": "random-90-14.96-3.json", "solution": {"time": 0.014310457, "max_depth": 90, "is_feasible": true}, "AVD": 23.857770856715533}