{"name": "random-90-15.24-27.json", "solution": {"time": 0.009345539, "max_depth": 90, "is_feasible": true}, "AVD": 24.060286507046}