{"name": "random-90-17.76-39.json", "solution": {"time": 0.008956755, "max_depth": 90, "is_feasible": true}, "AVD": 26.105502307021055}