{"name": "random-90-8.80-44.json", "solution": {"time": 0.019173718, "max_depth": 90, "is_feasible": true}, "AVD": 18.653671000124923}