{"name": "random-90-12.72-10.json", "solution": {"time": 0.009798268, "max_depth": 90, "is_feasible": true}, "AVD": 22.025409839132312}