{"name": "random-90-16.92-37.json", "solution": {"time": 0.008898707, "max_depth": 90, "is_feasible": true}, "AVD": 25.40302269609699}