{"name": "random-90-15.52-33.json", "solution": {"time": 0.008947805, "max_depth": 90, "is_feasible": true}, "AVD": 24.298974311011598}