{"name": "random-90-9.92-20.json", "solution": {"time": 0.015374399, "max_depth": 90, "is_feasible": true}, "AVD": 19.618736750218464}