{"name": "random-90-13.00-29.json", "solution": {"time": 0.009368814, "max_depth": 90, "is_feasible": true}, "AVD": 22.254898678139664}