{"name": "random-90-7.68-40.json", "solution": {"time": 0.045012306, "max_depth": 8, "is_feasible": false}, "AVD": 17.704039655817667}