{"name": "random-90-16.92-42.json", "solution": {"time": 0.00893092, "max_depth": 90, "is_feasible": true}, "AVD": 25.428325352288542}