{"name": "random-90-11.60-42.json", "solution": {"time": 0.011685554, "max_depth": 90, "is_feasible": true}, "AVD": 21.036222035166734}