{"name": "random-90-14.12-23.json", "solution": {"time": 0.009137364, "max_depth": 90, "is_feasible": true}, "AVD": 23.116550380346926}