{"name": "random-90-16.36-28.json", "solution": {"time": 0.009088528, "max_depth": 90, "is_feasible": true}, "AVD": 25.007632123706426}