{"name": "random-90-13.56-34.json", "solution": {"time": 0.010640164, "max_depth": 90, "is_feasible": true}, "AVD": 22.740407157999982}