{"name": "random-90-11.60-48.json", "solution": {"time": 0.016929859, "max_depth": 90, "is_feasible": true}, "AVD": 21.063111547574753}