{"name": "random-90-16.64-19.json", "solution": {"time": 0.009760237, "max_depth": 90, "is_feasible": true}, "AVD": 25.15537966080582}