{"name": "random-90-10.48-35.json", "solution": {"time": 0.015594481, "max_depth": 90, "is_feasible": true}, "AVD": 20.110897306397572}