{"name": "random-90-16.92-36.json", "solution": {"time": 0.009765085, "max_depth": 90, "is_feasible": true}, "AVD": 25.433911023818666}