{"name": "random-90-13.56-14.json", "solution": {"time": 0.010265123, "max_depth": 90, "is_feasible": true}, "AVD": 22.698206447188138}