{"name": "random-90-6.84-3.json", "solution": {"time": 0.036967553, "max_depth": 6, "is_feasible": false}, "AVD": 16.83177091906746}