{"name": "random-90-16.08-13.json", "solution": {"time": 0.0140219, "max_depth": 90, "is_feasible": true}, "AVD": 24.742224778650943}