{"name": "random-90-17.20-4.json", "solution": {"time": 0.009082202, "max_depth": 90, "is_feasible": true}, "AVD": 25.681714303529347}