{"name": "random-90-9.64-29.json", "solution": {"time": 0.017520128, "max_depth": 90, "is_feasible": true}, "AVD": 19.43212270856741}