{"name": "random-90-19.16-23.json", "solution": {"time": 0.009184345, "max_depth": 90, "is_feasible": true}, "AVD": 27.19865170220748}