{"name": "random-90-7.68-26.json", "solution": {"time": 0.05098823, "max_depth": 10, "is_feasible": false}, "AVD": 17.660893877042252}