{"name": "random-90-7.40-19.json", "solution": {"time": 0.028762845, "max_depth": 3, "is_feasible": false}, "AVD": 17.32525395934681}