{"name": "random-90-6.56-46.json", "solution": {"time": 0.038233989, "max_depth": 4, "is_feasible": false}, "AVD": 16.534997131812183}