{"name": "random-90-17.48-2.json", "solution": {"time": 0.013621413, "max_depth": 90, "is_feasible": true}, "AVD": 25.840734505549552}