{"name": "random-90-7.68-19.json", "solution": {"time": 0.036915166, "max_depth": 5, "is_feasible": false}, "AVD": 17.588851602444446}