{"name": "random-90-6.00-36.json", "solution": {"time": 0.038857508, "max_depth": 6, "is_feasible": false}, "AVD": 16.015853544523132}