{"name": "random-90-10.20-11.json", "solution": {"time": 0.027538318, "max_depth": 90, "is_feasible": true}, "AVD": 19.877891320613795}