{"name": "random-90-9.64-1.json", "solution": {"time": 0.012752762, "max_depth": 90, "is_feasible": true}, "AVD": 19.402981169722135}