{"name": "random-90-7.40-38.json", "solution": {"time": 0.111636343, "max_depth": 14, "is_feasible": false}, "AVD": 17.331232977927662}