{"name": "random-90-19.16-11.json", "solution": {"time": 0.010015615, "max_depth": 90, "is_feasible": true}, "AVD": 27.19962601321883}