{"name": "random-90-19.44-14.json", "solution": {"time": 0.014608266, "max_depth": 90, "is_feasible": true}, "AVD": 27.450427609427813}