{"name": "random-90-7.96-0.json", "solution": {"time": 0.054570402, "max_depth": 10, "is_feasible": false}, "AVD": 17.920230639730878}