{"name": "random-90-7.96-33.json", "solution": {"time": 0.034117449, "max_depth": 4, "is_feasible": false}, "AVD": 17.904893877042262}