{"name": "random-90-19.16-37.json", "solution": {"time": 0.011476151, "max_depth": 90, "is_feasible": true}, "AVD": 27.189184436962446}