{"name": "random-90-10.76-42.json", "solution": {"time": 0.01243839, "max_depth": 90, "is_feasible": true}, "AVD": 20.321607868811824}