{"name": "random-90-11.88-33.json", "solution": {"time": 0.011136908, "max_depth": 90, "is_feasible": true}, "AVD": 21.27907114353436}