{"name": "random-90-6.28-17.json", "solution": {"time": 0.062512419, "max_depth": 12, "is_feasible": false}, "AVD": 16.304766616785336}