{"name": "random-90-7.40-10.json", "solution": {"time": 0.037411361, "max_depth": 8, "is_feasible": false}, "AVD": 17.332055430851952}