{"name": "random-90-8.24-4.json", "solution": {"time": 0.049718762, "max_depth": 9, "is_feasible": false}, "AVD": 18.11155000623543}