{"name": "random-90-10.20-9.json", "solution": {"time": 0.01091831, "max_depth": 90, "is_feasible": true}, "AVD": 19.92552637485996}