{"name": "random-90-16.08-18.json", "solution": {"time": 0.009235167, "max_depth": 90, "is_feasible": true}, "AVD": 24.773824229954087}