{"name": "random-90-10.48-13.json", "solution": {"time": 0.010858609, "max_depth": 90, "is_feasible": true}, "AVD": 20.11986251402942}