{"name": "random-90-17.48-12.json", "solution": {"time": 0.010054649, "max_depth": 90, "is_feasible": true}, "AVD": 25.849549507420118}