{"name": "random-90-14.40-22.json", "solution": {"time": 0.009278613, "max_depth": 90, "is_feasible": true}, "AVD": 23.435765307395165}