{"name": "random-90-10.20-49.json", "solution": {"time": 0.01882551, "max_depth": 90, "is_feasible": true}, "AVD": 19.832090659683494}