{"name": "random-90-15.80-42.json", "solution": {"time": 0.009195967, "max_depth": 90, "is_feasible": true}, "AVD": 24.494669784262612}