{"name": "random-90-12.44-19.json", "solution": {"time": 0.010648543, "max_depth": 90, "is_feasible": true}, "AVD": 21.745626387330326}