{"name": "random-90-16.92-20.json", "solution": {"time": 0.008785863, "max_depth": 90, "is_feasible": true}, "AVD": 25.36267040778177}