{"name": "random-90-15.80-23.json", "solution": {"time": 0.00937375, "max_depth": 90, "is_feasible": true}, "AVD": 24.476314066592067}