{"name": "random-90-12.16-20.json", "solution": {"time": 0.010523771, "max_depth": 90, "is_feasible": true}, "AVD": 21.508606746477355}