{"name": "random-90-8.80-17.json", "solution": {"time": 0.011278109, "max_depth": 90, "is_feasible": true}, "AVD": 18.661957413642803}