{"name": "random-90-7.96-10.json", "solution": {"time": 0.05512763, "max_depth": 9, "is_feasible": false}, "AVD": 17.86352699837908}