{"name": "random-90-18.88-10.json", "solution": {"time": 0.010135655, "max_depth": 90, "is_feasible": true}, "AVD": 27.001211061229796}