{"name": "random-90-11.04-4.json", "solution": {"time": 0.010607018, "max_depth": 90, "is_feasible": true}, "AVD": 20.581136363636613}