{"name": "random-90-8.80-7.json", "solution": {"time": 0.01531101, "max_depth": 90, "is_feasible": true}, "AVD": 18.651556179074927}