{"name": "random-90-7.40-26.json", "solution": {"time": 0.045306984, "max_depth": 10, "is_feasible": false}, "AVD": 17.383855031799698}