{"name": "random-90-12.72-44.json", "solution": {"time": 0.011483426, "max_depth": 90, "is_feasible": true}, "AVD": 21.98705100386605}