{"name": "random-90-14.68-1.json", "solution": {"time": 0.016809105, "max_depth": 90, "is_feasible": true}, "AVD": 23.624200461404403}