{"name": "random-90-17.48-28.json", "solution": {"time": 0.008581966, "max_depth": 90, "is_feasible": true}, "AVD": 25.912816498316715}