{"name": "random-90-16.92-45.json", "solution": {"time": 0.009709281, "max_depth": 90, "is_feasible": true}, "AVD": 25.35517177952385}