{"name": "random-90-13.56-46.json", "solution": {"time": 0.009948557, "max_depth": 90, "is_feasible": true}, "AVD": 22.68444693852124}