{"name": "random-90-11.04-6.json", "solution": {"time": 0.010572246, "max_depth": 90, "is_feasible": true}, "AVD": 20.599153073949623}