{"name": "random-90-11.60-6.json", "solution": {"time": 0.011852116, "max_depth": 90, "is_feasible": true}, "AVD": 21.08942093777304}