{"name": "random-90-13.84-41.json", "solution": {"time": 0.010331178, "max_depth": 90, "is_feasible": true}, "AVD": 22.894811946626987}