{"name": "random-90-7.40-25.json", "solution": {"time": 0.035437323, "max_depth": 4, "is_feasible": false}, "AVD": 17.401599731886996}