{"name": "random-90-18.88-13.json", "solution": {"time": 0.008598478, "max_depth": 90, "is_feasible": true}, "AVD": 26.990083489213347}