{"name": "random-90-17.20-29.json", "solution": {"time": 0.013742376, "max_depth": 90, "is_feasible": true}, "AVD": 25.681329280459128}