{"name": "random-90-11.88-16.json", "solution": {"time": 0.009367513, "max_depth": 90, "is_feasible": true}, "AVD": 21.337223406908834}