{"name": "random-90-10.20-38.json", "solution": {"time": 0.011466474, "max_depth": 90, "is_feasible": true}, "AVD": 19.872045516897607}