{"name": "random-90-17.20-21.json", "solution": {"time": 0.009674702, "max_depth": 90, "is_feasible": true}, "AVD": 25.677769235565762}