{"name": "random-90-17.48-16.json", "solution": {"time": 0.008939526, "max_depth": 90, "is_feasible": true}, "AVD": 25.924080246913814}