{"name": "random-90-12.44-7.json", "solution": {"time": 0.015786143, "max_depth": 90, "is_feasible": true}, "AVD": 21.76440740740762}