{"name": "random-90-11.88-18.json", "solution": {"time": 0.012048601, "max_depth": 90, "is_feasible": true}, "AVD": 21.35849233071479}