{"name": "random-90-18.04-10.json", "solution": {"time": 0.010378964, "max_depth": 90, "is_feasible": true}, "AVD": 26.35907606933555}