{"name": "random-90-13.00-2.json", "solution": {"time": 0.010545805, "max_depth": 90, "is_feasible": true}, "AVD": 22.21088639481257}