{"name": "random-90-16.08-42.json", "solution": {"time": 0.010005402, "max_depth": 90, "is_feasible": true}, "AVD": 24.73736319990047}