{"name": "random-90-7.40-13.json", "solution": {"time": 0.043408684, "max_depth": 9, "is_feasible": false}, "AVD": 17.35285858585882}