{"name": "random-90-6.00-25.json", "solution": {"time": 0.031125714, "max_depth": 4, "is_feasible": false}, "AVD": 16.05317984125959}