{"name": "random-90-12.44-12.json", "solution": {"time": 0.009638147, "max_depth": 90, "is_feasible": true}, "AVD": 21.751252026437456}