{"name": "random-90-6.28-25.json", "solution": {"time": 0.030962129, "max_depth": 4, "is_feasible": false}, "AVD": 16.333704959911607}