{"name": "random-90-7.68-47.json", "solution": {"time": 0.039579659, "max_depth": 4, "is_feasible": false}, "AVD": 17.632371617408864}