{"name": "random-90-14.68-47.json", "solution": {"time": 0.009008861, "max_depth": 90, "is_feasible": true}, "AVD": 23.623451490210986}