{"name": "random-90-18.32-44.json", "solution": {"time": 0.009161052, "max_depth": 90, "is_feasible": true}, "AVD": 26.550704077815407}