{"name": "random-90-6.84-37.json", "solution": {"time": 0.031381656, "max_depth": 4, "is_feasible": false}, "AVD": 16.85489830402815}