{"name": "random-90-6.28-28.json", "solution": {"time": 0.048395306, "max_depth": 9, "is_feasible": false}, "AVD": 16.261303248534936}