{"name": "random-90-19.16-7.json", "solution": {"time": 0.00960999, "max_depth": 90, "is_feasible": true}, "AVD": 27.248405599202105}