{"name": "random-90-11.60-9.json", "solution": {"time": 0.011515006, "max_depth": 90, "is_feasible": true}, "AVD": 21.1025652201025}