{"name": "random-90-20.00-34.json", "solution": {"time": 0.011520804, "max_depth": 90, "is_feasible": true}, "AVD": 27.8928945005614}