{"name": "random-90-11.60-35.json", "solution": {"time": 0.010190913, "max_depth": 90, "is_feasible": true}, "AVD": 21.072851353036793}