{"name": "random-90-9.92-13.json", "solution": {"time": 0.011529057, "max_depth": 90, "is_feasible": true}, "AVD": 19.621692916822784}