{"name": "random-90-14.96-34.json", "solution": {"time": 0.0102132, "max_depth": 90, "is_feasible": true}, "AVD": 23.884350417758053}