{"name": "random-90-12.16-47.json", "solution": {"time": 0.010712972, "max_depth": 90, "is_feasible": true}, "AVD": 21.53859882778425}