{"name": "random-90-7.12-4.json", "solution": {"time": 0.030326348, "max_depth": 3, "is_feasible": false}, "AVD": 17.061993390697328}