{"name": "random-90-14.96-2.json", "solution": {"time": 0.009098631, "max_depth": 90, "is_feasible": true}, "AVD": 23.828834954483334}