{"name": "random-90-17.48-21.json", "solution": {"time": 0.009203919, "max_depth": 90, "is_feasible": true}, "AVD": 25.91878557176728}