{"name": "random-90-17.48-14.json", "solution": {"time": 0.009030619, "max_depth": 90, "is_feasible": true}, "AVD": 25.891773974311224}