{"name": "random-90-13.56-13.json", "solution": {"time": 0.009015802, "max_depth": 90, "is_feasible": true}, "AVD": 22.674082928046122}