{"name": "random-90-17.20-7.json", "solution": {"time": 0.009582932, "max_depth": 90, "is_feasible": true}, "AVD": 25.688977054495794}