{"name": "random-90-9.64-40.json", "solution": {"time": 0.011333538, "max_depth": 90, "is_feasible": true}, "AVD": 19.46554483102658}