{"name": "random-90-15.80-32.json", "solution": {"time": 0.010781033, "max_depth": 90, "is_feasible": true}, "AVD": 24.51431624890909}