{"name": "random-90-8.52-39.json", "solution": {"time": 0.036012583, "max_depth": 90, "is_feasible": true}, "AVD": 18.424338508542426}