{"name": "random-90-16.92-8.json", "solution": {"time": 0.013430625, "max_depth": 90, "is_feasible": true}, "AVD": 25.46212308267887}