{"name": "random-90-9.64-44.json", "solution": {"time": 0.016914505, "max_depth": 90, "is_feasible": true}, "AVD": 19.3898415949622}