{"name": "random-90-15.52-36.json", "solution": {"time": 0.015675048, "max_depth": 90, "is_feasible": true}, "AVD": 24.2960981419132}