{"name": "random-90-11.32-41.json", "solution": {"time": 0.010561622, "max_depth": 90, "is_feasible": true}, "AVD": 20.823491520139925}