{"name": "random-90-18.32-19.json", "solution": {"time": 0.010233703, "max_depth": 90, "is_feasible": true}, "AVD": 26.52117321361788}