{"name": "random-90-6.28-42.json", "solution": {"time": 0.031667771, "max_depth": 3, "is_feasible": false}, "AVD": 16.27725102880682}