{"name": "random-90-15.24-42.json", "solution": {"time": 0.011500784, "max_depth": 90, "is_feasible": true}, "AVD": 24.057004738745718}