{"name": "random-90-17.20-17.json", "solution": {"time": 0.010987553, "max_depth": 90, "is_feasible": true}, "AVD": 25.728058922559153}