{"name": "random-90-16.08-14.json", "solution": {"time": 0.008820923, "max_depth": 90, "is_feasible": true}, "AVD": 24.745590285571996}