{"name": "random-90-13.00-3.json", "solution": {"time": 0.009133954, "max_depth": 90, "is_feasible": true}, "AVD": 22.27070114727547}