{"name": "random-90-11.04-3.json", "solution": {"time": 0.011129534, "max_depth": 90, "is_feasible": true}, "AVD": 20.601832772166368}