{"name": "random-90-8.80-43.json", "solution": {"time": 0.03682748, "max_depth": 90, "is_feasible": true}, "AVD": 18.656714303529366}