{"name": "random-90-7.12-46.json", "solution": {"time": 0.057841839, "max_depth": 8, "is_feasible": false}, "AVD": 17.072079249283192}