{"name": "random-90-15.24-29.json", "solution": {"time": 0.008940045, "max_depth": 90, "is_feasible": true}, "AVD": 24.070951084923532}