{"name": "random-90-7.40-47.json", "solution": {"time": 0.038429515, "max_depth": 4, "is_feasible": false}, "AVD": 17.375378039656027}