{"name": "random-90-7.96-25.json", "solution": {"time": 0.053282041, "max_depth": 10, "is_feasible": false}, "AVD": 17.91019266741512}