{"name": "random-90-9.64-18.json", "solution": {"time": 0.012546788, "max_depth": 90, "is_feasible": true}, "AVD": 19.398865693977008}