{"name": "random-90-7.68-49.json", "solution": {"time": 0.041885743, "max_depth": 8, "is_feasible": false}, "AVD": 17.578590223220086}