{"name": "random-90-13.28-25.json", "solution": {"time": 0.010185154, "max_depth": 90, "is_feasible": true}, "AVD": 22.528708754208978}