{"name": "random-90-11.04-0.json", "solution": {"time": 0.010448839, "max_depth": 90, "is_feasible": true}, "AVD": 20.57902381843146}