{"name": "random-90-13.00-40.json", "solution": {"time": 0.010600241, "max_depth": 90, "is_feasible": true}, "AVD": 22.299487654321247}