{"name": "random-90-18.88-32.json", "solution": {"time": 0.008792573, "max_depth": 90, "is_feasible": true}, "AVD": 26.986666916074576}