{"name": "random-90-15.80-2.json", "solution": {"time": 0.009331526, "max_depth": 90, "is_feasible": true}, "AVD": 24.500303840878146}