{"name": "random-90-7.40-46.json", "solution": {"time": 0.106823724, "max_depth": 16, "is_feasible": false}, "AVD": 17.345250031176203}