{"name": "random-90-9.08-41.json", "solution": {"time": 0.013110609, "max_depth": 90, "is_feasible": true}, "AVD": 18.90376212744756}