{"name": "random-90-13.00-43.json", "solution": {"time": 0.011005957, "max_depth": 90, "is_feasible": true}, "AVD": 22.2153131936653}