{"name": "random-90-15.24-18.json", "solution": {"time": 0.014315556, "max_depth": 90, "is_feasible": true}, "AVD": 24.078102943010588}