{"name": "random-90-12.16-44.json", "solution": {"time": 0.012396951, "max_depth": 90, "is_feasible": true}, "AVD": 21.533232822047868}