{"name": "random-90-18.60-32.json", "solution": {"time": 0.010149741, "max_depth": 90, "is_feasible": true}, "AVD": 26.760745105374998}