{"name": "random-90-11.88-15.json", "solution": {"time": 0.011514118, "max_depth": 90, "is_feasible": true}, "AVD": 21.301941202145166}