{"name": "random-90-12.16-5.json", "solution": {"time": 0.009402847, "max_depth": 90, "is_feasible": true}, "AVD": 21.544478987405142}