{"name": "random-90-13.28-24.json", "solution": {"time": 0.014732584, "max_depth": 90, "is_feasible": true}, "AVD": 22.491853285946117}