{"name": "random-90-6.00-8.json", "solution": {"time": 0.037388018, "max_depth": 4, "is_feasible": false}, "AVD": 16.052083800972884}