{"name": "random-90-13.00-23.json", "solution": {"time": 0.01025561, "max_depth": 90, "is_feasible": true}, "AVD": 22.1822025813695}