{"name": "random-90-8.52-10.json", "solution": {"time": 0.026866858, "max_depth": 90, "is_feasible": true}, "AVD": 18.361835515650554}