{"name": "random-90-8.24-38.json", "solution": {"time": 0.05222656, "max_depth": 90, "is_feasible": true}, "AVD": 18.11841336201548}