{"name": "random-90-11.60-17.json", "solution": {"time": 0.010670164, "max_depth": 90, "is_feasible": true}, "AVD": 21.105684249906712}