{"name": "random-90-8.52-3.json", "solution": {"time": 0.012869322, "max_depth": 90, "is_feasible": true}, "AVD": 18.406351228332966}