{"name": "random-90-7.12-43.json", "solution": {"time": 0.038124014, "max_depth": 6, "is_feasible": false}, "AVD": 17.139073512907075}