{"name": "random-90-9.36-49.json", "solution": {"time": 0.022316916, "max_depth": 90, "is_feasible": true}, "AVD": 19.081311323107855}