{"name": "random-90-7.96-23.json", "solution": {"time": 0.025569656, "max_depth": 90, "is_feasible": true}, "AVD": 17.860409589724632}