{"name": "random-90-6.00-38.json", "solution": {"time": 0.058319243, "max_depth": 10, "is_feasible": false}, "AVD": 15.98579007027449}