{"name": "random-90-16.92-0.json", "solution": {"time": 0.009080088, "max_depth": 90, "is_feasible": true}, "AVD": 25.40819958847758}