{"name": "random-90-7.40-39.json", "solution": {"time": 0.036934581, "max_depth": 90, "is_feasible": true}, "AVD": 17.408849576007206}