{"name": "random-90-11.04-16.json", "solution": {"time": 0.011487539, "max_depth": 90, "is_feasible": true}, "AVD": 20.632429355281452}