{"name": "random-90-12.16-11.json", "solution": {"time": 0.015668912, "max_depth": 90, "is_feasible": true}, "AVD": 21.51940927796509}