{"name": "random-90-17.48-3.json", "solution": {"time": 0.008832872, "max_depth": 90, "is_feasible": true}, "AVD": 25.902541651078927}