{"name": "random-90-13.00-41.json", "solution": {"time": 0.011448074, "max_depth": 90, "is_feasible": true}, "AVD": 22.201980608554926}