{"name": "random-90-6.56-41.json", "solution": {"time": 0.042486372, "max_depth": 7, "is_feasible": false}, "AVD": 16.55001057781906}