{"name": "random-90-15.24-3.json", "solution": {"time": 0.009126222, "max_depth": 90, "is_feasible": true}, "AVD": 24.080884025439808}