{"name": "random-90-12.16-6.json", "solution": {"time": 0.010299061, "max_depth": 90, "is_feasible": true}, "AVD": 21.5410221972817}