{"name": "random-90-7.12-24.json", "solution": {"time": 0.035667197, "max_depth": 5, "is_feasible": false}, "AVD": 17.154243484225194}