{"name": "random-90-12.72-7.json", "solution": {"time": 0.010948416, "max_depth": 90, "is_feasible": true}, "AVD": 21.993574759945332}