{"name": "random-90-11.60-26.json", "solution": {"time": 0.009912831, "max_depth": 90, "is_feasible": true}, "AVD": 21.095478052126456}