{"name": "random-90-14.96-21.json", "solution": {"time": 0.009336068, "max_depth": 90, "is_feasible": true}, "AVD": 23.873320114727747}