{"name": "random-90-9.64-30.json", "solution": {"time": 0.015829712, "max_depth": 90, "is_feasible": true}, "AVD": 19.410650081057714}