{"name": "random-90-8.80-20.json", "solution": {"time": 0.014688071, "max_depth": 90, "is_feasible": true}, "AVD": 18.635100885397414}