{"name": "random-90-7.12-20.json", "solution": {"time": 0.038705447, "max_depth": 6, "is_feasible": false}, "AVD": 17.10466647961112}