{"name": "random-90-6.00-35.json", "solution": {"time": 0.031961288, "max_depth": 4, "is_feasible": false}, "AVD": 16.07945349464163}