{"name": "random-90-15.52-38.json", "solution": {"time": 0.00948311, "max_depth": 90, "is_feasible": true}, "AVD": 24.3129686369874}