{"name": "random-90-9.64-35.json", "solution": {"time": 0.020961288, "max_depth": 90, "is_feasible": true}, "AVD": 19.415423743609193}