{"name": "random-90-13.56-26.json", "solution": {"time": 0.009971061, "max_depth": 90, "is_feasible": true}, "AVD": 22.756460281830904}