{"name": "random-90-13.28-21.json", "solution": {"time": 0.009795662, "max_depth": 90, "is_feasible": true}, "AVD": 22.486586170345657}