{"name": "random-90-7.40-4.json", "solution": {"time": 0.03450063, "max_depth": 5, "is_feasible": false}, "AVD": 17.33276300037435}