{"name": "random-90-14.68-32.json", "solution": {"time": 0.00905472, "max_depth": 90, "is_feasible": true}, "AVD": 23.61197780271879}