{"name": "random-90-8.24-16.json", "solution": {"time": 0.059147411, "max_depth": 8, "is_feasible": false}, "AVD": 18.184422060107487}