{"name": "random-90-13.00-26.json", "solution": {"time": 0.0098548, "max_depth": 90, "is_feasible": true}, "AVD": 22.295719790497813}