{"name": "random-90-13.28-4.json", "solution": {"time": 0.009505905, "max_depth": 90, "is_feasible": true}, "AVD": 22.468808330215985}