{"name": "random-90-6.28-27.json", "solution": {"time": 0.036467102, "max_depth": 5, "is_feasible": false}, "AVD": 16.329977054495803}