{"name": "random-90-11.88-38.json", "solution": {"time": 0.010210818, "max_depth": 90, "is_feasible": true}, "AVD": 21.33369734380871}