{"name": "random-90-11.32-33.json", "solution": {"time": 0.016281917, "max_depth": 90, "is_feasible": true}, "AVD": 20.816966454670414}