{"name": "random-90-12.16-46.json", "solution": {"time": 0.016305226, "max_depth": 90, "is_feasible": true}, "AVD": 21.522793428108475}