{"name": "random-90-8.80-0.json", "solution": {"time": 0.026679759, "max_depth": 90, "is_feasible": true}, "AVD": 18.688384087791746}