{"name": "random-90-13.84-19.json", "solution": {"time": 0.010569804, "max_depth": 90, "is_feasible": true}, "AVD": 22.893937336326438}