{"name": "random-90-14.96-45.json", "solution": {"time": 0.009593179, "max_depth": 90, "is_feasible": true}, "AVD": 23.786421873051726}