{"name": "random-90-20.00-22.json", "solution": {"time": 0.009147178, "max_depth": 90, "is_feasible": true}, "AVD": 27.938510412769887}