{"name": "random-90-17.20-10.json", "solution": {"time": 0.009901194, "max_depth": 90, "is_feasible": true}, "AVD": 25.700660680883125}