{"name": "random-90-12.44-45.json", "solution": {"time": 0.01286938, "max_depth": 90, "is_feasible": true}, "AVD": 21.743667789001336}