{"name": "random-90-11.04-19.json", "solution": {"time": 0.02005162, "max_depth": 90, "is_feasible": true}, "AVD": 20.554317184187816}