{"name": "random-90-11.32-8.json", "solution": {"time": 0.011548676, "max_depth": 90, "is_feasible": true}, "AVD": 20.848099264247654}