{"name": "random-90-12.72-17.json", "solution": {"time": 0.010560541, "max_depth": 90, "is_feasible": true}, "AVD": 22.049615725152986}