{"name": "random-90-18.04-2.json", "solution": {"time": 0.013491495, "max_depth": 90, "is_feasible": true}, "AVD": 26.282565095398663}