{"name": "random-90-9.92-36.json", "solution": {"time": 0.049786937, "max_depth": 90, "is_feasible": true}, "AVD": 19.610087167976307}