{"name": "random-90-10.48-3.json", "solution": {"time": 0.010995628, "max_depth": 90, "is_feasible": true}, "AVD": 20.126219042274858}