{"name": "random-90-18.60-21.json", "solution": {"time": 0.009165471, "max_depth": 90, "is_feasible": true}, "AVD": 26.832109739369226}