{"name": "random-90-14.68-15.json", "solution": {"time": 0.009233969, "max_depth": 90, "is_feasible": true}, "AVD": 23.585337697967567}