{"name": "random-90-14.68-48.json", "solution": {"time": 0.008975314, "max_depth": 90, "is_feasible": true}, "AVD": 23.599175582990647}