{"name": "random-90-11.88-29.json", "solution": {"time": 0.010202187, "max_depth": 90, "is_feasible": true}, "AVD": 21.345599576007242}