{"name": "random-90-14.40-36.json", "solution": {"time": 0.01548869, "max_depth": 90, "is_feasible": true}, "AVD": 23.374212682379593}