{"name": "random-90-10.48-5.json", "solution": {"time": 0.009965659, "max_depth": 90, "is_feasible": true}, "AVD": 20.11556459658336}