{"name": "random-90-14.96-29.json", "solution": {"time": 0.009167946, "max_depth": 90, "is_feasible": true}, "AVD": 23.833998232140075}