{"name": "random-90-13.84-9.json", "solution": {"time": 0.010078428, "max_depth": 90, "is_feasible": true}, "AVD": 22.944555306148136}