{"name": "random-90-6.56-44.json", "solution": {"time": 0.03231266, "max_depth": 3, "is_feasible": false}, "AVD": 16.615835774227612}