{"name": "random-90-11.60-34.json", "solution": {"time": 0.014808881, "max_depth": 90, "is_feasible": true}, "AVD": 21.098853036538454}