{"name": "random-90-6.84-7.json", "solution": {"time": 0.031264666, "max_depth": 3, "is_feasible": false}, "AVD": 16.852714989400404}