{"name": "random-90-18.32-48.json", "solution": {"time": 0.014109655, "max_depth": 90, "is_feasible": true}, "AVD": 26.570071143534335}