{"name": "random-90-9.92-17.json", "solution": {"time": 0.010241828, "max_depth": 90, "is_feasible": true}, "AVD": 19.66068861454068}