{"name": "random-90-10.76-38.json", "solution": {"time": 0.011231768, "max_depth": 90, "is_feasible": true}, "AVD": 20.368383464272593}