{"name": "random-90-14.12-35.json", "solution": {"time": 0.010314219, "max_depth": 90, "is_feasible": true}, "AVD": 23.14374024192567}