{"name": "random-90-14.40-38.json", "solution": {"time": 0.010071974, "max_depth": 90, "is_feasible": true}, "AVD": 23.398115974560678}