{"name": "random-90-7.12-25.json", "solution": {"time": 0.030708199, "max_depth": 4, "is_feasible": false}, "AVD": 17.133014621524104}