{"name": "random-90-13.00-35.json", "solution": {"time": 0.009251349, "max_depth": 90, "is_feasible": true}, "AVD": 22.221159309141036}