{"name": "random-90-10.76-11.json", "solution": {"time": 0.017267993, "max_depth": 90, "is_feasible": true}, "AVD": 20.358292305774036}