{"name": "random-90-7.68-14.json", "solution": {"time": 0.021015956, "max_depth": 90, "is_feasible": true}, "AVD": 17.591864072827242}