{"name": "random-90-11.88-35.json", "solution": {"time": 0.010381685, "max_depth": 90, "is_feasible": true}, "AVD": 21.309979922683883}