{"name": "random-90-17.20-38.json", "solution": {"time": 0.00942323, "max_depth": 90, "is_feasible": true}, "AVD": 25.67634505549344}