{"name": "random-90-19.72-28.json", "solution": {"time": 0.016005219, "max_depth": 90, "is_feasible": true}, "AVD": 27.7310851103631}