{"name": "random-90-9.36-5.json", "solution": {"time": 0.011455787, "max_depth": 90, "is_feasible": true}, "AVD": 19.149169908966428}