{"name": "random-90-9.92-39.json", "solution": {"time": 0.018791985, "max_depth": 90, "is_feasible": true}, "AVD": 19.671318805337556}