{"name": "random-90-6.28-32.json", "solution": {"time": 0.04432448, "max_depth": 7, "is_feasible": false}, "AVD": 16.29394110861722}