{"name": "random-90-17.48-22.json", "solution": {"time": 0.00919381, "max_depth": 90, "is_feasible": true}, "AVD": 25.941273350792088}