{"name": "random-90-19.16-40.json", "solution": {"time": 0.008683334, "max_depth": 90, "is_feasible": true}, "AVD": 27.293726462152623}