{"name": "random-90-13.56-29.json", "solution": {"time": 0.009372545, "max_depth": 90, "is_feasible": true}, "AVD": 22.70956089581385}