{"name": "random-90-11.88-31.json", "solution": {"time": 0.010735413, "max_depth": 90, "is_feasible": true}, "AVD": 21.280959221848352}