{"name": "random-90-20.00-9.json", "solution": {"time": 0.010264873, "max_depth": 90, "is_feasible": true}, "AVD": 27.9314130190799}