{"name": "random-90-8.52-31.json", "solution": {"time": 0.066396525, "max_depth": 12, "is_feasible": false}, "AVD": 18.359715363511885}