{"name": "random-90-16.64-39.json", "solution": {"time": 0.00997526, "max_depth": 90, "is_feasible": true}, "AVD": 25.223188302781132}