{"name": "random-90-11.60-15.json", "solution": {"time": 0.011369263, "max_depth": 90, "is_feasible": true}, "AVD": 21.045274535478505}