{"name": "random-90-17.76-46.json", "solution": {"time": 0.009264445, "max_depth": 90, "is_feasible": true}, "AVD": 26.135738371368223}