{"name": "random-90-16.64-5.json", "solution": {"time": 0.009040106, "max_depth": 90, "is_feasible": true}, "AVD": 25.228263312133898}