{"name": "random-90-11.88-40.json", "solution": {"time": 0.015204623, "max_depth": 90, "is_feasible": true}, "AVD": 21.368921748347937}