{"name": "random-90-14.68-5.json", "solution": {"time": 0.014483342, "max_depth": 90, "is_feasible": true}, "AVD": 23.649146963461988}