{"name": "random-90-11.88-30.json", "solution": {"time": 0.015655535, "max_depth": 90, "is_feasible": true}, "AVD": 21.33497325102905}