{"name": "random-90-14.12-22.json", "solution": {"time": 0.009344318, "max_depth": 90, "is_feasible": true}, "AVD": 23.188952550193527}