{"name": "random-90-16.36-2.json", "solution": {"time": 0.0092234, "max_depth": 90, "is_feasible": true}, "AVD": 24.93731961591245}