{"name": "random-90-9.64-36.json", "solution": {"time": 0.048117708, "max_depth": 90, "is_feasible": true}, "AVD": 19.353678513530618}