{"name": "random-90-16.36-33.json", "solution": {"time": 0.008867831, "max_depth": 90, "is_feasible": true}, "AVD": 24.987564721287182}