{"name": "random-90-14.40-2.json", "solution": {"time": 0.009703779, "max_depth": 90, "is_feasible": true}, "AVD": 23.381039344058095}