{"name": "random-90-18.60-44.json", "solution": {"time": 0.008810936, "max_depth": 90, "is_feasible": true}, "AVD": 26.775511348048607}