{"name": "random-90-18.04-43.json", "solution": {"time": 0.009569776, "max_depth": 90, "is_feasible": true}, "AVD": 26.309485908467625}