{"name": "random-90-8.80-4.json", "solution": {"time": 0.023167795, "max_depth": 90, "is_feasible": true}, "AVD": 18.6278413143786}