{"name": "random-90-16.36-37.json", "solution": {"time": 0.008944533, "max_depth": 90, "is_feasible": true}, "AVD": 24.953194163861053}