{"name": "random-90-12.72-4.json", "solution": {"time": 0.01007657, "max_depth": 90, "is_feasible": true}, "AVD": 22.00172696096795}