{"name": "random-90-19.72-39.json", "solution": {"time": 0.014306047, "max_depth": 90, "is_feasible": true}, "AVD": 27.666875420875648}