{"name": "random-90-20.00-27.json", "solution": {"time": 0.008863606, "max_depth": 90, "is_feasible": true}, "AVD": 27.888588726774124}