{"name": "random-90-8.24-18.json", "solution": {"time": 0.053205646, "max_depth": 8, "is_feasible": false}, "AVD": 18.182595086669345}