{"name": "random-90-11.88-46.json", "solution": {"time": 0.010927173, "max_depth": 90, "is_feasible": true}, "AVD": 21.28969640852997}