{"name": "random-90-10.20-42.json", "solution": {"time": 0.018582461, "max_depth": 90, "is_feasible": true}, "AVD": 19.848493951864576}