{"name": "random-90-8.52-30.json", "solution": {"time": 0.022946665, "max_depth": 90, "is_feasible": true}, "AVD": 18.41072839506195}