{"name": "random-90-7.12-33.json", "solution": {"time": 0.030556678, "max_depth": 4, "is_feasible": false}, "AVD": 17.125872490335674}