{"name": "random-90-20.00-48.json", "solution": {"time": 0.013779279, "max_depth": 90, "is_feasible": true}, "AVD": 27.881875545579483}