{"name": "random-90-12.44-20.json", "solution": {"time": 0.010311286, "max_depth": 90, "is_feasible": true}, "AVD": 21.76042966704102}