{"name": "random-90-20.00-39.json", "solution": {"time": 0.008396225, "max_depth": 90, "is_feasible": true}, "AVD": 27.922024940765905}