{"name": "random-90-11.88-23.json", "solution": {"time": 0.01133785, "max_depth": 90, "is_feasible": true}, "AVD": 21.279170844245172}