{"name": "random-90-10.48-16.json", "solution": {"time": 0.013002271, "max_depth": 90, "is_feasible": true}, "AVD": 20.161093278463895}