{"name": "random-90-12.44-3.json", "solution": {"time": 0.010196089, "max_depth": 90, "is_feasible": true}, "AVD": 21.802376106746735}