{"name": "random-90-15.24-10.json", "solution": {"time": 0.010478859, "max_depth": 90, "is_feasible": true}, "AVD": 24.10699289188202}