{"name": "random-90-15.52-4.json", "solution": {"time": 0.010831741, "max_depth": 90, "is_feasible": true}, "AVD": 24.318525377229314}