{"name": "random-90-13.00-12.json", "solution": {"time": 0.010169519, "max_depth": 90, "is_feasible": true}, "AVD": 22.21010306771442}