{"name": "random-90-6.28-21.json", "solution": {"time": 0.028943888, "max_depth": 3, "is_feasible": false}, "AVD": 16.308035291183646}