{"name": "random-90-13.28-5.json", "solution": {"time": 0.009283326, "max_depth": 90, "is_feasible": true}, "AVD": 22.48688065843643}