{"name": "random-90-15.52-29.json", "solution": {"time": 0.008869449, "max_depth": 90, "is_feasible": true}, "AVD": 24.299137641850827}