{"name": "random-90-9.92-26.json", "solution": {"time": 0.010834102, "max_depth": 90, "is_feasible": true}, "AVD": 19.662651577503674}