{"name": "random-90-19.44-16.json", "solution": {"time": 0.00859087, "max_depth": 90, "is_feasible": true}, "AVD": 27.47342524005509}