{"name": "random-90-15.24-41.json", "solution": {"time": 0.009243508, "max_depth": 90, "is_feasible": true}, "AVD": 24.05798933782288}