{"name": "random-90-7.68-20.json", "solution": {"time": 0.045476311, "max_depth": 11, "is_feasible": false}, "AVD": 17.62368119466288}