{"name": "random-90-10.20-13.json", "solution": {"time": 0.018141755, "max_depth": 90, "is_feasible": true}, "AVD": 19.86863617658087}