{"name": "random-90-12.72-27.json", "solution": {"time": 0.009694317, "max_depth": 90, "is_feasible": true}, "AVD": 21.998979985035785}