{"name": "random-90-14.12-46.json", "solution": {"time": 0.014981592, "max_depth": 90, "is_feasible": true}, "AVD": 23.160845304901073}