{"name": "random-90-8.80-24.json", "solution": {"time": 0.012733833, "max_depth": 90, "is_feasible": true}, "AVD": 18.686962900611295}