{"name": "random-90-14.12-20.json", "solution": {"time": 0.013518684, "max_depth": 90, "is_feasible": true}, "AVD": 23.127600386582095}