{"name": "random-90-17.48-43.json", "solution": {"time": 0.008865707, "max_depth": 90, "is_feasible": true}, "AVD": 25.884879473750093}