{"name": "random-90-8.52-25.json", "solution": {"time": 0.069044372, "max_depth": 11, "is_feasible": false}, "AVD": 18.451659433844835}