{"name": "random-90-14.12-0.json", "solution": {"time": 0.00984031, "max_depth": 90, "is_feasible": true}, "AVD": 23.1378809078441}