{"name": "random-90-15.24-16.json", "solution": {"time": 0.009397001, "max_depth": 90, "is_feasible": true}, "AVD": 24.123492704826287}