{"name": "random-90-20.00-36.json", "solution": {"time": 0.009435476, "max_depth": 90, "is_feasible": true}, "AVD": 27.904034231201123}