{"name": "random-90-18.32-31.json", "solution": {"time": 0.01023814, "max_depth": 90, "is_feasible": true}, "AVD": 26.58746470881677}