{"name": "random-90-14.40-46.json", "solution": {"time": 0.009618424, "max_depth": 90, "is_feasible": true}, "AVD": 23.38236245167748}