{"name": "random-90-20.00-32.json", "solution": {"time": 0.00945125, "max_depth": 90, "is_feasible": true}, "AVD": 27.881428108243178}