{"name": "random-90-6.00-6.json", "solution": {"time": 0.033510902, "max_depth": 3, "is_feasible": false}, "AVD": 16.01557394937046}