{"name": "random-90-11.60-18.json", "solution": {"time": 0.011991437, "max_depth": 90, "is_feasible": true}, "AVD": 21.104396558174564}