{"name": "random-90-18.04-45.json", "solution": {"time": 0.010096463, "max_depth": 90, "is_feasible": true}, "AVD": 26.27660980172113}