{"name": "random-90-12.16-38.json", "solution": {"time": 0.014780455, "max_depth": 90, "is_feasible": true}, "AVD": 21.58740160867964}