{"name": "random-90-12.16-9.json", "solution": {"time": 0.010154113, "max_depth": 90, "is_feasible": true}, "AVD": 21.540232697344045}