{"name": "random-90-17.48-11.json", "solution": {"time": 0.009120984, "max_depth": 90, "is_feasible": true}, "AVD": 25.8653532859461}