{"name": "random-90-18.32-28.json", "solution": {"time": 0.010736277, "max_depth": 90, "is_feasible": true}, "AVD": 26.578847237810415}