{"name": "random-90-15.52-27.json", "solution": {"time": 0.009373177, "max_depth": 90, "is_feasible": true}, "AVD": 24.304174710063837}