{"name": "random-90-15.52-17.json", "solution": {"time": 0.016857206, "max_depth": 90, "is_feasible": true}, "AVD": 24.36356715301183}