{"name": "random-90-19.44-5.json", "solution": {"time": 0.009069364, "max_depth": 90, "is_feasible": true}, "AVD": 27.484795173962052}