{"name": "random-90-16.36-10.json", "solution": {"time": 0.014258734, "max_depth": 90, "is_feasible": true}, "AVD": 25.02633557800248}