{"name": "random-90-7.40-12.json", "solution": {"time": 0.042264895, "max_depth": 10, "is_feasible": false}, "AVD": 17.39891937897515}