{"name": "random-90-7.12-44.json", "solution": {"time": 0.035965832, "max_depth": 7, "is_feasible": false}, "AVD": 17.144015026811562}