{"name": "random-90-11.32-29.json", "solution": {"time": 0.009693212, "max_depth": 90, "is_feasible": true}, "AVD": 20.883492704826303}