{"name": "random-90-15.52-20.json", "solution": {"time": 0.008765709, "max_depth": 90, "is_feasible": true}, "AVD": 24.254880409028793}