{"name": "random-90-11.32-14.json", "solution": {"time": 0.011544047, "max_depth": 90, "is_feasible": true}, "AVD": 20.785956228956454}