{"name": "random-90-19.72-13.json", "solution": {"time": 0.010074652, "max_depth": 90, "is_feasible": true}, "AVD": 27.67268075819951}