{"name": "random-90-19.44-1.json", "solution": {"time": 0.00844281, "max_depth": 90, "is_feasible": true}, "AVD": 27.452118468637213}