{"name": "random-90-7.40-9.json", "solution": {"time": 0.038354506, "max_depth": 8, "is_feasible": false}, "AVD": 17.407364883402142}