{"name": "random-90-9.08-37.json", "solution": {"time": 0.013379343, "max_depth": 90, "is_feasible": true}, "AVD": 18.88541177204165}