{"name": "random-90-9.36-4.json", "solution": {"time": 0.023553806, "max_depth": 90, "is_feasible": true}, "AVD": 19.123510599825657}