{"name": "random-90-12.44-40.json", "solution": {"time": 0.010777484, "max_depth": 90, "is_feasible": true}, "AVD": 21.84757513405688}