{"name": "random-90-14.12-8.json", "solution": {"time": 0.014339311, "max_depth": 90, "is_feasible": true}, "AVD": 23.151163549071185}