{"name": "random-90-14.12-31.json", "solution": {"time": 0.014833249, "max_depth": 90, "is_feasible": true}, "AVD": 23.151367813942105}