{"name": "random-90-19.16-46.json", "solution": {"time": 0.008515178, "max_depth": 90, "is_feasible": true}, "AVD": 27.247959783015567}