{"name": "random-90-13.84-0.json", "solution": {"time": 0.010818152, "max_depth": 90, "is_feasible": true}, "AVD": 22.90824180072351}