{"name": "random-90-20.00-35.json", "solution": {"time": 0.009263869, "max_depth": 90, "is_feasible": true}, "AVD": 27.884666354907328}