{"name": "random-90-9.92-21.json", "solution": {"time": 0.014743564, "max_depth": 90, "is_feasible": true}, "AVD": 19.628623394438446}