{"name": "random-90-14.12-5.json", "solution": {"time": 0.009370673, "max_depth": 90, "is_feasible": true}, "AVD": 23.15554090285593}