{"name": "random-90-19.72-23.json", "solution": {"time": 0.01362943, "max_depth": 90, "is_feasible": true}, "AVD": 27.671493265993494}