{"name": "random-90-16.64-23.json", "solution": {"time": 0.010000829, "max_depth": 90, "is_feasible": true}, "AVD": 25.168559608430197}