{"name": "random-90-6.00-34.json", "solution": {"time": 0.032127367, "max_depth": 4, "is_feasible": false}, "AVD": 16.07073341439103}