{"name": "random-90-9.64-43.json", "solution": {"time": 0.035524198, "max_depth": 90, "is_feasible": true}, "AVD": 19.38218643222371}