{"name": "random-90-11.88-14.json", "solution": {"time": 0.010313687, "max_depth": 90, "is_feasible": true}, "AVD": 21.269978052126422}