{"name": "random-90-17.76-16.json", "solution": {"time": 0.009102265, "max_depth": 90, "is_feasible": true}, "AVD": 26.1508045267492}