{"name": "random-90-10.48-12.json", "solution": {"time": 0.018935995, "max_depth": 90, "is_feasible": true}, "AVD": 20.14710724529266}