{"name": "random-90-18.60-37.json", "solution": {"time": 0.011287434, "max_depth": 90, "is_feasible": true}, "AVD": 26.74604314752486}