{"name": "random-90-14.68-43.json", "solution": {"time": 0.014796412, "max_depth": 90, "is_feasible": true}, "AVD": 23.62050473874573}