{"name": "random-90-17.48-10.json", "solution": {"time": 0.009292582, "max_depth": 90, "is_feasible": true}, "AVD": 25.918039842873405}