{"name": "random-90-13.00-36.json", "solution": {"time": 0.010807319, "max_depth": 90, "is_feasible": true}, "AVD": 22.24498777902506}