{"name": "random-90-9.08-10.json", "solution": {"time": 0.033509964, "max_depth": 90, "is_feasible": true}, "AVD": 18.866448622022922}