{"name": "random-90-13.56-39.json", "solution": {"time": 0.01382865, "max_depth": 90, "is_feasible": true}, "AVD": 22.701188552188775}