{"name": "random-90-7.68-2.json", "solution": {"time": 0.026078045, "max_depth": 90, "is_feasible": true}, "AVD": 17.64392848235465}