{"name": "random-90-16.64-37.json", "solution": {"time": 0.009452728, "max_depth": 90, "is_feasible": true}, "AVD": 25.18156796358671}