{"name": "random-90-11.60-21.json", "solution": {"time": 0.015410403, "max_depth": 90, "is_feasible": true}, "AVD": 21.085920064846217}