{"name": "random-90-6.56-18.json", "solution": {"time": 0.033042401, "max_depth": 4, "is_feasible": false}, "AVD": 16.629448684374818}