{"name": "random-90-16.64-34.json", "solution": {"time": 0.009148151, "max_depth": 90, "is_feasible": true}, "AVD": 25.216142785883772}