{"name": "random-90-14.12-41.json", "solution": {"time": 0.010376141, "max_depth": 90, "is_feasible": true}, "AVD": 23.118227459783242}