{"name": "random-90-18.60-12.json", "solution": {"time": 0.00900138, "max_depth": 90, "is_feasible": true}, "AVD": 26.75119410150915}