{"name": "random-90-13.00-47.json", "solution": {"time": 0.01491163, "max_depth": 90, "is_feasible": true}, "AVD": 22.243270482604057}