{"name": "random-90-9.36-42.json", "solution": {"time": 0.014402335, "max_depth": 90, "is_feasible": true}, "AVD": 19.101641040030167}