{"name": "random-90-16.36-42.json", "solution": {"time": 0.014193124, "max_depth": 90, "is_feasible": true}, "AVD": 24.96173494201295}