{"name": "random-90-10.76-40.json", "solution": {"time": 0.010303095, "max_depth": 90, "is_feasible": true}, "AVD": 20.433225402170116}