{"name": "random-90-7.12-11.json", "solution": {"time": 0.030324761, "max_depth": 3, "is_feasible": false}, "AVD": 17.127332086295297}