{"name": "random-90-10.20-16.json", "solution": {"time": 0.012980333, "max_depth": 90, "is_feasible": true}, "AVD": 19.916781144781396}