{"name": "random-90-16.36-36.json", "solution": {"time": 0.014144472, "max_depth": 90, "is_feasible": true}, "AVD": 24.957743671280948}