{"name": "random-90-19.44-27.json", "solution": {"time": 0.009092929, "max_depth": 90, "is_feasible": true}, "AVD": 27.44826580621046}