{"name": "random-90-7.40-2.json", "solution": {"time": 0.068346693, "max_depth": 10, "is_feasible": false}, "AVD": 17.393567028308013}