{"name": "random-90-13.56-43.json", "solution": {"time": 0.009901155, "max_depth": 90, "is_feasible": true}, "AVD": 22.66676287567054}