{"name": "random-90-18.32-21.json", "solution": {"time": 0.010072503, "max_depth": 90, "is_feasible": true}, "AVD": 26.574945130315726}