{"name": "random-90-7.96-42.json", "solution": {"time": 0.065866477, "max_depth": 15, "is_feasible": false}, "AVD": 17.835951396683114}