{"name": "random-90-20.00-18.json", "solution": {"time": 0.009714243, "max_depth": 90, "is_feasible": true}, "AVD": 27.924789001122555}