{"name": "random-90-13.00-21.json", "solution": {"time": 0.009773074, "max_depth": 90, "is_feasible": true}, "AVD": 22.257617408654664}