{"name": "random-90-14.40-4.json", "solution": {"time": 0.00972164, "max_depth": 90, "is_feasible": true}, "AVD": 23.370774722534215}