{"name": "random-90-11.04-37.json", "solution": {"time": 0.020026912, "max_depth": 90, "is_feasible": true}, "AVD": 20.55013860830553}