{"name": "random-90-11.88-2.json", "solution": {"time": 0.010906278, "max_depth": 90, "is_feasible": true}, "AVD": 21.299542711061463}