{"name": "random-90-12.44-14.json", "solution": {"time": 0.009820987, "max_depth": 90, "is_feasible": true}, "AVD": 21.743790435216592}