{"name": "random-90-17.48-37.json", "solution": {"time": 0.014855483, "max_depth": 90, "is_feasible": true}, "AVD": 25.844691981544056}