{"name": "random-90-6.00-39.json", "solution": {"time": 0.046699839, "max_depth": 9, "is_feasible": false}, "AVD": 16.077281518892843}