{"name": "random-90-10.48-46.json", "solution": {"time": 0.012096238, "max_depth": 90, "is_feasible": true}, "AVD": 20.123125639107354}