{"name": "random-90-9.08-43.json", "solution": {"time": 0.048589646, "max_depth": 90, "is_feasible": true}, "AVD": 18.908332148647215}