{"name": "random-90-14.68-8.json", "solution": {"time": 0.009563954, "max_depth": 90, "is_feasible": true}, "AVD": 23.62481568774185}