{"name": "random-90-16.08-3.json", "solution": {"time": 0.009023392, "max_depth": 90, "is_feasible": true}, "AVD": 24.772459221848333}