{"name": "random-90-11.04-10.json", "solution": {"time": 0.017973332, "max_depth": 90, "is_feasible": true}, "AVD": 20.58537217857612}