{"name": "random-90-19.16-48.json", "solution": {"time": 0.008723481, "max_depth": 90, "is_feasible": true}, "AVD": 27.226401733383444}