{"name": "random-90-15.24-1.json", "solution": {"time": 0.009888535, "max_depth": 90, "is_feasible": true}, "AVD": 24.082614602818538}