{"name": "random-90-14.96-23.json", "solution": {"time": 0.014324346, "max_depth": 90, "is_feasible": true}, "AVD": 23.80792860705847}