{"name": "random-90-13.00-7.json", "solution": {"time": 0.011218146, "max_depth": 90, "is_feasible": true}, "AVD": 22.237497817683202}