{"name": "random-90-9.92-19.json", "solution": {"time": 0.019014431, "max_depth": 90, "is_feasible": true}, "AVD": 19.599689612171357}