{"name": "random-90-14.96-0.json", "solution": {"time": 0.009560463, "max_depth": 90, "is_feasible": true}, "AVD": 23.794693540341914}