{"name": "random-90-17.20-30.json", "solution": {"time": 0.00978293, "max_depth": 90, "is_feasible": true}, "AVD": 25.654069647088395}