{"name": "random-90-10.48-9.json", "solution": {"time": 0.012763862, "max_depth": 90, "is_feasible": true}, "AVD": 20.171157376231694}