{"name": "random-90-17.76-13.json", "solution": {"time": 0.01391752, "max_depth": 90, "is_feasible": true}, "AVD": 26.088776094276334}