{"name": "random-90-19.16-20.json", "solution": {"time": 0.013221129, "max_depth": 90, "is_feasible": true}, "AVD": 27.210095398428976}