{"name": "random-90-8.80-25.json", "solution": {"time": 0.020807059, "max_depth": 90, "is_feasible": true}, "AVD": 18.68226985908489}