{"name": "random-90-9.92-34.json", "solution": {"time": 0.014408912, "max_depth": 90, "is_feasible": true}, "AVD": 19.665628819054987}