{"name": "random-90-19.16-33.json", "solution": {"time": 0.00882356, "max_depth": 90, "is_feasible": true}, "AVD": 27.238998877665775}