{"name": "random-90-17.48-41.json", "solution": {"time": 0.013679851, "max_depth": 90, "is_feasible": true}, "AVD": 25.851157687991247}