{"name": "random-90-17.20-33.json", "solution": {"time": 0.009624265, "max_depth": 90, "is_feasible": true}, "AVD": 25.65121723406932}