{"name": "random-90-13.28-34.json", "solution": {"time": 0.012809031, "max_depth": 90, "is_feasible": true}, "AVD": 22.508690547450044}