{"name": "random-90-16.92-5.json", "solution": {"time": 0.010050486, "max_depth": 90, "is_feasible": true}, "AVD": 25.459508978675867}