{"name": "random-90-13.00-38.json", "solution": {"time": 0.009664885, "max_depth": 90, "is_feasible": true}, "AVD": 22.242008105749107}