{"name": "random-90-14.68-21.json", "solution": {"time": 0.009312662, "max_depth": 90, "is_feasible": true}, "AVD": 23.631831213368482}