{"name": "random-90-14.96-4.json", "solution": {"time": 0.00953452, "max_depth": 90, "is_feasible": true}, "AVD": 23.851809327846595}