{"name": "random-90-16.08-49.json", "solution": {"time": 0.008845722, "max_depth": 90, "is_feasible": true}, "AVD": 24.78472808330239}