{"name": "random-90-7.96-41.json", "solution": {"time": 0.021446597, "max_depth": 90, "is_feasible": true}, "AVD": 17.876492050131176}