{"name": "random-90-9.64-20.json", "solution": {"time": 0.014738674, "max_depth": 90, "is_feasible": true}, "AVD": 19.37770526250178}