{"name": "random-90-9.92-24.json", "solution": {"time": 0.011674843, "max_depth": 90, "is_feasible": true}, "AVD": 19.64729554807357}