{"name": "random-90-14.40-39.json", "solution": {"time": 0.009270548, "max_depth": 90, "is_feasible": true}, "AVD": 23.389895685247758}