{"name": "random-90-14.96-49.json", "solution": {"time": 0.009181781, "max_depth": 90, "is_feasible": true}, "AVD": 23.846784324728993}