{"name": "random-90-18.04-21.json", "solution": {"time": 0.010125889, "max_depth": 90, "is_feasible": true}, "AVD": 26.37827777777801}