{"name": "random-90-15.52-14.json", "solution": {"time": 0.009174558, "max_depth": 90, "is_feasible": true}, "AVD": 24.29241838134453}