{"name": "random-90-7.68-15.json", "solution": {"time": 0.0852655, "max_depth": 12, "is_feasible": false}, "AVD": 17.6315082707983}