{"name": "random-90-16.08-48.json", "solution": {"time": 0.008769249, "max_depth": 90, "is_feasible": true}, "AVD": 24.766016772665164}