{"name": "random-90-20.00-23.json", "solution": {"time": 0.009425954, "max_depth": 90, "is_feasible": true}, "AVD": 27.902220975184164}