{"name": "random-90-12.16-21.json", "solution": {"time": 0.013986983, "max_depth": 90, "is_feasible": true}, "AVD": 21.56103285945902}