{"name": "random-90-9.64-9.json", "solution": {"time": 0.016194789, "max_depth": 90, "is_feasible": true}, "AVD": 19.442732323232562}