{"name": "random-90-13.84-18.json", "solution": {"time": 0.010348866, "max_depth": 90, "is_feasible": true}, "AVD": 22.955653697468758}