{"name": "random-90-13.84-5.json", "solution": {"time": 0.014657175, "max_depth": 90, "is_feasible": true}, "AVD": 22.95353348297815}