{"name": "random-90-17.76-9.json", "solution": {"time": 0.008681986, "max_depth": 90, "is_feasible": true}, "AVD": 26.12312096271379}