{"name": "random-90-13.00-9.json", "solution": {"time": 0.008929325, "max_depth": 90, "is_feasible": true}, "AVD": 22.259142100012703}