{"name": "random-90-17.48-19.json", "solution": {"time": 0.012146551, "max_depth": 90, "is_feasible": true}, "AVD": 25.861757575757807}