{"name": "random-90-14.12-39.json", "solution": {"time": 0.00933096, "max_depth": 90, "is_feasible": true}, "AVD": 23.143600074822515}