{"name": "random-90-6.00-41.json", "solution": {"time": 0.034060437, "max_depth": 4, "is_feasible": false}, "AVD": 16.004160409468895}