{"name": "random-90-12.72-1.json", "solution": {"time": 0.012179939, "max_depth": 90, "is_feasible": true}, "AVD": 22.020934343434586}