{"name": "random-90-12.44-26.json", "solution": {"time": 0.010431042, "max_depth": 90, "is_feasible": true}, "AVD": 21.820193602693852}