{"name": "random-90-15.80-20.json", "solution": {"time": 0.00925133, "max_depth": 90, "is_feasible": true}, "AVD": 24.485983414391068}