{"name": "random-90-17.48-46.json", "solution": {"time": 0.008815716, "max_depth": 90, "is_feasible": true}, "AVD": 25.913293926923785}