{"name": "random-90-18.60-36.json", "solution": {"time": 0.012029122, "max_depth": 90, "is_feasible": true}, "AVD": 26.784491707195635}