{"name": "random-90-10.20-18.json", "solution": {"time": 0.011845743, "max_depth": 90, "is_feasible": true}, "AVD": 19.899380284324934}