{"name": "random-90-8.24-48.json", "solution": {"time": 0.041617168, "max_depth": 5, "is_feasible": false}, "AVD": 18.139302406784097}