{"name": "random-90-13.28-46.json", "solution": {"time": 0.009563879, "max_depth": 90, "is_feasible": true}, "AVD": 22.44793253522906}