{"name": "random-90-7.12-41.json", "solution": {"time": 0.044891359, "max_depth": 10, "is_feasible": false}, "AVD": 17.08149311011369}