{"name": "random-90-12.16-0.json", "solution": {"time": 0.010035696, "max_depth": 90, "is_feasible": true}, "AVD": 21.500663112607803}