{"name": "random-90-18.88-47.json", "solution": {"time": 0.008753723, "max_depth": 90, "is_feasible": true}, "AVD": 27.021334393316103}