{"name": "random-90-19.16-28.json", "solution": {"time": 0.011944094, "max_depth": 90, "is_feasible": true}, "AVD": 27.27112844494347}