{"name": "random-90-19.16-30.json", "solution": {"time": 0.008422705, "max_depth": 90, "is_feasible": true}, "AVD": 27.25742891881804}