{"name": "random-90-16.92-27.json", "solution": {"time": 0.014119259, "max_depth": 90, "is_feasible": true}, "AVD": 25.434533545330083}