{"name": "random-90-17.76-2.json", "solution": {"time": 0.013528959, "max_depth": 90, "is_feasible": true}, "AVD": 26.069509539843096}