{"name": "random-90-16.08-9.json", "solution": {"time": 0.011150269, "max_depth": 90, "is_feasible": true}, "AVD": 24.76677222845767}