{"name": "random-90-17.76-7.json", "solution": {"time": 0.00898833, "max_depth": 90, "is_feasible": true}, "AVD": 26.14210381593738}