{"name": "random-90-14.12-45.json", "solution": {"time": 0.011448536, "max_depth": 90, "is_feasible": true}, "AVD": 23.097156565656775}