{"name": "random-90-6.28-6.json", "solution": {"time": 0.033625703, "max_depth": 3, "is_feasible": false}, "AVD": 16.286131188427706}