{"name": "random-90-18.04-15.json", "solution": {"time": 0.009226988, "max_depth": 90, "is_feasible": true}, "AVD": 26.326955418381562}