{"name": "random-90-16.08-40.json", "solution": {"time": 0.009535546, "max_depth": 90, "is_feasible": true}, "AVD": 24.80754738745503}