{"name": "random-90-16.36-34.json", "solution": {"time": 0.013895728, "max_depth": 90, "is_feasible": true}, "AVD": 24.999459097144523}