{"name": "random-90-10.20-41.json", "solution": {"time": 0.011196836, "max_depth": 90, "is_feasible": true}, "AVD": 19.883034730016455}