{"name": "random-90-10.48-17.json", "solution": {"time": 0.010839097, "max_depth": 90, "is_feasible": true}, "AVD": 20.14595766305048}