{"name": "random-90-14.96-13.json", "solution": {"time": 0.009074843, "max_depth": 90, "is_feasible": true}, "AVD": 23.825302718543696}