{"name": "random-90-18.88-39.json", "solution": {"time": 0.009195122, "max_depth": 90, "is_feasible": true}, "AVD": 27.010607245292658}