{"name": "random-90-19.44-38.json", "solution": {"time": 0.009394694, "max_depth": 90, "is_feasible": true}, "AVD": 27.485091844369855}