{"name": "random-90-7.12-29.json", "solution": {"time": 0.065492799, "max_depth": 8, "is_feasible": false}, "AVD": 17.111653261005333}