{"name": "random-90-17.76-11.json", "solution": {"time": 0.009478814, "max_depth": 90, "is_feasible": true}, "AVD": 26.09021405412168}