{"name": "random-90-11.04-45.json", "solution": {"time": 0.013880731, "max_depth": 90, "is_feasible": true}, "AVD": 20.577909776780388}