{"name": "random-90-11.60-37.json", "solution": {"time": 0.010652455, "max_depth": 90, "is_feasible": true}, "AVD": 21.018966205262757}