{"name": "random-90-15.24-48.json", "solution": {"time": 0.008996097, "max_depth": 90, "is_feasible": true}, "AVD": 24.07596545703979}