{"name": "random-90-11.04-2.json", "solution": {"time": 0.011204399, "max_depth": 90, "is_feasible": true}, "AVD": 20.603646339942873}