{"name": "random-90-18.32-5.json", "solution": {"time": 0.00856997, "max_depth": 90, "is_feasible": true}, "AVD": 26.57130970195807}