{"name": "random-90-13.00-44.json", "solution": {"time": 0.009821416, "max_depth": 90, "is_feasible": true}, "AVD": 22.223065282454396}