{"name": "random-90-19.72-20.json", "solution": {"time": 0.012919447, "max_depth": 90, "is_feasible": true}, "AVD": 27.644944506796598}