{"name": "random-90-11.32-16.json", "solution": {"time": 0.011849697, "max_depth": 90, "is_feasible": true}, "AVD": 20.863200024941005}