{"name": "random-90-18.04-29.json", "solution": {"time": 0.00885652, "max_depth": 90, "is_feasible": true}, "AVD": 26.37368911335601}