{"name": "random-90-18.88-40.json", "solution": {"time": 0.008931921, "max_depth": 90, "is_feasible": true}, "AVD": 27.070167477241785}