{"name": "random-90-19.72-8.json", "solution": {"time": 0.009026706, "max_depth": 90, "is_feasible": true}, "AVD": 27.708766741489168}