{"name": "random-90-17.76-37.json", "solution": {"time": 0.01377584, "max_depth": 90, "is_feasible": true}, "AVD": 26.082213929417858}