{"name": "random-90-17.76-0.json", "solution": {"time": 0.016709832, "max_depth": 90, "is_feasible": true}, "AVD": 26.07423194912106}