{"name": "random-90-13.56-35.json", "solution": {"time": 0.009429492, "max_depth": 90, "is_feasible": true}, "AVD": 22.678574822297282}