{"name": "random-90-16.36-23.json", "solution": {"time": 0.013711671, "max_depth": 90, "is_feasible": true}, "AVD": 24.930315438334173}