{"name": "random-90-6.56-34.json", "solution": {"time": 0.034723542, "max_depth": 5, "is_feasible": false}, "AVD": 16.598685715176682}