{"name": "random-90-19.44-30.json", "solution": {"time": 0.009388422, "max_depth": 90, "is_feasible": true}, "AVD": 27.46936101758347}