{"name": "random-90-19.72-31.json", "solution": {"time": 0.010568972, "max_depth": 90, "is_feasible": true}, "AVD": 27.669788065843836}