{"name": "random-90-6.00-49.json", "solution": {"time": 0.035876831, "max_depth": 8, "is_feasible": false}, "AVD": 15.975913767302885}