{"name": "random-90-7.40-11.json", "solution": {"time": 0.030821917, "max_depth": 3, "is_feasible": false}, "AVD": 17.37699650829304}