{"name": "random-90-15.52-47.json", "solution": {"time": 0.009390859, "max_depth": 90, "is_feasible": true}, "AVD": 24.305790185808938}