{"name": "random-90-8.52-23.json", "solution": {"time": 0.029605531, "max_depth": 90, "is_feasible": true}, "AVD": 18.376375982042877}