{"name": "random-90-7.12-5.json", "solution": {"time": 0.07076955, "max_depth": 9, "is_feasible": false}, "AVD": 17.07272982915597}