{"name": "random-90-12.16-1.json", "solution": {"time": 0.011086559, "max_depth": 90, "is_feasible": true}, "AVD": 21.556902107494942}