{"name": "random-90-8.24-28.json", "solution": {"time": 0.018748548, "max_depth": 90, "is_feasible": true}, "AVD": 18.13019519266762}