{"name": "random-90-15.52-8.json", "solution": {"time": 0.009020101, "max_depth": 90, "is_feasible": true}, "AVD": 24.316018830278335}