{"name": "random-90-18.88-41.json", "solution": {"time": 0.008737451, "max_depth": 90, "is_feasible": true}, "AVD": 26.980802406784107}