{"name": "random-90-8.80-39.json", "solution": {"time": 0.034410625, "max_depth": 90, "is_feasible": true}, "AVD": 18.667429916448658}