{"name": "random-90-7.96-9.json", "solution": {"time": 0.04150555, "max_depth": 8, "is_feasible": false}, "AVD": 17.915862077566022}