{"name": "random-90-7.96-35.json", "solution": {"time": 0.050598007, "max_depth": 7, "is_feasible": false}, "AVD": 17.94608121336848}