{"name": "random-90-10.76-6.json", "solution": {"time": 0.009982002, "max_depth": 90, "is_feasible": true}, "AVD": 20.361756765182943}