{"name": "random-90-16.64-26.json", "solution": {"time": 0.008893812, "max_depth": 90, "is_feasible": true}, "AVD": 25.27382329467539}