{"name": "random-90-13.84-47.json", "solution": {"time": 0.00926277, "max_depth": 90, "is_feasible": true}, "AVD": 22.926721848110983}