{"name": "random-90-18.88-28.json", "solution": {"time": 0.010622855, "max_depth": 90, "is_feasible": true}, "AVD": 27.03342817059504}