{"name": "random-90-12.72-31.json", "solution": {"time": 0.010395951, "max_depth": 90, "is_feasible": true}, "AVD": 21.973603566529718}