{"name": "random-90-17.20-26.json", "solution": {"time": 0.009043234, "max_depth": 90, "is_feasible": true}, "AVD": 25.721690235690467}