{"name": "random-90-19.16-16.json", "solution": {"time": 0.013526299, "max_depth": 90, "is_feasible": true}, "AVD": 27.237784636488566}