{"name": "random-90-16.08-33.json", "solution": {"time": 0.00930297, "max_depth": 90, "is_feasible": true}, "AVD": 24.765227272727522}