{"name": "random-90-16.64-10.json", "solution": {"time": 0.00913985, "max_depth": 90, "is_feasible": true}, "AVD": 25.25298771667314}