{"name": "random-90-11.60-24.json", "solution": {"time": 0.010724141, "max_depth": 90, "is_feasible": true}, "AVD": 21.084630440204748}