{"name": "random-90-9.64-12.json", "solution": {"time": 0.015354125, "max_depth": 90, "is_feasible": true}, "AVD": 19.422933408155853}