{"name": "random-90-18.88-12.json", "solution": {"time": 0.009105243, "max_depth": 90, "is_feasible": true}, "AVD": 26.985656939768287}