{"name": "random-90-19.72-48.json", "solution": {"time": 0.009066894, "max_depth": 90, "is_feasible": true}, "AVD": 27.684423556553416}