{"name": "random-90-20.00-1.json", "solution": {"time": 0.009794967, "max_depth": 90, "is_feasible": true}, "AVD": 27.89085428357673}