{"name": "random-90-8.80-29.json", "solution": {"time": 0.01219137, "max_depth": 90, "is_feasible": true}, "AVD": 18.666497942387068}