{"name": "random-90-15.80-25.json", "solution": {"time": 0.009398316, "max_depth": 90, "is_feasible": true}, "AVD": 24.54681543833418}