{"name": "random-90-14.40-34.json", "solution": {"time": 0.015265947, "max_depth": 90, "is_feasible": true}, "AVD": 23.433122833271213}