{"name": "random-90-12.16-33.json", "solution": {"time": 0.011361766, "max_depth": 90, "is_feasible": true}, "AVD": 21.509318181818426}