{"name": "random-90-8.24-20.json", "solution": {"time": 0.01416407, "max_depth": 90, "is_feasible": true}, "AVD": 18.117967327597178}