{"name": "random-90-10.48-23.json", "solution": {"time": 0.011112085, "max_depth": 90, "is_feasible": true}, "AVD": 20.102474685123067}