{"name": "random-90-6.28-23.json", "solution": {"time": 0.031285228, "max_depth": 4, "is_feasible": false}, "AVD": 16.272485699405326}