{"name": "random-90-16.36-29.json", "solution": {"time": 0.009956361, "max_depth": 90, "is_feasible": true}, "AVD": 24.99498659433867}