{"name": "random-90-9.08-19.json", "solution": {"time": 0.035713015, "max_depth": 90, "is_feasible": true}, "AVD": 18.847414515525884}