{"name": "random-90-17.76-21.json", "solution": {"time": 0.009957777, "max_depth": 90, "is_feasible": true}, "AVD": 26.144340192044133}