{"name": "random-90-14.68-37.json", "solution": {"time": 0.014472108, "max_depth": 90, "is_feasible": true}, "AVD": 23.56563829654595}