{"name": "random-90-18.04-47.json", "solution": {"time": 0.010001116, "max_depth": 90, "is_feasible": true}, "AVD": 26.3200736376109}