{"name": "random-90-17.48-31.json", "solution": {"time": 0.009078035, "max_depth": 90, "is_feasible": true}, "AVD": 25.904600760693576}