{"name": "random-90-19.72-30.json", "solution": {"time": 0.008999951, "max_depth": 90, "is_feasible": true}, "AVD": 27.688640167103358}