{"name": "random-90-12.44-1.json", "solution": {"time": 0.010920883, "max_depth": 90, "is_feasible": true}, "AVD": 21.777965332335942}