{"name": "random-90-14.12-3.json", "solution": {"time": 0.009478036, "max_depth": 90, "is_feasible": true}, "AVD": 23.178114353410884}