{"name": "random-90-20.00-24.json", "solution": {"time": 0.008955004, "max_depth": 90, "is_feasible": true}, "AVD": 27.89581013842149}