{"name": "random-90-7.40-49.json", "solution": {"time": 0.041909317, "max_depth": 8, "is_feasible": false}, "AVD": 17.311419004863673}