{"name": "random-90-13.84-8.json", "solution": {"time": 0.010030783, "max_depth": 90, "is_feasible": true}, "AVD": 22.91302799600971}