{"name": "random-90-14.40-25.json", "solution": {"time": 0.009496114, "max_depth": 90, "is_feasible": true}, "AVD": 23.42238863948145}