{"name": "random-90-13.56-31.json", "solution": {"time": 0.009602125, "max_depth": 90, "is_feasible": true}, "AVD": 22.688013218606027}