{"name": "random-90-13.56-42.json", "solution": {"time": 0.009696051, "max_depth": 90, "is_feasible": true}, "AVD": 22.687185060481617}