{"name": "random-90-19.16-3.json", "solution": {"time": 0.008861426, "max_depth": 90, "is_feasible": true}, "AVD": 27.246525065469733}