{"name": "random-90-15.80-24.json", "solution": {"time": 0.009703871, "max_depth": 90, "is_feasible": true}, "AVD": 24.54968431225862}