{"name": "random-90-11.32-11.json", "solution": {"time": 0.010179144, "max_depth": 90, "is_feasible": true}, "AVD": 20.83391657313905}