{"name": "random-90-8.52-35.json", "solution": {"time": 0.02879522, "max_depth": 90, "is_feasible": true}, "AVD": 18.43477063848383}