{"name": "random-90-14.68-0.json", "solution": {"time": 0.009280144, "max_depth": 90, "is_feasible": true}, "AVD": 23.59163318368897}