{"name": "random-90-18.88-38.json", "solution": {"time": 0.013624974, "max_depth": 90, "is_feasible": true}, "AVD": 27.01540665918467}