{"name": "random-90-12.44-42.json", "solution": {"time": 0.009771161, "max_depth": 90, "is_feasible": true}, "AVD": 21.75332659932684}