{"name": "random-90-11.04-25.json", "solution": {"time": 0.015299056, "max_depth": 90, "is_feasible": true}, "AVD": 20.624296545704155}