{"name": "random-90-18.04-25.json", "solution": {"time": 0.009438083, "max_depth": 90, "is_feasible": true}, "AVD": 26.33146059359045}