{"name": "random-90-13.56-44.json", "solution": {"time": 0.009634199, "max_depth": 90, "is_feasible": true}, "AVD": 22.657351041277195}