{"name": "random-90-11.04-34.json", "solution": {"time": 0.014327551, "max_depth": 90, "is_feasible": true}, "AVD": 20.626221162239908}