{"name": "random-90-8.24-3.json", "solution": {"time": 0.066112228, "max_depth": 10, "is_feasible": false}, "AVD": 18.15977110612321}