{"name": "random-90-12.72-37.json", "solution": {"time": 0.014691448, "max_depth": 90, "is_feasible": true}, "AVD": 21.958545454545703}