{"name": "random-90-9.08-34.json", "solution": {"time": 0.018680011, "max_depth": 90, "is_feasible": true}, "AVD": 18.939667165482227}