{"name": "random-90-7.12-35.json", "solution": {"time": 0.04104149, "max_depth": 7, "is_feasible": false}, "AVD": 17.176209106313916}