{"name": "random-90-11.88-7.json", "solution": {"time": 0.012219247, "max_depth": 90, "is_feasible": true}, "AVD": 21.307180758199493}