{"name": "random-90-17.48-42.json", "solution": {"time": 0.008669391, "max_depth": 90, "is_feasible": true}, "AVD": 25.89143110113504}