{"name": "random-90-13.00-34.json", "solution": {"time": 0.011375867, "max_depth": 90, "is_feasible": true}, "AVD": 22.273263935653056}