{"name": "random-90-12.16-14.json", "solution": {"time": 0.010031414, "max_depth": 90, "is_feasible": true}, "AVD": 21.501880284324947}