{"name": "random-90-8.52-26.json", "solution": {"time": 0.014971869, "max_depth": 90, "is_feasible": true}, "AVD": 18.435959408904072}