{"name": "random-90-8.80-34.json", "solution": {"time": 0.04316681, "max_depth": 90, "is_feasible": true}, "AVD": 18.67842561416659}