{"name": "random-90-18.32-49.json", "solution": {"time": 0.011319363, "max_depth": 90, "is_feasible": true}, "AVD": 26.57460631001395}