{"name": "random-90-15.24-23.json", "solution": {"time": 0.011315007, "max_depth": 90, "is_feasible": true}, "AVD": 24.020458099513892}