{"name": "random-90-11.60-38.json", "solution": {"time": 0.010856837, "max_depth": 90, "is_feasible": true}, "AVD": 21.091903666292797}