{"name": "random-90-15.52-2.json", "solution": {"time": 0.00892679, "max_depth": 90, "is_feasible": true}, "AVD": 24.282362139917918}