{"name": "random-90-11.88-19.json", "solution": {"time": 0.013388403, "max_depth": 90, "is_feasible": true}, "AVD": 21.266587729143524}