{"name": "random-90-16.64-30.json", "solution": {"time": 0.0088255, "max_depth": 90, "is_feasible": true}, "AVD": 25.197474435715403}