{"name": "random-90-17.48-23.json", "solution": {"time": 0.008837588, "max_depth": 90, "is_feasible": true}, "AVD": 25.854543459284418}