{"name": "random-90-16.64-16.json", "solution": {"time": 0.00889507, "max_depth": 90, "is_feasible": true}, "AVD": 25.251004801097633}