{"name": "random-90-16.08-21.json", "solution": {"time": 0.009591076, "max_depth": 90, "is_feasible": true}, "AVD": 24.787635615413613}