{"name": "random-90-11.60-16.json", "solution": {"time": 0.010235932, "max_depth": 90, "is_feasible": true}, "AVD": 21.104616785135544}