{"name": "random-90-19.72-18.json", "solution": {"time": 0.008922482, "max_depth": 90, "is_feasible": true}, "AVD": 27.691172403042984}