{"name": "random-90-10.20-35.json", "solution": {"time": 0.016305595, "max_depth": 90, "is_feasible": true}, "AVD": 19.87854034168875}