{"name": "random-90-17.48-24.json", "solution": {"time": 0.014849211, "max_depth": 90, "is_feasible": true}, "AVD": 25.878107931163715}