{"name": "random-90-14.96-38.json", "solution": {"time": 0.014554014, "max_depth": 90, "is_feasible": true}, "AVD": 23.87142199775558}