{"name": "random-90-15.52-0.json", "solution": {"time": 0.009729389, "max_depth": 90, "is_feasible": true}, "AVD": 24.260793552812284}