{"name": "random-90-13.56-19.json", "solution": {"time": 0.010666335, "max_depth": 90, "is_feasible": true}, "AVD": 22.662810824292514}