{"name": "random-90-7.12-40.json", "solution": {"time": 0.03568242, "max_depth": 5, "is_feasible": false}, "AVD": 17.197655131562765}