{"name": "random-90-9.08-17.json", "solution": {"time": 0.011845957, "max_depth": 90, "is_feasible": true}, "AVD": 18.902574136426196}