{"name": "random-90-11.32-32.json", "solution": {"time": 0.011413269, "max_depth": 90, "is_feasible": true}, "AVD": 20.848965207632126}