{"name": "random-90-12.16-29.json", "solution": {"time": 0.009652258, "max_depth": 90, "is_feasible": true}, "AVD": 21.578848173089174}