{"name": "random-90-7.96-20.json", "solution": {"time": 0.01371655, "max_depth": 90, "is_feasible": true}, "AVD": 17.87350417757846}