{"name": "random-90-15.52-3.json", "solution": {"time": 0.013499107, "max_depth": 90, "is_feasible": true}, "AVD": 24.315017770295785}