{"name": "random-90-13.84-44.json", "solution": {"time": 0.009967869, "max_depth": 90, "is_feasible": true}, "AVD": 22.90386064347199}