{"name": "random-90-12.44-34.json", "solution": {"time": 0.011804768, "max_depth": 90, "is_feasible": true}, "AVD": 21.80577297668062}