{"name": "random-90-15.80-1.json", "solution": {"time": 0.014584742, "max_depth": 90, "is_feasible": true}, "AVD": 24.509331213368494}