{"name": "random-90-7.68-21.json", "solution": {"time": 0.032231036, "max_depth": 4, "is_feasible": false}, "AVD": 17.627672714802586}