{"name": "random-90-14.12-27.json", "solution": {"time": 0.009360509, "max_depth": 90, "is_feasible": true}, "AVD": 23.15311379224367}