{"name": "random-90-15.80-7.json", "solution": {"time": 0.009312407, "max_depth": 90, "is_feasible": true}, "AVD": 24.523623269734596}