{"name": "random-90-18.32-23.json", "solution": {"time": 0.011787858, "max_depth": 90, "is_feasible": true}, "AVD": 26.53786376106767}