{"name": "random-90-19.44-29.json", "solution": {"time": 0.00919563, "max_depth": 90, "is_feasible": true}, "AVD": 27.505464833520602}