{"name": "random-90-6.56-43.json", "solution": {"time": 0.030896087, "max_depth": 6, "is_feasible": false}, "AVD": 16.603905225090614}