{"name": "random-90-7.40-44.json", "solution": {"time": 0.037162358, "max_depth": 7, "is_feasible": false}, "AVD": 17.39806175957125}