{"name": "random-90-20.00-43.json", "solution": {"time": 0.010159668, "max_depth": 90, "is_feasible": true}, "AVD": 27.89903298416284}