{"name": "random-90-6.56-25.json", "solution": {"time": 0.035524689, "max_depth": 4, "is_feasible": false}, "AVD": 16.601030031616308}