{"name": "random-90-7.12-1.json", "solution": {"time": 0.037061723, "max_depth": 4, "is_feasible": false}, "AVD": 17.138629567277913}