{"name": "random-90-15.24-44.json", "solution": {"time": 0.009345675, "max_depth": 90, "is_feasible": true}, "AVD": 24.041867003367255}