{"name": "random-90-10.48-45.json", "solution": {"time": 0.011970482, "max_depth": 90, "is_feasible": true}, "AVD": 20.09854146402319}