{"name": "random-90-16.92-19.json", "solution": {"time": 0.009129541, "max_depth": 90, "is_feasible": true}, "AVD": 25.40143371991543}