{"name": "random-90-10.20-39.json", "solution": {"time": 0.015220067, "max_depth": 90, "is_feasible": true}, "AVD": 19.906549258012447}