{"name": "random-90-6.28-35.json", "solution": {"time": 0.033212386, "max_depth": 4, "is_feasible": false}, "AVD": 16.356798643662703}