{"name": "random-90-9.64-49.json", "solution": {"time": 0.01663909, "max_depth": 90, "is_feasible": true}, "AVD": 19.343834642723763}