{"name": "random-90-14.12-30.json", "solution": {"time": 0.009613175, "max_depth": 90, "is_feasible": true}, "AVD": 23.15957974809849}