{"name": "random-90-8.52-49.json", "solution": {"time": 0.048200594, "max_depth": 8, "is_feasible": false}, "AVD": 18.356378226711794}