{"name": "random-90-8.24-36.json", "solution": {"time": 0.032602897, "max_depth": 90, "is_feasible": true}, "AVD": 18.11346545703979}