{"name": "random-90-7.40-40.json", "solution": {"time": 0.044327916, "max_depth": 8, "is_feasible": false}, "AVD": 17.44954938271627}