{"name": "random-90-17.48-44.json", "solution": {"time": 0.009323743, "max_depth": 90, "is_feasible": true}, "AVD": 25.860804339693463}