{"name": "random-90-11.60-2.json", "solution": {"time": 0.016393491, "max_depth": 90, "is_feasible": true}, "AVD": 21.056447250280822}