{"name": "random-90-14.40-17.json", "solution": {"time": 0.009566401, "max_depth": 90, "is_feasible": true}, "AVD": 23.430074510537683}