{"name": "random-90-18.60-41.json", "solution": {"time": 0.008625833, "max_depth": 90, "is_feasible": true}, "AVD": 26.757680321736093}