{"name": "random-90-20.00-40.json", "solution": {"time": 0.00843914, "max_depth": 90, "is_feasible": true}, "AVD": 27.962914390822025}