{"name": "random-90-13.28-12.json", "solution": {"time": 0.009743438, "max_depth": 90, "is_feasible": true}, "AVD": 22.44747318867712}