{"name": "random-90-18.60-0.json", "solution": {"time": 0.009021982, "max_depth": 90, "is_feasible": true}, "AVD": 26.730785447063454}