{"name": "random-90-11.60-45.json", "solution": {"time": 0.013244223, "max_depth": 90, "is_feasible": true}, "AVD": 21.037828906347652}