{"name": "random-90-19.72-15.json", "solution": {"time": 0.0087733, "max_depth": 90, "is_feasible": true}, "AVD": 27.656251215862554}