{"name": "random-90-13.84-42.json", "solution": {"time": 0.010672305, "max_depth": 90, "is_feasible": true}, "AVD": 22.91487012096297}