{"name": "random-90-19.44-46.json", "solution": {"time": 0.008777994, "max_depth": 90, "is_feasible": true}, "AVD": 27.45824236189074}