{"name": "random-90-10.20-4.json", "solution": {"time": 0.013968839, "max_depth": 90, "is_feasible": true}, "AVD": 19.857063598952738}