{"name": "random-90-14.40-18.json", "solution": {"time": 0.009717874, "max_depth": 90, "is_feasible": true}, "AVD": 23.431838882653924}