{"name": "random-90-11.88-37.json", "solution": {"time": 0.009601433, "max_depth": 90, "is_feasible": true}, "AVD": 21.261755829904224}