{"name": "random-90-15.24-5.json", "solution": {"time": 0.013830295, "max_depth": 90, "is_feasible": true}, "AVD": 24.107070707070918}