{"name": "random-90-6.56-3.json", "solution": {"time": 0.03691229, "max_depth": 6, "is_feasible": false}, "AVD": 16.5589820738249}