{"name": "random-90-19.72-11.json", "solution": {"time": 0.009811124, "max_depth": 90, "is_feasible": true}, "AVD": 27.64803684998153}