{"name": "random-90-16.92-31.json", "solution": {"time": 0.008985243, "max_depth": 90, "is_feasible": true}, "AVD": 25.466433969323077}