{"name": "random-90-8.24-43.json", "solution": {"time": 0.041702, "max_depth": 7, "is_feasible": false}, "AVD": 18.162672652450674}