{"name": "random-90-11.60-40.json", "solution": {"time": 0.012171359, "max_depth": 90, "is_feasible": true}, "AVD": 21.150415887268007}