{"name": "random-90-17.48-36.json", "solution": {"time": 0.009854214, "max_depth": 90, "is_feasible": true}, "AVD": 25.882134617782988}