{"name": "random-90-6.56-21.json", "solution": {"time": 0.02871016, "max_depth": 3, "is_feasible": false}, "AVD": 16.580539780521477}