{"name": "random-90-6.84-45.json", "solution": {"time": 0.03882279, "max_depth": 6, "is_feasible": false}, "AVD": 16.886989181943104}