{"name": "random-90-13.00-39.json", "solution": {"time": 0.014466437, "max_depth": 90, "is_feasible": true}, "AVD": 22.267847113106605}