{"name": "random-90-11.04-30.json", "solution": {"time": 0.010500814, "max_depth": 90, "is_feasible": true}, "AVD": 20.627916074323714}