{"name": "random-90-16.92-7.json", "solution": {"time": 0.009828306, "max_depth": 90, "is_feasible": true}, "AVD": 25.441477740366857}