{"name": "random-90-8.24-30.json", "solution": {"time": 0.024285747, "max_depth": 90, "is_feasible": true}, "AVD": 18.157067090659908}