{"name": "random-90-10.20-10.json", "solution": {"time": 0.014950274, "max_depth": 90, "is_feasible": true}, "AVD": 19.863715425863816}