{"name": "random-90-9.64-27.json", "solution": {"time": 0.019606232, "max_depth": 90, "is_feasible": true}, "AVD": 19.382898116972438}