{"name": "random-90-7.96-6.json", "solution": {"time": 0.01548875, "max_depth": 90, "is_feasible": true}, "AVD": 17.89182990397827}