{"name": "random-90-19.72-37.json", "solution": {"time": 0.008607141, "max_depth": 90, "is_feasible": true}, "AVD": 27.623105437087148}