{"name": "random-90-9.92-33.json", "solution": {"time": 0.020370942, "max_depth": 90, "is_feasible": true}, "AVD": 19.62510144656467}