{"name": "random-90-15.80-39.json", "solution": {"time": 0.008886921, "max_depth": 90, "is_feasible": true}, "AVD": 24.514990086045877}