{"name": "random-90-14.96-16.json", "solution": {"time": 0.009343365, "max_depth": 90, "is_feasible": true}, "AVD": 23.900031799476487}