{"name": "random-90-18.32-9.json", "solution": {"time": 0.009076297, "max_depth": 90, "is_feasible": true}, "AVD": 26.57784455667812}