{"name": "random-90-6.28-20.json", "solution": {"time": 0.033393181, "max_depth": 5, "is_feasible": false}, "AVD": 16.288539593465696}