{"name": "random-90-9.92-22.json", "solution": {"time": 0.010840549, "max_depth": 90, "is_feasible": true}, "AVD": 19.64998740491356}