{"name": "random-90-8.52-7.json", "solution": {"time": 0.050174863, "max_depth": 9, "is_feasible": false}, "AVD": 18.39096065594236}