{"name": "random-90-11.60-22.json", "solution": {"time": 0.010544678, "max_depth": 90, "is_feasible": true}, "AVD": 21.10853398179347}