{"name": "random-90-14.68-39.json", "solution": {"time": 0.009106174, "max_depth": 90, "is_feasible": true}, "AVD": 23.617118468637212}