{"name": "random-90-14.40-14.json", "solution": {"time": 0.009447924, "max_depth": 90, "is_feasible": true}, "AVD": 23.38722509041048}