{"name": "random-90-10.76-32.json", "solution": {"time": 0.010774862, "max_depth": 90, "is_feasible": true}, "AVD": 20.361348173089162}