{"name": "random-90-6.00-33.json", "solution": {"time": 0.029144294, "max_depth": 2, "is_feasible": false}, "AVD": 16.061837074448377}