{"name": "random-90-17.20-39.json", "solution": {"time": 0.009073011, "max_depth": 90, "is_feasible": true}, "AVD": 25.66787292679908}