{"name": "random-90-16.36-47.json", "solution": {"time": 0.01413425, "max_depth": 90, "is_feasible": true}, "AVD": 24.97695510662201}