{"name": "random-90-7.12-45.json", "solution": {"time": 0.045049366, "max_depth": 6, "is_feasible": false}, "AVD": 17.139186837511136}