{"name": "random-90-12.16-19.json", "solution": {"time": 0.011211035, "max_depth": 90, "is_feasible": true}, "AVD": 21.49461323107643}