{"name": "random-90-12.72-2.json", "solution": {"time": 0.011450048, "max_depth": 90, "is_feasible": true}, "AVD": 21.983548509789493}