{"name": "random-90-19.44-6.json", "solution": {"time": 0.008597529, "max_depth": 90, "is_feasible": true}, "AVD": 27.456369933907197}