{"name": "random-90-12.72-14.json", "solution": {"time": 0.014142236, "max_depth": 90, "is_feasible": true}, "AVD": 21.97891308143182}