{"name": "random-90-11.60-4.json", "solution": {"time": 0.015984615, "max_depth": 90, "is_feasible": true}, "AVD": 21.066939830403047}