{"name": "random-90-14.68-17.json", "solution": {"time": 0.009260863, "max_depth": 90, "is_feasible": true}, "AVD": 23.676031861828374}