{"name": "random-90-6.56-29.json", "solution": {"time": 0.052629136, "max_depth": 7, "is_feasible": false}, "AVD": 16.555148709315592}