{"name": "random-90-10.76-13.json", "solution": {"time": 0.010334913, "max_depth": 90, "is_feasible": true}, "AVD": 20.35019466267638}