{"name": "random-90-13.28-31.json", "solution": {"time": 0.011591315, "max_depth": 90, "is_feasible": true}, "AVD": 22.456974248659648}