{"name": "random-90-6.84-34.json", "solution": {"time": 0.039517593, "max_depth": 5, "is_feasible": false}, "AVD": 16.86523516024465}