{"name": "random-90-20.00-2.json", "solution": {"time": 0.014395789, "max_depth": 90, "is_feasible": true}, "AVD": 27.857383214864928}