{"name": "random-90-18.60-39.json", "solution": {"time": 0.010377343, "max_depth": 90, "is_feasible": true}, "AVD": 26.7849002369375}