{"name": "random-90-12.72-16.json", "solution": {"time": 0.00928218, "max_depth": 90, "is_feasible": true}, "AVD": 22.043903666292795}