{"name": "random-90-10.76-14.json", "solution": {"time": 0.010196572, "max_depth": 90, "is_feasible": true}, "AVD": 20.28489425115373}