{"name": "random-90-18.04-33.json", "solution": {"time": 0.00898207, "max_depth": 90, "is_feasible": true}, "AVD": 26.331825352288554}