{"name": "random-90-6.56-42.json", "solution": {"time": 0.032052088, "max_depth": 3, "is_feasible": false}, "AVD": 16.55101452799625}