{"name": "random-90-17.76-49.json", "solution": {"time": 0.008784023, "max_depth": 90, "is_feasible": true}, "AVD": 26.129360768175825}