{"name": "random-90-9.08-4.json", "solution": {"time": 0.023172064, "max_depth": 90, "is_feasible": true}, "AVD": 18.884168911335824}