{"name": "random-90-6.00-45.json", "solution": {"time": 0.028295612, "max_depth": 2, "is_feasible": false}, "AVD": 16.07754361516418}