{"name": "random-90-16.08-35.json", "solution": {"time": 0.008973207, "max_depth": 90, "is_feasible": true}, "AVD": 24.7347272103756}