{"name": "random-90-9.36-39.json", "solution": {"time": 0.014851642, "max_depth": 90, "is_feasible": true}, "AVD": 19.18153136301307}