{"name": "random-90-18.60-27.json", "solution": {"time": 0.009469585, "max_depth": 90, "is_feasible": true}, "AVD": 26.778446439705927}