{"name": "random-90-19.44-19.json", "solution": {"time": 0.014828302, "max_depth": 90, "is_feasible": true}, "AVD": 27.424494076568383}