{"name": "random-90-8.52-11.json", "solution": {"time": 0.056015592, "max_depth": 13, "is_feasible": false}, "AVD": 18.402617720414263}