{"name": "random-90-13.84-29.json", "solution": {"time": 0.014150108, "max_depth": 90, "is_feasible": true}, "AVD": 22.92739048803233}