{"name": "random-90-17.20-15.json", "solution": {"time": 0.009002496, "max_depth": 90, "is_feasible": true}, "AVD": 25.65006459658334}