{"name": "random-90-13.84-6.json", "solution": {"time": 0.01119608, "max_depth": 90, "is_feasible": true}, "AVD": 22.97256147898765}