{"name": "random-90-19.16-22.json", "solution": {"time": 0.009121457, "max_depth": 90, "is_feasible": true}, "AVD": 27.272720414016934}