{"name": "random-90-8.80-41.json", "solution": {"time": 0.012709133, "max_depth": 90, "is_feasible": true}, "AVD": 18.6395674024195}