{"name": "random-90-20.00-20.json", "solution": {"time": 0.00902149, "max_depth": 90, "is_feasible": true}, "AVD": 27.875814877166967}