{"name": "random-90-8.24-1.json", "solution": {"time": 0.055636869, "max_depth": 8, "is_feasible": false}, "AVD": 18.15374741239576}