{"name": "random-90-13.84-24.json", "solution": {"time": 0.009482492, "max_depth": 90, "is_feasible": true}, "AVD": 22.947183189924164}