{"name": "random-90-6.00-47.json", "solution": {"time": 0.032371302, "max_depth": 4, "is_feasible": false}, "AVD": 16.00102768425012}