{"name": "random-90-18.60-14.json", "solution": {"time": 0.00967376, "max_depth": 90, "is_feasible": true}, "AVD": 26.79625476992165}