{"name": "random-90-11.88-12.json", "solution": {"time": 0.015341144, "max_depth": 90, "is_feasible": true}, "AVD": 21.293676830028907}