{"name": "random-90-17.48-25.json", "solution": {"time": 0.008739352, "max_depth": 90, "is_feasible": true}, "AVD": 25.900009415139266}