{"name": "random-90-17.76-4.json", "solution": {"time": 0.008757274, "max_depth": 90, "is_feasible": true}, "AVD": 26.1381214615291}