{"name": "random-90-8.80-5.json", "solution": {"time": 0.01362174, "max_depth": 90, "is_feasible": true}, "AVD": 18.658786694101746}