{"name": "random-90-14.96-46.json", "solution": {"time": 0.00919713, "max_depth": 90, "is_feasible": true}, "AVD": 23.869575508168307}