{"name": "random-90-9.36-25.json", "solution": {"time": 0.020067172, "max_depth": 90, "is_feasible": true}, "AVD": 19.18056671654841}