{"name": "random-90-10.20-34.json", "solution": {"time": 0.014510572, "max_depth": 90, "is_feasible": true}, "AVD": 19.916560668412764}