{"name": "random-90-10.48-4.json", "solution": {"time": 0.016222825, "max_depth": 90, "is_feasible": true}, "AVD": 20.09389144531762}