{"name": "random-90-20.00-38.json", "solution": {"time": 0.008733225, "max_depth": 90, "is_feasible": true}, "AVD": 27.949176767677006}