{"name": "random-90-10.20-31.json", "solution": {"time": 0.020081702, "max_depth": 90, "is_feasible": true}, "AVD": 19.858882840753438}