{"name": "random-90-9.92-12.json", "solution": {"time": 0.020847903, "max_depth": 90, "is_feasible": true}, "AVD": 19.669030178326697}