{"name": "random-90-6.00-4.json", "solution": {"time": 0.030609481, "max_depth": 3, "is_feasible": false}, "AVD": 16.0038851789502}