{"name": "random-90-18.32-33.json", "solution": {"time": 0.008947151, "max_depth": 90, "is_feasible": true}, "AVD": 26.562285571767283}