{"name": "random-90-18.60-10.json", "solution": {"time": 0.009097039, "max_depth": 90, "is_feasible": true}, "AVD": 26.79889967577026}