{"name": "random-90-16.36-31.json", "solution": {"time": 0.009298963, "max_depth": 90, "is_feasible": true}, "AVD": 25.00792093777301}