{"name": "random-90-19.16-44.json", "solution": {"time": 0.009921861, "max_depth": 90, "is_feasible": true}, "AVD": 27.247210001247268}