{"name": "random-90-11.32-30.json", "solution": {"time": 0.011455684, "max_depth": 90, "is_feasible": true}, "AVD": 20.87421573762338}