{"name": "random-90-6.00-1.json", "solution": {"time": 0.032798636, "max_depth": 3, "is_feasible": false}, "AVD": 16.066094899613603}