{"name": "random-90-17.20-28.json", "solution": {"time": 0.009595683, "max_depth": 90, "is_feasible": true}, "AVD": 25.67991239556076}