{"name": "random-90-16.64-40.json", "solution": {"time": 0.008570058, "max_depth": 90, "is_feasible": true}, "AVD": 25.276554932036646}