{"name": "random-90-18.04-17.json", "solution": {"time": 0.008630046, "max_depth": 90, "is_feasible": true}, "AVD": 26.383444382092758}