{"name": "random-90-6.84-31.json", "solution": {"time": 0.042606926, "max_depth": 8, "is_feasible": false}, "AVD": 16.805747692979388}