{"name": "random-90-11.04-23.json", "solution": {"time": 0.016598904, "max_depth": 90, "is_feasible": true}, "AVD": 20.574275470757204}