{"name": "random-90-9.08-48.json", "solution": {"time": 0.030405522, "max_depth": 90, "is_feasible": true}, "AVD": 18.90257762813342}