{"name": "random-90-8.80-16.json", "solution": {"time": 0.121288856, "max_depth": 13, "is_feasible": false}, "AVD": 18.683593029056233}