{"name": "random-90-8.80-38.json", "solution": {"time": 0.020651993, "max_depth": 90, "is_feasible": true}, "AVD": 18.63298007856368}