{"name": "random-90-18.32-10.json", "solution": {"time": 0.010522088, "max_depth": 90, "is_feasible": true}, "AVD": 26.558417508417733}