{"name": "random-90-17.76-42.json", "solution": {"time": 0.010297038, "max_depth": 90, "is_feasible": true}, "AVD": 26.124699962589077}