{"name": "random-90-19.16-36.json", "solution": {"time": 0.009600675, "max_depth": 90, "is_feasible": true}, "AVD": 27.22262202269633}