{"name": "random-90-7.96-18.json", "solution": {"time": 0.051765894, "max_depth": 8, "is_feasible": false}, "AVD": 17.930246352413192}