{"name": "random-90-15.80-18.json", "solution": {"time": 0.009207148, "max_depth": 90, "is_feasible": true}, "AVD": 24.55520488839031}