{"name": "random-90-6.28-39.json", "solution": {"time": 0.046778185, "max_depth": 12, "is_feasible": false}, "AVD": 16.347933189924152}