{"name": "random-90-6.00-10.json", "solution": {"time": 0.032987156, "max_depth": 3, "is_feasible": false}, "AVD": 15.998459751839572}