{"name": "random-90-11.88-44.json", "solution": {"time": 0.01199899, "max_depth": 90, "is_feasible": true}, "AVD": 21.29678002244693}