{"name": "random-90-16.08-30.json", "solution": {"time": 0.010714628, "max_depth": 90, "is_feasible": true}, "AVD": 24.751265930914304}