{"name": "random-90-9.64-41.json", "solution": {"time": 0.0180739, "max_depth": 90, "is_feasible": true}, "AVD": 19.375559982541713}