{"name": "random-90-18.88-25.json", "solution": {"time": 0.008709842, "max_depth": 90, "is_feasible": true}, "AVD": 27.026710936525973}