{"name": "random-90-14.12-10.json", "solution": {"time": 0.014922627, "max_depth": 90, "is_feasible": true}, "AVD": 23.18355031799501}