{"name": "random-90-16.08-25.json", "solution": {"time": 0.009233071, "max_depth": 90, "is_feasible": true}, "AVD": 24.762669098391548}