{"name": "random-90-11.32-12.json", "solution": {"time": 0.010262943, "max_depth": 90, "is_feasible": true}, "AVD": 20.82209190672176}