{"name": "random-90-16.08-32.json", "solution": {"time": 0.014865283, "max_depth": 90, "is_feasible": true}, "AVD": 24.745195535603212}