{"name": "random-90-10.76-39.json", "solution": {"time": 0.011117225, "max_depth": 90, "is_feasible": true}, "AVD": 20.387286631749813}