{"name": "random-90-18.60-29.json", "solution": {"time": 0.015025693, "max_depth": 90, "is_feasible": true}, "AVD": 26.83577759072226}