{"name": "random-90-18.88-44.json", "solution": {"time": 0.013690938, "max_depth": 90, "is_feasible": true}, "AVD": 27.01613455543107}