{"name": "random-90-14.12-1.json", "solution": {"time": 0.009457191, "max_depth": 90, "is_feasible": true}, "AVD": 23.17973818431249}