{"name": "random-90-7.68-30.json", "solution": {"time": 0.048812792, "max_depth": 6, "is_feasible": false}, "AVD": 17.674734754957186}