{"name": "random-90-9.92-27.json", "solution": {"time": 0.012668418, "max_depth": 90, "is_feasible": true}, "AVD": 19.621907469759563}