{"name": "random-90-18.60-23.json", "solution": {"time": 0.008847811, "max_depth": 90, "is_feasible": true}, "AVD": 26.761413829654778}