{"name": "random-90-9.08-23.json", "solution": {"time": 0.011992117, "max_depth": 90, "is_feasible": true}, "AVD": 18.8654590347926}