{"name": "random-90-8.52-47.json", "solution": {"time": 0.045578724, "max_depth": 4, "is_feasible": false}, "AVD": 18.395296608056082}