{"name": "random-90-13.28-39.json", "solution": {"time": 0.013970182, "max_depth": 90, "is_feasible": true}, "AVD": 22.483613231076426}