{"name": "random-90-14.96-5.json", "solution": {"time": 0.009586043, "max_depth": 90, "is_feasible": true}, "AVD": 23.8788582117473}