{"name": "random-90-12.44-33.json", "solution": {"time": 0.015353138, "max_depth": 90, "is_feasible": true}, "AVD": 21.745467015837633}