{"name": "random-90-12.16-31.json", "solution": {"time": 0.01077499, "max_depth": 90, "is_feasible": true}, "AVD": 21.513755518144652}