{"name": "random-90-6.00-12.json", "solution": {"time": 0.030846836, "max_depth": 5, "is_feasible": false}, "AVD": 16.070477989774492}