{"name": "random-90-11.88-17.json", "solution": {"time": 0.01083539, "max_depth": 90, "is_feasible": true}, "AVD": 21.351426237685736}