{"name": "random-90-8.80-1.json", "solution": {"time": 0.01494489, "max_depth": 90, "is_feasible": true}, "AVD": 18.6440004364636}