{"name": "random-90-10.48-15.json", "solution": {"time": 0.013576632, "max_depth": 90, "is_feasible": true}, "AVD": 20.093911709689742}