{"name": "random-90-16.64-18.json", "solution": {"time": 0.008917618, "max_depth": 90, "is_feasible": true}, "AVD": 25.221174024192774}