{"name": "random-90-11.60-36.json", "solution": {"time": 0.012157152, "max_depth": 90, "is_feasible": true}, "AVD": 21.082767427360288}