{"name": "random-90-18.04-49.json", "solution": {"time": 0.011639299, "max_depth": 90, "is_feasible": true}, "AVD": 26.350164609053728}