{"name": "random-90-18.88-26.json", "solution": {"time": 0.008949346, "max_depth": 90, "is_feasible": true}, "AVD": 27.071453049008845}