{"name": "random-90-12.72-8.json", "solution": {"time": 0.009928277, "max_depth": 90, "is_feasible": true}, "AVD": 21.991260319242034}