{"name": "random-90-9.92-29.json", "solution": {"time": 0.010807807, "max_depth": 90, "is_feasible": true}, "AVD": 19.67799600947774}