{"name": "random-90-12.72-25.json", "solution": {"time": 0.009857866, "max_depth": 90, "is_feasible": true}, "AVD": 22.043264122708795}