{"name": "random-90-7.68-6.json", "solution": {"time": 0.049627233, "max_depth": 9, "is_feasible": false}, "AVD": 17.63455312383111}