{"name": "random-90-10.76-27.json", "solution": {"time": 0.010190237, "max_depth": 90, "is_feasible": true}, "AVD": 20.351646402294786}