{"name": "random-90-14.68-7.json", "solution": {"time": 0.010406856, "max_depth": 90, "is_feasible": true}, "AVD": 23.596227771542793}