{"name": "random-90-13.56-38.json", "solution": {"time": 0.009639086, "max_depth": 90, "is_feasible": true}, "AVD": 22.718042835765317}