{"name": "random-90-7.68-1.json", "solution": {"time": 0.042365069, "max_depth": 6, "is_feasible": false}, "AVD": 17.66079897742881}