{"name": "random-90-17.48-15.json", "solution": {"time": 0.01036833, "max_depth": 90, "is_feasible": true}, "AVD": 25.875966953485694}