{"name": "random-90-17.48-20.json", "solution": {"time": 0.009570764, "max_depth": 90, "is_feasible": true}, "AVD": 25.83042966704102}