{"name": "random-90-14.12-21.json", "solution": {"time": 0.009351391, "max_depth": 90, "is_feasible": true}, "AVD": 23.163671530116208}