{"name": "random-90-14.12-47.json", "solution": {"time": 0.009590535, "max_depth": 90, "is_feasible": true}, "AVD": 23.147747786507292}