{"name": "random-90-15.24-39.json", "solution": {"time": 0.009058526, "max_depth": 90, "is_feasible": true}, "AVD": 24.067231512657663}