{"name": "random-90-16.92-39.json", "solution": {"time": 0.009001701, "max_depth": 90, "is_feasible": true}, "AVD": 25.43242848235464}