{"name": "random-90-7.68-44.json", "solution": {"time": 0.037369759, "max_depth": 7, "is_feasible": false}, "AVD": 17.66706618655716}