{"name": "random-90-11.88-21.json", "solution": {"time": 0.010010429, "max_depth": 90, "is_feasible": true}, "AVD": 21.318297293927156}