{"name": "random-90-19.44-15.json", "solution": {"time": 0.008994954, "max_depth": 90, "is_feasible": true}, "AVD": 27.449669721910688}