{"name": "random-90-19.44-45.json", "solution": {"time": 0.008840865, "max_depth": 90, "is_feasible": true}, "AVD": 27.38344575383486}