{"name": "random-90-9.08-22.json", "solution": {"time": 0.01161629, "max_depth": 90, "is_feasible": true}, "AVD": 18.921081338072305}