{"name": "random-90-6.28-44.json", "solution": {"time": 0.030268207, "max_depth": 3, "is_feasible": false}, "AVD": 16.352371065411056}