{"name": "random-90-14.40-28.json", "solution": {"time": 0.014741749, "max_depth": 90, "is_feasible": true}, "AVD": 23.40390971442847}