{"name": "random-90-6.84-22.json", "solution": {"time": 0.038408963, "max_depth": 4, "is_feasible": false}, "AVD": 16.823860487592185}