{"name": "random-90-8.80-14.json", "solution": {"time": 0.031630658, "max_depth": 90, "is_feasible": true}, "AVD": 18.578529554807556}