{"name": "random-90-6.84-48.json", "solution": {"time": 0.032402198, "max_depth": 4, "is_feasible": false}, "AVD": 16.847600947749314}