{"name": "random-90-17.48-13.json", "solution": {"time": 0.014680074, "max_depth": 90, "is_feasible": true}, "AVD": 25.867651265744097}