{"name": "random-90-12.72-29.json", "solution": {"time": 0.013877086, "max_depth": 90, "is_feasible": true}, "AVD": 22.024412520264608}