{"name": "random-90-16.36-40.json", "solution": {"time": 0.014727926, "max_depth": 90, "is_feasible": true}, "AVD": 25.03358511036312}