{"name": "random-90-12.16-2.json", "solution": {"time": 0.01668882, "max_depth": 90, "is_feasible": true}, "AVD": 21.533862077566024}