{"name": "random-90-14.96-9.json", "solution": {"time": 0.009898318, "max_depth": 90, "is_feasible": true}, "AVD": 23.879313505424868}