{"name": "random-90-14.12-18.json", "solution": {"time": 0.009291865, "max_depth": 90, "is_feasible": true}, "AVD": 23.184749719416622}