{"name": "random-90-11.88-47.json", "solution": {"time": 0.010122587, "max_depth": 90, "is_feasible": true}, "AVD": 21.2970112856967}