{"name": "random-90-8.52-2.json", "solution": {"time": 0.025109177, "max_depth": 90, "is_feasible": true}, "AVD": 18.431110736999884}