{"name": "random-90-9.08-35.json", "solution": {"time": 0.021067087, "max_depth": 90, "is_feasible": true}, "AVD": 18.93049488714329}