{"name": "random-90-11.88-25.json", "solution": {"time": 0.010213443, "max_depth": 90, "is_feasible": true}, "AVD": 21.343660431475463}