{"name": "random-90-6.84-26.json", "solution": {"time": 0.036325812, "max_depth": 4, "is_feasible": false}, "AVD": 16.845137174211455}