{"name": "random-90-12.44-46.json", "solution": {"time": 0.010476107, "max_depth": 90, "is_feasible": true}, "AVD": 21.764434717546067}