{"name": "random-90-18.88-43.json", "solution": {"time": 0.009178379, "max_depth": 90, "is_feasible": true}, "AVD": 26.988373176206732}