{"name": "random-90-18.88-7.json", "solution": {"time": 0.009212652, "max_depth": 90, "is_feasible": true}, "AVD": 27.03711547574532}