{"name": "random-90-11.60-7.json", "solution": {"time": 0.012416607, "max_depth": 90, "is_feasible": true}, "AVD": 21.080474311011564}