{"name": "random-90-7.12-12.json", "solution": {"time": 0.03714122, "max_depth": 8, "is_feasible": false}, "AVD": 17.133917383713886}