{"name": "random-90-10.76-5.json", "solution": {"time": 0.009959365, "max_depth": 90, "is_feasible": true}, "AVD": 20.34115625389724}