{"name": "random-90-19.16-19.json", "solution": {"time": 0.010248351, "max_depth": 90, "is_feasible": true}, "AVD": 27.201872116224195}