{"name": "random-90-10.48-31.json", "solution": {"time": 0.013960571, "max_depth": 90, "is_feasible": true}, "AVD": 20.107135989525116}