{"name": "random-90-6.84-9.json", "solution": {"time": 0.03398461, "max_depth": 4, "is_feasible": false}, "AVD": 16.86327590722056}