{"name": "random-90-16.92-4.json", "solution": {"time": 0.014822027, "max_depth": 90, "is_feasible": true}, "AVD": 25.453687429854327}