{"name": "random-90-19.16-5.json", "solution": {"time": 0.009211873, "max_depth": 90, "is_feasible": true}, "AVD": 27.259988714303734}