{"name": "random-90-14.96-27.json", "solution": {"time": 0.009044188, "max_depth": 90, "is_feasible": true}, "AVD": 23.834962900611284}