{"name": "random-90-12.44-28.json", "solution": {"time": 0.011195793, "max_depth": 90, "is_feasible": true}, "AVD": 21.773775782516754}