{"name": "random-90-6.00-46.json", "solution": {"time": 0.03737947, "max_depth": 4, "is_feasible": false}, "AVD": 15.988619029804452}