{"name": "random-90-14.96-44.json", "solution": {"time": 0.014469587, "max_depth": 90, "is_feasible": true}, "AVD": 23.839484287317863}