{"name": "random-90-13.84-35.json", "solution": {"time": 0.01525275, "max_depth": 90, "is_feasible": true}, "AVD": 22.929729829155992}