{"name": "random-90-11.60-11.json", "solution": {"time": 0.01496201, "max_depth": 90, "is_feasible": true}, "AVD": 21.051999875296417}