{"name": "random-90-15.52-18.json", "solution": {"time": 0.009128296, "max_depth": 90, "is_feasible": true}, "AVD": 24.29914671405436}