{"name": "random-90-9.64-33.json", "solution": {"time": 0.026890342, "max_depth": 90, "is_feasible": true}, "AVD": 19.383062975433607}