{"name": "random-90-16.36-39.json", "solution": {"time": 0.009453497, "max_depth": 90, "is_feasible": true}, "AVD": 24.99210256889911}