{"name": "random-90-13.56-2.json", "solution": {"time": 0.010087971, "max_depth": 90, "is_feasible": true}, "AVD": 22.687947562040392}