{"name": "random-90-16.64-12.json", "solution": {"time": 0.008894264, "max_depth": 90, "is_feasible": true}, "AVD": 25.18785883526649}