{"name": "random-90-16.64-21.json", "solution": {"time": 0.010681037, "max_depth": 90, "is_feasible": true}, "AVD": 25.225641102382077}