{"name": "random-90-10.48-0.json", "solution": {"time": 0.011613674, "max_depth": 90, "is_feasible": true}, "AVD": 20.11537685496969}