{"name": "random-90-16.08-23.json", "solution": {"time": 0.008946336, "max_depth": 90, "is_feasible": true}, "AVD": 24.70228937523404}