{"name": "random-90-9.92-0.json", "solution": {"time": 0.017427077, "max_depth": 90, "is_feasible": true}, "AVD": 19.660227709190924}