{"name": "random-90-10.76-48.json", "solution": {"time": 0.015709154, "max_depth": 90, "is_feasible": true}, "AVD": 20.360022945504674}