{"name": "random-90-16.08-0.json", "solution": {"time": 0.009985154, "max_depth": 90, "is_feasible": true}, "AVD": 24.72393415637882}