{"name": "random-90-19.16-0.json", "solution": {"time": 0.008927719, "max_depth": 90, "is_feasible": true}, "AVD": 27.17955293677538}