{"name": "random-90-19.44-26.json", "solution": {"time": 0.009162709, "max_depth": 90, "is_feasible": true}, "AVD": 27.53383576505823}