{"name": "random-90-16.92-14.json", "solution": {"time": 0.009017866, "max_depth": 90, "is_feasible": true}, "AVD": 25.435179573513118}