{"name": "random-90-6.84-49.json", "solution": {"time": 0.040335537, "max_depth": 8, "is_feasible": false}, "AVD": 16.778894749969055}