{"name": "random-90-13.00-1.json", "solution": {"time": 0.01117193, "max_depth": 90, "is_feasible": true}, "AVD": 22.26287797730414}