{"name": "random-90-11.32-22.json", "solution": {"time": 0.010596288, "max_depth": 90, "is_feasible": true}, "AVD": 20.855343309639835}