{"name": "random-90-18.88-36.json", "solution": {"time": 0.008970178, "max_depth": 90, "is_feasible": true}, "AVD": 27.016333956852698}