{"name": "random-90-6.28-8.json", "solution": {"time": 0.032773375, "max_depth": 4, "is_feasible": false}, "AVD": 16.314135116598273}