{"name": "random-90-16.08-22.json", "solution": {"time": 0.009105303, "max_depth": 90, "is_feasible": true}, "AVD": 24.816471006360114}