{"name": "random-90-16.36-19.json", "solution": {"time": 0.009799179, "max_depth": 90, "is_feasible": true}, "AVD": 24.927593527871537}