{"name": "random-90-16.92-29.json", "solution": {"time": 0.013959361, "max_depth": 90, "is_feasible": true}, "AVD": 25.466678513530592}