{"name": "random-90-13.84-16.json", "solution": {"time": 0.009452584, "max_depth": 90, "is_feasible": true}, "AVD": 22.958468824043145}