{"name": "random-90-16.36-8.json", "solution": {"time": 0.010055468, "max_depth": 90, "is_feasible": true}, "AVD": 25.033007981045266}