{"name": "random-90-16.92-40.json", "solution": {"time": 0.008966445, "max_depth": 90, "is_feasible": true}, "AVD": 25.489484848485088}