{"name": "random-90-17.20-0.json", "solution": {"time": 0.009597211, "max_depth": 90, "is_feasible": true}, "AVD": 25.62283333333355}