{"name": "random-90-13.28-8.json", "solution": {"time": 0.009950512, "max_depth": 90, "is_feasible": true}, "AVD": 22.448987903728884}