{"name": "random-90-6.84-38.json", "solution": {"time": 0.087999785, "max_depth": 12, "is_feasible": false}, "AVD": 16.799910939460176}