{"name": "random-90-16.08-1.json", "solution": {"time": 0.00909651, "max_depth": 90, "is_feasible": true}, "AVD": 24.75104383339593}