{"name": "random-90-14.96-19.json", "solution": {"time": 0.00988046, "max_depth": 90, "is_feasible": true}, "AVD": 23.80411323107641}