{"name": "random-90-14.40-45.json", "solution": {"time": 0.009552396, "max_depth": 90, "is_feasible": true}, "AVD": 23.329853971817148}