{"name": "random-90-17.76-24.json", "solution": {"time": 0.009149625, "max_depth": 90, "is_feasible": true}, "AVD": 26.101060606060834}