{"name": "random-90-8.52-15.json", "solution": {"time": 0.01727684, "max_depth": 90, "is_feasible": true}, "AVD": 18.40169416386109}