{"name": "random-90-12.44-9.json", "solution": {"time": 0.009343894, "max_depth": 90, "is_feasible": true}, "AVD": 21.811528868936513}