{"name": "random-90-15.24-28.json", "solution": {"time": 0.010010635, "max_depth": 90, "is_feasible": true}, "AVD": 24.094359832897094}