{"name": "random-90-14.40-41.json", "solution": {"time": 0.009589761, "max_depth": 90, "is_feasible": true}, "AVD": 23.371611547574734}