{"name": "random-90-13.00-46.json", "solution": {"time": 0.009534924, "max_depth": 90, "is_feasible": true}, "AVD": 22.217606060606293}