{"name": "random-90-10.76-43.json", "solution": {"time": 0.011879917, "max_depth": 90, "is_feasible": true}, "AVD": 20.335213118842987}