{"name": "random-90-18.04-28.json", "solution": {"time": 0.008813551, "max_depth": 90, "is_feasible": true}, "AVD": 26.355609240553896}