{"name": "random-90-19.16-4.json", "solution": {"time": 0.009637788, "max_depth": 90, "is_feasible": true}, "AVD": 27.251742736002214}