{"name": "random-90-20.00-33.json", "solution": {"time": 0.008997173, "max_depth": 90, "is_feasible": true}, "AVD": 27.887554433221307}