{"name": "random-90-9.36-6.json", "solution": {"time": 0.015423402, "max_depth": 90, "is_feasible": true}, "AVD": 19.156695286195518}