{"name": "random-90-12.44-24.json", "solution": {"time": 0.010592548, "max_depth": 90, "is_feasible": true}, "AVD": 21.79226150392839}