{"name": "random-90-10.48-27.json", "solution": {"time": 0.010647832, "max_depth": 90, "is_feasible": true}, "AVD": 20.117496445941125}