{"name": "random-90-14.40-5.json", "solution": {"time": 0.009073305, "max_depth": 90, "is_feasible": true}, "AVD": 23.412027060730964}