{"name": "random-90-9.36-46.json", "solution": {"time": 0.011860576, "max_depth": 90, "is_feasible": true}, "AVD": 19.134960219478977}