{"name": "random-90-14.12-14.json", "solution": {"time": 0.009228796, "max_depth": 90, "is_feasible": true}, "AVD": 23.150639356528448}