{"name": "random-90-9.08-25.json", "solution": {"time": 0.020774225, "max_depth": 90, "is_feasible": true}, "AVD": 18.94434792368147}