{"name": "random-90-9.36-2.json", "solution": {"time": 0.017226438, "max_depth": 90, "is_feasible": true}, "AVD": 19.17373487966105}