{"name": "random-90-14.40-8.json", "solution": {"time": 0.00929638, "max_depth": 90, "is_feasible": true}, "AVD": 23.384440516274083}