{"name": "random-90-15.80-16.json", "solution": {"time": 0.014874332, "max_depth": 90, "is_feasible": true}, "AVD": 24.582620152138922}