{"name": "random-90-10.76-21.json", "solution": {"time": 0.016434485, "max_depth": 90, "is_feasible": true}, "AVD": 20.351611609926646}