{"name": "random-90-8.52-14.json", "solution": {"time": 0.034111784, "max_depth": 90, "is_feasible": true}, "AVD": 18.34025158997403}