{"name": "random-90-8.52-37.json", "solution": {"time": 0.056702705, "max_depth": 8, "is_feasible": false}, "AVD": 18.381622957975043}