{"name": "random-90-10.20-7.json", "solution": {"time": 0.013606402, "max_depth": 90, "is_feasible": true}, "AVD": 19.877325352288555}