{"name": "random-90-12.44-2.json", "solution": {"time": 0.011214939, "max_depth": 90, "is_feasible": true}, "AVD": 21.761165107869058}