{"name": "random-90-19.16-10.json", "solution": {"time": 0.009459071, "max_depth": 90, "is_feasible": true}, "AVD": 27.245455106621982}