{"name": "random-90-19.44-44.json", "solution": {"time": 0.008821895, "max_depth": 90, "is_feasible": true}, "AVD": 27.45619079685769}