{"name": "random-90-8.80-21.json", "solution": {"time": 0.026115513, "max_depth": 90, "is_feasible": true}, "AVD": 18.660494325976046}