{"name": "random-90-17.48-39.json", "solution": {"time": 0.009983882, "max_depth": 90, "is_feasible": true}, "AVD": 25.898055929667272}