{"name": "random-90-12.16-13.json", "solution": {"time": 0.010208335, "max_depth": 90, "is_feasible": true}, "AVD": 21.505704327223093}