{"name": "random-90-14.12-43.json", "solution": {"time": 0.009609376, "max_depth": 90, "is_feasible": true}, "AVD": 23.150865756328976}