{"name": "random-90-9.36-44.json", "solution": {"time": 0.018276734, "max_depth": 90, "is_feasible": true}, "AVD": 19.150090566155615}