{"name": "random-90-10.48-11.json", "solution": {"time": 0.013770306, "max_depth": 90, "is_feasible": true}, "AVD": 20.118754458162115}