{"name": "random-90-7.12-38.json", "solution": {"time": 0.107521625, "max_depth": 14, "is_feasible": false}, "AVD": 17.06389977846754}