{"name": "random-90-19.16-21.json", "solution": {"time": 0.010870599, "max_depth": 90, "is_feasible": true}, "AVD": 27.286940329218325}