{"name": "random-90-6.00-32.json", "solution": {"time": 0.040938253, "max_depth": 7, "is_feasible": false}, "AVD": 16.022260101010286}