{"name": "random-90-17.76-40.json", "solution": {"time": 0.009203218, "max_depth": 90, "is_feasible": true}, "AVD": 26.165163050255888}