{"name": "random-90-6.28-30.json", "solution": {"time": 0.028520913, "max_depth": 3, "is_feasible": false}, "AVD": 16.345824354657893}