{"name": "random-90-10.20-23.json", "solution": {"time": 0.015483317, "max_depth": 90, "is_feasible": true}, "AVD": 19.845246040653688}