{"name": "random-90-11.32-9.json", "solution": {"time": 0.01034515, "max_depth": 90, "is_feasible": true}, "AVD": 20.879940017458775}