{"name": "random-90-18.04-13.json", "solution": {"time": 0.014323956, "max_depth": 90, "is_feasible": true}, "AVD": 26.307806397306635}