{"name": "random-90-18.32-2.json", "solution": {"time": 0.016676577, "max_depth": 90, "is_feasible": true}, "AVD": 26.506292679885515}