{"name": "random-90-9.64-5.json", "solution": {"time": 0.011928985, "max_depth": 90, "is_feasible": true}, "AVD": 19.384594089038764}