{"name": "random-90-6.00-15.json", "solution": {"time": 0.030179642, "max_depth": 3, "is_feasible": false}, "AVD": 16.054344587854068}