{"name": "random-90-17.76-43.json", "solution": {"time": 0.01330799, "max_depth": 90, "is_feasible": true}, "AVD": 26.11088153136326}