{"name": "random-90-19.44-0.json", "solution": {"time": 0.010419486, "max_depth": 90, "is_feasible": true}, "AVD": 27.40358448684396}