{"name": "random-90-7.12-32.json", "solution": {"time": 0.060121536, "max_depth": 8, "is_feasible": false}, "AVD": 17.106072515276434}