{"name": "random-90-19.72-45.json", "solution": {"time": 0.014607167, "max_depth": 90, "is_feasible": true}, "AVD": 27.617488714303743}