{"name": "random-90-14.12-16.json", "solution": {"time": 0.009847781, "max_depth": 90, "is_feasible": true}, "AVD": 23.20518350168374}