{"name": "random-90-6.00-13.json", "solution": {"time": 0.030595665, "max_depth": 3, "is_feasible": false}, "AVD": 16.046678638234393}