{"name": "random-90-7.68-25.json", "solution": {"time": 0.045559632, "max_depth": 10, "is_feasible": false}, "AVD": 17.66116040029951}