{"name": "random-90-7.40-24.json", "solution": {"time": 0.043506549, "max_depth": 5, "is_feasible": false}, "AVD": 17.415383152513016}