{"name": "random-90-20.00-16.json", "solution": {"time": 0.009616715, "max_depth": 90, "is_feasible": true}, "AVD": 27.909923868312976}