{"name": "random-90-8.80-15.json", "solution": {"time": 0.014961301, "max_depth": 90, "is_feasible": true}, "AVD": 18.637289375234072}