{"name": "random-90-19.16-43.json", "solution": {"time": 0.01120502, "max_depth": 90, "is_feasible": true}, "AVD": 27.212716797605914}