{"name": "random-90-14.68-42.json", "solution": {"time": 0.009801475, "max_depth": 90, "is_feasible": true}, "AVD": 23.59668331462801}