{"name": "random-90-11.60-3.json", "solution": {"time": 0.016165565, "max_depth": 90, "is_feasible": true}, "AVD": 21.095038471131318}