{"name": "random-90-15.52-30.json", "solution": {"time": 0.01045693, "max_depth": 90, "is_feasible": true}, "AVD": 24.290024504302508}