{"name": "random-90-11.04-14.json", "solution": {"time": 0.010213806, "max_depth": 90, "is_feasible": true}, "AVD": 20.53866685372263}