{"name": "random-90-6.00-48.json", "solution": {"time": 0.030608356, "max_depth": 4, "is_feasible": false}, "AVD": 16.049067838882863}