{"name": "random-90-9.92-43.json", "solution": {"time": 0.014592049, "max_depth": 90, "is_feasible": true}, "AVD": 19.62530758199302}