{"name": "random-90-9.08-14.json", "solution": {"time": 0.013524485, "max_depth": 90, "is_feasible": true}, "AVD": 18.845386207756807}