{"name": "random-90-18.88-4.json", "solution": {"time": 0.013295206, "max_depth": 90, "is_feasible": true}, "AVD": 27.036333270981636}