{"name": "random-90-9.92-48.json", "solution": {"time": 0.014413757, "max_depth": 90, "is_feasible": true}, "AVD": 19.635734505549557}