{"name": "random-90-13.56-32.json", "solution": {"time": 0.009521796, "max_depth": 90, "is_feasible": true}, "AVD": 22.68984430727049}