{"name": "random-90-9.92-42.json", "solution": {"time": 0.014751644, "max_depth": 90, "is_feasible": true}, "AVD": 19.598778526000995}