{"name": "random-90-11.04-38.json", "solution": {"time": 0.010863658, "max_depth": 90, "is_feasible": true}, "AVD": 20.599422434218972}