{"name": "random-90-11.88-13.json", "solution": {"time": 0.011332568, "max_depth": 90, "is_feasible": true}, "AVD": 21.267756827534853}