{"name": "random-90-10.20-17.json", "solution": {"time": 0.010569347, "max_depth": 90, "is_feasible": true}, "AVD": 19.904601695972286}