{"name": "random-90-9.92-25.json", "solution": {"time": 0.011792901, "max_depth": 90, "is_feasible": true}, "AVD": 19.65688159371513}