{"name": "random-90-18.88-35.json", "solution": {"time": 0.009480802, "max_depth": 90, "is_feasible": true}, "AVD": 27.00609558548471}