{"name": "random-90-16.64-13.json", "solution": {"time": 0.008872336, "max_depth": 90, "is_feasible": true}, "AVD": 25.192650704576867}