{"name": "random-90-16.92-48.json", "solution": {"time": 0.009038633, "max_depth": 90, "is_feasible": true}, "AVD": 25.440437772789867}