{"name": "random-90-6.28-5.json", "solution": {"time": 0.033633139, "max_depth": 4, "is_feasible": false}, "AVD": 16.272765182691323}