{"name": "random-90-7.96-14.json", "solution": {"time": 0.03252483, "max_depth": 90, "is_feasible": true}, "AVD": 17.83740640977698}