{"name": "random-90-18.32-4.json", "solution": {"time": 0.008920865, "max_depth": 90, "is_feasible": true}, "AVD": 26.589439830403023}