{"name": "random-90-19.44-35.json", "solution": {"time": 0.009209731, "max_depth": 90, "is_feasible": true}, "AVD": 27.44151614914602}