{"name": "random-90-9.64-25.json", "solution": {"time": 0.022787177, "max_depth": 90, "is_feasible": true}, "AVD": 19.41136332460427}