{"name": "random-90-12.44-23.json", "solution": {"time": 0.01049794, "max_depth": 90, "is_feasible": true}, "AVD": 21.736728208006234}