{"name": "random-90-17.20-40.json", "solution": {"time": 0.009967015, "max_depth": 90, "is_feasible": true}, "AVD": 25.713605561790985}