{"name": "random-90-6.28-19.json", "solution": {"time": 0.033194461, "max_depth": 2, "is_feasible": false}, "AVD": 16.2621141975311}