{"name": "random-90-6.84-35.json", "solution": {"time": 0.033614391, "max_depth": 4, "is_feasible": false}, "AVD": 16.915250196225376}