{"name": "random-90-16.08-4.json", "solution": {"time": 0.009065021, "max_depth": 90, "is_feasible": true}, "AVD": 24.773305462027913}