{"name": "random-90-18.04-34.json", "solution": {"time": 0.008715001, "max_depth": 90, "is_feasible": true}, "AVD": 26.343166105499687}