{"name": "random-90-7.68-13.json", "solution": {"time": 0.052686809, "max_depth": 12, "is_feasible": false}, "AVD": 17.601897181693715}