{"name": "random-90-19.16-27.json", "solution": {"time": 0.013759628, "max_depth": 90, "is_feasible": true}, "AVD": 27.229298728021163}