{"name": "random-90-13.28-36.json", "solution": {"time": 0.012089256, "max_depth": 90, "is_feasible": true}, "AVD": 22.469947998503795}