{"name": "random-90-10.20-37.json", "solution": {"time": 0.012326106, "max_depth": 90, "is_feasible": true}, "AVD": 19.83638876418531}