{"name": "random-90-7.12-23.json", "solution": {"time": 0.043542146, "max_depth": 6, "is_feasible": false}, "AVD": 17.071074697593456}