{"name": "random-90-19.16-49.json", "solution": {"time": 0.013108124, "max_depth": 90, "is_feasible": true}, "AVD": 27.250445816186787}