{"name": "random-90-7.40-16.json", "solution": {"time": 0.04325759, "max_depth": 7, "is_feasible": false}, "AVD": 17.41171018830302}