{"name": "random-90-14.40-43.json", "solution": {"time": 0.009290573, "max_depth": 90, "is_feasible": true}, "AVD": 23.398541775782764}