{"name": "random-90-11.32-31.json", "solution": {"time": 0.011170298, "max_depth": 90, "is_feasible": true}, "AVD": 20.814736812570384}