{"name": "random-90-19.44-25.json", "solution": {"time": 0.013712163, "max_depth": 90, "is_feasible": true}, "AVD": 27.45640640977701}