{"name": "random-90-9.92-41.json", "solution": {"time": 0.011356373, "max_depth": 90, "is_feasible": true}, "AVD": 19.632267427360272}