{"name": "random-90-18.60-11.json", "solution": {"time": 0.01463003, "max_depth": 90, "is_feasible": true}, "AVD": 26.764580745729113}