{"name": "random-90-16.08-17.json", "solution": {"time": 0.00874594, "max_depth": 90, "is_feasible": true}, "AVD": 24.79988826536998}