{"name": "random-90-9.36-27.json", "solution": {"time": 0.015598052, "max_depth": 90, "is_feasible": true}, "AVD": 19.131210001247293}