{"name": "random-90-13.00-48.json", "solution": {"time": 0.009772603, "max_depth": 90, "is_feasible": true}, "AVD": 22.195901047512415}