{"name": "random-90-14.40-13.json", "solution": {"time": 0.009395113, "max_depth": 90, "is_feasible": true}, "AVD": 23.366994762439447}