{"name": "random-90-7.40-41.json", "solution": {"time": 0.066900578, "max_depth": 11, "is_feasible": false}, "AVD": 17.335354626512245}