{"name": "random-90-13.56-30.json", "solution": {"time": 0.015988226, "max_depth": 90, "is_feasible": true}, "AVD": 22.695645591719895}