{"name": "random-90-6.28-22.json", "solution": {"time": 0.0352214, "max_depth": 4, "is_feasible": false}, "AVD": 16.305404196284027}