{"name": "random-90-9.36-45.json", "solution": {"time": 0.013279003, "max_depth": 90, "is_feasible": true}, "AVD": 19.132819397680766}