{"name": "random-90-18.04-48.json", "solution": {"time": 0.015505006, "max_depth": 90, "is_feasible": true}, "AVD": 26.339334518019946}