{"name": "random-90-7.68-17.json", "solution": {"time": 0.023317944, "max_depth": 90, "is_feasible": true}, "AVD": 17.64793247287713}