{"name": "random-90-16.08-7.json", "solution": {"time": 0.014021993, "max_depth": 90, "is_feasible": true}, "AVD": 24.73372752213514}