{"name": "random-90-18.88-42.json", "solution": {"time": 0.009418489, "max_depth": 90, "is_feasible": true}, "AVD": 27.01214085297441}