{"name": "random-90-16.36-49.json", "solution": {"time": 0.008667328, "max_depth": 90, "is_feasible": true}, "AVD": 25.014260194538206}