{"name": "random-90-17.76-12.json", "solution": {"time": 0.009378691, "max_depth": 90, "is_feasible": true}, "AVD": 26.07127254021722}