{"name": "random-90-8.52-5.json", "solution": {"time": 0.031930751, "max_depth": 90, "is_feasible": true}, "AVD": 18.398185247537338}