{"name": "random-90-8.80-30.json", "solution": {"time": 0.023307541, "max_depth": 90, "is_feasible": true}, "AVD": 18.66427191669806}