{"name": "random-90-6.56-7.json", "solution": {"time": 0.036181303, "max_depth": 3, "is_feasible": false}, "AVD": 16.59389917695496}