{"name": "random-90-6.00-31.json", "solution": {"time": 0.032229871, "max_depth": 4, "is_feasible": false}, "AVD": 15.987180165856307}