{"name": "random-90-12.44-39.json", "solution": {"time": 0.009899166, "max_depth": 90, "is_feasible": true}, "AVD": 21.810403229829394}