{"name": "random-90-17.76-19.json", "solution": {"time": 0.011138221, "max_depth": 90, "is_feasible": true}, "AVD": 26.07054221224615}