{"name": "random-90-16.08-43.json", "solution": {"time": 0.008982038, "max_depth": 90, "is_feasible": true}, "AVD": 24.74810275595484}