{"name": "random-90-8.80-18.json", "solution": {"time": 0.026505415, "max_depth": 90, "is_feasible": true}, "AVD": 18.69065344806104}