{"name": "random-90-13.00-20.json", "solution": {"time": 0.010754413, "max_depth": 90, "is_feasible": true}, "AVD": 22.207873487966328}