{"name": "random-90-14.12-12.json", "solution": {"time": 0.014172951, "max_depth": 90, "is_feasible": true}, "AVD": 23.110737436089508}