{"name": "random-90-16.08-6.json", "solution": {"time": 0.009354596, "max_depth": 90, "is_feasible": true}, "AVD": 24.823381157251767}