{"name": "random-90-14.40-42.json", "solution": {"time": 0.015169171, "max_depth": 90, "is_feasible": true}, "AVD": 23.371314315999744}