{"name": "random-90-16.64-4.json", "solution": {"time": 0.00863696, "max_depth": 90, "is_feasible": true}, "AVD": 25.214839381469247}