{"name": "random-90-13.84-22.json", "solution": {"time": 0.014139922, "max_depth": 90, "is_feasible": true}, "AVD": 22.96898466142934}