{"name": "random-90-18.04-30.json", "solution": {"time": 0.016286367, "max_depth": 90, "is_feasible": true}, "AVD": 26.325744419503906}