{"name": "random-90-13.00-16.json", "solution": {"time": 0.014308706, "max_depth": 90, "is_feasible": true}, "AVD": 22.264003117595948}