{"name": "random-90-18.32-16.json", "solution": {"time": 0.009271202, "max_depth": 90, "is_feasible": true}, "AVD": 26.603245541838355}