{"name": "random-90-11.32-10.json", "solution": {"time": 0.015684222, "max_depth": 90, "is_feasible": true}, "AVD": 20.82241264496844}