{"name": "random-90-19.72-1.json", "solution": {"time": 0.008497233, "max_depth": 90, "is_feasible": true}, "AVD": 27.665101883028033}