{"name": "random-90-16.08-19.json", "solution": {"time": 0.010463342, "max_depth": 90, "is_feasible": true}, "AVD": 24.691249345305135}