{"name": "random-90-7.40-31.json", "solution": {"time": 0.042259801, "max_depth": 8, "is_feasible": false}, "AVD": 17.346125701459254}