{"name": "random-90-6.56-35.json", "solution": {"time": 0.033090339, "max_depth": 4, "is_feasible": false}, "AVD": 16.63987870352055}