{"name": "random-90-6.28-12.json", "solution": {"time": 0.031010697, "max_depth": 5, "is_feasible": false}, "AVD": 16.350441513904684}