{"name": "random-90-17.76-38.json", "solution": {"time": 0.009102722, "max_depth": 90, "is_feasible": true}, "AVD": 26.1277777154261}