{"name": "random-90-19.16-17.json", "solution": {"time": 0.009151788, "max_depth": 90, "is_feasible": true}, "AVD": 27.266454670158605}