{"name": "random-90-19.72-7.json", "solution": {"time": 0.010125957, "max_depth": 90, "is_feasible": true}, "AVD": 27.707274473126542}