{"name": "random-90-12.72-13.json", "solution": {"time": 0.009437355, "max_depth": 90, "is_feasible": true}, "AVD": 21.964841501434336}