{"name": "random-90-11.04-33.json", "solution": {"time": 0.011289216, "max_depth": 90, "is_feasible": true}, "AVD": 20.583778650704836}