{"name": "random-90-12.72-15.json", "solution": {"time": 0.011291133, "max_depth": 90, "is_feasible": true}, "AVD": 21.992973063973324}