{"name": "random-90-20.00-46.json", "solution": {"time": 0.008848557, "max_depth": 90, "is_feasible": true}, "AVD": 27.917076381095132}