{"name": "random-90-18.04-9.json", "solution": {"time": 0.013089101, "max_depth": 90, "is_feasible": true}, "AVD": 26.350256204015693}