{"name": "random-90-12.72-0.json", "solution": {"time": 0.009909841, "max_depth": 90, "is_feasible": true}, "AVD": 21.96487124329741}