{"name": "random-90-10.76-24.json", "solution": {"time": 0.012549667, "max_depth": 90, "is_feasible": true}, "AVD": 20.37379866566927}