{"name": "random-90-13.28-35.json", "solution": {"time": 0.009583057, "max_depth": 90, "is_feasible": true}, "AVD": 22.46891638608329}