{"name": "random-90-17.48-32.json", "solution": {"time": 0.009905837, "max_depth": 90, "is_feasible": true}, "AVD": 25.85776387330115}