{"name": "random-90-8.52-48.json", "solution": {"time": 0.050581918, "max_depth": 6, "is_feasible": false}, "AVD": 18.407776468387798}