{"name": "random-90-9.36-15.json", "solution": {"time": 0.013722848, "max_depth": 90, "is_feasible": true}, "AVD": 19.126763686245422}