{"name": "random-90-13.56-21.json", "solution": {"time": 0.011189443, "max_depth": 90, "is_feasible": true}, "AVD": 22.716090722035396}