{"name": "random-90-16.36-6.json", "solution": {"time": 0.011928255, "max_depth": 90, "is_feasible": true}, "AVD": 25.050613667539835}