{"name": "random-90-14.96-10.json", "solution": {"time": 0.015981789, "max_depth": 90, "is_feasible": true}, "AVD": 23.878065718917796}