{"name": "random-90-18.32-1.json", "solution": {"time": 0.009776492, "max_depth": 90, "is_feasible": true}, "AVD": 26.543314066592096}