{"name": "random-90-15.80-21.json", "solution": {"time": 0.010286868, "max_depth": 90, "is_feasible": true}, "AVD": 24.533761129816902}