{"name": "random-90-9.08-9.json", "solution": {"time": 0.030976527, "max_depth": 90, "is_feasible": true}, "AVD": 18.932726399800714}