{"name": "random-90-16.64-33.json", "solution": {"time": 0.008812203, "max_depth": 90, "is_feasible": true}, "AVD": 25.212202581369482}