{"name": "random-90-10.48-44.json", "solution": {"time": 0.013750213, "max_depth": 90, "is_feasible": true}, "AVD": 20.112691108617263}