{"name": "random-90-7.40-21.json", "solution": {"time": 0.032322413, "max_depth": 4, "is_feasible": false}, "AVD": 17.365978301534096}