{"name": "random-90-18.04-0.json", "solution": {"time": 0.013402688, "max_depth": 90, "is_feasible": true}, "AVD": 26.28893702456688}