{"name": "random-90-9.64-13.json", "solution": {"time": 0.012873499, "max_depth": 90, "is_feasible": true}, "AVD": 19.37985060481381}