{"name": "random-90-13.28-9.json", "solution": {"time": 0.009358714, "max_depth": 90, "is_feasible": true}, "AVD": 22.4944779274226}