{"name": "random-90-15.80-46.json", "solution": {"time": 0.016185914, "max_depth": 90, "is_feasible": true}, "AVD": 24.571304776156836}