{"name": "random-90-19.16-1.json", "solution": {"time": 0.014044959, "max_depth": 90, "is_feasible": true}, "AVD": 27.21246551939167}