{"name": "random-90-13.84-38.json", "solution": {"time": 0.009655917, "max_depth": 90, "is_feasible": true}, "AVD": 22.947779211872067}