{"name": "random-90-15.52-6.json", "solution": {"time": 0.009916789, "max_depth": 90, "is_feasible": true}, "AVD": 24.357119840379337}