{"name": "random-90-6.28-3.json", "solution": {"time": 0.035226917, "max_depth": 4, "is_feasible": false}, "AVD": 16.288007201646312}