{"name": "random-90-10.48-36.json", "solution": {"time": 0.013306269, "max_depth": 90, "is_feasible": true}, "AVD": 20.10481288190573}