{"name": "random-90-8.80-37.json", "solution": {"time": 0.014001378, "max_depth": 90, "is_feasible": true}, "AVD": 18.64010774410798}