{"name": "random-90-10.48-26.json", "solution": {"time": 0.015819763, "max_depth": 90, "is_feasible": true}, "AVD": 20.153617595710436}