{"name": "random-90-12.72-41.json", "solution": {"time": 0.010196024, "max_depth": 90, "is_feasible": true}, "AVD": 21.981909527372736}