{"name": "random-90-13.84-40.json", "solution": {"time": 0.011245483, "max_depth": 90, "is_feasible": true}, "AVD": 22.987558735503434}