{"name": "random-90-15.80-26.json", "solution": {"time": 0.009157535, "max_depth": 90, "is_feasible": true}, "AVD": 24.595968699339306}