{"name": "random-90-8.80-32.json", "solution": {"time": 0.015770187, "max_depth": 90, "is_feasible": true}, "AVD": 18.646061728395296}