{"name": "random-90-18.32-8.json", "solution": {"time": 0.01354567, "max_depth": 90, "is_feasible": true}, "AVD": 26.580432722284787}