{"name": "random-90-19.72-12.json", "solution": {"time": 0.01385224, "max_depth": 90, "is_feasible": true}, "AVD": 27.637732011472995}