{"name": "random-90-16.64-49.json", "solution": {"time": 0.014161186, "max_depth": 90, "is_feasible": true}, "AVD": 25.232139481232302}