{"name": "random-90-9.08-30.json", "solution": {"time": 0.016138657, "max_depth": 90, "is_feasible": true}, "AVD": 18.906436837511134}