{"name": "random-90-13.84-21.json", "solution": {"time": 0.00975457, "max_depth": 90, "is_feasible": true}, "AVD": 22.9417531487719}