{"name": "random-90-16.36-11.json", "solution": {"time": 0.010770113, "max_depth": 90, "is_feasible": true}, "AVD": 24.949710063599166}