{"name": "random-90-18.32-43.json", "solution": {"time": 0.008820932, "max_depth": 90, "is_feasible": true}, "AVD": 26.553934218730753}