{"name": "random-90-15.24-33.json", "solution": {"time": 0.009010278, "max_depth": 90, "is_feasible": true}, "AVD": 24.07184287317645}