{"name": "random-90-7.68-38.json", "solution": {"time": 0.112578619, "max_depth": 14, "is_feasible": false}, "AVD": 17.602696689113603}