{"name": "random-90-14.12-32.json", "solution": {"time": 0.009657149, "max_depth": 90, "is_feasible": true}, "AVD": 23.16581387953635}