{"name": "random-90-16.64-25.json", "solution": {"time": 0.016377546, "max_depth": 90, "is_feasible": true}, "AVD": 25.20665014340963}