{"name": "random-90-17.48-38.json", "solution": {"time": 0.009016409, "max_depth": 90, "is_feasible": true}, "AVD": 25.894429417633358}