{"name": "random-90-18.04-12.json", "solution": {"time": 0.008969363, "max_depth": 90, "is_feasible": true}, "AVD": 26.302017271480473}