{"name": "random-90-17.76-41.json", "solution": {"time": 0.013491335, "max_depth": 90, "is_feasible": true}, "AVD": 26.095607619404138}