{"name": "random-90-16.36-4.json", "solution": {"time": 0.00887772, "max_depth": 90, "is_feasible": true}, "AVD": 25.003005362264858}