{"name": "random-90-16.92-11.json", "solution": {"time": 0.009250491, "max_depth": 90, "is_feasible": true}, "AVD": 25.408124205013316}