{"name": "random-90-6.28-2.json", "solution": {"time": 0.042323477, "max_depth": 7, "is_feasible": false}, "AVD": 16.358963274722775}