{"name": "random-90-10.48-48.json", "solution": {"time": 0.015444725, "max_depth": 90, "is_feasible": true}, "AVD": 20.117210874174074}