{"name": "random-90-8.24-39.json", "solution": {"time": 0.034781878, "max_depth": 90, "is_feasible": true}, "AVD": 18.166122833271203}