{"name": "random-90-18.88-5.json", "solution": {"time": 0.008687866, "max_depth": 90, "is_feasible": true}, "AVD": 27.011544269859293}