{"name": "random-90-14.12-13.json", "solution": {"time": 0.011049665, "max_depth": 90, "is_feasible": true}, "AVD": 23.138951677266718}