{"name": "random-90-12.16-32.json", "solution": {"time": 0.010180976, "max_depth": 90, "is_feasible": true}, "AVD": 21.544202581369497}