{"name": "random-90-6.84-30.json", "solution": {"time": 0.029739723, "max_depth": 4, "is_feasible": false}, "AVD": 16.88677858835286}