{"name": "random-90-18.04-40.json", "solution": {"time": 0.00965771, "max_depth": 90, "is_feasible": true}, "AVD": 26.395889138296788}