{"name": "random-90-19.44-3.json", "solution": {"time": 0.013834074, "max_depth": 90, "is_feasible": true}, "AVD": 27.485910525003334}