{"name": "random-90-6.00-26.json", "solution": {"time": 0.032925316, "max_depth": 3, "is_feasible": false}, "AVD": 16.00051817558319}