{"name": "random-90-17.48-1.json", "solution": {"time": 0.009460019, "max_depth": 90, "is_feasible": true}, "AVD": 25.884193477990024}