{"name": "random-90-13.00-13.json", "solution": {"time": 0.009402347, "max_depth": 90, "is_feasible": true}, "AVD": 22.208453298416494}