{"name": "random-90-16.92-24.json", "solution": {"time": 0.008624594, "max_depth": 90, "is_feasible": true}, "AVD": 25.438062227210605}