{"name": "random-90-15.24-46.json", "solution": {"time": 0.00941405, "max_depth": 90, "is_feasible": true}, "AVD": 24.10180845491977}