{"name": "random-90-12.16-23.json", "solution": {"time": 0.010129792, "max_depth": 90, "is_feasible": true}, "AVD": 21.513392131188684}