{"name": "random-90-14.12-48.json", "solution": {"time": 0.00973002, "max_depth": 90, "is_feasible": true}, "AVD": 23.142954857214377}