{"name": "random-90-19.72-35.json", "solution": {"time": 0.011049838, "max_depth": 90, "is_feasible": true}, "AVD": 27.65993933158772}