{"name": "random-90-11.60-28.json", "solution": {"time": 0.011353747, "max_depth": 90, "is_feasible": true}, "AVD": 21.070022758448907}