{"name": "random-90-10.20-27.json", "solution": {"time": 0.016301199, "max_depth": 90, "is_feasible": true}, "AVD": 19.864091844369863}