{"name": "random-90-11.32-2.json", "solution": {"time": 0.010945886, "max_depth": 90, "is_feasible": true}, "AVD": 20.841289874049366}