{"name": "random-90-10.48-34.json", "solution": {"time": 0.013402214, "max_depth": 90, "is_feasible": true}, "AVD": 20.14489637111883}