{"name": "random-90-11.32-4.json", "solution": {"time": 0.010577821, "max_depth": 90, "is_feasible": true}, "AVD": 20.82463873300935}