{"name": "random-90-20.00-4.json", "solution": {"time": 0.008720348, "max_depth": 90, "is_feasible": true}, "AVD": 27.9302206634246}