{"name": "random-90-15.80-37.json", "solution": {"time": 0.009736046, "max_depth": 90, "is_feasible": true}, "AVD": 24.48369946377377}