{"name": "random-90-10.48-47.json", "solution": {"time": 0.010899224, "max_depth": 90, "is_feasible": true}, "AVD": 20.11753697468535}