{"name": "random-90-18.32-3.json", "solution": {"time": 0.008567665, "max_depth": 90, "is_feasible": true}, "AVD": 26.586262376855206}