{"name": "random-90-6.84-2.json", "solution": {"time": 0.053852707, "max_depth": 8, "is_feasible": false}, "AVD": 16.869724342187546}