{"name": "random-90-19.72-47.json", "solution": {"time": 0.009076428, "max_depth": 90, "is_feasible": true}, "AVD": 27.72272646215261}