{"name": "random-90-8.80-13.json", "solution": {"time": 0.020133635, "max_depth": 90, "is_feasible": true}, "AVD": 18.61985827409925}