{"name": "random-90-12.44-41.json", "solution": {"time": 0.015415061, "max_depth": 90, "is_feasible": true}, "AVD": 21.747578812819803}