{"name": "random-90-9.08-39.json", "solution": {"time": 0.039004985, "max_depth": 90, "is_feasible": true}, "AVD": 18.918754333458267}