{"name": "random-90-7.68-29.json", "solution": {"time": 0.159465719, "max_depth": 90, "is_feasible": true}, "AVD": 17.641687429854333}