{"name": "random-90-15.24-11.json", "solution": {"time": 0.016340236, "max_depth": 90, "is_feasible": true}, "AVD": 24.054772166105728}