{"name": "random-90-14.40-9.json", "solution": {"time": 0.009529138, "max_depth": 90, "is_feasible": true}, "AVD": 23.42440510038682}