{"name": "random-90-16.36-45.json", "solution": {"time": 0.008853686, "max_depth": 90, "is_feasible": true}, "AVD": 24.91213748597104}