{"name": "random-90-14.40-6.json", "solution": {"time": 0.010177198, "max_depth": 90, "is_feasible": true}, "AVD": 23.436736376106992}