{"name": "random-90-10.76-44.json", "solution": {"time": 0.012923183, "max_depth": 90, "is_feasible": true}, "AVD": 20.36130552437983}