{"name": "random-90-17.76-26.json", "solution": {"time": 0.014111924, "max_depth": 90, "is_feasible": true}, "AVD": 26.171233445567026}