{"name": "random-90-16.64-27.json", "solution": {"time": 0.009195729, "max_depth": 90, "is_feasible": true}, "AVD": 25.20837180446463}