{"name": "random-90-11.32-36.json", "solution": {"time": 0.012595008, "max_depth": 90, "is_feasible": true}, "AVD": 20.8373034667667}