{"name": "random-90-19.44-47.json", "solution": {"time": 0.012979042, "max_depth": 90, "is_feasible": true}, "AVD": 27.49790135927194}