{"name": "random-90-19.44-33.json", "solution": {"time": 0.010367043, "max_depth": 90, "is_feasible": true}, "AVD": 27.458108617034753}