{"name": "random-90-6.56-4.json", "solution": {"time": 0.035274358, "max_depth": 3, "is_feasible": false}, "AVD": 16.534685590472854}