{"name": "random-90-16.08-31.json", "solution": {"time": 0.011985867, "max_depth": 90, "is_feasible": true}, "AVD": 24.77867414889659}