{"name": "random-90-6.28-46.json", "solution": {"time": 0.037891484, "max_depth": 4, "is_feasible": false}, "AVD": 16.268244731263486}