{"name": "random-90-16.08-39.json", "solution": {"time": 0.013929496, "max_depth": 90, "is_feasible": true}, "AVD": 24.766876231450542}