{"name": "random-90-16.36-20.json", "solution": {"time": 0.008613861, "max_depth": 90, "is_feasible": true}, "AVD": 24.93729286694127}