{"name": "random-90-9.36-28.json", "solution": {"time": 0.015465242, "max_depth": 90, "is_feasible": true}, "AVD": 19.14739443820946}