{"name": "random-90-10.48-24.json", "solution": {"time": 0.01247645, "max_depth": 90, "is_feasible": true}, "AVD": 20.13159134555455}