{"name": "random-90-16.92-15.json", "solution": {"time": 0.009803785, "max_depth": 90, "is_feasible": true}, "AVD": 25.410964459409126}