{"name": "random-90-13.28-42.json", "solution": {"time": 0.00929611, "max_depth": 90, "is_feasible": true}, "AVD": 22.43927559546104}