{"name": "random-90-16.92-17.json", "solution": {"time": 0.009112246, "max_depth": 90, "is_feasible": true}, "AVD": 25.501657251527845}