{"name": "random-90-15.52-12.json", "solution": {"time": 0.008736919, "max_depth": 90, "is_feasible": true}, "AVD": 24.267917383713918}