{"name": "random-90-17.48-47.json", "solution": {"time": 0.00864886, "max_depth": 90, "is_feasible": true}, "AVD": 25.867125202643955}