{"name": "random-90-7.96-49.json", "solution": {"time": 0.043167042, "max_depth": 8, "is_feasible": false}, "AVD": 17.840755268736984}