{"name": "random-90-9.08-1.json", "solution": {"time": 0.015814545, "max_depth": 90, "is_feasible": true}, "AVD": 18.901332834518236}