{"name": "random-90-14.12-6.json", "solution": {"time": 0.010494332, "max_depth": 90, "is_feasible": true}, "AVD": 23.21344569148297}