{"name": "random-90-13.56-18.json", "solution": {"time": 0.010016799, "max_depth": 90, "is_feasible": true}, "AVD": 22.735029804215234}