{"name": "random-90-18.88-27.json", "solution": {"time": 0.013516348, "max_depth": 90, "is_feasible": true}, "AVD": 27.004830278089756}