{"name": "random-90-7.40-33.json", "solution": {"time": 0.036953277, "max_depth": 4, "is_feasible": false}, "AVD": 17.380199027310358}