{"name": "random-90-19.16-25.json", "solution": {"time": 0.010013939, "max_depth": 90, "is_feasible": true}, "AVD": 27.255218481107597}