{"name": "random-90-15.52-19.json", "solution": {"time": 0.009317384, "max_depth": 90, "is_feasible": true}, "AVD": 24.254449993765032}