{"name": "random-90-16.36-0.json", "solution": {"time": 0.011255401, "max_depth": 90, "is_feasible": true}, "AVD": 24.943382716049598}