{"name": "random-90-12.72-3.json", "solution": {"time": 0.009688419, "max_depth": 90, "is_feasible": true}, "AVD": 22.03387061977828}