{"name": "random-90-18.60-22.json", "solution": {"time": 0.009019842, "max_depth": 90, "is_feasible": true}, "AVD": 26.843880907844106}