{"name": "random-80-10.24-22.json", "solution": {"time": 0.009653582, "max_depth": 80, "is_feasible": true}, "AVD": 18.618509638798677}