{"name": "random-80-13.12-22.json", "solution": {"time": 0.007949973, "max_depth": 80, "is_feasible": true}, "AVD": 20.975696935876602}