{"name": "random-80-5.68-19.json", "solution": {"time": 0.0265465, "max_depth": 6, "is_feasible": false}, "AVD": 14.509402886176298}