{"name": "random-80-16.00-32.json", "solution": {"time": 0.004958847, "max_depth": 80, "is_feasible": true}, "AVD": 23.290165280032458}