{"name": "random-80-7.60-1.json", "solution": {"time": 0.024706556, "max_depth": 6, "is_feasible": false}, "AVD": 16.320115743631344}