{"name": "random-80-13.60-9.json", "solution": {"time": 0.005988322, "max_depth": 80, "is_feasible": true}, "AVD": 21.39444559346901}