{"name": "random-80-14.80-21.json", "solution": {"time": 0.006951501, "max_depth": 80, "is_feasible": true}, "AVD": 22.345845576298686}