{"name": "random-80-12.40-6.json", "solution": {"time": 0.006773964, "max_depth": 80, "is_feasible": true}, "AVD": 20.409228669767693}