{"name": "random-80-15.28-22.json", "solution": {"time": 0.005849006, "max_depth": 80, "is_feasible": true}, "AVD": 22.711129058441543}