{"name": "random-80-4.96-17.json", "solution": {"time": 0.016589275, "max_depth": 2, "is_feasible": false}, "AVD": 13.75290725680568}