{"name": "random-80-12.16-5.json", "solution": {"time": 0.0055152, "max_depth": 80, "is_feasible": true}, "AVD": 20.142220428009473}