{"name": "random-80-5.92-13.json", "solution": {"time": 0.018571799, "max_depth": 5, "is_feasible": false}, "AVD": 14.77976877809687}