{"name": "random-80-8.32-9.json", "solution": {"time": 0.021932147, "max_depth": 4, "is_feasible": false}, "AVD": 16.949184998595126}