{"name": "random-80-6.88-27.json", "solution": {"time": 0.057028585, "max_depth": 14, "is_feasible": false}, "AVD": 15.703223300137344}