{"name": "random-80-7.36-48.json", "solution": {"time": 0.033222922, "max_depth": 10, "is_feasible": false}, "AVD": 16.13851429039707}