{"name": "random-80-9.76-13.json", "solution": {"time": 0.011028405, "max_depth": 80, "is_feasible": true}, "AVD": 18.224867039210757}