{"name": "random-80-7.60-44.json", "solution": {"time": 0.024881996, "max_depth": 9, "is_feasible": false}, "AVD": 16.2901104988761}