{"name": "random-80-9.52-41.json", "solution": {"time": 0.012397229, "max_depth": 80, "is_feasible": true}, "AVD": 17.970037470342124}