{"name": "random-80-11.20-20.json", "solution": {"time": 0.007476495, "max_depth": 80, "is_feasible": true}, "AVD": 19.42549041583414}