{"name": "random-80-8.32-34.json", "solution": {"time": 0.009878421, "max_depth": 80, "is_feasible": true}, "AVD": 16.933073005119844}