{"name": "random-80-15.52-32.json", "solution": {"time": 0.011244094, "max_depth": 80, "is_feasible": true}, "AVD": 22.918312601461018}