{"name": "random-80-7.84-31.json", "solution": {"time": 0.050312385, "max_depth": 9, "is_feasible": false}, "AVD": 16.41859328171826}