{"name": "random-80-9.28-12.json", "solution": {"time": 0.009144335, "max_depth": 80, "is_feasible": true}, "AVD": 17.80788258616381}