{"name": "random-80-11.92-39.json", "solution": {"time": 0.010314289, "max_depth": 80, "is_feasible": true}, "AVD": 20.00043516639608}