{"name": "random-80-6.16-16.json", "solution": {"time": 0.025151355, "max_depth": 8, "is_feasible": false}, "AVD": 14.940260255369589}