{"name": "random-80-4.00-21.json", "solution": {"time": 0.017457279, "max_depth": 2, "is_feasible": false}, "AVD": 12.824537989354411}