{"name": "random-80-9.28-4.json", "solution": {"time": 0.007046263, "max_depth": 80, "is_feasible": true}, "AVD": 17.804400466720757}