{"name": "random-80-10.00-26.json", "solution": {"time": 0.005955448, "max_depth": 80, "is_feasible": true}, "AVD": 18.461045251623343}