{"name": "random-80-4.00-22.json", "solution": {"time": 0.017343198, "max_depth": 2, "is_feasible": false}, "AVD": 12.879268614198319}