{"name": "random-80-7.36-37.json", "solution": {"time": 0.032061995, "max_depth": 7, "is_feasible": false}, "AVD": 16.118009240759214}