{"name": "random-80-12.40-42.json", "solution": {"time": 0.005940843, "max_depth": 80, "is_feasible": true}, "AVD": 20.38683185564434}