{"name": "random-80-16.00-31.json", "solution": {"time": 0.005042063, "max_depth": 80, "is_feasible": true}, "AVD": 23.33319315840409}