{"name": "random-80-5.44-11.json", "solution": {"time": 0.015948478, "max_depth": 2, "is_feasible": false}, "AVD": 14.269395417082881}