{"name": "random-80-10.48-36.json", "solution": {"time": 0.008457458, "max_depth": 80, "is_feasible": true}, "AVD": 18.819196686126357}