{"name": "random-80-14.08-26.json", "solution": {"time": 0.006887019, "max_depth": 80, "is_feasible": true}, "AVD": 21.822750710227247}