{"name": "random-80-6.64-25.json", "solution": {"time": 0.017604695, "max_depth": 3, "is_feasible": false}, "AVD": 15.441498435158575}