{"name": "random-80-4.24-11.json", "solution": {"time": 0.016773504, "max_depth": 2, "is_feasible": false}, "AVD": 13.103530930007466}