{"name": "random-80-9.04-12.json", "solution": {"time": 0.008646412, "max_depth": 80, "is_feasible": true}, "AVD": 17.609651559378097}