{"name": "random-80-7.84-36.json", "solution": {"time": 0.037080876, "max_depth": 8, "is_feasible": false}, "AVD": 16.548676604645326}