{"name": "random-80-5.68-9.json", "solution": {"time": 0.016698093, "max_depth": 3, "is_feasible": false}, "AVD": 14.5849046383304}