{"name": "random-80-5.92-2.json", "solution": {"time": 0.017085052, "max_depth": 2, "is_feasible": false}, "AVD": 14.669802767544962}