{"name": "random-80-7.12-42.json", "solution": {"time": 0.02428898, "max_depth": 6, "is_feasible": false}, "AVD": 15.893661299637813}