{"name": "random-80-7.36-45.json", "solution": {"time": 0.018693591, "max_depth": 80, "is_feasible": true}, "AVD": 16.106829202047933}