{"name": "random-80-6.40-46.json", "solution": {"time": 0.036282591, "max_depth": 9, "is_feasible": false}, "AVD": 15.173544732611125}