{"name": "random-80-11.20-21.json", "solution": {"time": 0.006293915, "max_depth": 80, "is_feasible": true}, "AVD": 19.419989955357117}