{"name": "random-80-12.88-3.json", "solution": {"time": 0.010413693, "max_depth": 80, "is_feasible": true}, "AVD": 20.784663352272695}