{"name": "random-80-5.92-10.json", "solution": {"time": 0.029277062, "max_depth": 7, "is_feasible": false}, "AVD": 14.779693478396592}