{"name": "random-80-12.88-6.json", "solution": {"time": 0.00584746, "max_depth": 80, "is_feasible": true}, "AVD": 20.81137690434562}