{"name": "random-80-14.80-11.json", "solution": {"time": 0.006800014, "max_depth": 80, "is_feasible": true}, "AVD": 22.382942268668824}