{"name": "random-80-7.12-23.json", "solution": {"time": 0.022116153, "max_depth": 6, "is_feasible": false}, "AVD": 15.839043589223248}