{"name": "random-80-16.00-36.json", "solution": {"time": 0.008905204, "max_depth": 80, "is_feasible": true}, "AVD": 23.26628396603395}