{"name": "random-80-5.20-14.json", "solution": {"time": 0.01783601, "max_depth": 2, "is_feasible": false}, "AVD": 14.090203203046954}