{"name": "random-80-12.16-22.json", "solution": {"time": 0.007115549, "max_depth": 80, "is_feasible": true}, "AVD": 20.19578064123374}