{"name": "random-80-7.60-2.json", "solution": {"time": 0.017778093, "max_depth": 3, "is_feasible": false}, "AVD": 16.277432895229733}