{"name": "random-80-10.00-35.json", "solution": {"time": 0.006520385, "max_depth": 80, "is_feasible": true}, "AVD": 18.424542106331142}