{"name": "random-80-13.36-2.json", "solution": {"time": 0.005417094, "max_depth": 80, "is_feasible": true}, "AVD": 21.181944781780686}