{"name": "random-80-14.08-12.json", "solution": {"time": 0.005721007, "max_depth": 80, "is_feasible": true}, "AVD": 21.73555983859888}