{"name": "random-80-5.44-38.json", "solution": {"time": 0.019097954, "max_depth": 4, "is_feasible": false}, "AVD": 14.318520182942029}