{"name": "random-80-13.84-26.json", "solution": {"time": 0.005381053, "max_depth": 80, "is_feasible": true}, "AVD": 21.652303165584392}