{"name": "random-80-15.28-15.json", "solution": {"time": 0.007686025, "max_depth": 80, "is_feasible": true}, "AVD": 22.751238230519448}