{"name": "random-80-10.96-14.json", "solution": {"time": 0.006675808, "max_depth": 80, "is_feasible": true}, "AVD": 19.22855732548697}