{"name": "random-80-6.88-26.json", "solution": {"time": 0.027175909, "max_depth": 5, "is_feasible": false}, "AVD": 15.691119505494488}