{"name": "random-80-15.04-34.json", "solution": {"time": 0.005617111, "max_depth": 80, "is_feasible": true}, "AVD": 22.567800504183303}