{"name": "random-80-14.80-0.json", "solution": {"time": 0.005449098, "max_depth": 80, "is_feasible": true}, "AVD": 22.345504058441545}