{"name": "random-80-16.00-1.json", "solution": {"time": 0.012276675, "max_depth": 80, "is_feasible": true}, "AVD": 23.300629058441537}