{"name": "random-80-7.36-9.json", "solution": {"time": 0.02031014, "max_depth": 3, "is_feasible": false}, "AVD": 16.120061473682547}