{"name": "random-80-5.68-31.json", "solution": {"time": 0.019940509, "max_depth": 4, "is_feasible": false}, "AVD": 14.422505943275471}