{"name": "random-80-11.68-37.json", "solution": {"time": 0.005919834, "max_depth": 80, "is_feasible": true}, "AVD": 19.814477428821146}