{"name": "random-80-14.56-45.json", "solution": {"time": 0.006524734, "max_depth": 80, "is_feasible": true}, "AVD": 22.102845576298687}