{"name": "random-80-5.68-16.json", "solution": {"time": 0.025087423, "max_depth": 8, "is_feasible": false}, "AVD": 14.505604009271924}