{"name": "random-80-6.88-18.json", "solution": {"time": 0.028731303, "max_depth": 7, "is_feasible": false}, "AVD": 15.658405087100386}