{"name": "random-80-10.48-44.json", "solution": {"time": 0.006508455, "max_depth": 80, "is_feasible": true}, "AVD": 18.80384271197548}