{"name": "random-80-15.52-43.json", "solution": {"time": 0.006256942, "max_depth": 80, "is_feasible": true}, "AVD": 22.955285105519465}