{"name": "random-80-13.36-48.json", "solution": {"time": 0.006082352, "max_depth": 80, "is_feasible": true}, "AVD": 21.183421063311663}