{"name": "random-80-14.80-1.json", "solution": {"time": 0.005395468, "max_depth": 80, "is_feasible": true}, "AVD": 22.36459983766231}