{"name": "random-80-4.48-0.json", "solution": {"time": 0.020619232, "max_depth": 4, "is_feasible": false}, "AVD": 13.396510614385596}