{"name": "random-80-5.20-49.json", "solution": {"time": 0.017641092, "max_depth": 3, "is_feasible": false}, "AVD": 14.062886902160344}