{"name": "random-80-6.16-23.json", "solution": {"time": 0.017883292, "max_depth": 2, "is_feasible": false}, "AVD": 14.98269269012236}