{"name": "random-80-12.16-34.json", "solution": {"time": 0.005818614, "max_depth": 80, "is_feasible": true}, "AVD": 20.215007281780704}