{"name": "random-80-11.68-33.json", "solution": {"time": 0.010620178, "max_depth": 80, "is_feasible": true}, "AVD": 19.77892852460039}