{"name": "random-80-8.32-27.json", "solution": {"time": 0.008762359, "max_depth": 80, "is_feasible": true}, "AVD": 16.990763041645828}