{"name": "random-80-12.16-28.json", "solution": {"time": 0.005751246, "max_depth": 80, "is_feasible": true}, "AVD": 20.242717431006458}