{"name": "random-80-15.28-26.json", "solution": {"time": 0.01220106, "max_depth": 80, "is_feasible": true}, "AVD": 22.787839082792182}