{"name": "random-80-4.96-7.json", "solution": {"time": 0.017219349, "max_depth": 3, "is_feasible": false}, "AVD": 13.876649530157346}