{"name": "random-80-5.44-24.json", "solution": {"time": 0.017744426, "max_depth": 2, "is_feasible": false}, "AVD": 14.276403487137845}