{"name": "random-80-7.12-6.json", "solution": {"time": 0.026849338, "max_depth": 8, "is_feasible": false}, "AVD": 15.941034504557924}