{"name": "random-80-15.76-46.json", "solution": {"time": 0.005632498, "max_depth": 80, "is_feasible": true}, "AVD": 23.099497869318164}