{"name": "random-80-5.68-28.json", "solution": {"time": 0.017237515, "max_depth": 4, "is_feasible": false}, "AVD": 14.5407629635989}