{"name": "random-80-6.40-42.json", "solution": {"time": 0.020781253, "max_depth": 4, "is_feasible": false}, "AVD": 15.211410191371101}