{"name": "random-80-13.36-32.json", "solution": {"time": 0.00544931, "max_depth": 80, "is_feasible": true}, "AVD": 21.132627130681794}