{"name": "random-80-13.12-34.json", "solution": {"time": 0.005687482, "max_depth": 80, "is_feasible": true}, "AVD": 20.983238917332653}