{"name": "random-80-15.76-16.json", "solution": {"time": 0.009366401, "max_depth": 80, "is_feasible": true}, "AVD": 23.103684659090895}