{"name": "random-80-10.24-10.json", "solution": {"time": 0.007161348, "max_depth": 80, "is_feasible": true}, "AVD": 18.60343958385362}