{"name": "random-80-13.36-27.json", "solution": {"time": 0.006916844, "max_depth": 80, "is_feasible": true}, "AVD": 21.22069673295453}