{"name": "random-80-10.72-19.json", "solution": {"time": 0.007663388, "max_depth": 80, "is_feasible": true}, "AVD": 19.00918443275472}