{"name": "random-80-10.48-47.json", "solution": {"time": 0.006795386, "max_depth": 80, "is_feasible": true}, "AVD": 18.860050426136336}