{"name": "random-80-8.08-21.json", "solution": {"time": 0.04034308, "max_depth": 12, "is_feasible": false}, "AVD": 16.74763035402096}