{"name": "random-80-15.04-46.json", "solution": {"time": 0.005244642, "max_depth": 80, "is_feasible": true}, "AVD": 22.525126927759718}