{"name": "random-80-14.08-44.json", "solution": {"time": 0.00575419, "max_depth": 80, "is_feasible": true}, "AVD": 21.77238961038959}