{"name": "random-80-8.56-5.json", "solution": {"time": 0.012490283, "max_depth": 80, "is_feasible": true}, "AVD": 17.119372471278695}