{"name": "random-80-15.04-25.json", "solution": {"time": 0.006074413, "max_depth": 80, "is_feasible": true}, "AVD": 22.5271312905844}