{"name": "random-80-6.88-30.json", "solution": {"time": 0.016727866, "max_depth": 2, "is_feasible": false}, "AVD": 15.628318010114857}