{"name": "random-80-9.76-27.json", "solution": {"time": 0.007747559, "max_depth": 80, "is_feasible": true}, "AVD": 18.245059862012948}