{"name": "random-80-12.64-37.json", "solution": {"time": 0.005611286, "max_depth": 80, "is_feasible": true}, "AVD": 20.580995715222258}