{"name": "random-80-16.00-35.json", "solution": {"time": 0.007675105, "max_depth": 80, "is_feasible": true}, "AVD": 23.305351234702783}