{"name": "random-80-13.84-9.json", "solution": {"time": 0.005301467, "max_depth": 80, "is_feasible": true}, "AVD": 21.577840682754726}