{"name": "random-80-15.28-45.json", "solution": {"time": 0.005754137, "max_depth": 80, "is_feasible": true}, "AVD": 22.682803165584403}