{"name": "random-80-6.64-30.json", "solution": {"time": 0.016581543, "max_depth": 2, "is_feasible": false}, "AVD": 15.407857837474998}