{"name": "random-80-10.48-14.json", "solution": {"time": 0.006965386, "max_depth": 80, "is_feasible": true}, "AVD": 18.81524766639606}