{"name": "random-80-5.44-9.json", "solution": {"time": 0.016831411, "max_depth": 3, "is_feasible": false}, "AVD": 14.35127867835289}