{"name": "random-80-11.92-22.json", "solution": {"time": 0.007145586, "max_depth": 80, "is_feasible": true}, "AVD": 20.007706574675304}