{"name": "random-80-11.20-27.json", "solution": {"time": 0.010233945, "max_depth": 80, "is_feasible": true}, "AVD": 19.474075791396075}