{"name": "random-80-14.56-14.json", "solution": {"time": 0.006953044, "max_depth": 80, "is_feasible": true}, "AVD": 22.213067268668812}