{"name": "random-80-6.88-23.json", "solution": {"time": 0.01976183, "max_depth": 3, "is_feasible": false}, "AVD": 15.63221125749248}