{"name": "random-80-8.32-29.json", "solution": {"time": 0.007530164, "max_depth": 80, "is_feasible": true}, "AVD": 17.002413352272676}