{"name": "random-80-10.96-7.json", "solution": {"time": 0.00709102, "max_depth": 80, "is_feasible": true}, "AVD": 19.23239255275972}