{"name": "random-80-7.84-18.json", "solution": {"time": 0.030591577, "max_depth": 80, "is_feasible": true}, "AVD": 16.52429502528718}