{"name": "random-80-10.00-24.json", "solution": {"time": 0.006756356, "max_depth": 80, "is_feasible": true}, "AVD": 18.38895267232765}