{"name": "random-80-5.44-15.json", "solution": {"time": 0.017347608, "max_depth": 3, "is_feasible": false}, "AVD": 14.275994080138608}