{"name": "random-80-15.04-18.json", "solution": {"time": 0.006355753, "max_depth": 80, "is_feasible": true}, "AVD": 22.60791213474023}