{"name": "random-80-13.12-19.json", "solution": {"time": 0.005564182, "max_depth": 80, "is_feasible": true}, "AVD": 20.98560032155341}