{"name": "random-80-12.40-14.json", "solution": {"time": 0.005494991, "max_depth": 80, "is_feasible": true}, "AVD": 20.442449675324635}