{"name": "random-80-9.52-15.json", "solution": {"time": 0.006478076, "max_depth": 80, "is_feasible": true}, "AVD": 17.967653237387594}