{"name": "random-80-8.80-19.json", "solution": {"time": 0.012178609, "max_depth": 80, "is_feasible": true}, "AVD": 17.355066714535447}