{"name": "random-80-10.72-23.json", "solution": {"time": 0.006271118, "max_depth": 80, "is_feasible": true}, "AVD": 18.985272703858612}