{"name": "random-80-8.32-17.json", "solution": {"time": 0.018779202, "max_depth": 80, "is_feasible": true}, "AVD": 16.922423576423544}