{"name": "random-80-6.88-44.json", "solution": {"time": 0.02282359, "max_depth": 8, "is_feasible": false}, "AVD": 15.644294119942538}