{"name": "random-80-9.76-23.json", "solution": {"time": 0.006511182, "max_depth": 80, "is_feasible": true}, "AVD": 18.176875280969007}