{"name": "random-80-14.56-5.json", "solution": {"time": 0.006874969, "max_depth": 80, "is_feasible": true}, "AVD": 22.1086902940809}