{"name": "random-80-8.32-37.json", "solution": {"time": 0.00801331, "max_depth": 80, "is_feasible": true}, "AVD": 16.960677509989978}