{"name": "random-80-11.20-30.json", "solution": {"time": 0.007965369, "max_depth": 80, "is_feasible": true}, "AVD": 19.39769815340908}