{"name": "random-80-16.00-16.json", "solution": {"time": 0.006701448, "max_depth": 80, "is_feasible": true}, "AVD": 23.30948021509739}