{"name": "random-80-15.76-6.json", "solution": {"time": 0.005511461, "max_depth": 80, "is_feasible": true}, "AVD": 23.173936891233744}