{"name": "random-80-12.16-44.json", "solution": {"time": 0.011049385, "max_depth": 80, "is_feasible": true}, "AVD": 20.193647805319653}