{"name": "random-80-15.76-2.json", "solution": {"time": 0.005186479, "max_depth": 80, "is_feasible": true}, "AVD": 23.145879745254724}