{"name": "random-80-4.72-26.json", "solution": {"time": 0.017654428, "max_depth": 2, "is_feasible": false}, "AVD": 13.589969206574665}