{"name": "random-80-9.52-22.json", "solution": {"time": 0.009149398, "max_depth": 80, "is_feasible": true}, "AVD": 18.003951907467506}