{"name": "random-80-16.00-46.json", "solution": {"time": 0.007909508, "max_depth": 80, "is_feasible": true}, "AVD": 23.290546976461023}