{"name": "random-80-5.20-1.json", "solution": {"time": 0.016774974, "max_depth": 2, "is_feasible": false}, "AVD": 14.069816371128862}