{"name": "random-80-5.44-20.json", "solution": {"time": 0.023266321, "max_depth": 6, "is_feasible": false}, "AVD": 14.268045009677815}