{"name": "random-80-13.36-44.json", "solution": {"time": 0.005552943, "max_depth": 80, "is_feasible": true}, "AVD": 21.16594549200797}