{"name": "random-80-14.08-33.json", "solution": {"time": 0.005339879, "max_depth": 80, "is_feasible": true}, "AVD": 21.74710597995753}