{"name": "random-80-14.08-39.json", "solution": {"time": 0.005794563, "max_depth": 80, "is_feasible": true}, "AVD": 21.747367491883107}