{"name": "random-80-7.12-1.json", "solution": {"time": 0.02021009, "max_depth": 6, "is_feasible": false}, "AVD": 15.888071280282187}