{"name": "random-80-10.72-13.json", "solution": {"time": 0.011254579, "max_depth": 80, "is_feasible": true}, "AVD": 19.035797889610375}