{"name": "random-80-10.00-14.json", "solution": {"time": 0.006641813, "max_depth": 80, "is_feasible": true}, "AVD": 18.404733438436523}