{"name": "random-80-8.32-1.json", "solution": {"time": 0.008793808, "max_depth": 80, "is_feasible": true}, "AVD": 16.945651637425048}