{"name": "random-80-9.52-31.json", "solution": {"time": 0.01217742, "max_depth": 80, "is_feasible": true}, "AVD": 17.921036963036933}