{"name": "random-80-11.92-4.json", "solution": {"time": 0.006024863, "max_depth": 80, "is_feasible": true}, "AVD": 20.007725750811677}