{"name": "random-80-13.12-31.json", "solution": {"time": 0.00546818, "max_depth": 80, "is_feasible": true}, "AVD": 20.975016288399082}