{"name": "random-80-12.16-33.json", "solution": {"time": 0.00654007, "max_depth": 80, "is_feasible": true}, "AVD": 20.17697763174325}