{"name": "random-80-7.84-38.json", "solution": {"time": 0.035424809, "max_depth": 9, "is_feasible": false}, "AVD": 16.559253051635842}