{"name": "random-80-12.88-31.json", "solution": {"time": 0.006752877, "max_depth": 80, "is_feasible": true}, "AVD": 20.76551517232766}