{"name": "random-80-15.52-2.json", "solution": {"time": 0.005974666, "max_depth": 80, "is_feasible": true}, "AVD": 22.94418422983264}