{"name": "random-80-5.44-22.json", "solution": {"time": 0.017181386, "max_depth": 2, "is_feasible": false}, "AVD": 14.324118139672823}