{"name": "random-80-13.84-31.json", "solution": {"time": 0.005967395, "max_depth": 80, "is_feasible": true}, "AVD": 21.574651965222255}