{"name": "random-80-7.36-31.json", "solution": {"time": 0.028536702, "max_depth": 9, "is_feasible": false}, "AVD": 15.989281523164305}