{"name": "random-80-9.04-10.json", "solution": {"time": 0.008479056, "max_depth": 80, "is_feasible": true}, "AVD": 17.59159157248997}