{"name": "random-80-15.04-11.json", "solution": {"time": 0.00621073, "max_depth": 80, "is_feasible": true}, "AVD": 22.573087357954538}