{"name": "random-80-8.80-2.json", "solution": {"time": 0.033138988, "max_depth": 80, "is_feasible": true}, "AVD": 17.36505839473026}