{"name": "random-80-14.32-9.json", "solution": {"time": 0.005494368, "max_depth": 80, "is_feasible": true}, "AVD": 21.98336454951297}