{"name": "random-80-12.16-15.json", "solution": {"time": 0.0060161, "max_depth": 80, "is_feasible": true}, "AVD": 20.189073559253224}