{"name": "random-80-15.28-10.json", "solution": {"time": 0.006567304, "max_depth": 80, "is_feasible": true}, "AVD": 22.76929695304692}