{"name": "random-80-16.00-26.json", "solution": {"time": 0.009752208, "max_depth": 80, "is_feasible": true}, "AVD": 23.35381544237011}