{"name": "random-80-7.60-33.json", "solution": {"time": 0.009189351, "max_depth": 80, "is_feasible": true}, "AVD": 16.25825809346899}