{"name": "random-80-13.36-4.json", "solution": {"time": 0.008232333, "max_depth": 80, "is_feasible": true}, "AVD": 21.193262987012965}