{"name": "random-80-14.80-31.json", "solution": {"time": 0.00557908, "max_depth": 80, "is_feasible": true}, "AVD": 22.344984757430062}