{"name": "random-80-15.52-27.json", "solution": {"time": 0.005709188, "max_depth": 80, "is_feasible": true}, "AVD": 22.928165482954533}