{"name": "random-80-9.28-33.json", "solution": {"time": 0.009076016, "max_depth": 80, "is_feasible": true}, "AVD": 17.747067401348623}