{"name": "random-80-11.44-19.json", "solution": {"time": 0.007853823, "max_depth": 80, "is_feasible": true}, "AVD": 19.603845552884593}