{"name": "random-80-4.48-40.json", "solution": {"time": 0.019366451, "max_depth": 3, "is_feasible": false}, "AVD": 13.328247091373669}