{"name": "random-80-6.16-4.json", "solution": {"time": 0.018602629, "max_depth": 4, "is_feasible": false}, "AVD": 15.019561516608348}