{"name": "random-80-11.68-47.json", "solution": {"time": 0.005622152, "max_depth": 80, "is_feasible": true}, "AVD": 19.837991375811665}