{"name": "random-80-6.64-46.json", "solution": {"time": 0.036177817, "max_depth": 9, "is_feasible": false}, "AVD": 15.399950420673065}