{"name": "random-80-15.04-1.json", "solution": {"time": 0.006064429, "max_depth": 80, "is_feasible": true}, "AVD": 22.536865462662313}