{"name": "random-80-6.40-0.json", "solution": {"time": 0.021720826, "max_depth": 4, "is_feasible": false}, "AVD": 15.245956738573904}