{"name": "random-80-13.12-17.json", "solution": {"time": 0.006296165, "max_depth": 80, "is_feasible": true}, "AVD": 20.9869554351898}