{"name": "random-80-6.88-17.json", "solution": {"time": 0.01785259, "max_depth": 4, "is_feasible": false}, "AVD": 15.612533661650824}