{"name": "random-80-14.80-15.json", "solution": {"time": 0.005261628, "max_depth": 80, "is_feasible": true}, "AVD": 22.35148153409088}