{"name": "random-80-14.32-6.json", "solution": {"time": 0.00526662, "max_depth": 80, "is_feasible": true}, "AVD": 21.9918531858766}