{"name": "random-80-4.24-4.json", "solution": {"time": 0.017402471, "max_depth": 2, "is_feasible": false}, "AVD": 13.139991438249254}