{"name": "random-80-16.00-22.json", "solution": {"time": 0.005541271, "max_depth": 80, "is_feasible": true}, "AVD": 23.272282163149345}