{"name": "random-80-4.72-39.json", "solution": {"time": 0.017843389, "max_depth": 2, "is_feasible": false}, "AVD": 13.599432629870131}