{"name": "random-80-6.16-45.json", "solution": {"time": 0.020940154, "max_depth": 9, "is_feasible": false}, "AVD": 15.006031593406556}