{"name": "random-80-6.40-23.json", "solution": {"time": 0.019241167, "max_depth": 3, "is_feasible": false}, "AVD": 15.207366976773198}