{"name": "random-80-5.68-26.json", "solution": {"time": 0.018990159, "max_depth": 3, "is_feasible": false}, "AVD": 14.566804648476525}