{"name": "random-80-12.40-11.json", "solution": {"time": 0.006535113, "max_depth": 80, "is_feasible": true}, "AVD": 20.38024137581167}