{"name": "random-80-15.28-44.json", "solution": {"time": 0.005901347, "max_depth": 80, "is_feasible": true}, "AVD": 22.733669237012965}