{"name": "random-80-5.20-15.json", "solution": {"time": 0.017700251, "max_depth": 3, "is_feasible": false}, "AVD": 14.039112180787964}