{"name": "random-80-8.56-19.json", "solution": {"time": 0.010159481, "max_depth": 80, "is_feasible": true}, "AVD": 17.15597458791207}