{"name": "random-80-4.48-45.json", "solution": {"time": 0.016909797, "max_depth": 2, "is_feasible": false}, "AVD": 13.36661369352154}