{"name": "random-80-7.36-21.json", "solution": {"time": 0.02876344, "max_depth": 5, "is_feasible": false}, "AVD": 16.121967286619608}