{"name": "random-80-6.64-5.json", "solution": {"time": 0.031735633, "max_depth": 80, "is_feasible": true}, "AVD": 15.381727436625841}