{"name": "random-80-15.04-26.json", "solution": {"time": 0.005691155, "max_depth": 80, "is_feasible": true}, "AVD": 22.59440026379868}