{"name": "random-80-14.56-28.json", "solution": {"time": 0.005868317, "max_depth": 80, "is_feasible": true}, "AVD": 22.196996753246733}