{"name": "random-80-12.16-32.json", "solution": {"time": 0.005868949, "max_depth": 80, "is_feasible": true}, "AVD": 20.135523390671814}