{"name": "random-80-11.92-40.json", "solution": {"time": 0.006990724, "max_depth": 80, "is_feasible": true}, "AVD": 20.029893645417058}