{"name": "random-80-9.28-39.json", "solution": {"time": 0.006782826, "max_depth": 80, "is_feasible": true}, "AVD": 17.765637206543413}