{"name": "random-80-9.52-36.json", "solution": {"time": 0.008925235, "max_depth": 80, "is_feasible": true}, "AVD": 18.020284145541943}