{"name": "random-80-14.80-13.json", "solution": {"time": 0.005480841, "max_depth": 80, "is_feasible": true}, "AVD": 22.362679484577903}