{"name": "random-80-9.76-26.json", "solution": {"time": 0.005881705, "max_depth": 80, "is_feasible": true}, "AVD": 18.24089772727269}