{"name": "random-80-5.92-16.json", "solution": {"time": 0.025536183, "max_depth": 8, "is_feasible": false}, "AVD": 14.738161689872578}