{"name": "random-80-14.56-2.json", "solution": {"time": 0.006921501, "max_depth": 80, "is_feasible": true}, "AVD": 22.17361949768979}