{"name": "random-80-15.04-48.json", "solution": {"time": 0.005551366, "max_depth": 80, "is_feasible": true}, "AVD": 22.508398031655837}