{"name": "random-80-11.92-45.json", "solution": {"time": 0.006608383, "max_depth": 80, "is_feasible": true}, "AVD": 19.97233875499498}