{"name": "random-80-13.84-39.json", "solution": {"time": 0.006460375, "max_depth": 80, "is_feasible": true}, "AVD": 21.56426369724025}