{"name": "random-80-10.72-17.json", "solution": {"time": 0.007658645, "max_depth": 80, "is_feasible": true}, "AVD": 18.976982782842136}