{"name": "random-80-11.20-46.json", "solution": {"time": 0.006665125, "max_depth": 80, "is_feasible": true}, "AVD": 19.39086323051945}