{"name": "random-80-4.72-7.json", "solution": {"time": 0.016997197, "max_depth": 3, "is_feasible": false}, "AVD": 13.636005947177836}