{"name": "random-80-10.72-31.json", "solution": {"time": 0.007049537, "max_depth": 80, "is_feasible": true}, "AVD": 18.932928243631352}