{"name": "random-80-5.44-16.json", "solution": {"time": 0.024896936, "max_depth": 8, "is_feasible": false}, "AVD": 14.255790720997695}