{"name": "random-80-14.80-32.json", "solution": {"time": 0.00621499, "max_depth": 80, "is_feasible": true}, "AVD": 22.34174005681816}