{"name": "random-80-6.40-17.json", "solution": {"time": 0.017011474, "max_depth": 3, "is_feasible": false}, "AVD": 15.16055851960538}