{"name": "random-80-9.76-2.json", "solution": {"time": 0.01358576, "max_depth": 80, "is_feasible": true}, "AVD": 18.202789827360128}