{"name": "random-80-14.08-42.json", "solution": {"time": 0.01125405, "max_depth": 80, "is_feasible": true}, "AVD": 21.772419744318153}