{"name": "random-80-8.08-7.json", "solution": {"time": 0.02334071, "max_depth": 7, "is_feasible": false}, "AVD": 16.74048580325922}