{"name": "random-80-7.60-31.json", "solution": {"time": 0.033185604, "max_depth": 9, "is_feasible": false}, "AVD": 16.20186852210287}