{"name": "random-80-12.64-34.json", "solution": {"time": 0.007023539, "max_depth": 80, "is_feasible": true}, "AVD": 20.594131368631356}