{"name": "random-80-14.56-40.json", "solution": {"time": 0.004956587, "max_depth": 80, "is_feasible": true}, "AVD": 22.138956980519474}