{"name": "random-80-15.52-18.json", "solution": {"time": 0.005211383, "max_depth": 80, "is_feasible": true}, "AVD": 22.980799411525947}