{"name": "random-80-9.28-6.json", "solution": {"time": 0.007568395, "max_depth": 80, "is_feasible": true}, "AVD": 17.844919923826133}