{"name": "random-80-11.68-12.json", "solution": {"time": 0.009260379, "max_depth": 80, "is_feasible": true}, "AVD": 19.82006836132615}