{"name": "random-80-13.12-2.json", "solution": {"time": 0.005764792, "max_depth": 80, "is_feasible": true}, "AVD": 20.97103832885862}