{"name": "random-80-11.92-13.json", "solution": {"time": 0.007274624, "max_depth": 80, "is_feasible": true}, "AVD": 20.057596489448027}