{"name": "random-80-15.28-38.json", "solution": {"time": 0.005524602, "max_depth": 80, "is_feasible": true}, "AVD": 22.773950081168824}