{"name": "random-80-8.08-32.json", "solution": {"time": 0.020730012, "max_depth": 80, "is_feasible": true}, "AVD": 16.718411330856632}