{"name": "random-80-7.84-44.json", "solution": {"time": 0.029484814, "max_depth": 9, "is_feasible": false}, "AVD": 16.510784629433044}