{"name": "random-80-7.60-20.json", "solution": {"time": 0.053317016, "max_depth": 80, "is_feasible": true}, "AVD": 16.296140866945542}