{"name": "random-80-13.12-18.json", "solution": {"time": 0.006651515, "max_depth": 80, "is_feasible": true}, "AVD": 21.04411373782465}