{"name": "random-80-15.04-30.json", "solution": {"time": 0.005536846, "max_depth": 80, "is_feasible": true}, "AVD": 22.565864627559936}