{"name": "random-80-6.16-42.json", "solution": {"time": 0.019124477, "max_depth": 4, "is_feasible": false}, "AVD": 14.996448371940527}