{"name": "random-80-8.80-49.json", "solution": {"time": 0.014561613, "max_depth": 80, "is_feasible": true}, "AVD": 17.334277043269207}