{"name": "random-80-6.16-36.json", "solution": {"time": 0.019989053, "max_depth": 4, "is_feasible": false}, "AVD": 14.972111396416073}