{"name": "random-80-7.36-38.json", "solution": {"time": 0.029696988, "max_depth": 7, "is_feasible": false}, "AVD": 16.124184237637337}