{"name": "random-80-4.72-47.json", "solution": {"time": 0.018882251, "max_depth": 4, "is_feasible": false}, "AVD": 13.55648711054568}