{"name": "random-80-8.32-14.json", "solution": {"time": 0.021488608, "max_depth": 80, "is_feasible": true}, "AVD": 16.936404454920062}