{"name": "random-80-10.48-46.json", "solution": {"time": 0.007190021, "max_depth": 80, "is_feasible": true}, "AVD": 18.777606737012952}