{"name": "random-80-8.80-0.json", "solution": {"time": 0.010536841, "max_depth": 80, "is_feasible": true}, "AVD": 17.373462389173287}