{"name": "random-80-11.68-14.json", "solution": {"time": 0.005827094, "max_depth": 80, "is_feasible": true}, "AVD": 19.8315847199675}