{"name": "random-80-6.88-20.json", "solution": {"time": 0.035759915, "max_depth": 7, "is_feasible": false}, "AVD": 15.636709220467017}