{"name": "random-80-11.68-26.json", "solution": {"time": 0.005869641, "max_depth": 80, "is_feasible": true}, "AVD": 19.872789671266208}