{"name": "random-80-14.08-37.json", "solution": {"time": 0.006149817, "max_depth": 80, "is_feasible": true}, "AVD": 21.76047603178069}