{"name": "random-80-12.88-4.json", "solution": {"time": 0.007055242, "max_depth": 80, "is_feasible": true}, "AVD": 20.80260765016232}