{"name": "random-80-13.84-30.json", "solution": {"time": 0.005526551, "max_depth": 80, "is_feasible": true}, "AVD": 21.60022379963786}