{"name": "random-80-5.92-43.json", "solution": {"time": 0.019148453, "max_depth": 4, "is_feasible": false}, "AVD": 14.710372026411056}