{"name": "random-80-14.08-13.json", "solution": {"time": 0.006176987, "max_depth": 80, "is_feasible": true}, "AVD": 21.811781047077908}