{"name": "random-80-7.36-39.json", "solution": {"time": 0.032383483, "max_depth": 13, "is_feasible": false}, "AVD": 16.103840464223254}