{"name": "random-80-14.56-1.json", "solution": {"time": 0.007030192, "max_depth": 80, "is_feasible": true}, "AVD": 22.1735406858766}