{"name": "random-80-5.20-45.json", "solution": {"time": 0.016455543, "max_depth": 2, "is_feasible": false}, "AVD": 14.095413984453028}