{"name": "random-80-11.68-30.json", "solution": {"time": 0.011628904, "max_depth": 80, "is_feasible": true}, "AVD": 19.795855925324666}