{"name": "random-80-10.96-12.json", "solution": {"time": 0.009199465, "max_depth": 80, "is_feasible": true}, "AVD": 19.2126703530844}