{"name": "random-80-10.96-48.json", "solution": {"time": 0.006232362, "max_depth": 80, "is_feasible": true}, "AVD": 19.201295813561423}