{"name": "random-80-9.04-32.json", "solution": {"time": 0.009039269, "max_depth": 80, "is_feasible": true}, "AVD": 17.549261902160328}