{"name": "random-80-4.72-11.json", "solution": {"time": 0.016546494, "max_depth": 2, "is_feasible": false}, "AVD": 13.582081879058418}