{"name": "random-80-9.76-31.json", "solution": {"time": 0.010245463, "max_depth": 80, "is_feasible": true}, "AVD": 18.124660136738235}