{"name": "random-80-14.32-24.json", "solution": {"time": 0.005730537, "max_depth": 80, "is_feasible": true}, "AVD": 21.967494926948035}