{"name": "random-80-4.48-15.json", "solution": {"time": 0.022289694, "max_depth": 3, "is_feasible": false}, "AVD": 13.32103696946437}