{"name": "random-80-9.28-22.json", "solution": {"time": 0.00842047, "max_depth": 80, "is_feasible": true}, "AVD": 17.796098112824648}