{"name": "random-80-12.64-30.json", "solution": {"time": 0.00595717, "max_depth": 80, "is_feasible": true}, "AVD": 20.599727780032467}