{"name": "random-80-6.16-6.json", "solution": {"time": 0.018933843, "max_depth": 3, "is_feasible": false}, "AVD": 15.066269667832154}