{"name": "random-80-12.16-17.json", "solution": {"time": 0.007776149, "max_depth": 80, "is_feasible": true}, "AVD": 20.2003980862887}