{"name": "random-80-10.00-38.json", "solution": {"time": 0.007170411, "max_depth": 80, "is_feasible": true}, "AVD": 18.434424489572905}