{"name": "random-80-7.84-17.json", "solution": {"time": 0.045346304, "max_depth": 19, "is_feasible": false}, "AVD": 16.48869041895602}