{"name": "random-80-8.08-8.json", "solution": {"time": 0.010866677, "max_depth": 80, "is_feasible": true}, "AVD": 16.770929289460526}