{"name": "random-80-9.04-35.json", "solution": {"time": 0.009799122, "max_depth": 80, "is_feasible": true}, "AVD": 17.591479641452253}