{"name": "random-80-6.40-18.json", "solution": {"time": 0.030312442, "max_depth": 7, "is_feasible": false}, "AVD": 15.22770815122376}