{"name": "random-80-8.08-16.json", "solution": {"time": 0.011818647, "max_depth": 80, "is_feasible": true}, "AVD": 16.686727787837135}