{"name": "random-80-6.16-26.json", "solution": {"time": 0.023602383, "max_depth": 3, "is_feasible": false}, "AVD": 15.027596879682813}