{"name": "random-80-5.92-24.json", "solution": {"time": 0.019525483, "max_depth": 3, "is_feasible": false}, "AVD": 14.744219382180301}