{"name": "random-80-6.64-2.json", "solution": {"time": 0.016600012, "max_depth": 2, "is_feasible": false}, "AVD": 15.375545275037457}