{"name": "random-80-6.16-24.json", "solution": {"time": 0.019394859, "max_depth": 3, "is_feasible": false}, "AVD": 14.976369060626855}