{"name": "random-80-4.48-19.json", "solution": {"time": 0.017436768, "max_depth": 2, "is_feasible": false}, "AVD": 13.283606159465524}