{"name": "random-80-6.40-21.json", "solution": {"time": 0.019994688, "max_depth": 3, "is_feasible": false}, "AVD": 15.244099287431293}