{"name": "random-80-8.56-35.json", "solution": {"time": 0.010241878, "max_depth": 80, "is_feasible": true}, "AVD": 17.173885766577126}