{"name": "random-80-12.40-21.json", "solution": {"time": 0.00668079, "max_depth": 80, "is_feasible": true}, "AVD": 20.400372666396084}