{"name": "random-80-12.88-14.json", "solution": {"time": 0.0059116, "max_depth": 80, "is_feasible": true}, "AVD": 20.855454342532433}