{"name": "random-80-7.84-27.json", "solution": {"time": 0.025115208, "max_depth": 80, "is_feasible": true}, "AVD": 16.55395011238759}