{"name": "random-80-5.20-16.json", "solution": {"time": 0.024908597, "max_depth": 8, "is_feasible": false}, "AVD": 14.017383791989221}