{"name": "random-80-10.72-1.json", "solution": {"time": 0.007500192, "max_depth": 80, "is_feasible": true}, "AVD": 19.026610974962516}