{"name": "random-80-6.64-21.json", "solution": {"time": 0.024290309, "max_depth": 3, "is_feasible": false}, "AVD": 15.46388063889233}