{"name": "random-80-11.44-27.json", "solution": {"time": 0.005613871, "max_depth": 80, "is_feasible": true}, "AVD": 19.66858025568179}