{"name": "random-80-5.20-2.json", "solution": {"time": 0.017607644, "max_depth": 2, "is_feasible": false}, "AVD": 13.947681345997768}