{"name": "random-80-8.80-45.json", "solution": {"time": 0.009229114, "max_depth": 80, "is_feasible": true}, "AVD": 17.359009061251225}