{"name": "random-80-13.36-29.json", "solution": {"time": 0.005629958, "max_depth": 80, "is_feasible": true}, "AVD": 21.198246956168806}