{"name": "random-80-12.40-18.json", "solution": {"time": 0.006732336, "max_depth": 80, "is_feasible": true}, "AVD": 20.44003987418828}