{"name": "random-80-11.92-38.json", "solution": {"time": 0.005682766, "max_depth": 80, "is_feasible": true}, "AVD": 20.04987454732764}