{"name": "random-80-9.28-11.json", "solution": {"time": 0.008444471, "max_depth": 80, "is_feasible": true}, "AVD": 17.759194375936552}