{"name": "random-80-10.48-32.json", "solution": {"time": 0.005747099, "max_depth": 80, "is_feasible": true}, "AVD": 18.74841082355144}