{"name": "random-80-13.12-21.json", "solution": {"time": 0.005743821, "max_depth": 80, "is_feasible": true}, "AVD": 20.977717735389593}