{"name": "random-80-16.00-8.json", "solution": {"time": 0.005583252, "max_depth": 80, "is_feasible": true}, "AVD": 23.308390195741737}