{"name": "random-80-13.84-34.json", "solution": {"time": 0.010347959, "max_depth": 80, "is_feasible": true}, "AVD": 21.591049388111873}