{"name": "random-80-6.40-14.json", "solution": {"time": 0.025650357, "max_depth": 5, "is_feasible": false}, "AVD": 15.224959712162818}