{"name": "random-80-6.88-4.json", "solution": {"time": 0.020049917, "max_depth": 4, "is_feasible": false}, "AVD": 15.705070671515935}