{"name": "random-80-4.72-42.json", "solution": {"time": 0.019442413, "max_depth": 4, "is_feasible": false}, "AVD": 13.576018918581408}