{"name": "random-80-10.72-4.json", "solution": {"time": 0.006788086, "max_depth": 80, "is_feasible": true}, "AVD": 19.021603896103883}