{"name": "random-80-8.08-49.json", "solution": {"time": 0.044309239, "max_depth": 15, "is_feasible": false}, "AVD": 16.712387916770695}