{"name": "random-80-5.68-10.json", "solution": {"time": 0.026048689, "max_depth": 4, "is_feasible": false}, "AVD": 14.564901855956549}