{"name": "random-80-10.72-29.json", "solution": {"time": 0.007543412, "max_depth": 80, "is_feasible": true}, "AVD": 19.016521306818145}