{"name": "random-80-10.72-10.json", "solution": {"time": 0.007040818, "max_depth": 80, "is_feasible": true}, "AVD": 19.010990009989985}