{"name": "random-80-5.20-44.json", "solution": {"time": 0.019463732, "max_depth": 7, "is_feasible": false}, "AVD": 14.080932067932057}