{"name": "random-80-7.12-21.json", "solution": {"time": 0.020833507, "max_depth": 3, "is_feasible": false}, "AVD": 15.899041048794938}