{"name": "random-80-7.84-1.json", "solution": {"time": 0.019742319, "max_depth": 6, "is_feasible": false}, "AVD": 16.52934474119628}