{"name": "random-80-4.72-10.json", "solution": {"time": 0.018236222, "max_depth": 4, "is_feasible": false}, "AVD": 13.598959056568436}