{"name": "random-80-7.36-5.json", "solution": {"time": 0.009561006, "max_depth": 80, "is_feasible": true}, "AVD": 16.055435330294678}