{"name": "random-80-13.84-49.json", "solution": {"time": 0.006284795, "max_depth": 80, "is_feasible": true}, "AVD": 21.581231838474007}