{"name": "random-80-14.32-29.json", "solution": {"time": 0.00564245, "max_depth": 80, "is_feasible": true}, "AVD": 22.002471286525957}