{"name": "random-80-4.72-29.json", "solution": {"time": 0.020629311, "max_depth": 0, "is_feasible": false}, "AVD": 13.632484035495745}