{"name": "random-80-8.56-6.json", "solution": {"time": 0.008520756, "max_depth": 80, "is_feasible": true}, "AVD": 17.22404593843653}