{"name": "random-80-4.00-0.json", "solution": {"time": 0.021594179, "max_depth": 4, "is_feasible": false}, "AVD": 12.897387007523719}