{"name": "random-80-7.12-16.json", "solution": {"time": 0.026020522, "max_depth": 8, "is_feasible": false}, "AVD": 15.829873462474996}