{"name": "random-80-4.48-9.json", "solution": {"time": 0.016454353, "max_depth": 2, "is_feasible": false}, "AVD": 13.397660304539206}