{"name": "random-80-10.96-36.json", "solution": {"time": 0.00838799, "max_depth": 80, "is_feasible": true}, "AVD": 19.223924567619868}