{"name": "random-80-15.28-8.json", "solution": {"time": 0.006290517, "max_depth": 80, "is_feasible": true}, "AVD": 22.739925504183283}