{"name": "random-80-8.56-15.json", "solution": {"time": 0.007331307, "max_depth": 80, "is_feasible": true}, "AVD": 17.144686867819665}