{"name": "random-80-16.00-2.json", "solution": {"time": 0.009536517, "max_depth": 80, "is_feasible": true}, "AVD": 23.314136644605373}