{"name": "random-80-14.56-6.json", "solution": {"time": 0.005065219, "max_depth": 80, "is_feasible": true}, "AVD": 22.196020596590884}