{"name": "random-80-15.76-5.json", "solution": {"time": 0.005218992, "max_depth": 80, "is_feasible": true}, "AVD": 23.082950057754733}