{"name": "random-80-15.52-35.json", "solution": {"time": 0.005669962, "max_depth": 80, "is_feasible": true}, "AVD": 22.925070187624858}