{"name": "random-80-8.32-0.json", "solution": {"time": 0.009958611, "max_depth": 80, "is_feasible": true}, "AVD": 16.95977559940056}