{"name": "random-80-14.80-28.json", "solution": {"time": 0.00752185, "max_depth": 80, "is_feasible": true}, "AVD": 22.393962155032447}