{"name": "random-80-7.36-34.json", "solution": {"time": 0.052986141, "max_depth": 80, "is_feasible": true}, "AVD": 16.08555015297201}