{"name": "random-80-8.08-48.json", "solution": {"time": 0.024820771, "max_depth": 80, "is_feasible": true}, "AVD": 16.765187125374588}