{"name": "random-80-9.04-13.json", "solution": {"time": 0.008626141, "max_depth": 80, "is_feasible": true}, "AVD": 17.608668378496468}