{"name": "random-80-13.12-45.json", "solution": {"time": 0.005798181, "max_depth": 80, "is_feasible": true}, "AVD": 20.966486911525948}