{"name": "random-80-5.20-32.json", "solution": {"time": 0.016953276, "max_depth": 3, "is_feasible": false}, "AVD": 14.052365560221}