{"name": "random-80-10.24-47.json", "solution": {"time": 0.010843254, "max_depth": 80, "is_feasible": true}, "AVD": 18.64650223214283}