{"name": "random-80-4.72-21.json", "solution": {"time": 0.018697803, "max_depth": 3, "is_feasible": false}, "AVD": 13.575827473307971}