{"name": "random-80-9.52-23.json", "solution": {"time": 0.005903259, "max_depth": 80, "is_feasible": true}, "AVD": 17.97398627934563}