{"name": "random-80-9.28-42.json", "solution": {"time": 0.013917774, "max_depth": 80, "is_feasible": true}, "AVD": 17.784514813311667}