{"name": "random-80-6.64-37.json", "solution": {"time": 0.033077902, "max_depth": 6, "is_feasible": false}, "AVD": 15.479579256680807}