{"name": "random-80-5.44-6.json", "solution": {"time": 0.021624378, "max_depth": 2, "is_feasible": false}, "AVD": 14.37917064966283}