{"name": "random-80-6.40-37.json", "solution": {"time": 0.025892543, "max_depth": 4, "is_feasible": false}, "AVD": 15.248585063374113}