{"name": "random-80-6.88-25.json", "solution": {"time": 0.017394672, "max_depth": 3, "is_feasible": false}, "AVD": 15.65806002200922}