{"name": "random-80-7.84-46.json", "solution": {"time": 0.057242756, "max_depth": 80, "is_feasible": true}, "AVD": 16.49142305350896}