{"name": "random-80-12.40-12.json", "solution": {"time": 0.006025495, "max_depth": 80, "is_feasible": true}, "AVD": 20.39511320710537}