{"name": "random-80-4.24-6.json", "solution": {"time": 0.016949994, "max_depth": 2, "is_feasible": false}, "AVD": 13.134937788773726}