{"name": "random-80-11.68-46.json", "solution": {"time": 0.007037658, "max_depth": 80, "is_feasible": true}, "AVD": 19.7765875608766}