{"name": "random-80-8.32-13.json", "solution": {"time": 0.008412721, "max_depth": 80, "is_feasible": true}, "AVD": 16.991215050574386}