{"name": "random-80-11.20-35.json", "solution": {"time": 0.006391812, "max_depth": 80, "is_feasible": true}, "AVD": 19.435105316558417}