{"name": "random-80-14.56-24.json", "solution": {"time": 0.006568162, "max_depth": 80, "is_feasible": true}, "AVD": 22.17303845373375}