{"name": "random-80-15.52-36.json", "solution": {"time": 0.006104231, "max_depth": 80, "is_feasible": true}, "AVD": 22.894350017170314}