{"name": "random-80-14.80-12.json", "solution": {"time": 0.005252869, "max_depth": 80, "is_feasible": true}, "AVD": 22.330756977397588}