{"name": "random-80-13.84-7.json", "solution": {"time": 0.00601383, "max_depth": 80, "is_feasible": true}, "AVD": 21.57041923701297}