{"name": "random-80-15.52-46.json", "solution": {"time": 0.006418291, "max_depth": 80, "is_feasible": true}, "AVD": 22.9151193181818}