{"name": "random-80-5.68-47.json", "solution": {"time": 0.029775328, "max_depth": 9, "is_feasible": false}, "AVD": 14.501952149413086}