{"name": "random-80-11.92-21.json", "solution": {"time": 0.008343416, "max_depth": 80, "is_feasible": true}, "AVD": 20.022043019480495}