{"name": "random-80-10.48-49.json", "solution": {"time": 0.006226571, "max_depth": 80, "is_feasible": true}, "AVD": 18.76753561282465}