{"name": "random-80-15.52-0.json", "solution": {"time": 0.005590836, "max_depth": 80, "is_feasible": true}, "AVD": 22.926959212662332}