{"name": "random-80-15.04-6.json", "solution": {"time": 0.006829878, "max_depth": 80, "is_feasible": true}, "AVD": 22.574141132305176}