{"name": "random-80-7.84-42.json", "solution": {"time": 0.025067368, "max_depth": 6, "is_feasible": false}, "AVD": 16.530386363636325}