{"name": "random-80-7.60-30.json", "solution": {"time": 0.019436858, "max_depth": 3, "is_feasible": false}, "AVD": 16.28007042176571}