{"name": "random-80-6.40-3.json", "solution": {"time": 0.024189503, "max_depth": 3, "is_feasible": false}, "AVD": 15.237470911900562}