{"name": "random-80-9.76-30.json", "solution": {"time": 0.00850184, "max_depth": 80, "is_feasible": true}, "AVD": 18.16029522820926}