{"name": "random-80-6.64-16.json", "solution": {"time": 0.029720599, "max_depth": 8, "is_feasible": false}, "AVD": 15.390913438124347}