{"name": "random-80-8.56-31.json", "solution": {"time": 0.036069091, "max_depth": 80, "is_feasible": true}, "AVD": 17.08365765484513}