{"name": "random-80-5.68-36.json", "solution": {"time": 0.01808606, "max_depth": 4, "is_feasible": false}, "AVD": 14.509613121253746}