{"name": "random-80-12.16-45.json", "solution": {"time": 0.005894431, "max_depth": 80, "is_feasible": true}, "AVD": 20.18241241570927}