{"name": "random-80-11.20-48.json", "solution": {"time": 0.006499652, "max_depth": 80, "is_feasible": true}, "AVD": 19.395719920704273}