{"name": "random-80-14.32-3.json", "solution": {"time": 0.00577746, "max_depth": 80, "is_feasible": true}, "AVD": 21.97454809253245}