{"name": "random-80-13.60-16.json", "solution": {"time": 0.005748979, "max_depth": 80, "is_feasible": true}, "AVD": 21.357074956293687}