{"name": "random-80-8.56-1.json", "solution": {"time": 0.009755776, "max_depth": 80, "is_feasible": true}, "AVD": 17.155833962912062}