{"name": "random-80-13.36-22.json", "solution": {"time": 0.005602166, "max_depth": 80, "is_feasible": true}, "AVD": 21.149730418019466}