{"name": "random-80-13.12-27.json", "solution": {"time": 0.005980957, "max_depth": 80, "is_feasible": true}, "AVD": 21.02974807224024}