{"name": "random-80-15.52-23.json", "solution": {"time": 0.006254229, "max_depth": 80, "is_feasible": true}, "AVD": 22.931709415584397}