{"name": "random-80-15.04-20.json", "solution": {"time": 0.00726884, "max_depth": 80, "is_feasible": true}, "AVD": 22.593415888798685}