{"name": "random-80-9.04-36.json", "solution": {"time": 0.031353151, "max_depth": 80, "is_feasible": true}, "AVD": 17.60817801729518}