{"name": "random-80-14.56-47.json", "solution": {"time": 0.005433202, "max_depth": 80, "is_feasible": true}, "AVD": 22.209931513798672}