{"name": "random-80-7.12-18.json", "solution": {"time": 0.037180557, "max_depth": 7, "is_feasible": false}, "AVD": 15.887109734015961}