{"name": "random-80-14.08-36.json", "solution": {"time": 0.010633757, "max_depth": 80, "is_feasible": true}, "AVD": 21.75865247252745}