{"name": "random-80-4.48-8.json", "solution": {"time": 0.017053476, "max_depth": 2, "is_feasible": false}, "AVD": 13.353942401348657}