{"name": "random-80-10.00-21.json", "solution": {"time": 0.00771611, "max_depth": 80, "is_feasible": true}, "AVD": 18.41191233766232}