{"name": "random-80-11.44-9.json", "solution": {"time": 0.006118547, "max_depth": 80, "is_feasible": true}, "AVD": 19.629414647852112}