{"name": "random-80-5.44-18.json", "solution": {"time": 0.026060413, "max_depth": 7, "is_feasible": false}, "AVD": 14.304944812999503}