{"name": "random-80-5.44-29.json", "solution": {"time": 0.01649454, "max_depth": 3, "is_feasible": false}, "AVD": 14.341808652285186}