{"name": "random-80-15.52-6.json", "solution": {"time": 0.006592034, "max_depth": 80, "is_feasible": true}, "AVD": 22.98073823051946}