{"name": "random-80-7.12-37.json", "solution": {"time": 0.033230918, "max_depth": 7, "is_feasible": false}, "AVD": 15.909424294455528}