{"name": "random-80-14.32-41.json", "solution": {"time": 0.005516608, "max_depth": 80, "is_feasible": true}, "AVD": 21.965285105519463}