{"name": "random-80-4.96-9.json", "solution": {"time": 0.017922618, "max_depth": 3, "is_feasible": false}, "AVD": 13.880694184721515}