{"name": "random-80-13.60-28.json", "solution": {"time": 0.005611141, "max_depth": 80, "is_feasible": true}, "AVD": 21.430450791396087}