{"name": "random-80-13.12-40.json", "solution": {"time": 0.00600704, "max_depth": 80, "is_feasible": true}, "AVD": 20.99304586038959}