{"name": "random-80-11.92-7.json", "solution": {"time": 0.00642597, "max_depth": 80, "is_feasible": true}, "AVD": 20.014325994318163}