{"name": "random-80-12.40-32.json", "solution": {"time": 0.005793848, "max_depth": 80, "is_feasible": true}, "AVD": 20.327379159902573}