{"name": "random-80-8.08-29.json", "solution": {"time": 0.04001345, "max_depth": 80, "is_feasible": true}, "AVD": 16.78920484983761}