{"name": "random-80-6.16-8.json", "solution": {"time": 0.016660001, "max_depth": 2, "is_feasible": false}, "AVD": 14.987911268419046}