{"name": "random-80-13.84-38.json", "solution": {"time": 0.005736647, "max_depth": 80, "is_feasible": true}, "AVD": 21.595832745379603}