{"name": "random-80-6.16-1.json", "solution": {"time": 0.017363046, "max_depth": 2, "is_feasible": false}, "AVD": 14.974455310314658}