{"name": "random-80-14.56-46.json", "solution": {"time": 0.005666992, "max_depth": 80, "is_feasible": true}, "AVD": 22.106938311688292}