{"name": "random-80-13.36-35.json", "solution": {"time": 0.00616778, "max_depth": 80, "is_feasible": true}, "AVD": 21.18925819493005}