{"name": "random-80-10.96-26.json", "solution": {"time": 0.006373034, "max_depth": 80, "is_feasible": true}, "AVD": 19.270257203733728}