{"name": "random-80-12.40-44.json", "solution": {"time": 0.011762891, "max_depth": 80, "is_feasible": true}, "AVD": 20.382265195741734}