{"name": "random-80-15.76-21.json", "solution": {"time": 0.005557267, "max_depth": 80, "is_feasible": true}, "AVD": 23.132933745941557}