{"name": "random-80-7.12-17.json", "solution": {"time": 0.019243702, "max_depth": 4, "is_feasible": false}, "AVD": 15.834530313436534}