{"name": "random-80-8.32-47.json", "solution": {"time": 0.013018084, "max_depth": 80, "is_feasible": true}, "AVD": 16.985032748501474}