{"name": "random-80-10.72-34.json", "solution": {"time": 0.006318134, "max_depth": 80, "is_feasible": true}, "AVD": 18.99766048794952}