{"name": "random-80-12.64-15.json", "solution": {"time": 0.00561493, "max_depth": 80, "is_feasible": true}, "AVD": 20.582833603896074}