{"name": "random-80-5.20-30.json", "solution": {"time": 0.01751372, "max_depth": 2, "is_feasible": false}, "AVD": 14.045743225524472}