{"name": "random-80-14.80-24.json", "solution": {"time": 0.005361945, "max_depth": 80, "is_feasible": true}, "AVD": 22.366317471590893}