{"name": "random-80-6.88-49.json", "solution": {"time": 0.02040501, "max_depth": 5, "is_feasible": false}, "AVD": 15.652285370879094}