{"name": "random-80-14.56-13.json", "solution": {"time": 0.006513642, "max_depth": 80, "is_feasible": true}, "AVD": 22.194833502435053}