{"name": "random-80-8.56-21.json", "solution": {"time": 0.020541329, "max_depth": 80, "is_feasible": true}, "AVD": 17.183415990259725}