{"name": "random-80-9.04-34.json", "solution": {"time": 0.009334263, "max_depth": 80, "is_feasible": true}, "AVD": 17.538894636613353}