{"name": "random-80-10.72-33.json", "solution": {"time": 0.005768075, "max_depth": 80, "is_feasible": true}, "AVD": 18.975209165834144}