{"name": "random-80-12.16-20.json", "solution": {"time": 0.006038467, "max_depth": 80, "is_feasible": true}, "AVD": 20.229297436938047}