{"name": "random-80-5.20-18.json", "solution": {"time": 0.030577381, "max_depth": 7, "is_feasible": false}, "AVD": 14.07482752403846}