{"name": "random-80-13.60-10.json", "solution": {"time": 0.007464998, "max_depth": 80, "is_feasible": true}, "AVD": 21.398828710352113}