{"name": "random-80-13.12-3.json", "solution": {"time": 0.006633841, "max_depth": 80, "is_feasible": true}, "AVD": 20.992656858766203}