{"name": "random-80-6.88-37.json", "solution": {"time": 0.028254175, "max_depth": 6, "is_feasible": false}, "AVD": 15.702560634677809}