{"name": "random-80-7.60-48.json", "solution": {"time": 0.035098273, "max_depth": 10, "is_feasible": false}, "AVD": 16.34700398819927}