{"name": "random-80-12.40-49.json", "solution": {"time": 0.005750702, "max_depth": 80, "is_feasible": true}, "AVD": 20.380298904220762}