{"name": "random-80-15.04-16.json", "solution": {"time": 0.007003005, "max_depth": 80, "is_feasible": true}, "AVD": 22.501720170454533}