{"name": "random-80-10.24-49.json", "solution": {"time": 0.007513706, "max_depth": 80, "is_feasible": true}, "AVD": 18.568230722402568}