{"name": "random-80-4.96-37.json", "solution": {"time": 0.020200317, "max_depth": 3, "is_feasible": false}, "AVD": 13.859444848120612}