{"name": "random-80-4.96-3.json", "solution": {"time": 0.016900975, "max_depth": 2, "is_feasible": false}, "AVD": 13.84662103521477}