{"name": "random-80-12.16-7.json", "solution": {"time": 0.005201471, "max_depth": 80, "is_feasible": true}, "AVD": 20.215911018668812}