{"name": "random-80-14.08-17.json", "solution": {"time": 0.010198678, "max_depth": 80, "is_feasible": true}, "AVD": 21.77181523944804}