{"name": "random-80-11.68-43.json", "solution": {"time": 0.005939566, "max_depth": 80, "is_feasible": true}, "AVD": 19.79544163648847}