{"name": "random-80-14.56-7.json", "solution": {"time": 0.005137872, "max_depth": 80, "is_feasible": true}, "AVD": 22.158432629870113}