{"name": "random-80-7.60-15.json", "solution": {"time": 0.008830219, "max_depth": 80, "is_feasible": true}, "AVD": 16.30144247159091}