{"name": "random-80-13.12-4.json", "solution": {"time": 0.010376035, "max_depth": 80, "is_feasible": true}, "AVD": 20.99387773944803}