{"name": "random-80-12.40-41.json", "solution": {"time": 0.005713521, "max_depth": 80, "is_feasible": true}, "AVD": 20.400509006618346}