{"name": "random-80-6.64-38.json", "solution": {"time": 0.023698049, "max_depth": 5, "is_feasible": false}, "AVD": 15.465319867632337}