{"name": "random-80-11.44-3.json", "solution": {"time": 0.008104116, "max_depth": 80, "is_feasible": true}, "AVD": 19.593597558691275}