{"name": "random-80-7.84-23.json", "solution": {"time": 0.010481397, "max_depth": 80, "is_feasible": true}, "AVD": 16.51181522383863}