{"name": "random-80-9.04-28.json", "solution": {"time": 0.007954776, "max_depth": 80, "is_feasible": true}, "AVD": 17.599311899038433}