{"name": "random-80-4.48-34.json", "solution": {"time": 0.016358775, "max_depth": 0, "is_feasible": false}, "AVD": 13.3378247884928}