{"name": "random-80-9.52-42.json", "solution": {"time": 0.008337598, "max_depth": 80, "is_feasible": true}, "AVD": 17.994405211975497}