{"name": "random-80-4.72-14.json", "solution": {"time": 0.017326954, "max_depth": 2, "is_feasible": false}, "AVD": 13.612424497377637}