{"name": "random-80-5.44-45.json", "solution": {"time": 0.01795771, "max_depth": 4, "is_feasible": false}, "AVD": 14.323938811188786}