{"name": "random-80-5.20-29.json", "solution": {"time": 0.016240628, "max_depth": 2, "is_feasible": false}, "AVD": 14.112024381868116}