{"name": "random-80-4.72-3.json", "solution": {"time": 0.016977555, "max_depth": 2, "is_feasible": false}, "AVD": 13.608676791958036}