{"name": "random-80-13.12-37.json", "solution": {"time": 0.00545758, "max_depth": 80, "is_feasible": true}, "AVD": 20.986346364572906}