{"name": "random-80-4.72-46.json", "solution": {"time": 0.020226131, "max_depth": 3, "is_feasible": false}, "AVD": 13.566692267291515}