{"name": "random-80-6.40-40.json", "solution": {"time": 0.023163476, "max_depth": 3, "is_feasible": false}, "AVD": 15.237986946647078}