{"name": "random-80-8.80-38.json", "solution": {"time": 0.007632613, "max_depth": 80, "is_feasible": true}, "AVD": 17.399321865634334}