{"name": "random-80-10.72-42.json", "solution": {"time": 0.006287505, "max_depth": 80, "is_feasible": true}, "AVD": 19.007713349150833}