{"name": "random-80-13.12-30.json", "solution": {"time": 0.009695362, "max_depth": 80, "is_feasible": true}, "AVD": 20.98912844967532}