{"name": "random-80-5.68-38.json", "solution": {"time": 0.018938563, "max_depth": 4, "is_feasible": false}, "AVD": 14.555642240571899}