{"name": "random-80-4.72-6.json", "solution": {"time": 0.016480561, "max_depth": 2, "is_feasible": false}, "AVD": 13.637878605769213}