{"name": "random-80-10.48-27.json", "solution": {"time": 0.0083378, "max_depth": 80, "is_feasible": true}, "AVD": 18.85507832792205}