{"name": "random-80-13.60-43.json", "solution": {"time": 0.00680492, "max_depth": 80, "is_feasible": true}, "AVD": 21.39303084415581}