{"name": "random-80-8.80-14.json", "solution": {"time": 0.00793307, "max_depth": 80, "is_feasible": true}, "AVD": 17.36488700362137}