{"name": "random-80-11.92-12.json", "solution": {"time": 0.007604544, "max_depth": 80, "is_feasible": true}, "AVD": 20.01060519168329}