{"name": "random-80-8.32-23.json", "solution": {"time": 0.007725291, "max_depth": 80, "is_feasible": true}, "AVD": 16.93723752809688}