{"name": "random-80-8.80-10.json", "solution": {"time": 0.010180943, "max_depth": 80, "is_feasible": true}, "AVD": 17.38999559034712}