{"name": "random-80-10.24-4.json", "solution": {"time": 0.006513415, "max_depth": 80, "is_feasible": true}, "AVD": 18.61660389610387}