{"name": "random-80-10.48-5.json", "solution": {"time": 0.00686619, "max_depth": 80, "is_feasible": true}, "AVD": 18.75321462131616}