{"name": "random-80-11.68-5.json", "solution": {"time": 0.00679783, "max_depth": 80, "is_feasible": true}, "AVD": 19.74657290365882}