{"name": "random-80-12.88-40.json", "solution": {"time": 0.005335463, "max_depth": 80, "is_feasible": true}, "AVD": 20.80291931505992}