{"name": "random-80-6.40-6.json", "solution": {"time": 0.018642871, "max_depth": 3, "is_feasible": false}, "AVD": 15.285108649163316}