{"name": "random-80-14.08-10.json", "solution": {"time": 0.005863311, "max_depth": 80, "is_feasible": true}, "AVD": 21.80626681911834}