{"name": "random-80-13.60-47.json", "solution": {"time": 0.007124704, "max_depth": 80, "is_feasible": true}, "AVD": 21.438152293019453}