{"name": "random-80-11.44-33.json", "solution": {"time": 0.005681902, "max_depth": 80, "is_feasible": true}, "AVD": 19.580467384178313}