{"name": "random-80-14.08-46.json", "solution": {"time": 0.005547837, "max_depth": 80, "is_feasible": true}, "AVD": 21.735798802759724}