{"name": "random-80-15.28-23.json", "solution": {"time": 0.005528693, "max_depth": 80, "is_feasible": true}, "AVD": 22.746346489448037}