{"name": "random-80-8.56-17.json", "solution": {"time": 0.017272686, "max_depth": 80, "is_feasible": true}, "AVD": 17.138400747689783}