{"name": "random-80-4.96-21.json", "solution": {"time": 0.018535367, "max_depth": 3, "is_feasible": false}, "AVD": 13.812978540990281}