{"name": "random-80-8.80-1.json", "solution": {"time": 0.010017855, "max_depth": 80, "is_feasible": true}, "AVD": 17.372193743756213}