{"name": "random-80-7.36-30.json", "solution": {"time": 0.016971497, "max_depth": 2, "is_feasible": false}, "AVD": 16.058672163773704}