{"name": "random-80-6.88-43.json", "solution": {"time": 0.020418529, "max_depth": 4, "is_feasible": false}, "AVD": 15.620905344655307}