{"name": "random-80-10.24-6.json", "solution": {"time": 0.007892096, "max_depth": 80, "is_feasible": true}, "AVD": 18.64211756993003}