{"name": "random-80-10.24-11.json", "solution": {"time": 0.007344265, "max_depth": 80, "is_feasible": true}, "AVD": 18.573102655157324}