{"name": "random-80-10.48-12.json", "solution": {"time": 0.008174778, "max_depth": 80, "is_feasible": true}, "AVD": 18.806328023538935}