{"name": "random-80-13.12-39.json", "solution": {"time": 0.007735817, "max_depth": 80, "is_feasible": true}, "AVD": 20.990866172889596}