{"name": "random-80-14.80-17.json", "solution": {"time": 0.00545819, "max_depth": 80, "is_feasible": true}, "AVD": 22.351571935876613}