{"name": "random-80-14.56-25.json", "solution": {"time": 0.007225956, "max_depth": 80, "is_feasible": true}, "AVD": 22.157267451298686}