{"name": "random-80-4.48-43.json", "solution": {"time": 0.02274215, "max_depth": 4, "is_feasible": false}, "AVD": 13.263254308191799}