{"name": "random-80-9.76-4.json", "solution": {"time": 0.007142214, "max_depth": 80, "is_feasible": true}, "AVD": 18.20845992288958}