{"name": "random-80-8.08-45.json", "solution": {"time": 0.020678324, "max_depth": 80, "is_feasible": true}, "AVD": 16.732479590721756}