{"name": "random-80-9.76-36.json", "solution": {"time": 0.010091959, "max_depth": 80, "is_feasible": true}, "AVD": 18.200222051386096}