{"name": "random-80-4.00-44.json", "solution": {"time": 0.017115844, "max_depth": 2, "is_feasible": false}, "AVD": 12.830408872377618}