{"name": "random-80-16.00-13.json", "solution": {"time": 0.00615015, "max_depth": 80, "is_feasible": true}, "AVD": 23.349825892857133}