{"name": "random-80-11.20-29.json", "solution": {"time": 0.005613384, "max_depth": 80, "is_feasible": true}, "AVD": 19.439530438311664}