{"name": "random-80-7.12-40.json", "solution": {"time": 0.019830487, "max_depth": 3, "is_feasible": false}, "AVD": 15.899216830044924}