{"name": "random-80-16.00-40.json", "solution": {"time": 0.005574159, "max_depth": 80, "is_feasible": true}, "AVD": 23.29748417207791}