{"name": "random-80-10.24-5.json", "solution": {"time": 0.006796041, "max_depth": 80, "is_feasible": true}, "AVD": 18.545621074238234}