{"name": "random-80-4.96-14.json", "solution": {"time": 0.022258607, "max_depth": 2, "is_feasible": false}, "AVD": 13.854412165959047}