{"name": "random-80-6.64-4.json", "solution": {"time": 0.019950336, "max_depth": 4, "is_feasible": false}, "AVD": 15.480340963723725}