{"name": "random-80-6.16-32.json", "solution": {"time": 0.023950375, "max_depth": 8, "is_feasible": false}, "AVD": 14.990078136707016}