{"name": "random-80-13.36-41.json", "solution": {"time": 0.005969455, "max_depth": 80, "is_feasible": true}, "AVD": 21.203609882305166}