{"name": "random-80-9.52-26.json", "solution": {"time": 0.006774163, "max_depth": 80, "is_feasible": true}, "AVD": 18.046142146915543}