{"name": "random-80-14.32-7.json", "solution": {"time": 0.005661376, "max_depth": 80, "is_feasible": true}, "AVD": 21.976162540584397}