{"name": "random-80-12.64-32.json", "solution": {"time": 0.012282964, "max_depth": 80, "is_feasible": true}, "AVD": 20.539763088474004}