{"name": "random-80-11.68-11.json", "solution": {"time": 0.006388828, "max_depth": 80, "is_feasible": true}, "AVD": 19.800505681818162}