{"name": "random-80-10.48-33.json", "solution": {"time": 0.007684684, "max_depth": 80, "is_feasible": true}, "AVD": 18.777320570054922}