{"name": "random-80-15.28-49.json", "solution": {"time": 0.005311475, "max_depth": 80, "is_feasible": true}, "AVD": 22.741395393668824}