{"name": "random-80-10.24-15.json", "solution": {"time": 0.007325491, "max_depth": 80, "is_feasible": true}, "AVD": 18.570429515796683}