{"name": "random-80-5.20-17.json", "solution": {"time": 0.016950802, "max_depth": 2, "is_feasible": false}, "AVD": 13.994695577859622}