{"name": "random-80-9.28-37.json", "solution": {"time": 0.007567038, "max_depth": 80, "is_feasible": true}, "AVD": 17.806100680569386}