{"name": "random-80-7.36-2.json", "solution": {"time": 0.018228426, "max_depth": 3, "is_feasible": false}, "AVD": 16.067028955419545}