{"name": "random-80-7.36-27.json", "solution": {"time": 0.028978528, "max_depth": 80, "is_feasible": true}, "AVD": 16.12361049887611}