{"name": "random-80-15.76-3.json", "solution": {"time": 0.006146321, "max_depth": 80, "is_feasible": true}, "AVD": 23.138728591720763}