{"name": "random-80-4.96-42.json", "solution": {"time": 0.019890214, "max_depth": 4, "is_feasible": false}, "AVD": 13.811158809940059}