{"name": "random-80-5.44-1.json", "solution": {"time": 0.017074328, "max_depth": 2, "is_feasible": false}, "AVD": 14.304882367632354}