{"name": "random-80-11.44-24.json", "solution": {"time": 0.005875912, "max_depth": 80, "is_feasible": true}, "AVD": 19.589591291520957}