{"name": "random-80-10.00-42.json", "solution": {"time": 0.007246695, "max_depth": 80, "is_feasible": true}, "AVD": 18.406526863761222}