{"name": "random-80-6.16-46.json", "solution": {"time": 0.039891568, "max_depth": 9, "is_feasible": false}, "AVD": 14.952383612481253}