{"name": "random-80-5.92-21.json", "solution": {"time": 0.021272146, "max_depth": 3, "is_feasible": false}, "AVD": 14.778614100742985}