{"name": "random-80-9.04-0.json", "solution": {"time": 0.007425185, "max_depth": 80, "is_feasible": true}, "AVD": 17.587060806381082}