{"name": "random-80-7.12-45.json", "solution": {"time": 0.026428196, "max_depth": 12, "is_feasible": false}, "AVD": 15.879624578546432}