{"name": "random-80-13.36-3.json", "solution": {"time": 0.006394327, "max_depth": 80, "is_feasible": true}, "AVD": 21.18424746347399}