{"name": "random-80-6.64-31.json", "solution": {"time": 0.022437296, "max_depth": 5, "is_feasible": false}, "AVD": 15.325475750811671}