{"name": "random-80-12.16-36.json", "solution": {"time": 0.006648318, "max_depth": 80, "is_feasible": true}, "AVD": 20.199207971715765}