{"name": "random-80-13.84-19.json", "solution": {"time": 0.005903124, "max_depth": 80, "is_feasible": true}, "AVD": 21.57264914772724}