{"name": "random-80-11.92-32.json", "solution": {"time": 0.0066217, "max_depth": 80, "is_feasible": true}, "AVD": 19.937957136613374}