{"name": "random-80-8.32-38.json", "solution": {"time": 0.010547636, "max_depth": 80, "is_feasible": true}, "AVD": 16.96964463661337}