{"name": "random-80-8.32-44.json", "solution": {"time": 0.032256785, "max_depth": 14, "is_feasible": false}, "AVD": 16.935971622127838}