{"name": "random-80-4.00-45.json", "solution": {"time": 0.016966339, "max_depth": 2, "is_feasible": false}, "AVD": 12.854444132613693}