{"name": "random-80-6.40-19.json", "solution": {"time": 0.03563814, "max_depth": 8, "is_feasible": false}, "AVD": 15.180084040958999}