{"name": "random-80-11.20-23.json", "solution": {"time": 0.006091688, "max_depth": 80, "is_feasible": true}, "AVD": 19.384386543144327}