{"name": "random-80-4.96-12.json", "solution": {"time": 0.023792558, "max_depth": 6, "is_feasible": false}, "AVD": 13.833462588193054}