{"name": "random-80-4.24-15.json", "solution": {"time": 0.022187413, "max_depth": 3, "is_feasible": false}, "AVD": 13.075824408587744}