{"name": "random-80-6.88-6.json", "solution": {"time": 0.024810037, "max_depth": 8, "is_feasible": false}, "AVD": 15.733234585726752}