{"name": "random-80-7.36-33.json", "solution": {"time": 0.018953242, "max_depth": 80, "is_feasible": true}, "AVD": 16.03951281530965}