{"name": "random-80-14.80-22.json", "solution": {"time": 0.004965503, "max_depth": 80, "is_feasible": true}, "AVD": 22.32801633522726}