{"name": "random-80-7.12-25.json", "solution": {"time": 0.017343682, "max_depth": 3, "is_feasible": false}, "AVD": 15.873508198832402}