{"name": "random-80-4.96-27.json", "solution": {"time": 0.020429321, "max_depth": 4, "is_feasible": false}, "AVD": 13.852562827797186}