{"name": "random-80-4.24-41.json", "solution": {"time": 0.017393998, "max_depth": 2, "is_feasible": false}, "AVD": 13.072236529095923}