{"name": "random-80-14.80-18.json", "solution": {"time": 0.006915353, "max_depth": 80, "is_feasible": true}, "AVD": 22.4040378449675}