{"name": "random-80-11.68-6.json", "solution": {"time": 0.007451724, "max_depth": 80, "is_feasible": true}, "AVD": 19.8226114822677}