{"name": "random-80-14.32-11.json", "solution": {"time": 0.005012407, "max_depth": 80, "is_feasible": true}, "AVD": 21.979097402597393}