{"name": "random-80-7.60-43.json", "solution": {"time": 0.024525837, "max_depth": 5, "is_feasible": false}, "AVD": 16.27997854489256}