{"name": "random-80-8.80-29.json", "solution": {"time": 0.008026935, "max_depth": 80, "is_feasible": true}, "AVD": 17.426576704545404}