{"name": "random-80-15.04-10.json", "solution": {"time": 0.005401314, "max_depth": 80, "is_feasible": true}, "AVD": 22.583882890546914}