{"name": "random-80-4.48-46.json", "solution": {"time": 0.018641846, "max_depth": 3, "is_feasible": false}, "AVD": 13.304959851270041}