{"name": "random-80-9.52-20.json", "solution": {"time": 0.006794333, "max_depth": 80, "is_feasible": true}, "AVD": 17.98737599900097}