{"name": "random-80-11.20-19.json", "solution": {"time": 0.005874389, "max_depth": 80, "is_feasible": true}, "AVD": 19.408758499313155}