{"name": "random-80-10.48-1.json", "solution": {"time": 0.009976182, "max_depth": 80, "is_feasible": true}, "AVD": 18.812793401910568}