{"name": "random-80-10.96-23.json", "solution": {"time": 0.007107082, "max_depth": 80, "is_feasible": true}, "AVD": 19.176443259865103}