{"name": "random-80-4.24-37.json", "solution": {"time": 0.020263968, "max_depth": 3, "is_feasible": false}, "AVD": 13.106712517950806}