{"name": "random-80-6.16-31.json", "solution": {"time": 0.022729676, "max_depth": 4, "is_feasible": false}, "AVD": 14.884450112387606}