{"name": "random-80-11.44-42.json", "solution": {"time": 0.005963946, "max_depth": 80, "is_feasible": true}, "AVD": 19.6153332526848}