{"name": "random-80-13.60-1.json", "solution": {"time": 0.005182938, "max_depth": 80, "is_feasible": true}, "AVD": 21.39825679788959}