{"name": "random-80-4.96-32.json", "solution": {"time": 0.017100803, "max_depth": 3, "is_feasible": false}, "AVD": 13.811831625405812}