{"name": "random-80-9.28-40.json", "solution": {"time": 0.011929666, "max_depth": 80, "is_feasible": true}, "AVD": 17.813003246753233}