{"name": "random-80-9.52-13.json", "solution": {"time": 0.009666928, "max_depth": 80, "is_feasible": true}, "AVD": 18.033596949925045}