{"name": "random-80-15.76-33.json", "solution": {"time": 0.005897435, "max_depth": 80, "is_feasible": true}, "AVD": 23.113739627559937}