{"name": "random-80-6.64-47.json", "solution": {"time": 0.033228928, "max_depth": 9, "is_feasible": false}, "AVD": 15.434755634990001}