{"name": "random-80-11.92-18.json", "solution": {"time": 0.006900193, "max_depth": 80, "is_feasible": true}, "AVD": 20.035099228896073}