{"name": "random-80-8.80-11.json", "solution": {"time": 0.00813289, "max_depth": 80, "is_feasible": true}, "AVD": 17.351895065871616}