{"name": "random-80-15.76-39.json", "solution": {"time": 0.011626271, "max_depth": 80, "is_feasible": true}, "AVD": 23.153045860389604}