{"name": "random-80-7.60-23.json", "solution": {"time": 0.01364446, "max_depth": 80, "is_feasible": true}, "AVD": 16.29868890484513}