{"name": "random-80-5.20-43.json", "solution": {"time": 0.01885518, "max_depth": 4, "is_feasible": false}, "AVD": 13.992974010364625}