{"name": "random-80-16.00-18.json", "solution": {"time": 0.007073387, "max_depth": 80, "is_feasible": true}, "AVD": 23.370972605519455}