{"name": "random-80-16.00-25.json", "solution": {"time": 0.005216592, "max_depth": 80, "is_feasible": true}, "AVD": 23.300708502435057}