{"name": "random-80-5.44-39.json", "solution": {"time": 0.018232308, "max_depth": 2, "is_feasible": false}, "AVD": 14.306116243131845}