{"name": "random-80-8.56-4.json", "solution": {"time": 0.012376166, "max_depth": 80, "is_feasible": true}, "AVD": 17.19452262581165}