{"name": "random-80-15.28-33.json", "solution": {"time": 0.005221691, "max_depth": 80, "is_feasible": true}, "AVD": 22.73195188405344}