{"name": "random-80-13.60-0.json", "solution": {"time": 0.005984657, "max_depth": 80, "is_feasible": true}, "AVD": 21.383456754183307}