{"name": "random-80-14.32-0.json", "solution": {"time": 0.005729309, "max_depth": 80, "is_feasible": true}, "AVD": 21.957157163149333}