{"name": "random-80-12.88-48.json", "solution": {"time": 0.005359239, "max_depth": 80, "is_feasible": true}, "AVD": 20.79350994318179}