{"name": "random-80-9.28-10.json", "solution": {"time": 0.016206256, "max_depth": 80, "is_feasible": true}, "AVD": 17.791938366321155}