{"name": "random-80-11.68-44.json", "solution": {"time": 0.005989241, "max_depth": 80, "is_feasible": true}, "AVD": 19.809761644605363}