{"name": "random-80-11.44-41.json", "solution": {"time": 0.005652681, "max_depth": 80, "is_feasible": true}, "AVD": 19.618900646228745}