{"name": "random-80-5.20-22.json", "solution": {"time": 0.018125727, "max_depth": 2, "is_feasible": false}, "AVD": 14.084553267045447}