{"name": "random-80-7.60-27.json", "solution": {"time": 0.01977024, "max_depth": 80, "is_feasible": true}, "AVD": 16.34114458978519}