{"name": "random-80-14.08-28.json", "solution": {"time": 0.00608753, "max_depth": 80, "is_feasible": true}, "AVD": 21.804414671266215}