{"name": "random-80-12.40-0.json", "solution": {"time": 0.006425692, "max_depth": 80, "is_feasible": true}, "AVD": 20.38369701392356}