{"name": "random-80-14.32-26.json", "solution": {"time": 0.005426501, "max_depth": 80, "is_feasible": true}, "AVD": 22.03292481737011}