{"name": "random-80-7.84-2.json", "solution": {"time": 0.020245509, "max_depth": 3, "is_feasible": false}, "AVD": 16.501165162962003}