{"name": "random-80-14.56-16.json", "solution": {"time": 0.005775462, "max_depth": 80, "is_feasible": true}, "AVD": 22.11865036525972}