{"name": "random-80-6.64-34.json", "solution": {"time": 0.024128855, "max_depth": 6, "is_feasible": false}, "AVD": 15.411765484515456}