{"name": "random-80-11.44-35.json", "solution": {"time": 0.006033897, "max_depth": 80, "is_feasible": true}, "AVD": 19.636037439123353}