{"name": "random-80-13.84-48.json", "solution": {"time": 0.005363367, "max_depth": 80, "is_feasible": true}, "AVD": 21.571274857954528}