{"name": "random-80-11.44-22.json", "solution": {"time": 0.007750923, "max_depth": 80, "is_feasible": true}, "AVD": 19.610072037337638}