{"name": "random-80-14.80-41.json", "solution": {"time": 0.005868482, "max_depth": 80, "is_feasible": true}, "AVD": 22.37311678165583}