{"name": "random-80-6.40-24.json", "solution": {"time": 0.021219371, "max_depth": 3, "is_feasible": false}, "AVD": 15.199744919143336}