{"name": "random-80-4.48-26.json", "solution": {"time": 0.01710801, "max_depth": 2, "is_feasible": false}, "AVD": 13.367718067089157}