{"name": "random-80-4.00-11.json", "solution": {"time": 0.021839638, "max_depth": 2, "is_feasible": false}, "AVD": 12.831790221497226}