{"name": "random-80-10.72-43.json", "solution": {"time": 0.005963584, "max_depth": 80, "is_feasible": true}, "AVD": 18.96711318369127}