{"name": "random-80-4.48-30.json", "solution": {"time": 0.017498753, "max_depth": 2, "is_feasible": false}, "AVD": 13.328602331262482}