{"name": "random-80-14.08-1.json", "solution": {"time": 0.005968309, "max_depth": 80, "is_feasible": true}, "AVD": 21.792407670454516}