{"name": "random-80-8.08-18.json", "solution": {"time": 0.026264597, "max_depth": 80, "is_feasible": true}, "AVD": 16.750891210352115}