{"name": "random-80-12.88-43.json", "solution": {"time": 0.005735336, "max_depth": 80, "is_feasible": true}, "AVD": 20.803371043019446}