{"name": "random-80-13.60-46.json", "solution": {"time": 0.005382413, "max_depth": 80, "is_feasible": true}, "AVD": 21.3632539569805}