{"name": "random-80-9.76-14.json", "solution": {"time": 0.010799621, "max_depth": 80, "is_feasible": true}, "AVD": 18.207063366321147}