{"name": "random-80-12.40-5.json", "solution": {"time": 0.006549139, "max_depth": 80, "is_feasible": true}, "AVD": 20.34787444586662}