{"name": "random-80-8.32-10.json", "solution": {"time": 0.009717107, "max_depth": 80, "is_feasible": true}, "AVD": 16.95886034278219}