{"name": "random-80-7.84-49.json", "solution": {"time": 0.031995929, "max_depth": 8, "is_feasible": false}, "AVD": 16.5032870410839}