{"name": "random-80-16.00-39.json", "solution": {"time": 0.005656634, "max_depth": 80, "is_feasible": true}, "AVD": 23.33272443181818}