{"name": "random-80-15.52-39.json", "solution": {"time": 0.010218668, "max_depth": 80, "is_feasible": true}, "AVD": 22.936512581168824}