{"name": "random-80-7.84-9.json", "solution": {"time": 0.021540561, "max_depth": 4, "is_feasible": false}, "AVD": 16.548653319336886}