{"name": "random-80-9.52-40.json", "solution": {"time": 0.019484085, "max_depth": 80, "is_feasible": true}, "AVD": 18.008860998376605}