{"name": "random-80-8.80-43.json", "solution": {"time": 0.007054883, "max_depth": 80, "is_feasible": true}, "AVD": 17.334435650287176}