{"name": "random-80-7.12-34.json", "solution": {"time": 0.029622543, "max_depth": 9, "is_feasible": false}, "AVD": 15.868930124562922}