{"name": "random-80-5.44-28.json", "solution": {"time": 0.016239605, "max_depth": 2, "is_feasible": false}, "AVD": 14.321032748501489}