{"name": "random-80-7.60-39.json", "solution": {"time": 0.013077233, "max_depth": 80, "is_feasible": true}, "AVD": 16.32355761426071}