{"name": "random-80-15.04-24.json", "solution": {"time": 0.005543594, "max_depth": 80, "is_feasible": true}, "AVD": 22.55612104301946}