{"name": "random-80-13.60-37.json", "solution": {"time": 0.006047176, "max_depth": 80, "is_feasible": true}, "AVD": 21.372703507430042}