{"name": "random-80-9.52-3.json", "solution": {"time": 0.013197545, "max_depth": 80, "is_feasible": true}, "AVD": 18.01005322021724}