{"name": "random-80-4.72-30.json", "solution": {"time": 0.017700041, "max_depth": 2, "is_feasible": false}, "AVD": 13.561524253090662}