{"name": "random-80-11.68-3.json", "solution": {"time": 0.007932341, "max_depth": 80, "is_feasible": true}, "AVD": 19.810289725899068}