{"name": "random-80-14.32-25.json", "solution": {"time": 0.006306778, "max_depth": 80, "is_feasible": true}, "AVD": 21.97718709415583}