{"name": "random-80-10.72-44.json", "solution": {"time": 0.006403501, "max_depth": 80, "is_feasible": true}, "AVD": 18.996559229832627}