{"name": "random-80-10.96-45.json", "solution": {"time": 0.008316889, "max_depth": 80, "is_feasible": true}, "AVD": 19.15997763174324}