{"name": "random-80-7.60-49.json", "solution": {"time": 0.028393972, "max_depth": 6, "is_feasible": false}, "AVD": 16.293631251560917}