{"name": "random-80-14.32-16.json", "solution": {"time": 0.010376245, "max_depth": 80, "is_feasible": true}, "AVD": 21.929981206293693}