{"name": "random-80-6.16-7.json", "solution": {"time": 0.017772954, "max_depth": 3, "is_feasible": false}, "AVD": 15.009615072427568}