{"name": "random-80-11.44-25.json", "solution": {"time": 0.006519557, "max_depth": 80, "is_feasible": true}, "AVD": 19.610027573988496}