{"name": "random-80-11.68-49.json", "solution": {"time": 0.005787888, "max_depth": 80, "is_feasible": true}, "AVD": 19.783597808441527}