{"name": "random-80-10.96-15.json", "solution": {"time": 0.008388914, "max_depth": 80, "is_feasible": true}, "AVD": 19.203572294892588}