{"name": "random-80-5.92-23.json", "solution": {"time": 0.01789972, "max_depth": 2, "is_feasible": false}, "AVD": 14.747693072552426}