{"name": "random-80-14.32-4.json", "solution": {"time": 0.007255242, "max_depth": 80, "is_feasible": true}, "AVD": 21.99342864947551}