{"name": "random-80-10.96-4.json", "solution": {"time": 0.006493425, "max_depth": 80, "is_feasible": true}, "AVD": 19.22390300324674}