{"name": "random-80-4.48-24.json", "solution": {"time": 0.018029714, "max_depth": 2, "is_feasible": false}, "AVD": 13.323670587225275}