{"name": "random-80-12.40-1.json", "solution": {"time": 0.00582762, "max_depth": 80, "is_feasible": true}, "AVD": 20.41920728490257}