{"name": "random-80-10.96-41.json", "solution": {"time": 0.006592995, "max_depth": 80, "is_feasible": true}, "AVD": 19.21693440934062}