{"name": "random-80-12.16-12.json", "solution": {"time": 0.007451964, "max_depth": 80, "is_feasible": true}, "AVD": 20.210383093469}