{"name": "random-80-5.20-40.json", "solution": {"time": 0.018379323, "max_depth": 3, "is_feasible": false}, "AVD": 14.060704309936364}