{"name": "random-80-4.00-19.json", "solution": {"time": 0.018117215, "max_depth": 2, "is_feasible": false}, "AVD": 12.782648983828677}