{"name": "random-80-4.72-25.json", "solution": {"time": 0.01682958, "max_depth": 3, "is_feasible": false}, "AVD": 13.617825038243002}