{"name": "random-80-14.32-31.json", "solution": {"time": 0.007019152, "max_depth": 80, "is_feasible": true}, "AVD": 21.959682302072913}