{"name": "random-80-6.16-11.json", "solution": {"time": 0.016623128, "max_depth": 3, "is_feasible": false}, "AVD": 14.972473916708259}