{"name": "random-80-14.08-32.json", "solution": {"time": 0.005052824, "max_depth": 80, "is_feasible": true}, "AVD": 21.73452039366881}