{"name": "random-80-7.36-6.json", "solution": {"time": 0.026879281, "max_depth": 8, "is_feasible": false}, "AVD": 16.157098144043434}