{"name": "random-80-10.00-23.json", "solution": {"time": 0.006185093, "max_depth": 80, "is_feasible": true}, "AVD": 18.382776130119847}