{"name": "random-80-8.80-26.json", "solution": {"time": 0.009802961, "max_depth": 80, "is_feasible": true}, "AVD": 17.440581676136325}