{"name": "random-80-5.68-1.json", "solution": {"time": 0.016988055, "max_depth": 2, "is_feasible": false}, "AVD": 14.533171250624353}