{"name": "random-80-12.88-21.json", "solution": {"time": 0.008115672, "max_depth": 80, "is_feasible": true}, "AVD": 20.810243405032445}