{"name": "random-80-10.96-8.json", "solution": {"time": 0.005879539, "max_depth": 80, "is_feasible": true}, "AVD": 19.239777472527432}