{"name": "random-80-14.32-5.json", "solution": {"time": 0.008583746, "max_depth": 80, "is_feasible": true}, "AVD": 21.913241633366617}