{"name": "random-80-10.48-18.json", "solution": {"time": 0.00897745, "max_depth": 80, "is_feasible": true}, "AVD": 18.828579927884583}