{"name": "random-80-13.84-43.json", "solution": {"time": 0.00717385, "max_depth": 80, "is_feasible": true}, "AVD": 21.57208664772724}