{"name": "random-80-6.40-9.json", "solution": {"time": 0.01824653, "max_depth": 3, "is_feasible": false}, "AVD": 15.25365532514358}