{"name": "random-80-13.12-13.json", "solution": {"time": 0.005964536, "max_depth": 80, "is_feasible": true}, "AVD": 21.024693790584397}