{"name": "random-80-12.64-35.json", "solution": {"time": 0.006015973, "max_depth": 80, "is_feasible": true}, "AVD": 20.614294338474004}