{"name": "random-80-6.64-11.json", "solution": {"time": 0.017738997, "max_depth": 4, "is_feasible": false}, "AVD": 15.419056068931052}