{"name": "random-80-6.88-31.json", "solution": {"time": 0.02157613, "max_depth": 5, "is_feasible": false}, "AVD": 15.54735853989759}