{"name": "random-80-6.16-35.json", "solution": {"time": 0.022585938, "max_depth": 6, "is_feasible": false}, "AVD": 14.980548229114612}