{"name": "random-80-9.76-17.json", "solution": {"time": 0.016359467, "max_depth": 80, "is_feasible": true}, "AVD": 18.162648695054912}