{"name": "random-80-12.16-19.json", "solution": {"time": 0.006139422, "max_depth": 80, "is_feasible": true}, "AVD": 20.20494437593654}