{"name": "random-80-13.12-44.json", "solution": {"time": 0.005320088, "max_depth": 80, "is_feasible": true}, "AVD": 20.992253527722255}