{"name": "random-80-16.00-33.json", "solution": {"time": 0.006293154, "max_depth": 80, "is_feasible": true}, "AVD": 23.313959493631362}