{"name": "random-80-13.84-29.json", "solution": {"time": 0.006279849, "max_depth": 80, "is_feasible": true}, "AVD": 21.60848021509738}