{"name": "random-80-14.32-1.json", "solution": {"time": 0.009627553, "max_depth": 80, "is_feasible": true}, "AVD": 21.98339650974023}