{"name": "random-80-4.24-12.json", "solution": {"time": 0.02069525, "max_depth": 4, "is_feasible": false}, "AVD": 13.070473272820925}