{"name": "random-80-15.28-48.json", "solution": {"time": 0.005213532, "max_depth": 80, "is_feasible": true}, "AVD": 22.686750710227262}