{"name": "random-80-4.48-41.json", "solution": {"time": 0.01710981, "max_depth": 2, "is_feasible": false}, "AVD": 13.315812164398116}