{"name": "random-80-10.96-27.json", "solution": {"time": 0.008808052, "max_depth": 80, "is_feasible": true}, "AVD": 19.262153003246727}