{"name": "random-80-14.32-47.json", "solution": {"time": 0.00576625, "max_depth": 80, "is_feasible": true}, "AVD": 22.01739579951296}