{"name": "random-80-10.24-48.json", "solution": {"time": 0.006796469, "max_depth": 80, "is_feasible": true}, "AVD": 18.59629208291706}