{"name": "random-80-6.88-45.json", "solution": {"time": 0.030873566, "max_depth": 12, "is_feasible": false}, "AVD": 15.673902074487989}