{"name": "random-80-12.40-27.json", "solution": {"time": 0.006550599, "max_depth": 80, "is_feasible": true}, "AVD": 20.445631087662314}