{"name": "random-80-11.20-42.json", "solution": {"time": 0.006989998, "max_depth": 80, "is_feasible": true}, "AVD": 19.41729307411337}