{"name": "random-80-9.04-11.json", "solution": {"time": 0.007693599, "max_depth": 80, "is_feasible": true}, "AVD": 17.56101448551447}