{"name": "random-80-13.84-8.json", "solution": {"time": 0.005265836, "max_depth": 80, "is_feasible": true}, "AVD": 21.59082931911835}