{"name": "random-80-4.48-35.json", "solution": {"time": 0.018842071, "max_depth": 3, "is_feasible": false}, "AVD": 13.32490457841789}