{"name": "random-80-10.48-9.json", "solution": {"time": 0.007436765, "max_depth": 80, "is_feasible": true}, "AVD": 18.829573434378077}