{"name": "random-80-12.40-16.json", "solution": {"time": 0.006638786, "max_depth": 80, "is_feasible": true}, "AVD": 20.36725997440057}