{"name": "random-80-11.68-35.json", "solution": {"time": 0.006053836, "max_depth": 80, "is_feasible": true}, "AVD": 19.82697422889608}