{"name": "random-80-7.60-21.json", "solution": {"time": 0.037483712, "max_depth": 11, "is_feasible": false}, "AVD": 16.337659730894085}