{"name": "random-80-15.28-16.json", "solution": {"time": 0.005284628, "max_depth": 80, "is_feasible": true}, "AVD": 22.69720900974024}