{"name": "random-80-9.76-28.json", "solution": {"time": 0.008573092, "max_depth": 80, "is_feasible": true}, "AVD": 18.229801979270697}