{"name": "random-80-7.36-13.json", "solution": {"time": 0.049297843, "max_depth": 10, "is_feasible": false}, "AVD": 16.13413882992004}