{"name": "random-80-6.16-17.json", "solution": {"time": 0.018332779, "max_depth": 3, "is_feasible": false}, "AVD": 14.920574932879607}