{"name": "random-80-14.32-21.json", "solution": {"time": 0.006017632, "max_depth": 80, "is_feasible": true}, "AVD": 21.951915685876607}