{"name": "random-80-12.40-10.json", "solution": {"time": 0.005939386, "max_depth": 80, "is_feasible": true}, "AVD": 20.405667387300163}