{"name": "random-80-15.76-49.json", "solution": {"time": 0.009856358, "max_depth": 80, "is_feasible": true}, "AVD": 23.144757203733764}