{"name": "random-80-5.92-32.json", "solution": {"time": 0.023488337, "max_depth": 8, "is_feasible": false}, "AVD": 14.753267182036689}