{"name": "random-80-10.72-7.json", "solution": {"time": 0.006096883, "max_depth": 80, "is_feasible": true}, "AVD": 19.018220677759714}