{"name": "random-80-8.32-46.json", "solution": {"time": 0.01486973, "max_depth": 80, "is_feasible": true}, "AVD": 16.919895065871597}