{"name": "random-80-5.44-3.json", "solution": {"time": 0.01706117, "max_depth": 2, "is_feasible": false}, "AVD": 14.329450650911559}