{"name": "random-80-14.08-49.json", "solution": {"time": 0.009827381, "max_depth": 80, "is_feasible": true}, "AVD": 21.786915077110372}