{"name": "random-80-10.72-18.json", "solution": {"time": 0.006791871, "max_depth": 80, "is_feasible": true}, "AVD": 19.03483725649347}