{"name": "random-80-10.24-28.json", "solution": {"time": 0.006669727, "max_depth": 80, "is_feasible": true}, "AVD": 18.631609960352115}