{"name": "random-80-4.24-33.json", "solution": {"time": 0.017642448, "max_depth": 3, "is_feasible": false}, "AVD": 13.034152557001807}