{"name": "random-80-9.52-30.json", "solution": {"time": 0.008193276, "max_depth": 80, "is_feasible": true}, "AVD": 17.961197903658807}