{"name": "random-80-11.44-23.json", "solution": {"time": 0.005987886, "max_depth": 80, "is_feasible": true}, "AVD": 19.579080029345626}