{"name": "random-80-6.88-46.json", "solution": {"time": 0.036400937, "max_depth": 9, "is_feasible": false}, "AVD": 15.617770502934553}