{"name": "random-80-5.20-47.json", "solution": {"time": 0.027066563, "max_depth": 9, "is_feasible": false}, "AVD": 14.044768579077163}