{"name": "random-80-4.00-20.json", "solution": {"time": 0.019525057, "max_depth": 3, "is_feasible": false}, "AVD": 12.793495592872219}