{"name": "random-80-11.92-31.json", "solution": {"time": 0.006564752, "max_depth": 80, "is_feasible": true}, "AVD": 19.965743358204286}