{"name": "random-80-9.28-28.json", "solution": {"time": 0.007934756, "max_depth": 80, "is_feasible": true}, "AVD": 17.823205162025445}