{"name": "random-80-6.64-26.json", "solution": {"time": 0.020518107, "max_depth": 3, "is_feasible": false}, "AVD": 15.471647711663326}