{"name": "random-80-11.20-3.json", "solution": {"time": 0.008480562, "max_depth": 80, "is_feasible": true}, "AVD": 19.40628505869128}