{"name": "random-80-4.72-37.json", "solution": {"time": 0.019999908, "max_depth": 3, "is_feasible": false}, "AVD": 13.61778078562062}