{"name": "random-80-8.56-28.json", "solution": {"time": 0.008277974, "max_depth": 80, "is_feasible": true}, "AVD": 17.177389977210265}