{"name": "random-80-9.28-48.json", "solution": {"time": 0.015957241, "max_depth": 80, "is_feasible": true}, "AVD": 17.791708252684778}