{"name": "random-80-15.76-31.json", "solution": {"time": 0.00552658, "max_depth": 80, "is_feasible": true}, "AVD": 23.143119294767725}