{"name": "random-80-8.08-13.json", "solution": {"time": 0.012687988, "max_depth": 80, "is_feasible": true}, "AVD": 16.769036682067885}