{"name": "random-80-13.84-32.json", "solution": {"time": 0.005919238, "max_depth": 80, "is_feasible": true}, "AVD": 21.536590706168813}