{"name": "random-80-12.88-42.json", "solution": {"time": 0.0053849, "max_depth": 80, "is_feasible": true}, "AVD": 20.775651481331145}