{"name": "random-80-8.80-4.json", "solution": {"time": 0.012425844, "max_depth": 80, "is_feasible": true}, "AVD": 17.396610795454514}