{"name": "random-80-6.88-22.json", "solution": {"time": 0.018258409, "max_depth": 3, "is_feasible": false}, "AVD": 15.680192198426562}