{"name": "random-80-13.60-14.json", "solution": {"time": 0.005027471, "max_depth": 80, "is_feasible": true}, "AVD": 21.435120637175295}