{"name": "random-80-12.88-17.json", "solution": {"time": 0.006153306, "max_depth": 80, "is_feasible": true}, "AVD": 20.795414140546946}