{"name": "random-80-5.92-26.json", "solution": {"time": 0.019156394, "max_depth": 3, "is_feasible": false}, "AVD": 14.798261246565938}