{"name": "random-80-7.84-7.json", "solution": {"time": 0.018699885, "max_depth": 4, "is_feasible": false}, "AVD": 16.524048404720258}