{"name": "random-80-14.08-8.json", "solution": {"time": 0.005482207, "max_depth": 80, "is_feasible": true}, "AVD": 21.77209494411835}