{"name": "random-80-12.16-46.json", "solution": {"time": 0.006437232, "max_depth": 80, "is_feasible": true}, "AVD": 20.177737723214268}