{"name": "random-80-15.52-12.json", "solution": {"time": 0.006264777, "max_depth": 80, "is_feasible": true}, "AVD": 22.910261644605377}