{"name": "random-80-5.92-22.json", "solution": {"time": 0.021936164, "max_depth": 2, "is_feasible": false}, "AVD": 14.770743209915073}