{"name": "random-80-4.00-2.json", "solution": {"time": 0.017462474, "max_depth": 2, "is_feasible": false}, "AVD": 12.729368229426829}