{"name": "random-80-10.48-6.json", "solution": {"time": 0.007796643, "max_depth": 80, "is_feasible": true}, "AVD": 18.841181388923538}