{"name": "random-80-5.92-31.json", "solution": {"time": 0.025522519, "max_depth": 4, "is_feasible": false}, "AVD": 14.660506345217275}