{"name": "random-80-4.00-35.json", "solution": {"time": 0.017917074, "max_depth": 2, "is_feasible": false}, "AVD": 12.813579234414467}