{"name": "random-80-11.20-26.json", "solution": {"time": 0.005940743, "max_depth": 80, "is_feasible": true}, "AVD": 19.476882812499962}