{"name": "random-80-8.80-12.json", "solution": {"time": 0.007762966, "max_depth": 80, "is_feasible": true}, "AVD": 17.389844639735248}