{"name": "random-80-9.04-23.json", "solution": {"time": 0.008372199, "max_depth": 80, "is_feasible": true}, "AVD": 17.566232501873106}