{"name": "random-80-12.16-40.json", "solution": {"time": 0.007262887, "max_depth": 80, "is_feasible": true}, "AVD": 20.213369091845625}