{"name": "random-80-4.72-0.json", "solution": {"time": 0.020069714, "max_depth": 4, "is_feasible": false}, "AVD": 13.626474845467026}