{"name": "random-80-15.04-7.json", "solution": {"time": 0.004985536, "max_depth": 80, "is_feasible": true}, "AVD": 22.54735115665583}