{"name": "random-80-13.60-26.json", "solution": {"time": 0.005426487, "max_depth": 80, "is_feasible": true}, "AVD": 21.461685978084393}