{"name": "random-80-4.96-46.json", "solution": {"time": 0.019794883, "max_depth": 3, "is_feasible": false}, "AVD": 13.805827257301512}