{"name": "random-80-12.16-6.json", "solution": {"time": 0.006491105, "max_depth": 80, "is_feasible": true}, "AVD": 20.229027776910556}