{"name": "random-80-11.92-36.json", "solution": {"time": 0.006976916, "max_depth": 80, "is_feasible": true}, "AVD": 20.00723321210038}