{"name": "random-80-5.68-33.json", "solution": {"time": 0.021005887, "max_depth": 7, "is_feasible": false}, "AVD": 14.466283176382415}