{"name": "random-80-7.60-29.json", "solution": {"time": 0.028604909, "max_depth": 7, "is_feasible": false}, "AVD": 16.373626576548407}