{"name": "random-80-11.20-15.json", "solution": {"time": 0.011213981, "max_depth": 80, "is_feasible": true}, "AVD": 19.391738589535443}