{"name": "random-80-7.84-20.json", "solution": {"time": 0.030556814, "max_depth": 80, "is_feasible": true}, "AVD": 16.493376560939048}