{"name": "random-80-8.32-6.json", "solution": {"time": 0.027531789, "max_depth": 80, "is_feasible": true}, "AVD": 17.009873150287195}