{"name": "random-80-4.48-11.json", "solution": {"time": 0.016788771, "max_depth": 2, "is_feasible": false}, "AVD": 13.327175324675306}