{"name": "random-80-12.88-19.json", "solution": {"time": 0.006522253, "max_depth": 80, "is_feasible": true}, "AVD": 20.77384007398848}