{"name": "random-80-8.56-48.json", "solution": {"time": 0.026766831, "max_depth": 80, "is_feasible": true}, "AVD": 17.186069251061397}