{"name": "random-80-15.04-9.json", "solution": {"time": 0.005425979, "max_depth": 80, "is_feasible": true}, "AVD": 22.551820109577907}