{"name": "random-80-12.64-36.json", "solution": {"time": 0.005836797, "max_depth": 80, "is_feasible": true}, "AVD": 20.592833783404075}