{"name": "random-80-12.64-49.json", "solution": {"time": 0.00598794, "max_depth": 80, "is_feasible": true}, "AVD": 20.580137073863618}