{"name": "random-80-6.16-41.json", "solution": {"time": 0.018748785, "max_depth": 3, "is_feasible": false}, "AVD": 14.9647420001873}