{"name": "random-80-9.52-6.json", "solution": {"time": 0.007589791, "max_depth": 80, "is_feasible": true}, "AVD": 18.037725930319635}