{"name": "random-80-11.44-39.json", "solution": {"time": 0.006289592, "max_depth": 80, "is_feasible": true}, "AVD": 19.622065340909064}