{"name": "random-80-6.88-40.json", "solution": {"time": 0.018204995, "max_depth": 3, "is_feasible": false}, "AVD": 15.686824050949024}