{"name": "random-80-14.80-35.json", "solution": {"time": 0.005493005, "max_depth": 80, "is_feasible": true}, "AVD": 22.338043628246734}