{"name": "random-80-4.48-29.json", "solution": {"time": 0.01629365, "max_depth": 0, "is_feasible": false}, "AVD": 13.377466919798957}