{"name": "random-80-8.08-34.json", "solution": {"time": 0.018095643, "max_depth": 80, "is_feasible": true}, "AVD": 16.721957721965502}