{"name": "random-80-4.96-47.json", "solution": {"time": 0.018551125, "max_depth": 4, "is_feasible": false}, "AVD": 13.799864943650084}