{"name": "random-80-10.00-28.json", "solution": {"time": 0.005699385, "max_depth": 80, "is_feasible": true}, "AVD": 18.445743256743224}