{"name": "random-80-6.16-48.json", "solution": {"time": 0.026583715, "max_depth": 4, "is_feasible": false}, "AVD": 15.036188350711754}