{"name": "random-80-6.40-35.json", "solution": {"time": 0.032653168, "max_depth": 14, "is_feasible": false}, "AVD": 15.20917069258864}