{"name": "random-80-15.52-37.json", "solution": {"time": 0.005703054, "max_depth": 80, "is_feasible": true}, "AVD": 22.908565645292196}