{"name": "random-80-6.88-16.json", "solution": {"time": 0.025137734, "max_depth": 8, "is_feasible": false}, "AVD": 15.613186493194272}