{"name": "random-80-8.56-10.json", "solution": {"time": 0.00995626, "max_depth": 80, "is_feasible": true}, "AVD": 17.180334673139324}