{"name": "random-80-12.40-36.json", "solution": {"time": 0.006103141, "max_depth": 80, "is_feasible": true}, "AVD": 20.401034980644333}