{"name": "random-80-5.68-48.json", "solution": {"time": 0.024495168, "max_depth": 4, "is_feasible": false}, "AVD": 14.594705856643335}