{"name": "random-80-15.04-21.json", "solution": {"time": 0.005825283, "max_depth": 80, "is_feasible": true}, "AVD": 22.555095576298687}