{"name": "random-80-8.56-2.json", "solution": {"time": 0.02665097, "max_depth": 80, "is_feasible": true}, "AVD": 17.152956629308175}