{"name": "random-80-7.36-20.json", "solution": {"time": 0.040882281, "max_depth": 7, "is_feasible": false}, "AVD": 16.076940910651842}