{"name": "random-80-5.68-30.json", "solution": {"time": 0.017423038, "max_depth": 2, "is_feasible": false}, "AVD": 14.506264251373597}