{"name": "random-80-10.72-47.json", "solution": {"time": 0.007188406, "max_depth": 80, "is_feasible": true}, "AVD": 19.052101258116853}