{"name": "random-80-6.16-22.json", "solution": {"time": 0.017013051, "max_depth": 2, "is_feasible": false}, "AVD": 15.003183550824167}