{"name": "random-80-8.08-26.json", "solution": {"time": 0.05250685, "max_depth": 14, "is_feasible": false}, "AVD": 16.780029806131342}