{"name": "random-80-10.24-19.json", "solution": {"time": 0.007574322, "max_depth": 80, "is_feasible": true}, "AVD": 18.611042465347133}