{"name": "random-80-15.76-28.json", "solution": {"time": 0.00548697, "max_depth": 80, "is_feasible": true}, "AVD": 23.149379565746738}