{"name": "random-80-9.28-45.json", "solution": {"time": 0.008441947, "max_depth": 80, "is_feasible": true}, "AVD": 17.776426066121353}