{"name": "random-80-4.00-32.json", "solution": {"time": 0.017471617, "max_depth": 2, "is_feasible": false}, "AVD": 12.802167596649634}