{"name": "random-80-6.64-17.json", "solution": {"time": 0.020273244, "max_depth": 3, "is_feasible": false}, "AVD": 15.39831338973524}