{"name": "random-80-4.24-13.json", "solution": {"time": 0.018138874, "max_depth": 2, "is_feasible": false}, "AVD": 13.07455115197302}