{"name": "random-80-9.76-32.json", "solution": {"time": 0.006180224, "max_depth": 80, "is_feasible": true}, "AVD": 18.14633099712786}