{"name": "random-80-8.32-30.json", "solution": {"time": 0.025739797, "max_depth": 7, "is_feasible": false}, "AVD": 16.891823309502968}