{"name": "random-80-9.52-2.json", "solution": {"time": 0.007274554, "max_depth": 80, "is_feasible": true}, "AVD": 18.00020033872376}