{"name": "random-80-8.08-28.json", "solution": {"time": 0.008583327, "max_depth": 80, "is_feasible": true}, "AVD": 16.754644745879094}