{"name": "random-80-11.20-10.json", "solution": {"time": 0.006660089, "max_depth": 80, "is_feasible": true}, "AVD": 19.40959065934063}