{"name": "random-80-11.20-39.json", "solution": {"time": 0.006102971, "max_depth": 80, "is_feasible": true}, "AVD": 19.430855519480485}