{"name": "random-80-13.12-46.json", "solution": {"time": 0.006491206, "max_depth": 80, "is_feasible": true}, "AVD": 20.96754616477271}