{"name": "random-80-14.80-47.json", "solution": {"time": 0.005934277, "max_depth": 80, "is_feasible": true}, "AVD": 22.4200654423701}