{"name": "random-80-13.12-24.json", "solution": {"time": 0.010336375, "max_depth": 80, "is_feasible": true}, "AVD": 20.990616883116857}