{"name": "random-80-12.64-48.json", "solution": {"time": 0.005832126, "max_depth": 80, "is_feasible": true}, "AVD": 20.57911799918828}