{"name": "random-80-12.40-8.json", "solution": {"time": 0.006970321, "max_depth": 80, "is_feasible": true}, "AVD": 20.40601649132114}