{"name": "random-80-7.12-30.json", "solution": {"time": 0.016544075, "max_depth": 2, "is_feasible": false}, "AVD": 15.84117979676571}