{"name": "random-80-12.16-43.json", "solution": {"time": 0.005971621, "max_depth": 80, "is_feasible": true}, "AVD": 20.204067752559904}