{"name": "random-80-11.92-49.json", "solution": {"time": 0.00685644, "max_depth": 80, "is_feasible": true}, "AVD": 19.985915178571407}