{"name": "random-80-9.76-20.json", "solution": {"time": 0.006015869, "max_depth": 80, "is_feasible": true}, "AVD": 18.171383811500977}