{"name": "random-80-11.20-41.json", "solution": {"time": 0.010534546, "max_depth": 80, "is_feasible": true}, "AVD": 19.412987293956018}