{"name": "random-80-5.92-3.json", "solution": {"time": 0.017538906, "max_depth": 3, "is_feasible": false}, "AVD": 14.786353779033437}