{"name": "random-80-9.76-34.json", "solution": {"time": 0.007478783, "max_depth": 80, "is_feasible": true}, "AVD": 18.179619856705763}