{"name": "random-80-8.32-26.json", "solution": {"time": 0.024935852, "max_depth": 80, "is_feasible": true}, "AVD": 17.008363714410557}