{"name": "random-80-10.48-11.json", "solution": {"time": 0.006753368, "max_depth": 80, "is_feasible": true}, "AVD": 18.782895065871607}