{"name": "random-80-15.28-29.json", "solution": {"time": 0.007330886, "max_depth": 80, "is_feasible": true}, "AVD": 22.76419673295453}