{"name": "random-80-13.36-12.json", "solution": {"time": 0.005541507, "max_depth": 80, "is_feasible": true}, "AVD": 21.17399399038458}