{"name": "random-80-15.04-44.json", "solution": {"time": 0.005678974, "max_depth": 80, "is_feasible": true}, "AVD": 22.565833299512967}