{"name": "random-80-11.68-25.json", "solution": {"time": 0.007065768, "max_depth": 80, "is_feasible": true}, "AVD": 19.81172491570927}