{"name": "random-80-4.96-16.json", "solution": {"time": 0.022176949, "max_depth": 5, "is_feasible": false}, "AVD": 13.789679675792916}