{"name": "random-80-6.40-5.json", "solution": {"time": 0.027607954, "max_depth": 16, "is_feasible": false}, "AVD": 15.157903853958507}