{"name": "random-80-15.52-7.json", "solution": {"time": 0.004934754, "max_depth": 80, "is_feasible": true}, "AVD": 22.930222808441545}