{"name": "random-80-4.48-42.json", "solution": {"time": 0.019207451, "max_depth": 4, "is_feasible": false}, "AVD": 13.325665607829654}