{"name": "random-80-11.44-18.json", "solution": {"time": 0.008540805, "max_depth": 80, "is_feasible": true}, "AVD": 19.63526245629367}