{"name": "random-80-5.92-19.json", "solution": {"time": 0.026236971, "max_depth": 6, "is_feasible": false}, "AVD": 14.738707191246226}