{"name": "random-80-12.64-42.json", "solution": {"time": 0.006916075, "max_depth": 80, "is_feasible": true}, "AVD": 20.560856838474002}