{"name": "random-80-4.96-43.json", "solution": {"time": 0.019011479, "max_depth": 4, "is_feasible": false}, "AVD": 13.75825353552697}