{"name": "random-80-8.08-10.json", "solution": {"time": 0.009167257, "max_depth": 80, "is_feasible": true}, "AVD": 16.746065497002974}