{"name": "random-80-16.00-10.json", "solution": {"time": 0.005596752, "max_depth": 80, "is_feasible": true}, "AVD": 23.348311891233738}