{"name": "random-80-9.76-44.json", "solution": {"time": 0.009262161, "max_depth": 80, "is_feasible": true}, "AVD": 18.175550582230223}