{"name": "random-80-10.24-25.json", "solution": {"time": 0.006365441, "max_depth": 80, "is_feasible": true}, "AVD": 18.623000156093887}