{"name": "random-80-9.04-27.json", "solution": {"time": 0.008818638, "max_depth": 80, "is_feasible": true}, "AVD": 17.62281734671575}