{"name": "random-80-8.80-37.json", "solution": {"time": 0.007751934, "max_depth": 80, "is_feasible": true}, "AVD": 17.391115392420044}