{"name": "random-80-9.76-38.json", "solution": {"time": 0.006239194, "max_depth": 80, "is_feasible": true}, "AVD": 18.235531429507965}