{"name": "random-80-13.36-26.json", "solution": {"time": 0.005330919, "max_depth": 80, "is_feasible": true}, "AVD": 21.26203956980517}