{"name": "random-80-4.24-2.json", "solution": {"time": 0.017735164, "max_depth": 2, "is_feasible": false}, "AVD": 12.979399163336684}