{"name": "random-80-4.96-8.json", "solution": {"time": 0.016660892, "max_depth": 2, "is_feasible": false}, "AVD": 13.856193158404079}