{"name": "random-80-14.08-30.json", "solution": {"time": 0.005818875, "max_depth": 80, "is_feasible": true}, "AVD": 21.778716190059935}