{"name": "random-80-14.56-11.json", "solution": {"time": 0.007957851, "max_depth": 80, "is_feasible": true}, "AVD": 22.172245840097396}