{"name": "random-80-9.04-41.json", "solution": {"time": 0.009898906, "max_depth": 80, "is_feasible": true}, "AVD": 17.55059446803193}