{"name": "random-80-12.40-31.json", "solution": {"time": 0.007430901, "max_depth": 80, "is_feasible": true}, "AVD": 20.37398869099649}