{"name": "random-80-15.52-42.json", "solution": {"time": 0.00539515, "max_depth": 80, "is_feasible": true}, "AVD": 22.948013697240242}