{"name": "random-80-7.12-44.json", "solution": {"time": 0.029996659, "max_depth": 8, "is_feasible": false}, "AVD": 15.873658973838644}