{"name": "random-80-14.56-36.json", "solution": {"time": 0.006330605, "max_depth": 80, "is_feasible": true}, "AVD": 22.14516028502745}