{"name": "random-80-14.08-48.json", "solution": {"time": 0.005500866, "max_depth": 80, "is_feasible": true}, "AVD": 21.768712357954524}