{"name": "random-80-14.32-35.json", "solution": {"time": 0.005845727, "max_depth": 80, "is_feasible": true}, "AVD": 21.974337155032444}