{"name": "random-80-8.80-34.json", "solution": {"time": 0.011541284, "max_depth": 80, "is_feasible": true}, "AVD": 17.33390447833413}