{"name": "random-80-5.20-8.json", "solution": {"time": 0.016694269, "max_depth": 2, "is_feasible": false}, "AVD": 14.082568712537434}