{"name": "random-80-14.80-7.json", "solution": {"time": 0.005720992, "max_depth": 80, "is_feasible": true}, "AVD": 22.359777495941543}