{"name": "random-80-5.68-21.json", "solution": {"time": 0.018504335, "max_depth": 3, "is_feasible": false}, "AVD": 14.536576841127598}