{"name": "random-80-8.80-13.json", "solution": {"time": 0.009446854, "max_depth": 80, "is_feasible": true}, "AVD": 17.395955716158802}