{"name": "random-80-12.40-38.json", "solution": {"time": 0.005795631, "max_depth": 80, "is_feasible": true}, "AVD": 20.449149100899078}