{"name": "random-80-12.40-35.json", "solution": {"time": 0.010768628, "max_depth": 80, "is_feasible": true}, "AVD": 20.42466152597401}