{"name": "random-80-12.40-30.json", "solution": {"time": 0.006285976, "max_depth": 80, "is_feasible": true}, "AVD": 20.389995637175325}