{"name": "random-80-11.92-47.json", "solution": {"time": 0.006255846, "max_depth": 80, "is_feasible": true}, "AVD": 20.04353490259738}