{"name": "random-80-4.00-30.json", "solution": {"time": 0.022825614, "max_depth": 2, "is_feasible": false}, "AVD": 12.831769675636844}