{"name": "random-80-12.40-20.json", "solution": {"time": 0.005856272, "max_depth": 80, "is_feasible": true}, "AVD": 20.424536705482}