{"name": "random-80-13.84-1.json", "solution": {"time": 0.005499899, "max_depth": 80, "is_feasible": true}, "AVD": 21.596788250811663}