{"name": "random-80-6.40-32.json", "solution": {"time": 0.023926998, "max_depth": 8, "is_feasible": false}, "AVD": 15.194608875499469}