{"name": "random-80-11.44-44.json", "solution": {"time": 0.005781489, "max_depth": 80, "is_feasible": true}, "AVD": 19.618068767170293}