{"name": "random-80-9.04-18.json", "solution": {"time": 0.0078957, "max_depth": 80, "is_feasible": true}, "AVD": 17.621767224962507}