{"name": "random-80-13.60-11.json", "solution": {"time": 0.005881703, "max_depth": 80, "is_feasible": true}, "AVD": 21.4031878043831}