{"name": "random-80-9.28-27.json", "solution": {"time": 0.008149919, "max_depth": 80, "is_feasible": true}, "AVD": 17.837600750811653}