{"name": "random-80-8.32-45.json", "solution": {"time": 0.021050507, "max_depth": 80, "is_feasible": true}, "AVD": 16.947560049325652}