{"name": "random-80-10.48-48.json", "solution": {"time": 0.006454341, "max_depth": 80, "is_feasible": true}, "AVD": 18.798851437624855}