{"name": "random-80-7.36-44.json", "solution": {"time": 0.023618379, "max_depth": 8, "is_feasible": false}, "AVD": 16.09291407030468}