{"name": "random-80-7.12-49.json", "solution": {"time": 0.020034284, "max_depth": 5, "is_feasible": false}, "AVD": 15.876829990322154}