{"name": "random-80-4.96-40.json", "solution": {"time": 0.018714415, "max_depth": 3, "is_feasible": false}, "AVD": 13.811672958475322}