{"name": "random-80-11.68-29.json", "solution": {"time": 0.005964518, "max_depth": 80, "is_feasible": true}, "AVD": 19.832404728084395}