{"name": "random-80-12.16-23.json", "solution": {"time": 0.01062002, "max_depth": 80, "is_feasible": true}, "AVD": 20.1838661494755}