{"name": "random-80-14.32-14.json", "solution": {"time": 0.005768758, "max_depth": 80, "is_feasible": true}, "AVD": 22.015991375811666}