{"name": "random-80-11.20-6.json", "solution": {"time": 0.007635087, "max_depth": 80, "is_feasible": true}, "AVD": 19.424430881618342}