{"name": "random-80-13.60-5.json", "solution": {"time": 0.005389036, "max_depth": 80, "is_feasible": true}, "AVD": 21.327820390546936}