{"name": "random-80-6.16-3.json", "solution": {"time": 0.017712569, "max_depth": 3, "is_feasible": false}, "AVD": 15.007015125499468}