{"name": "random-80-11.92-43.json", "solution": {"time": 0.007253531, "max_depth": 80, "is_feasible": true}, "AVD": 19.98766596684562}