{"name": "random-80-14.56-39.json", "solution": {"time": 0.005839176, "max_depth": 80, "is_feasible": true}, "AVD": 22.160162134740254}