{"name": "random-80-14.56-43.json", "solution": {"time": 0.006587125, "max_depth": 80, "is_feasible": true}, "AVD": 22.153872362012965}