{"name": "random-80-9.52-45.json", "solution": {"time": 0.007697317, "max_depth": 80, "is_feasible": true}, "AVD": 17.97911417488759}