{"name": "random-80-6.40-49.json", "solution": {"time": 0.020946509, "max_depth": 5, "is_feasible": false}, "AVD": 15.212288922015455}