{"name": "random-80-10.96-1.json", "solution": {"time": 0.006280066, "max_depth": 80, "is_feasible": true}, "AVD": 19.227483742819665}