{"name": "random-80-5.20-38.json", "solution": {"time": 0.023648625, "max_depth": 4, "is_feasible": false}, "AVD": 14.076792480956517}