{"name": "random-80-4.00-4.json", "solution": {"time": 0.016946066, "max_depth": 2, "is_feasible": false}, "AVD": 12.899954888861128}