{"name": "random-80-10.96-19.json", "solution": {"time": 0.008069592, "max_depth": 80, "is_feasible": true}, "AVD": 19.21659534996251}