{"name": "random-80-6.64-14.json", "solution": {"time": 0.026163227, "max_depth": 5, "is_feasible": false}, "AVD": 15.447374586351135}