{"name": "random-80-8.08-1.json", "solution": {"time": 0.008965383, "max_depth": 80, "is_feasible": true}, "AVD": 16.73909451486011}