{"name": "random-80-4.96-4.json", "solution": {"time": 0.017098197, "max_depth": 2, "is_feasible": false}, "AVD": 13.883568603271723}