{"name": "random-80-10.00-7.json", "solution": {"time": 0.007034226, "max_depth": 80, "is_feasible": true}, "AVD": 18.40896651785713}