{"name": "random-80-9.04-21.json", "solution": {"time": 0.015416907, "max_depth": 80, "is_feasible": true}, "AVD": 17.594420860389587}