{"name": "random-80-10.48-3.json", "solution": {"time": 0.008056318, "max_depth": 80, "is_feasible": true}, "AVD": 18.831581730769194}