{"name": "random-80-7.36-3.json", "solution": {"time": 0.026404332, "max_depth": 6, "is_feasible": false}, "AVD": 16.109250382430023}