{"name": "random-80-10.48-0.json", "solution": {"time": 0.006619787, "max_depth": 80, "is_feasible": true}, "AVD": 18.808786151348617}