{"name": "random-80-10.48-24.json", "solution": {"time": 0.01057151, "max_depth": 80, "is_feasible": true}, "AVD": 18.7826731705794}