{"name": "random-80-7.36-32.json", "solution": {"time": 0.038478957, "max_depth": 12, "is_feasible": false}, "AVD": 16.073582417582394}