{"name": "random-80-8.32-12.json", "solution": {"time": 0.020415797, "max_depth": 80, "is_feasible": true}, "AVD": 16.989536857673556}