{"name": "random-80-7.84-37.json", "solution": {"time": 0.018878751, "max_depth": 80, "is_feasible": true}, "AVD": 16.551267560564405}