{"name": "random-80-8.80-23.json", "solution": {"time": 0.008665024, "max_depth": 80, "is_feasible": true}, "AVD": 17.36010666677071}