{"name": "random-80-5.92-30.json", "solution": {"time": 0.016946038, "max_depth": 2, "is_feasible": false}, "AVD": 14.735305007492475}