{"name": "random-80-16.00-28.json", "solution": {"time": 0.005828975, "max_depth": 80, "is_feasible": true}, "AVD": 23.32944987824674}