{"name": "random-80-8.80-7.json", "solution": {"time": 0.008549467, "max_depth": 80, "is_feasible": true}, "AVD": 17.386044112137846}