{"name": "random-80-4.72-9.json", "solution": {"time": 0.01715285, "max_depth": 3, "is_feasible": false}, "AVD": 13.633885087568677}