{"name": "random-80-14.08-4.json", "solution": {"time": 0.005164345, "max_depth": 80, "is_feasible": true}, "AVD": 21.79058713161836}