{"name": "random-80-13.36-37.json", "solution": {"time": 0.007131308, "max_depth": 80, "is_feasible": true}, "AVD": 21.180810650287192}