{"name": "random-80-5.20-19.json", "solution": {"time": 0.022890736, "max_depth": 5, "is_feasible": false}, "AVD": 14.039263026036448}