{"name": "random-80-4.48-20.json", "solution": {"time": 0.019805865, "max_depth": 3, "is_feasible": false}, "AVD": 13.300018062590004}