{"name": "random-80-14.08-3.json", "solution": {"time": 0.010556801, "max_depth": 80, "is_feasible": true}, "AVD": 21.77486150568179}