{"name": "random-80-9.28-9.json", "solution": {"time": 0.039739364, "max_depth": 11, "is_feasible": false}, "AVD": 17.78811455341529}