{"name": "random-80-10.96-40.json", "solution": {"time": 0.005816212, "max_depth": 80, "is_feasible": true}, "AVD": 19.232535285027456}