{"name": "random-80-14.08-23.json", "solution": {"time": 0.010491003, "max_depth": 80, "is_feasible": true}, "AVD": 21.76476663961037}