{"name": "random-80-4.24-42.json", "solution": {"time": 0.018929761, "max_depth": 4, "is_feasible": false}, "AVD": 13.077060486388609}