{"name": "random-80-16.00-48.json", "solution": {"time": 0.006973157, "max_depth": 80, "is_feasible": true}, "AVD": 23.27254423701298}