{"name": "random-80-13.60-15.json", "solution": {"time": 0.005248007, "max_depth": 80, "is_feasible": true}, "AVD": 21.382497666396073}