{"name": "random-80-7.60-41.json", "solution": {"time": 0.029618414, "max_depth": 80, "is_feasible": true}, "AVD": 16.276105878496487}