{"name": "random-80-10.96-47.json", "solution": {"time": 0.006055461, "max_depth": 80, "is_feasible": true}, "AVD": 19.2425065949675}