{"name": "random-80-13.60-42.json", "solution": {"time": 0.005411324, "max_depth": 80, "is_feasible": true}, "AVD": 21.363392755681794}