{"name": "random-80-7.60-47.json", "solution": {"time": 0.050993368, "max_depth": 80, "is_feasible": true}, "AVD": 16.33498940122376}