{"name": "random-80-7.60-37.json", "solution": {"time": 0.040260836, "max_depth": 8, "is_feasible": false}, "AVD": 16.328399132117852}