{"name": "random-80-10.00-34.json", "solution": {"time": 0.006374856, "max_depth": 80, "is_feasible": true}, "AVD": 18.36020399132115}