{"name": "random-80-15.76-43.json", "solution": {"time": 0.00526657, "max_depth": 80, "is_feasible": true}, "AVD": 23.134381087662323}