{"name": "random-80-15.28-24.json", "solution": {"time": 0.005308911, "max_depth": 80, "is_feasible": true}, "AVD": 22.7616937905844}