{"name": "random-80-13.12-35.json", "solution": {"time": 0.005545392, "max_depth": 80, "is_feasible": true}, "AVD": 21.017383397852125}