{"name": "random-80-5.68-41.json", "solution": {"time": 0.016872919, "max_depth": 2, "is_feasible": false}, "AVD": 14.507041692682316}