{"name": "random-80-13.36-15.json", "solution": {"time": 0.005082267, "max_depth": 80, "is_feasible": true}, "AVD": 21.191960836038938}