{"name": "random-80-12.64-28.json", "solution": {"time": 0.006457509, "max_depth": 80, "is_feasible": true}, "AVD": 20.641137276785685}