{"name": "random-80-4.00-24.json", "solution": {"time": 0.017917663, "max_depth": 2, "is_feasible": false}, "AVD": 12.814113722215291}