{"name": "random-80-6.64-28.json", "solution": {"time": 0.023629201, "max_depth": 7, "is_feasible": false}, "AVD": 15.43847348745004}