{"name": "random-80-13.60-40.json", "solution": {"time": 0.004978939, "max_depth": 80, "is_feasible": true}, "AVD": 21.38341994724024}