{"name": "random-80-12.16-21.json", "solution": {"time": 0.005840738, "max_depth": 80, "is_feasible": true}, "AVD": 20.201167309253226}