{"name": "random-80-7.60-12.json", "solution": {"time": 0.020647927, "max_depth": 80, "is_feasible": true}, "AVD": 16.33710808332291}