{"name": "random-80-16.00-42.json", "solution": {"time": 0.011299676, "max_depth": 80, "is_feasible": true}, "AVD": 23.337986911525956}