{"name": "random-80-10.48-7.json", "solution": {"time": 0.006586388, "max_depth": 80, "is_feasible": true}, "AVD": 18.811573153409068}