{"name": "random-80-4.24-19.json", "solution": {"time": 0.017855483, "max_depth": 2, "is_feasible": false}, "AVD": 13.038457097589907}