{"name": "random-80-8.32-3.json", "solution": {"time": 0.008378755, "max_depth": 80, "is_feasible": true}, "AVD": 16.97425421453541}