{"name": "random-80-6.40-12.json", "solution": {"time": 0.032940451, "max_depth": 9, "is_feasible": false}, "AVD": 15.262903491040209}