{"name": "random-80-6.88-21.json", "solution": {"time": 0.020261435, "max_depth": 3, "is_feasible": false}, "AVD": 15.67669648710662}