{"name": "random-80-12.16-3.json", "solution": {"time": 0.006575349, "max_depth": 80, "is_feasible": true}, "AVD": 20.218957284902565}