{"name": "random-80-14.08-35.json", "solution": {"time": 0.005013533, "max_depth": 80, "is_feasible": true}, "AVD": 21.77628784496751}