{"name": "random-80-7.60-22.json", "solution": {"time": 0.021800688, "max_depth": 8, "is_feasible": false}, "AVD": 16.335131571553433}