{"name": "random-80-15.76-23.json", "solution": {"time": 0.005713378, "max_depth": 80, "is_feasible": true}, "AVD": 23.144434862012968}