{"name": "random-80-4.96-20.json", "solution": {"time": 0.022450263, "max_depth": 6, "is_feasible": false}, "AVD": 13.799579408872386}