{"name": "random-80-9.76-19.json", "solution": {"time": 0.007397175, "max_depth": 80, "is_feasible": true}, "AVD": 18.201334267295184}