{"name": "random-80-6.40-11.json", "solution": {"time": 0.016333287, "max_depth": 3, "is_feasible": false}, "AVD": 15.207107080419565}