{"name": "random-80-4.00-10.json", "solution": {"time": 0.017535754, "max_depth": 2, "is_feasible": false}, "AVD": 12.822499523913574}