{"name": "random-80-12.88-18.json", "solution": {"time": 0.00654683, "max_depth": 80, "is_feasible": true}, "AVD": 20.834361505681795}