{"name": "random-80-8.80-21.json", "solution": {"time": 0.015762402, "max_depth": 80, "is_feasible": true}, "AVD": 17.38078317775972}