{"name": "random-80-9.52-34.json", "solution": {"time": 0.006438989, "max_depth": 80, "is_feasible": true}, "AVD": 17.960761699238226}