{"name": "random-80-8.32-49.json", "solution": {"time": 0.044590644, "max_depth": 15, "is_feasible": false}, "AVD": 16.929350095217256}