{"name": "random-80-5.68-18.json", "solution": {"time": 0.025958329, "max_depth": 7, "is_feasible": false}, "AVD": 14.5260146181943}