{"name": "random-80-5.92-9.json", "solution": {"time": 0.017041612, "max_depth": 3, "is_feasible": false}, "AVD": 14.817116340690543}