{"name": "random-80-6.64-24.json", "solution": {"time": 0.020344341, "max_depth": 3, "is_feasible": false}, "AVD": 15.418419252622362}