{"name": "random-80-10.72-3.json", "solution": {"time": 0.009438895, "max_depth": 80, "is_feasible": true}, "AVD": 19.025475017170294}