{"name": "random-80-4.24-47.json", "solution": {"time": 0.017826307, "max_depth": 3, "is_feasible": false}, "AVD": 13.069886293394088}