{"name": "random-80-10.48-19.json", "solution": {"time": 0.007352672, "max_depth": 80, "is_feasible": true}, "AVD": 18.81235811063934}