{"name": "random-80-14.08-20.json", "solution": {"time": 0.005464554, "max_depth": 80, "is_feasible": true}, "AVD": 21.817004261363614}