{"name": "random-80-10.00-30.json", "solution": {"time": 0.013397791, "max_depth": 80, "is_feasible": true}, "AVD": 18.383798576423548}