{"name": "random-80-15.04-29.json", "solution": {"time": 0.005279414, "max_depth": 80, "is_feasible": true}, "AVD": 22.549974634740245}