{"name": "random-80-11.92-35.json", "solution": {"time": 0.006094467, "max_depth": 80, "is_feasible": true}, "AVD": 20.0412273741883}