{"name": "random-80-14.32-23.json", "solution": {"time": 0.006579871, "max_depth": 80, "is_feasible": true}, "AVD": 21.96538829139608}