{"name": "random-80-14.08-19.json", "solution": {"time": 0.005652511, "max_depth": 80, "is_feasible": true}, "AVD": 21.767173701298674}