{"name": "random-80-11.20-2.json", "solution": {"time": 0.008177824, "max_depth": 80, "is_feasible": true}, "AVD": 19.418110693993487}