{"name": "random-80-10.96-21.json", "solution": {"time": 0.006741529, "max_depth": 80, "is_feasible": true}, "AVD": 19.21187591314932}