{"name": "random-80-11.20-4.json", "solution": {"time": 0.006011784, "max_depth": 80, "is_feasible": true}, "AVD": 19.41578581574674}