{"name": "random-80-9.52-12.json", "solution": {"time": 0.010197171, "max_depth": 80, "is_feasible": true}, "AVD": 18.01152676230017}