{"name": "random-80-10.00-37.json", "solution": {"time": 0.006521499, "max_depth": 80, "is_feasible": true}, "AVD": 18.428043050699266}