{"name": "random-80-9.76-25.json", "solution": {"time": 0.00828643, "max_depth": 80, "is_feasible": true}, "AVD": 18.21070015921576}