{"name": "random-80-6.88-42.json", "solution": {"time": 0.024696974, "max_depth": 6, "is_feasible": false}, "AVD": 15.658376498501463}