{"name": "random-80-12.40-39.json", "solution": {"time": 0.005826006, "max_depth": 80, "is_feasible": true}, "AVD": 20.425424005681798}