{"name": "random-80-7.60-42.json", "solution": {"time": 0.024591788, "max_depth": 6, "is_feasible": false}, "AVD": 16.315442877435014}