{"name": "random-80-6.64-27.json", "solution": {"time": 0.027840424, "max_depth": 7, "is_feasible": false}, "AVD": 15.481785495754224}