{"name": "random-80-8.32-41.json", "solution": {"time": 0.009641926, "max_depth": 80, "is_feasible": true}, "AVD": 16.935687000499467}