{"name": "random-80-9.04-29.json", "solution": {"time": 0.008285983, "max_depth": 80, "is_feasible": true}, "AVD": 17.626485186688274}