{"name": "random-80-8.08-0.json", "solution": {"time": 0.067199837, "max_depth": 14, "is_feasible": false}, "AVD": 16.756005408653813}