{"name": "random-80-5.20-34.json", "solution": {"time": 0.017646997, "max_depth": 3, "is_feasible": false}, "AVD": 14.056931517701079}