{"name": "random-80-4.24-31.json", "solution": {"time": 0.016776907, "max_depth": 2, "is_feasible": false}, "AVD": 12.978232228708771}