{"name": "random-80-7.12-4.json", "solution": {"time": 0.024226217, "max_depth": 7, "is_feasible": false}, "AVD": 15.927533029470482}