{"name": "random-80-13.36-31.json", "solution": {"time": 0.009731775, "max_depth": 80, "is_feasible": true}, "AVD": 21.165845958728752}