{"name": "random-80-8.80-46.json", "solution": {"time": 0.008611174, "max_depth": 80, "is_feasible": true}, "AVD": 17.359898538961016}