{"name": "random-80-13.60-2.json", "solution": {"time": 0.00524222, "max_depth": 80, "is_feasible": true}, "AVD": 21.368190723339133}