{"name": "random-80-15.28-19.json", "solution": {"time": 0.005726747, "max_depth": 80, "is_feasible": true}, "AVD": 22.723000913149345}