{"name": "random-80-10.72-14.json", "solution": {"time": 0.006448004, "max_depth": 80, "is_feasible": true}, "AVD": 19.015549715909053}