{"name": "random-80-12.88-34.json", "solution": {"time": 0.005481336, "max_depth": 80, "is_feasible": true}, "AVD": 20.789699651910574}