{"name": "random-80-12.40-9.json", "solution": {"time": 0.010120971, "max_depth": 80, "is_feasible": true}, "AVD": 20.41951255775471}