{"name": "random-80-6.40-43.json", "solution": {"time": 0.019310953, "max_depth": 4, "is_feasible": false}, "AVD": 15.159472925511958}