{"name": "random-80-6.40-4.json", "solution": {"time": 0.018582513, "max_depth": 4, "is_feasible": false}, "AVD": 15.2499856237512}