{"name": "random-80-10.48-29.json", "solution": {"time": 0.007071002, "max_depth": 80, "is_feasible": true}, "AVD": 18.839334719967496}