{"name": "random-80-4.24-14.json", "solution": {"time": 0.017402681, "max_depth": 2, "is_feasible": false}, "AVD": 13.111267868849916}