{"name": "random-80-9.76-47.json", "solution": {"time": 0.006447412, "max_depth": 80, "is_feasible": true}, "AVD": 18.233148741883088}