{"name": "random-80-11.68-19.json", "solution": {"time": 0.006377613, "max_depth": 80, "is_feasible": true}, "AVD": 19.809488612949526}