{"name": "random-80-9.04-49.json", "solution": {"time": 0.014333132, "max_depth": 80, "is_feasible": true}, "AVD": 17.53779794424323}