{"name": "random-80-8.80-18.json", "solution": {"time": 0.009374509, "max_depth": 80, "is_feasible": true}, "AVD": 17.399188897040432}