{"name": "random-80-6.64-35.json", "solution": {"time": 0.038434762, "max_depth": 14, "is_feasible": false}, "AVD": 15.431965436906813}