{"name": "random-80-13.84-10.json", "solution": {"time": 0.005910664, "max_depth": 80, "is_feasible": true}, "AVD": 21.61046659590405}