{"name": "random-80-7.84-45.json", "solution": {"time": 0.018597998, "max_depth": 80, "is_feasible": true}, "AVD": 16.525390102085392}