{"name": "random-80-11.44-15.json", "solution": {"time": 0.008673126, "max_depth": 80, "is_feasible": true}, "AVD": 19.57891355519478}