{"name": "random-80-4.48-37.json", "solution": {"time": 0.024795603, "max_depth": 3, "is_feasible": false}, "AVD": 13.358877025318426}