{"name": "random-80-4.72-44.json", "solution": {"time": 0.02138509, "max_depth": 2, "is_feasible": false}, "AVD": 13.585789265422079}