{"name": "random-80-14.32-13.json", "solution": {"time": 0.005992258, "max_depth": 80, "is_feasible": true}, "AVD": 21.998852475649336}