{"name": "random-80-12.16-38.json", "solution": {"time": 0.006727225, "max_depth": 80, "is_feasible": true}, "AVD": 20.237499344405563}