{"name": "random-80-6.64-23.json", "solution": {"time": 0.019811603, "max_depth": 3, "is_feasible": false}, "AVD": 15.427864237325142}