{"name": "random-80-11.92-26.json", "solution": {"time": 0.008514113, "max_depth": 80, "is_feasible": true}, "AVD": 20.07543851461036}