{"name": "random-80-5.92-34.json", "solution": {"time": 0.023112559, "max_depth": 6, "is_feasible": false}, "AVD": 14.742262608485271}