{"name": "random-80-5.44-30.json", "solution": {"time": 0.016997953, "max_depth": 2, "is_feasible": false}, "AVD": 14.275510778284197}