{"name": "random-80-6.16-43.json", "solution": {"time": 0.019398131, "max_depth": 4, "is_feasible": false}, "AVD": 14.944709329732735}