{"name": "random-80-4.24-46.json", "solution": {"time": 0.018880505, "max_depth": 3, "is_feasible": false}, "AVD": 13.04657082623259}