{"name": "random-80-9.28-5.json", "solution": {"time": 0.008445359, "max_depth": 80, "is_feasible": true}, "AVD": 17.739603318556426}