{"name": "random-80-4.00-18.json", "solution": {"time": 0.023687136, "max_depth": 3, "is_feasible": false}, "AVD": 12.832193868631354}