{"name": "random-80-9.28-7.json", "solution": {"time": 0.006366482, "max_depth": 80, "is_feasible": true}, "AVD": 17.795491149475513}