{"name": "random-80-6.16-49.json", "solution": {"time": 0.017985579, "max_depth": 3, "is_feasible": false}, "AVD": 14.987711077984489}