{"name": "random-80-7.12-48.json", "solution": {"time": 0.030903727, "max_depth": 9, "is_feasible": false}, "AVD": 15.917865447052913}