{"name": "random-80-4.00-13.json", "solution": {"time": 0.016983718, "max_depth": 2, "is_feasible": false}, "AVD": 12.80669859827673}