{"name": "random-80-12.16-49.json", "solution": {"time": 0.007206378, "max_depth": 80, "is_feasible": true}, "AVD": 20.18240693681317}