{"name": "random-80-11.44-5.json", "solution": {"time": 0.006662045, "max_depth": 80, "is_feasible": true}, "AVD": 19.550059510801674}