{"name": "random-80-15.28-32.json", "solution": {"time": 0.010766721, "max_depth": 80, "is_feasible": true}, "AVD": 22.726821530032446}