{"name": "random-80-13.60-29.json", "solution": {"time": 0.005440594, "max_depth": 80, "is_feasible": true}, "AVD": 21.410530438311667}