{"name": "random-80-15.04-33.json", "solution": {"time": 0.005600167, "max_depth": 80, "is_feasible": true}, "AVD": 22.533871526910577}