{"name": "random-80-14.56-4.json", "solution": {"time": 0.006789094, "max_depth": 80, "is_feasible": true}, "AVD": 22.191318158404084}