{"name": "random-80-4.00-7.json", "solution": {"time": 0.017392826, "max_depth": 2, "is_feasible": false}, "AVD": 12.891900560377133}