{"name": "random-80-14.32-38.json", "solution": {"time": 0.006019977, "max_depth": 80, "is_feasible": true}, "AVD": 21.98285100836662}