{"name": "random-80-10.00-12.json", "solution": {"time": 0.008344053, "max_depth": 80, "is_feasible": true}, "AVD": 18.40782051542205}