{"name": "random-80-15.04-39.json", "solution": {"time": 0.007115767, "max_depth": 80, "is_feasible": true}, "AVD": 22.54128693181817}