{"name": "random-80-4.72-23.json", "solution": {"time": 0.018588239, "max_depth": 2, "is_feasible": false}, "AVD": 13.583711358953547}