{"name": "random-80-14.32-10.json", "solution": {"time": 0.005492073, "max_depth": 80, "is_feasible": true}, "AVD": 21.989642732267686}