{"name": "random-80-10.72-26.json", "solution": {"time": 0.006311764, "max_depth": 80, "is_feasible": true}, "AVD": 19.075302556818144}