{"name": "random-80-7.60-45.json", "solution": {"time": 0.022695585, "max_depth": 80, "is_feasible": true}, "AVD": 16.31936260614384}