{"name": "random-80-11.44-13.json", "solution": {"time": 0.008113896, "max_depth": 80, "is_feasible": true}, "AVD": 19.6479065543831}