{"name": "random-80-4.00-28.json", "solution": {"time": 0.01725785, "max_depth": 2, "is_feasible": false}, "AVD": 12.853967528565175}