{"name": "random-80-6.16-18.json", "solution": {"time": 0.028738945, "max_depth": 7, "is_feasible": false}, "AVD": 15.003521767295188}