{"name": "random-80-10.00-6.json", "solution": {"time": 0.007348749, "max_depth": 80, "is_feasible": true}, "AVD": 18.431461319930037}