{"name": "random-80-12.40-26.json", "solution": {"time": 0.011487642, "max_depth": 80, "is_feasible": true}, "AVD": 20.45426034902595}