{"name": "random-80-4.72-49.json", "solution": {"time": 0.017090485, "max_depth": 2, "is_feasible": false}, "AVD": 13.592989588536474}