{"name": "random-80-13.84-22.json", "solution": {"time": 0.005996881, "max_depth": 80, "is_feasible": true}, "AVD": 21.562173498376602}