{"name": "random-80-14.80-29.json", "solution": {"time": 0.007184842, "max_depth": 80, "is_feasible": true}, "AVD": 22.37447463474024}