{"name": "random-80-6.88-36.json", "solution": {"time": 0.025572488, "max_depth": 7, "is_feasible": false}, "AVD": 15.660092446615867}