{"name": "random-80-15.52-3.json", "solution": {"time": 0.0061701, "max_depth": 80, "is_feasible": true}, "AVD": 22.942335734577902}