{"name": "random-80-5.68-20.json", "solution": {"time": 0.027364428, "max_depth": 6, "is_feasible": false}, "AVD": 14.489396978021976}