{"name": "random-80-16.00-6.json", "solution": {"time": 0.00545121, "max_depth": 80, "is_feasible": true}, "AVD": 23.349707183441538}