{"name": "random-80-14.56-26.json", "solution": {"time": 0.006682124, "max_depth": 80, "is_feasible": true}, "AVD": 22.225119013798682}