{"name": "random-80-7.36-10.json", "solution": {"time": 0.075065768, "max_depth": 15, "is_feasible": false}, "AVD": 16.105173662275206}