{"name": "random-80-10.24-37.json", "solution": {"time": 0.006518433, "max_depth": 80, "is_feasible": true}, "AVD": 18.622053782155312}