{"name": "random-80-10.24-36.json", "solution": {"time": 0.008441497, "max_depth": 80, "is_feasible": true}, "AVD": 18.618967688561423}