{"name": "random-80-12.88-29.json", "solution": {"time": 0.006867277, "max_depth": 80, "is_feasible": true}, "AVD": 20.819664366883096}