{"name": "random-80-4.96-5.json", "solution": {"time": 0.020798373, "max_depth": 5, "is_feasible": false}, "AVD": 13.77764742288959}