{"name": "random-80-10.72-32.json", "solution": {"time": 0.006753331, "max_depth": 80, "is_feasible": true}, "AVD": 18.94816772290208}