{"name": "random-80-13.36-43.json", "solution": {"time": 0.00738681, "max_depth": 80, "is_feasible": true}, "AVD": 21.192790888798662}