{"name": "random-80-4.48-13.json", "solution": {"time": 0.017153904, "max_depth": 2, "is_feasible": false}, "AVD": 13.334763455294695}