{"name": "random-80-9.28-23.json", "solution": {"time": 0.006057007, "max_depth": 80, "is_feasible": true}, "AVD": 17.76702645791706}