{"name": "random-80-13.36-14.json", "solution": {"time": 0.005063906, "max_depth": 80, "is_feasible": true}, "AVD": 21.237843851461008}