{"name": "random-80-16.00-5.json", "solution": {"time": 0.005807026, "max_depth": 80, "is_feasible": true}, "AVD": 23.291818361326172}