{"name": "random-80-7.60-26.json", "solution": {"time": 0.032280966, "max_depth": 7, "is_feasible": false}, "AVD": 16.363689053134344}