{"name": "random-80-5.68-37.json", "solution": {"time": 0.023415891, "max_depth": 4, "is_feasible": false}, "AVD": 14.568149647227767}