{"name": "random-80-8.80-30.json", "solution": {"time": 0.019272966, "max_depth": 80, "is_feasible": true}, "AVD": 17.338975196678284}