{"name": "random-80-10.24-8.json", "solution": {"time": 0.00649153, "max_depth": 80, "is_feasible": true}, "AVD": 18.62676296359886}