{"name": "random-80-12.64-3.json", "solution": {"time": 0.006137372, "max_depth": 80, "is_feasible": true}, "AVD": 20.598977171266206}