{"name": "random-80-11.44-0.json", "solution": {"time": 0.007694002, "max_depth": 80, "is_feasible": true}, "AVD": 19.594877794080894}