{"name": "random-80-10.24-42.json", "solution": {"time": 0.00716581, "max_depth": 80, "is_feasible": true}, "AVD": 18.612480394605385}