{"name": "random-80-4.24-5.json", "solution": {"time": 0.023743213, "max_depth": 4, "is_feasible": false}, "AVD": 13.056085516046432}