{"name": "random-80-14.56-30.json", "solution": {"time": 0.005539006, "max_depth": 80, "is_feasible": true}, "AVD": 22.170920228209287}