{"name": "random-80-11.20-13.json", "solution": {"time": 0.007036036, "max_depth": 80, "is_feasible": true}, "AVD": 19.444584719967516}