{"name": "random-80-11.68-17.json", "solution": {"time": 0.006236335, "max_depth": 80, "is_feasible": true}, "AVD": 19.781455489822658}