{"name": "random-80-12.16-11.json", "solution": {"time": 0.00547984, "max_depth": 80, "is_feasible": true}, "AVD": 20.188951197240243}