{"name": "random-80-15.76-1.json", "solution": {"time": 0.009622184, "max_depth": 80, "is_feasible": true}, "AVD": 23.099244013798682}