{"name": "random-80-6.88-10.json", "solution": {"time": 0.057691836, "max_depth": 11, "is_feasible": false}, "AVD": 15.683040170766713}