{"name": "random-80-5.20-39.json", "solution": {"time": 0.018063915, "max_depth": 2, "is_feasible": false}, "AVD": 14.076008436875606}