{"name": "random-80-13.12-14.json", "solution": {"time": 0.006032134, "max_depth": 80, "is_feasible": true}, "AVD": 21.045398538961006}