{"name": "random-80-9.76-24.json", "solution": {"time": 0.006714418, "max_depth": 80, "is_feasible": true}, "AVD": 18.182676167582393}