{"name": "random-80-7.12-22.json", "solution": {"time": 0.020549749, "max_depth": 8, "is_feasible": false}, "AVD": 15.90502509209539}