{"name": "random-80-11.92-33.json", "solution": {"time": 0.005619439, "max_depth": 80, "is_feasible": true}, "AVD": 19.98231245317182}