{"name": "random-80-8.08-5.json", "solution": {"time": 0.008323399, "max_depth": 80, "is_feasible": true}, "AVD": 16.69586932598649}