{"name": "random-80-6.16-21.json", "solution": {"time": 0.023036759, "max_depth": 3, "is_feasible": false}, "AVD": 15.017863796359858}