{"name": "random-80-7.12-38.json", "solution": {"time": 0.02958571, "max_depth": 6, "is_feasible": false}, "AVD": 15.902909886987976}