{"name": "random-80-8.56-11.json", "solution": {"time": 0.034900804, "max_depth": 80, "is_feasible": true}, "AVD": 17.138319477397587}