{"name": "random-80-4.72-1.json", "solution": {"time": 0.016398098, "max_depth": 2, "is_feasible": false}, "AVD": 13.605275661838172}