{"name": "random-80-13.12-43.json", "solution": {"time": 0.00553921, "max_depth": 80, "is_feasible": true}, "AVD": 20.99375720373373}