{"name": "random-80-14.32-49.json", "solution": {"time": 0.009467374, "max_depth": 80, "is_feasible": true}, "AVD": 21.972187601461023}