{"name": "random-80-14.80-40.json", "solution": {"time": 0.006539305, "max_depth": 80, "is_feasible": true}, "AVD": 22.322633319805185}