{"name": "random-80-8.80-42.json", "solution": {"time": 0.014377579, "max_depth": 80, "is_feasible": true}, "AVD": 17.372455255681786}