{"name": "random-80-4.96-41.json", "solution": {"time": 0.017955935, "max_depth": 2, "is_feasible": false}, "AVD": 13.796698703640121}