{"name": "random-80-9.52-39.json", "solution": {"time": 0.008583689, "max_depth": 80, "is_feasible": true}, "AVD": 17.97655370410835}