{"name": "random-80-10.72-6.json", "solution": {"time": 0.007255751, "max_depth": 80, "is_feasible": true}, "AVD": 19.035304156780683}