{"name": "random-80-15.28-18.json", "solution": {"time": 0.00565904, "max_depth": 80, "is_feasible": true}, "AVD": 22.790262581168804}