{"name": "random-80-13.84-45.json", "solution": {"time": 0.006882505, "max_depth": 80, "is_feasible": true}, "AVD": 21.531627739448034}