{"name": "random-80-14.08-38.json", "solution": {"time": 0.005844294, "max_depth": 80, "is_feasible": true}, "AVD": 21.792456629308177}