{"name": "random-80-14.08-34.json", "solution": {"time": 0.006922459, "max_depth": 80, "is_feasible": true}, "AVD": 21.778350930319665}