{"name": "random-80-8.08-44.json", "solution": {"time": 0.024583966, "max_depth": 9, "is_feasible": false}, "AVD": 16.714314380931548}