{"name": "random-80-10.96-13.json", "solution": {"time": 0.009098209, "max_depth": 80, "is_feasible": true}, "AVD": 19.232451907467517}