{"name": "random-80-4.24-25.json", "solution": {"time": 0.016550836, "max_depth": 2, "is_feasible": false}, "AVD": 13.138615929566777}