{"name": "random-80-7.84-43.json", "solution": {"time": 0.026111897, "max_depth": 9, "is_feasible": false}, "AVD": 16.493859757430027}