{"name": "random-80-13.60-38.json", "solution": {"time": 0.00530853, "max_depth": 80, "is_feasible": true}, "AVD": 21.39666756680817}