{"name": "random-80-8.08-9.json", "solution": {"time": 0.021374652, "max_depth": 4, "is_feasible": false}, "AVD": 16.760033415802923}