{"name": "random-80-8.56-7.json", "solution": {"time": 0.009036734, "max_depth": 80, "is_feasible": true}, "AVD": 17.17599995317181}