{"name": "random-80-5.92-41.json", "solution": {"time": 0.018125135, "max_depth": 3, "is_feasible": false}, "AVD": 14.740771400474515}