{"name": "random-80-5.68-29.json", "solution": {"time": 0.016052375, "max_depth": 3, "is_feasible": false}, "AVD": 14.573377567744723}