{"name": "random-80-12.16-26.json", "solution": {"time": 0.006255668, "max_depth": 80, "is_feasible": true}, "AVD": 20.268967735389587}