{"name": "random-80-4.24-40.json", "solution": {"time": 0.019333756, "max_depth": 3, "is_feasible": false}, "AVD": 13.091154535492048}