{"name": "random-80-9.52-9.json", "solution": {"time": 0.008166341, "max_depth": 80, "is_feasible": true}, "AVD": 17.999871323988465}