{"name": "random-80-6.16-38.json", "solution": {"time": 0.022143909, "max_depth": 5, "is_feasible": false}, "AVD": 15.00328448894852}