{"name": "random-80-13.60-8.json", "solution": {"time": 0.005792443, "max_depth": 80, "is_feasible": true}, "AVD": 21.39914831262484}