{"name": "random-80-6.40-29.json", "solution": {"time": 0.017688051, "max_depth": 4, "is_feasible": false}, "AVD": 15.251729106830629}