{"name": "random-80-8.56-16.json", "solution": {"time": 0.006487734, "max_depth": 80, "is_feasible": true}, "AVD": 17.1098245816683}