{"name": "random-80-13.12-7.json", "solution": {"time": 0.005423515, "max_depth": 80, "is_feasible": true}, "AVD": 21.00823153409089}