{"name": "random-80-10.96-10.json", "solution": {"time": 0.007088548, "max_depth": 80, "is_feasible": true}, "AVD": 19.209231081418555}