{"name": "random-80-14.80-10.json", "solution": {"time": 0.005740084, "max_depth": 80, "is_feasible": true}, "AVD": 22.38903599525471}