{"name": "random-80-11.44-26.json", "solution": {"time": 0.007807656, "max_depth": 80, "is_feasible": true}, "AVD": 19.65836850649347}