{"name": "random-80-9.76-21.json", "solution": {"time": 0.009567398, "max_depth": 80, "is_feasible": true}, "AVD": 18.21287865259738}