{"name": "random-80-16.00-4.json", "solution": {"time": 0.005134505, "max_depth": 80, "is_feasible": true}, "AVD": 23.362874164897583}