{"name": "random-80-14.80-9.json", "solution": {"time": 0.006999318, "max_depth": 80, "is_feasible": true}, "AVD": 22.34498082386362}