{"name": "random-80-6.16-9.json", "solution": {"time": 0.017151948, "max_depth": 3, "is_feasible": false}, "AVD": 15.027870016702025}