{"name": "random-80-10.24-23.json", "solution": {"time": 0.00637962, "max_depth": 80, "is_feasible": true}, "AVD": 18.58936338661335}