{"name": "random-80-4.24-32.json", "solution": {"time": 0.022287165, "max_depth": 2, "is_feasible": false}, "AVD": 13.066703511332374}