{"name": "random-80-16.00-49.json", "solution": {"time": 0.007141831, "max_depth": 80, "is_feasible": true}, "AVD": 23.320036221590904}