{"name": "random-80-7.84-40.json", "solution": {"time": 0.023697347, "max_depth": 5, "is_feasible": false}, "AVD": 16.5516000171703}