{"name": "random-80-6.40-26.json", "solution": {"time": 0.019473698, "max_depth": 3, "is_feasible": false}, "AVD": 15.238753535526977}