{"name": "random-80-6.88-24.json", "solution": {"time": 0.020691806, "max_depth": 3, "is_feasible": false}, "AVD": 15.623208518044436}