{"name": "random-80-10.96-38.json", "solution": {"time": 0.006314546, "max_depth": 80, "is_feasible": true}, "AVD": 19.24883043518978}