{"name": "random-80-8.32-20.json", "solution": {"time": 0.012516723, "max_depth": 80, "is_feasible": true}, "AVD": 16.916577172827147}