{"name": "random-80-10.72-45.json", "solution": {"time": 0.012683784, "max_depth": 80, "is_feasible": true}, "AVD": 18.981453281093884}