{"name": "random-80-12.64-44.json", "solution": {"time": 0.005594812, "max_depth": 80, "is_feasible": true}, "AVD": 20.578949347527452}