{"name": "random-80-9.28-24.json", "solution": {"time": 0.008511331, "max_depth": 80, "is_feasible": true}, "AVD": 17.771645097090392}