{"name": "random-80-10.24-17.json", "solution": {"time": 0.007010119, "max_depth": 80, "is_feasible": true}, "AVD": 18.548392201548424}