{"name": "random-80-4.24-38.json", "solution": {"time": 0.016991254, "max_depth": 2, "is_feasible": false}, "AVD": 13.123218043675049}