{"name": "random-80-7.12-26.json", "solution": {"time": 0.026921432, "max_depth": 5, "is_feasible": false}, "AVD": 15.910311875624359}