{"name": "random-80-10.00-39.json", "solution": {"time": 0.006721955, "max_depth": 80, "is_feasible": true}, "AVD": 18.420214340347112}