{"name": "random-80-6.40-36.json", "solution": {"time": 0.023926325, "max_depth": 4, "is_feasible": false}, "AVD": 15.193312695117367}