{"name": "random-80-15.52-21.json", "solution": {"time": 0.005885827, "max_depth": 80, "is_feasible": true}, "AVD": 22.94556097808441}