{"name": "random-80-14.32-32.json", "solution": {"time": 0.005152692, "max_depth": 80, "is_feasible": true}, "AVD": 21.940687601461015}