{"name": "random-80-15.04-23.json", "solution": {"time": 0.005640754, "max_depth": 80, "is_feasible": true}, "AVD": 22.557788453733746}