{"name": "random-80-9.76-1.json", "solution": {"time": 0.010872898, "max_depth": 80, "is_feasible": true}, "AVD": 18.196925582230243}