{"name": "random-80-14.56-9.json", "solution": {"time": 0.00606454, "max_depth": 80, "is_feasible": true}, "AVD": 22.170104504870114}