{"name": "random-80-6.88-14.json", "solution": {"time": 0.025556824, "max_depth": 5, "is_feasible": false}, "AVD": 15.662329662524954}