{"name": "random-80-10.24-45.json", "solution": {"time": 0.009088204, "max_depth": 80, "is_feasible": true}, "AVD": 18.589042590222256}