{"name": "random-80-13.84-28.json", "solution": {"time": 0.011839435, "max_depth": 80, "is_feasible": true}, "AVD": 21.611756594967517}