{"name": "random-80-5.92-42.json", "solution": {"time": 0.019119871, "max_depth": 4, "is_feasible": false}, "AVD": 14.772713294517956}