{"name": "random-80-15.76-18.json", "solution": {"time": 0.004894318, "max_depth": 80, "is_feasible": true}, "AVD": 23.17696124188309}