{"name": "random-80-15.28-9.json", "solution": {"time": 0.005601893, "max_depth": 80, "is_feasible": true}, "AVD": 22.743502942370117}