{"name": "random-80-6.16-12.json", "solution": {"time": 0.032209176, "max_depth": 7, "is_feasible": false}, "AVD": 15.017632769574169}