{"name": "random-80-13.36-1.json", "solution": {"time": 0.010446626, "max_depth": 80, "is_feasible": true}, "AVD": 21.208685166396076}