{"name": "random-80-14.32-8.json", "solution": {"time": 0.005402822, "max_depth": 80, "is_feasible": true}, "AVD": 21.971169720904065}