{"name": "random-80-9.28-14.json", "solution": {"time": 0.006845442, "max_depth": 80, "is_feasible": true}, "AVD": 17.774559307879592}