{"name": "random-80-14.80-43.json", "solution": {"time": 0.005107594, "max_depth": 80, "is_feasible": true}, "AVD": 22.349391335227253}