{"name": "random-80-4.00-36.json", "solution": {"time": 0.018212222, "max_depth": 3, "is_feasible": false}, "AVD": 12.78526232223657}