{"name": "random-80-7.12-24.json", "solution": {"time": 0.021971194, "max_depth": 4, "is_feasible": false}, "AVD": 15.850563811188797}