{"name": "random-80-9.04-39.json", "solution": {"time": 0.006903, "max_depth": 80, "is_feasible": true}, "AVD": 17.569919447739714}