{"name": "random-80-11.68-24.json", "solution": {"time": 0.005945427, "max_depth": 80, "is_feasible": true}, "AVD": 19.791578101585895}