{"name": "random-80-11.20-0.json", "solution": {"time": 0.008685544, "max_depth": 80, "is_feasible": true}, "AVD": 19.409071990509464}