{"name": "random-80-8.32-42.json", "solution": {"time": 0.029183937, "max_depth": 6, "is_feasible": false}, "AVD": 16.94876126217528}