{"name": "random-80-13.60-49.json", "solution": {"time": 0.005601653, "max_depth": 80, "is_feasible": true}, "AVD": 21.38177536525972}