{"name": "random-80-9.76-37.json", "solution": {"time": 0.006708675, "max_depth": 80, "is_feasible": true}, "AVD": 18.22429842813433}