{"name": "random-80-12.64-45.json", "solution": {"time": 0.005939826, "max_depth": 80, "is_feasible": true}, "AVD": 20.554054788961015}