{"name": "random-80-14.32-33.json", "solution": {"time": 0.006599249, "max_depth": 80, "is_feasible": true}, "AVD": 21.95154368287961}