{"name": "random-80-5.44-46.json", "solution": {"time": 0.024050684, "max_depth": 3, "is_feasible": false}, "AVD": 14.275935498095652}