{"name": "random-80-8.32-24.json", "solution": {"time": 0.022905104, "max_depth": 80, "is_feasible": true}, "AVD": 16.925486138861128}