{"name": "random-80-4.00-47.json", "solution": {"time": 0.01810574, "max_depth": 3, "is_feasible": false}, "AVD": 12.808457113199292}