{"name": "random-80-10.72-36.json", "solution": {"time": 0.008609204, "max_depth": 80, "is_feasible": true}, "AVD": 19.024850703983503}