{"name": "random-80-7.60-6.json", "solution": {"time": 0.025346375, "max_depth": 8, "is_feasible": false}, "AVD": 16.383996300574402}