{"name": "random-80-5.68-7.json", "solution": {"time": 0.016347875, "max_depth": 3, "is_feasible": false}, "AVD": 14.560264953796198}