{"name": "random-80-4.72-32.json", "solution": {"time": 0.016810013, "max_depth": 2, "is_feasible": false}, "AVD": 13.57993945507614}