{"name": "random-80-10.24-32.json", "solution": {"time": 0.00564017, "max_depth": 80, "is_feasible": true}, "AVD": 18.54628584696552}