{"name": "random-80-11.20-33.json", "solution": {"time": 0.005539725, "max_depth": 80, "is_feasible": true}, "AVD": 19.373237270541942}