{"name": "random-80-14.32-34.json", "solution": {"time": 0.005818295, "max_depth": 80, "is_feasible": true}, "AVD": 21.985100727397587}