{"name": "random-80-12.88-28.json", "solution": {"time": 0.005804627, "max_depth": 80, "is_feasible": true}, "AVD": 20.838734577922054}