{"name": "random-80-7.36-36.json", "solution": {"time": 0.032239993, "max_depth": 7, "is_feasible": false}, "AVD": 16.091838942307668}