{"name": "random-80-4.00-48.json", "solution": {"time": 0.017032407, "max_depth": 2, "is_feasible": false}, "AVD": 12.875992796266221}