{"name": "random-80-10.96-37.json", "solution": {"time": 0.006062776, "max_depth": 80, "is_feasible": true}, "AVD": 19.20974272602394}