{"name": "random-80-4.24-29.json", "solution": {"time": 0.016534981, "max_depth": 0, "is_feasible": false}, "AVD": 13.131395822927084}