{"name": "random-80-4.72-35.json", "solution": {"time": 0.018523801, "max_depth": 3, "is_feasible": false}, "AVD": 13.572659266514725}