{"name": "random-80-4.24-30.json", "solution": {"time": 0.017754519, "max_depth": 2, "is_feasible": false}, "AVD": 13.091185712724766}