{"name": "random-80-15.76-45.json", "solution": {"time": 0.006251626, "max_depth": 80, "is_feasible": true}, "AVD": 23.093167004870118}