{"name": "random-80-6.40-47.json", "solution": {"time": 0.031873857, "max_depth": 9, "is_feasible": false}, "AVD": 15.209365720217273}