{"name": "random-80-6.64-32.json", "solution": {"time": 0.026871471, "max_depth": 8, "is_feasible": false}, "AVD": 15.418360600337135}