{"name": "random-80-16.00-20.json", "solution": {"time": 0.005489687, "max_depth": 80, "is_feasible": true}, "AVD": 23.355692877435054}