{"name": "random-80-4.24-35.json", "solution": {"time": 0.018912899, "max_depth": 3, "is_feasible": false}, "AVD": 13.074645076201353}