{"name": "random-80-15.52-1.json", "solution": {"time": 0.009985315, "max_depth": 80, "is_feasible": true}, "AVD": 22.90507102272725}