{"name": "random-80-15.04-32.json", "solution": {"time": 0.005244791, "max_depth": 80, "is_feasible": true}, "AVD": 22.540312601461014}