{"name": "random-80-5.20-9.json", "solution": {"time": 0.017420478, "max_depth": 3, "is_feasible": false}, "AVD": 14.122631911057686}