{"name": "random-80-7.12-29.json", "solution": {"time": 0.023366653, "max_depth": 5, "is_feasible": false}, "AVD": 15.933987169080865}