{"name": "random-80-5.44-26.json", "solution": {"time": 0.019077455, "max_depth": 3, "is_feasible": false}, "AVD": 14.338028249094652}