{"name": "random-80-13.84-4.json", "solution": {"time": 0.005851989, "max_depth": 80, "is_feasible": true}, "AVD": 21.59260785308439}