{"name": "random-80-4.96-31.json", "solution": {"time": 0.017020785, "max_depth": 3, "is_feasible": false}, "AVD": 13.711466502247726}