{"name": "random-80-7.36-17.json", "solution": {"time": 0.019771421, "max_depth": 4, "is_feasible": false}, "AVD": 16.06071101554693}