{"name": "random-80-5.20-41.json", "solution": {"time": 0.017043812, "max_depth": 2, "is_feasible": false}, "AVD": 14.028808133272992}