{"name": "random-80-7.84-5.json", "solution": {"time": 0.007348318, "max_depth": 80, "is_feasible": true}, "AVD": 16.47962853552695}