{"name": "random-80-9.04-14.json", "solution": {"time": 0.008456559, "max_depth": 80, "is_feasible": true}, "AVD": 17.56486277784713}