{"name": "random-80-11.20-14.json", "solution": {"time": 0.006304836, "max_depth": 80, "is_feasible": true}, "AVD": 19.423703733766192}