{"name": "random-80-15.04-0.json", "solution": {"time": 0.005633088, "max_depth": 80, "is_feasible": true}, "AVD": 22.534192674512973}