{"name": "random-80-7.12-19.json", "solution": {"time": 0.041393357, "max_depth": 8, "is_feasible": false}, "AVD": 15.846135528533935}