{"name": "random-80-10.96-44.json", "solution": {"time": 0.00623724, "max_depth": 80, "is_feasible": true}, "AVD": 19.210178649475484}