{"name": "random-80-11.92-24.json", "solution": {"time": 0.006028378, "max_depth": 80, "is_feasible": true}, "AVD": 19.99119620223524}