{"name": "random-80-16.00-14.json", "solution": {"time": 0.006721645, "max_depth": 80, "is_feasible": true}, "AVD": 23.353123275162318}