{"name": "random-80-8.56-44.json", "solution": {"time": 0.027045062, "max_depth": 80, "is_feasible": true}, "AVD": 17.14264169424323}