{"name": "random-80-10.72-35.json", "solution": {"time": 0.006538562, "max_depth": 80, "is_feasible": true}, "AVD": 19.025301694399325}