{"name": "random-80-14.80-25.json", "solution": {"time": 0.006262125, "max_depth": 80, "is_feasible": true}, "AVD": 22.357808745941544}