{"name": "random-80-15.52-25.json", "solution": {"time": 0.005314465, "max_depth": 80, "is_feasible": true}, "AVD": 22.91896276379869}