{"name": "random-80-14.80-27.json", "solution": {"time": 0.009772969, "max_depth": 80, "is_feasible": true}, "AVD": 22.36808532873376}