{"name": "random-80-9.04-46.json", "solution": {"time": 0.010278269, "max_depth": 80, "is_feasible": true}, "AVD": 17.570022422889583}