{"name": "random-80-7.84-33.json", "solution": {"time": 0.010825817, "max_depth": 80, "is_feasible": true}, "AVD": 16.475942221840615}