{"name": "random-80-10.24-33.json", "solution": {"time": 0.006096063, "max_depth": 80, "is_feasible": true}, "AVD": 18.5707132242757}