{"name": "random-80-13.84-13.json", "solution": {"time": 0.005486773, "max_depth": 80, "is_feasible": true}, "AVD": 21.62529220779219}