{"name": "random-80-9.28-35.json", "solution": {"time": 0.00873361, "max_depth": 80, "is_feasible": true}, "AVD": 17.79212201470401}