{"name": "random-80-9.52-29.json", "solution": {"time": 0.006052209, "max_depth": 80, "is_feasible": true}, "AVD": 18.041064123376586}