{"name": "random-80-11.92-28.json", "solution": {"time": 0.006549356, "max_depth": 80, "is_feasible": true}, "AVD": 20.037244216720744}