{"name": "random-80-10.72-24.json", "solution": {"time": 0.006468362, "max_depth": 80, "is_feasible": true}, "AVD": 18.98119549200797}