{"name": "random-80-12.88-2.json", "solution": {"time": 0.005664164, "max_depth": 80, "is_feasible": true}, "AVD": 20.800330536650822}