{"name": "random-80-6.40-10.json", "solution": {"time": 0.029559598, "max_depth": 7, "is_feasible": false}, "AVD": 15.237779415896572}