{"name": "random-80-13.36-6.json", "solution": {"time": 0.006157582, "max_depth": 80, "is_feasible": true}, "AVD": 21.208101031780686}