{"name": "random-80-7.84-39.json", "solution": {"time": 0.017074271, "max_depth": 80, "is_feasible": true}, "AVD": 16.51598164335661}