{"name": "random-80-11.68-7.json", "solution": {"time": 0.00637344, "max_depth": 80, "is_feasible": true}, "AVD": 19.792371347402582}