{"name": "random-80-15.76-32.json", "solution": {"time": 0.011344198, "max_depth": 80, "is_feasible": true}, "AVD": 23.111913047889594}