{"name": "random-80-10.00-40.json", "solution": {"time": 0.012127964, "max_depth": 80, "is_feasible": true}, "AVD": 18.421994419642836}