{"name": "random-80-8.32-36.json", "solution": {"time": 0.047799581, "max_depth": 8, "is_feasible": false}, "AVD": 16.98240955138609}