{"name": "random-80-16.00-0.json", "solution": {"time": 0.005908758, "max_depth": 80, "is_feasible": true}, "AVD": 23.31785562094155}