{"name": "random-80-9.52-1.json", "solution": {"time": 0.010204579, "max_depth": 80, "is_feasible": true}, "AVD": 17.96873321210037}