{"name": "random-80-7.12-41.json", "solution": {"time": 0.029828145, "max_depth": 80, "is_feasible": true}, "AVD": 15.85217959384364}