{"name": "random-80-9.04-8.json", "solution": {"time": 0.009969323, "max_depth": 80, "is_feasible": true}, "AVD": 17.6204331137612}