{"name": "random-80-7.84-6.json", "solution": {"time": 0.022477171, "max_depth": 80, "is_feasible": true}, "AVD": 16.590189076548427}