{"name": "random-80-5.92-36.json", "solution": {"time": 0.019409874, "max_depth": 4, "is_feasible": false}, "AVD": 14.73785571459789}