{"name": "random-80-16.00-34.json", "solution": {"time": 0.005308793, "max_depth": 80, "is_feasible": true}, "AVD": 23.33435742382616}