{"name": "random-80-12.88-25.json", "solution": {"time": 0.007721395, "max_depth": 80, "is_feasible": true}, "AVD": 20.823561688311663}