{"name": "random-80-4.24-34.json", "solution": {"time": 0.016463461, "max_depth": 0, "is_feasible": false}, "AVD": 13.097226371284984}