{"name": "random-80-6.64-48.json", "solution": {"time": 0.029576152, "max_depth": 8, "is_feasible": false}, "AVD": 15.483390180132337}