{"name": "random-80-8.08-33.json", "solution": {"time": 0.007717313, "max_depth": 80, "is_feasible": true}, "AVD": 16.685050683691266}