{"name": "random-80-8.80-20.json", "solution": {"time": 0.007598621, "max_depth": 80, "is_feasible": true}, "AVD": 17.35349082948299}