{"name": "random-80-13.84-42.json", "solution": {"time": 0.007036711, "max_depth": 80, "is_feasible": true}, "AVD": 21.55240280032465}