{"name": "random-80-12.64-13.json", "solution": {"time": 0.006034265, "max_depth": 80, "is_feasible": true}, "AVD": 20.633023944805178}