{"name": "random-80-15.76-48.json", "solution": {"time": 0.006204926, "max_depth": 80, "is_feasible": true}, "AVD": 23.0795565137987}