{"name": "random-80-9.76-0.json", "solution": {"time": 0.012818312, "max_depth": 80, "is_feasible": true}, "AVD": 18.215849970342127}