{"name": "random-80-15.04-28.json", "solution": {"time": 0.007822955, "max_depth": 80, "is_feasible": true}, "AVD": 22.57420322646102}