{"name": "random-80-7.60-16.json", "solution": {"time": 0.035320097, "max_depth": 9, "is_feasible": false}, "AVD": 16.267668940434532}