{"name": "random-80-15.28-20.json", "solution": {"time": 0.006650521, "max_depth": 80, "is_feasible": true}, "AVD": 22.805135957792192}