{"name": "random-80-10.48-43.json", "solution": {"time": 0.007243974, "max_depth": 80, "is_feasible": true}, "AVD": 18.776970552884578}