{"name": "random-80-15.04-49.json", "solution": {"time": 0.010889823, "max_depth": 80, "is_feasible": true}, "AVD": 22.5425224228896}