{"name": "random-80-8.56-13.json", "solution": {"time": 0.008438638, "max_depth": 80, "is_feasible": true}, "AVD": 17.18807635333412}