{"name": "random-80-6.64-29.json", "solution": {"time": 0.019006222, "max_depth": 5, "is_feasible": false}, "AVD": 15.488711171640812}