{"name": "random-80-7.36-14.json", "solution": {"time": 0.025525214, "max_depth": 5, "is_feasible": false}, "AVD": 16.097384217345144}