{"name": "random-80-12.16-8.json", "solution": {"time": 0.005937554, "max_depth": 80, "is_feasible": true}, "AVD": 20.19965021697049}