{"name": "random-80-15.52-26.json", "solution": {"time": 0.005278288, "max_depth": 80, "is_feasible": true}, "AVD": 22.998224127435044}