{"name": "random-80-14.08-47.json", "solution": {"time": 0.005693792, "max_depth": 80, "is_feasible": true}, "AVD": 21.82172615665582}