{"name": "random-80-5.44-49.json", "solution": {"time": 0.017341572, "max_depth": 3, "is_feasible": false}, "AVD": 14.303270237574912}