{"name": "random-80-9.04-26.json", "solution": {"time": 0.006782403, "max_depth": 80, "is_feasible": true}, "AVD": 17.639454646915546}