{"name": "random-80-10.00-19.json", "solution": {"time": 0.009439941, "max_depth": 80, "is_feasible": true}, "AVD": 18.41634897914583}