{"name": "random-80-10.00-18.json", "solution": {"time": 0.00856376, "max_depth": 80, "is_feasible": true}, "AVD": 18.422445796391077}