{"name": "random-80-10.48-22.json", "solution": {"time": 0.007461257, "max_depth": 80, "is_feasible": true}, "AVD": 18.809085734577906}