{"name": "random-80-13.36-24.json", "solution": {"time": 0.00539783, "max_depth": 80, "is_feasible": true}, "AVD": 21.193747869318155}