{"name": "random-80-8.32-19.json", "solution": {"time": 0.011518195, "max_depth": 80, "is_feasible": true}, "AVD": 16.943971442619862}