{"name": "random-80-10.96-35.json", "solution": {"time": 0.006143565, "max_depth": 80, "is_feasible": true}, "AVD": 19.23031696428569}