{"name": "random-80-5.20-27.json", "solution": {"time": 0.023126774, "max_depth": 4, "is_feasible": false}, "AVD": 14.074045727709773}