{"name": "random-80-13.12-36.json", "solution": {"time": 0.00692249, "max_depth": 80, "is_feasible": true}, "AVD": 20.985819477397584}