{"name": "random-80-15.52-30.json", "solution": {"time": 0.005269564, "max_depth": 80, "is_feasible": true}, "AVD": 22.966093422202793}