{"name": "random-80-5.92-40.json", "solution": {"time": 0.018491401, "max_depth": 3, "is_feasible": false}, "AVD": 14.786207931314971}