{"name": "random-80-4.24-9.json", "solution": {"time": 0.01658429, "max_depth": 2, "is_feasible": false}, "AVD": 13.149624566839393}