{"name": "random-80-7.60-4.json", "solution": {"time": 0.023774695, "max_depth": 7, "is_feasible": false}, "AVD": 16.343152956418532}