{"name": "random-80-10.24-40.json", "solution": {"time": 0.006650815, "max_depth": 80, "is_feasible": true}, "AVD": 18.60716832386361}