{"name": "random-80-12.64-9.json", "solution": {"time": 0.007499518, "max_depth": 80, "is_feasible": true}, "AVD": 20.625719030969}