{"name": "random-80-7.12-28.json", "solution": {"time": 0.033923121, "max_depth": 11, "is_feasible": false}, "AVD": 15.89862440684314}