{"name": "random-80-16.00-24.json", "solution": {"time": 0.00711069, "max_depth": 80, "is_feasible": true}, "AVD": 23.316419237012973}