{"name": "random-80-4.96-26.json", "solution": {"time": 0.017792085, "max_depth": 2, "is_feasible": false}, "AVD": 13.852449772883347}