{"name": "random-80-13.12-0.json", "solution": {"time": 0.011790522, "max_depth": 80, "is_feasible": true}, "AVD": 20.9893460601898}