{"name": "random-80-11.20-49.json", "solution": {"time": 0.008550112, "max_depth": 80, "is_feasible": true}, "AVD": 19.37274360795451}