{"name": "random-80-11.44-31.json", "solution": {"time": 0.011511196, "max_depth": 80, "is_feasible": true}, "AVD": 19.559819251061434}