{"name": "random-80-12.64-41.json", "solution": {"time": 0.010603172, "max_depth": 80, "is_feasible": true}, "AVD": 20.614229785839125}