{"name": "random-80-8.32-18.json", "solution": {"time": 0.028199076, "max_depth": 80, "is_feasible": true}, "AVD": 16.970372135676797}