{"name": "random-80-14.80-38.json", "solution": {"time": 0.005308492, "max_depth": 80, "is_feasible": true}, "AVD": 22.367110366196293}