{"name": "random-80-11.68-20.json", "solution": {"time": 0.006550773, "max_depth": 80, "is_feasible": true}, "AVD": 19.82633010739258}