{"name": "random-80-8.08-25.json", "solution": {"time": 0.019893989, "max_depth": 5, "is_feasible": false}, "AVD": 16.744987699800177}