{"name": "random-80-6.88-1.json", "solution": {"time": 0.020544154, "max_depth": 6, "is_feasible": false}, "AVD": 15.663779884178293}