{"name": "random-80-4.72-27.json", "solution": {"time": 0.01816455, "max_depth": 3, "is_feasible": false}, "AVD": 13.577342493444036}