{"name": "random-80-4.00-42.json", "solution": {"time": 0.018510427, "max_depth": 4, "is_feasible": false}, "AVD": 12.818088239885117}