{"name": "random-80-5.68-46.json", "solution": {"time": 0.021015425, "max_depth": 4, "is_feasible": false}, "AVD": 14.508626393138115}