{"name": "random-80-5.68-44.json", "solution": {"time": 0.020001387, "max_depth": 7, "is_feasible": false}, "AVD": 14.552159207979496}