{"name": "random-80-4.48-21.json", "solution": {"time": 0.023046243, "max_depth": 3, "is_feasible": false}, "AVD": 13.330090413492773}