{
    "problem_type": "SCP",
    "log_dirs": [
        "./log/scp-exact/ham_bound_v1/random10_ov_50/",
        "./log/scp-exact/ham_bound_v1/random20_ov_50/",
        "./log/scp-exact/ham_bound_v1/random30_ov_50/",
        "./log/scp-exact/ham_bound_v1/random40_ov_50/",
        "./log/scp-exact/ham_bound_v1/random50_ov_50/",
        "./log/scp-exact/ham_bound_v1/random60_ov_50/",
        "./log/scp-exact/ham_bound_v1/random70_ov_50/",
        "./log/scp-exact/ham_bound_v1/random80_ov_50/",
        "./log/scp-exact/ham_bound_v1/random90_ov_50/",
        "./log/scp-exact/ham_bound_v1/random100_ov_50/"
    ],
    "problem_dirs": [
        "./data/tspsd/random10_ov_50/",
        "./data/tspsd/random20_ov_50/",
        "./data/tspsd/random30_ov_50/",
        "./data/tspsd/random40_ov_50/",
        "./data/tspsd/random50_ov_50/",
        "./data/tspsd/random60_ov_50/",
        "./data/tspsd/random70_ov_50/",
        "./data/tspsd/random80_ov_50/",
        "./data/tspsd/random90_ov_50/",
        "./data/tspsd/random100_ov_50/"
    ],
    "sizes": [
        10,
        20,
        30,
        40,
        50,
        60,
        70,
        80,
        90,
        100
    ],
    "bounds": [
        1.6242753550904754,
        1.6152036583126477,
        1.870435400622912,
        1.9685905020024286,
        2.145551143449801,
        2.2305158661745708,
        2.370980260579776,
        2.416603528218611,
        2.576112647616215,
        2.6104820561302042
    ],
    "rel_step": 0.75
}