{
    "NAME": "random-30-26.00-0",
    "TYPE": "TSPSD",
    "COMMENT": "30 random locations, 26 goal degree after n/2 deletes",
    "EDGE_WEIGHT_TYPE": "EUC_2D",
    "DIMENSION": 30,
    "GROUPS": [
        1,
        3,
        5,
        2,
        4,
        2,
        4,
        2,
        4,
        2,
        5,
        3,
        8,
        4,
        3,
        3,
        0,
        4,
        6,
        2,
        0,
        4,
        1,
        2,
        2,
        2,
        5,
        2,
        1,
        4
    ],
    "GROUPS_SUM": 90,
    "EXP_DEGREE_HALF": 26.09655172413793,
    "EXP_DEGREES": [
        29.0,
        28.8,
        28.600919540229885,
        28.402758620689657,
        28.20551724137931,
        28.00919540229885,
        27.813793103448276,
        27.619310344827586,
        27.425747126436782,
        27.23310344827586,
        27.04137931034483,
        26.850574712643677,
        26.66068965517242,
        26.471724137931037,
        26.283678160919543,
        26.09655172413793,
        25.910344827586208,
        25.725057471264364,
        25.540689655172407,
        25.357241379310345,
        25.174712643678166,
        24.993103448275857,
        24.812413793103445,
        24.63264367816092,
        24.453793103448284,
        24.275862068965516,
        24.098850574712646,
        23.922758620689656,
        23.747586206896553,
        23.57333333333333,
        23.4
    ],
    "EXP_REMOVED_EDGES": [
        0.0,
        2.9999999999999996,
        5.986206896551722,
        8.958620689655161,
        11.917241379310342,
        14.862068965517222,
        17.793103448275836,
        20.7103448275862,
        23.61379310344827,
        26.503448275862105,
        29.37931034482755,
        32.24137931034485,
        35.089655172413735,
        37.924137931034444,
        40.74482758620689,
        43.55172413793103,
        46.34482758620689,
        49.12413793103457,
        51.88965517241387,
        54.641379310344796,
        57.379310344827516,
        60.103448275862156,
        62.81379310344832,
        65.51034482758617,
        68.19310344827576,
        70.86206896551725,
        73.51724137931029,
        76.15862068965518,
        78.78620689655169,
        81.40000000000006,
        84
    ],
    "NODE_COORDS": {
        "1": [
            81,
            1
        ],
        "2": [
            87,
            52
        ],
        "3": [
            98,
            36
        ],
        "4": [
            87,
            78
        ],
        "5": [
            9,
            59
        ],
        "6": [
            94,
            79
        ],
        "7": [
            75,
            64
        ],
        "8": [
            73,
            24
        ],
        "9": [
            44,
            48
        ],
        "10": [
            69,
            45
        ],
        "11": [
            6,
            14
        ],
        "12": [
            14,
            79
        ],
        "13": [
            76,
            75
        ],
        "14": [
            98,
            59
        ],
        "15": [
            100,
            53
        ],
        "16": [
            51,
            69
        ],
        "17": [
            90,
            41
        ],
        "18": [
            71,
            76
        ],
        "19": [
            63,
            34
        ],
        "20": [
            51,
            32
        ],
        "21": [
            68,
            8
        ],
        "22": [
            88,
            20
        ],
        "23": [
            73,
            83
        ],
        "24": [
            52,
            5
        ],
        "25": [
            33,
            42
        ],
        "26": [
            25,
            64
        ],
        "27": [
            20,
            18
        ],
        "28": [
            84,
            13
        ],
        "29": [
            94,
            22
        ],
        "30": [
            24,
            44
        ]
    },
    "DELETE": {
        "1": [
            [
                "12",
                "24"
            ]
        ],
        "2": [
            [
                "10",
                "28"
            ],
            [
                "5",
                "17"
            ],
            [
                "6",
                "17"
            ]
        ],
        "3": [
            [
                "4",
                "20"
            ],
            [
                "24",
                "26"
            ],
            [
                "10",
                "25"
            ],
            [
                "8",
                "28"
            ],
            [
                "4",
                "19"
            ]
        ],
        "4": [
            [
                "12",
                "14"
            ],
            [
                "25",
                "29"
            ]
        ],
        "5": [
            [
                "5",
                "18"
            ],
            [
                "1",
                "9"
            ],
            [
                "3",
                "12"
            ],
            [
                "10",
                "29"
            ]
        ],
        "6": [
            [
                "8",
                "24"
            ],
            [
                "4",
                "27"
            ]
        ],
        "7": [
            [
                "13",
                "28"
            ],
            [
                "4",
                "17"
            ],
            [
                "3",
                "14"
            ],
            [
                "11",
                "25"
            ]
        ],
        "8": [
            [
                "2",
                "27"
            ],
            [
                "22",
                "28"
            ]
        ],
        "9": [
            [
                "14",
                "26"
            ],
            [
                "3",
                "29"
            ],
            [
                "1",
                "7"
            ],
            [
                "8",
                "25"
            ]
        ],
        "10": [
            [
                "10",
                "26"
            ],
            [
                "8",
                "25"
            ]
        ],
        "11": [
            [
                "2",
                "12"
            ],
            [
                "23",
                "30"
            ],
            [
                "17",
                "28"
            ],
            [
                "15",
                "26"
            ],
            [
                "1",
                "24"
            ]
        ],
        "12": [
            [
                "17",
                "28"
            ],
            [
                "16",
                "20"
            ],
            [
                "12",
                "19"
            ]
        ],
        "13": [
            [
                "3",
                "24"
            ],
            [
                "14",
                "24"
            ],
            [
                "17",
                "20"
            ],
            [
                "4",
                "23"
            ],
            [
                "20",
                "21"
            ],
            [
                "8",
                "11"
            ],
            [
                "23",
                "29"
            ],
            [
                "9",
                "28"
            ]
        ],
        "14": [
            [
                "7",
                "18"
            ],
            [
                "16",
                "29"
            ],
            [
                "7",
                "9"
            ],
            [
                "10",
                "15"
            ]
        ],