{
    "NAME": "random-30-23.00-0",
    "TYPE": "TSPSD",
    "COMMENT": "30 random locations, 23 goal degree after n/2 deletes",
    "EDGE_WEIGHT_TYPE": "EUC_2D",
    "DIMENSION": 30,
    "GROUPS": [
        4,
        7,
        9,
        4,
        6,
        7,
        7,
        4,
        6,
        2,
        9,
        8,
        11,
        6,
        8,
        9,
        5,
        9,
        10,
        5,
        6,
        8,
        5,
        4,
        7,
        8,
        8,
        3,
        4,
        9
    ],
    "GROUPS_SUM": 198,
    "EXP_DEGREE_HALF": 23.063218390804593,
    "EXP_DEGREES": [
        29.0,
        28.560000000000002,
        28.12674329501916,
        27.700131362889984,
        27.280065681444995,
        26.86644772851669,
        26.4591789819376,
        26.058160919540228,
        25.663295019157093,
        25.2744827586207,
        24.891625615763537,
        24.51462506841817,
        24.143382594417076,
        23.77779967159278,
        23.417777777777772,
        23.063218390804593,
        22.714022988505754,
        22.370093048713738,
        22.0313300492611,
        21.697635467980277,
        21.36891078270387,
        21.045057471264357,
        20.72597701149425,
        20.411570881226055,
        20.101740558292285,
        19.796387520525457,
        19.495413245758094,
        19.198719211822638,
        18.906206896551716,
        18.617777777777768,
        18.333333333333336
    ],
    "EXP_REMOVED_EDGES": [
        0.0,
        6.599999999999991,
        13.09885057471262,
        19.49802955665026,
        25.79901477832508,
        32.00328407224964,
        38.11231527093598,
        44.12758620689661,
        50.050574712643616,
        55.88275862068949,
        61.625615763546946,
        67.28062397372744,
        72.84926108374383,
        78.3330049261083,
        83.73333333333342,
        89.05172413793107,
        94.28965517241369,
        99.44860426929392,
        104.53004926108349,
        109.53546798029586,
        114.46633825944195,
        119.32413793103467,
        124.11034482758623,
        128.82643678160915,
        133.4738916256157,
        138.05418719211815,
        142.5688013136286,
        147.01921182266042,
        151.4068965517243,
        155.73333333333352,
        160
    ],
    "NODE_COORDS": {
        "1": [
            81,
            1
        ],
        "2": [
            87,
            52
        ],
        "3": [
            98,
            36
        ],
        "4": [
            87,
            78
        ],
        "5": [
            9,
            59
        ],
        "6": [
            94,
            79
        ],
        "7": [
            75,
            64
        ],
        "8": [
            73,
            24
        ],
        "9": [
            44,
            48
        ],
        "10": [
            69,
            45
        ],
        "11": [
            6,
            14
        ],
        "12": [
            14,
            79
        ],
        "13": [
            76,
            75
        ],
        "14": [
            98,
            59
        ],
        "15": [
            100,
            53
        ],
        "16": [
            51,
            69
        ],
        "17": [
            90,
            41
        ],
        "18": [
            71,
            76
        ],
        "19": [
            63,
            34
        ],
        "20": [
            51,
            32
        ],
        "21": [
            68,
            8
        ],
        "22": [
            88,
            20
        ],
        "23": [
            73,
            83
        ],
        "24": [
            52,
            5
        ],
        "25": [
            33,
            42
        ],
        "26": [
            25,
            64
        ],
        "27": [
            20,
            18
        ],
        "28": [
            84,
            13
        ],
        "29": [
            94,
            22
        ],
        "30": [
            24,
            44
        ]
    },
    "DELETE": {
        "1": [
            [
                "12",
                "24"
            ],
            [
                "28",
                "30"
            ],
            [
                "7",
                "20"
            ],
            [
                "6",
                "29"
            ]
        ],
        "2": [
            [
                "10",
                "28"
            ],
            [
                "5",
                "17"
            ],
            [
                "6",
                "17"
            ],
            [
                "10",
                "22"
            ],
            [
                "29",
                "30"
            ],
            [
                "15",
                "30"
            ],
            [
                "10",
                "30"
            ]
        ],
        "3": [
            [
                "4",
                "20"
            ],
            [
                "24",
                "26"
            ],
            [
                "10",
                "25"
            ],
            [
                "8",
                "28"
            ],
            [
                "4",
                "19"
            ],
            [
                "8",
                "12"
            ],
            [
                "16",
                "19"
            ],
            [
                "8",
                "11"
            ],
            [
                "15",
                "20"
            ]
        ],
        "4": [
            [
                "12",
                "14"
            ],
            [
                "25",
                "29"
            ],
            [
                "8",
                "30"
            ],
            [
                "5",
                "30"
            ]
        ],
        "5": [
            [
                "5",
                "18"
            ],
            [
                "1",
                "9"
            ],
            [
                "3",
                "12"
            ],
            [
                "10",
                "29"
            ],
            [
                "15",
                "28"
            ],
            [
                "17",
                "20"
            ]
        ],
        "6": [
            [
                "8",
                "24"
            ],
            [
                "4",
                "27"
            ],
            [
                "21",
                "23"
            ],
            [
                "6",
                "12"
            ],
            [
                "6",
                "22"
            ],
            [
                "4",
                "30"
            ],
            [
                "17",
                "22"
            ]
        ],
        "7": [
            [
                "13",
                "28"
            ],
            [
                "4",
                "17"
            ],
            [
                "3",
                "14"
            ],
            [
                "11",
                "25"
            ],
            [
                "27",
                "28"
            ],
            [
                "20",
                "28"
            ],
            [
                "13",
                "24"
            ]
        ],
        "8": [
            [
                "2",
                "27"
            ],
            [
                "22",
                "28"
            ],
            [
                "4",
                "11"
            ],
            [
                "17",
                "20"
            ]
        ],