{
    "NAME": "random-10-8.00-0",
    "TYPE": "TSPSD",
    "COMMENT": "10 random locations, 8.0 goal degree after n/2 deletes",
    "EDGE_WEIGHT_TYPE": "EUC_2D",
    "DIMENSION": 10,
    "GROUPS": [
        0,
        1,
        1,
        1,
        0,
        0,
        0,
        2,
        2,
        2
    ],
    "GROUPS_SUM": 9,
    "EXP_DEGREE_HALF": 8.1,
    "EXP_DEGREES": [
        9.0,
        8.82,
        8.64,
        8.46,
        8.28,
        8.1,
        7.92,
        7.74,
        7.5600000000000005,
        7.38,
        7.2
    ],
    "EXP_REMOVED_EDGES": [
        0.0,
        0.8999999999999999,
        1.7999999999999998,
        2.6999999999999997,
        3.5999999999999996,
        4.5,
        5.3999999999999995,
        6.300000000000001,
        7.199999999999999,
        8.100000000000001,
        9
    ],
    "NODE_COORDS": {
        "1": [
            39,
            16
        ],
        "2": [
            87,
            48
        ],
        "3": [
            25,
            68
        ],
        "4": [
            84,
            15
        ],
        "5": [
            68,
            83
        ],
        "6": [
            44,
            38
        ],
        "7": [
            54,
            4
        ],
        "8": [
            61,
            15
        ],
        "9": [
            37,
            9
        ],
        "10": [
            68,
            39
        ]
    },
    "DELETE": {
        "1": [],
        "2": [
            [
                "2",
                "6"
            ]
        ],
        "3": [
            [
                "2",
                "5"
            ]
        ],
        "4": [
            [
                "8",
                "9"
            ]
        ],
        "5": [],
        "6": [],
        "7": [],
        "8": [
            [
                "2",
                "8"
            ],
            [
                "6",
                "10"
            ]
        ],
        "9": [
            [
                "2",
                "7"
            ],
            [
                "6",
                "9"
            ]
        ],
        "10": [
            [
                "4",
                "10"
            ],
            [
                "5",
                "9"
            ]
        ]
    }
}