{
    "NAME": "random-10-3.00-0",
    "TYPE": "TSPSD",
    "COMMENT": "10 random locations, 3.0 goal degree after n/2 deletes",
    "EDGE_WEIGHT_TYPE": "EUC_2D",
    "DIMENSION": 10,
    "GROUPS": [
        10,
        12,
        10,
        12,
        9,
        7,
        5,
        7,
        12,
        6
    ],
    "GROUPS_SUM": 90,
    "EXP_DEGREE_HALF": 3.080158730158728,
    "EXP_DEGREES": [
        9.0,
        7.2,
        5.782222222222222,
        4.664999999999998,
        3.781904761904764,
        3.080158730158728,
        2.519047619047617,
        2.0683333333333325,
        1.7066666666666679,
        1.4200000000000017,
        1.2000000000000002
    ],
    "EXP_REMOVED_EDGES": [
        0.0,
        9.0,
        16.08888888888889,
        21.675000000000008,
        26.09047619047618,
        29.59920634920636,
        32.40476190476191,
        34.65833333333334,
        36.46666666666666,
        37.89999999999999,
        39
    ],
    "NODE_COORDS": {
        "1": [
            39,
            16
        ],
        "2": [
            87,
            48
        ],
        "3": [
            25,
            68
        ],
        "4": [
            84,
            15
        ],
        "5": [
            68,
            83
        ],
        "6": [
            44,
            38
        ],
        "7": [
            54,
            4
        ],
        "8": [
            61,
            15
        ],
        "9": [
            37,
            9
        ],
        "10": [
            68,
            39
        ]
    },
    "DELETE": {
        "1": [
            [
                "8",
                "9"
            ],
            [
                "2",
                "10"
            ],
            [
                "8",
                "10"
            ],
            [
                "3",
                "6"
            ],
            [
                "7",
                "8"
            ],
            [
                "5",
                "10"
            ],
            [
                "2",
                "9"
            ],
            [
                "6",
                "10"
            ],
            [
                "4",
                "6"
            ],
            [
                "3",
                "9"
            ]
        ],
        "2": [
            [
                "2",
                "6"
            ],
            [
                "3",
                "9"
            ],
            [
                "4",
                "10"
            ],
            [
                "2",
                "3"
            ],
            [
                "3",
                "5"
            ],
            [
                "5",
                "8"
            ],
            [
                "2",
                "10"
            ],
            [
                "3",
                "4"
            ],
            [
                "6",
                "8"
            ],
            [
                "8",
                "9"
            ],
            [
                "5",
                "10"
            ],
            [
                "7",
                "9"
            ]
        ],
        "3": [
            [
                "2",
                "5"
            ],
            [
                "3",
                "7"
            ],
            [
                "5",
                "10"
            ],
            [
                "4",
                "9"
            ],
            [
                "4",
                "10"
            ],
            [
                "2",
                "8"
            ],
            [
                "1",
                "8"
            ],
            [
                "5",
                "7"
            ],
            [
                "3",
                "5"
            ],
            [
                "1",
                "4"
            ]
        ],
        "4": [
            [
                "8",
                "9"
            ],
            [
                "2",
                "10"
            ],
            [
                "5",
                "7"
            ],
            [
                "5",
                "6"
            ],
            [
                "7",
                "8"
            ],
            [
                "3",
                "6"
            ],
            [
                "2",
                "4"
            ],
            [
                "5",
                "8"
            ],
            [
                "3",
                "7"
            ],
            [
                "1",
                "3"
            ],
            [
                "2",
                "7"
            ],
            [
                "6",
                "9"
            ]
        ],
        "5": [
            [
                "5",
                "10"
            ],
            [
                "1",
                "5"
            ],
            [
                "5",
                "8"
            ],
            [
                "2",
                "6"
            ],
            [
                "3",
                "7"
            ],
            [
                "3",
                "8"
            ],
            [
                "3",
                "6"
            ],
            [
                "1",
                "4"
            ],
            [
                "3",
                "4"
            ]
        ],
        "6": [
            [
                "4",
                "6"
            ],
            [
                "1",
                "10"
            ],
            [
                "3",
                "6"
            ],
            [
                "2",
                "3"
            ],
            [
                "1",
                "5"
            ],
            [
                "5",
                "10"
            ],
            [
                "3",
                "7"
            ]
        ],
        "7": [
            [
                "2",
                "8"
            ],
            [
                "2",
                "3"
            ],
            [
                "2",
                "5"
            ],
            [
                "1",
                "10"
            ],
            [
                "5",
                "6"
            ]
        ],
        "8": [
            [
                "2",
                "8"
            ],
            [
                "6",
                "10"
            ],
            [
                "1",
                "5"
            ],
            [
                "2",
                "5"
            ],
            [
                "5",
                "6"
            ],
            [
                "1",
                "6"
            ],
            [
                "4",
                "8"
            ]
        ],
        "9": [
            [
                "2",
                "7"
            ],
            [
                "6",
                "9"
            ],
            [
                "4",
                "9"
            ],
            [
                "7",
                "8"
            ],
            [
                "6",
                "8"
            ],
            [
                "2",
                "10"
            ],
            [
                "1",
                "7"
            ],
            [
                "2",
                "4"
            ],
            [
                "3",
                "10"
            ],
            [
                "2",
                "8"
            ],
            [
                "2",
                "5"
            ],
            [
                "5",
                "8"
            ]
        ],