{
    "NAME": "random-10-2.00-0",
    "TYPE": "TSPSD",
    "COMMENT": "10 random locations, 2.0 goal degree after n/2 deletes",
    "EDGE_WEIGHT_TYPE": "EUC_2D",
    "DIMENSION": 10,
    "GROUPS": [
        11,
        12,
        14,
        14,
        11,
        12,
        9,
        11,
        13,
        8
    ],
    "GROUPS_SUM": 115,
    "EXP_DEGREE_HALF": 2.0936507936507933,
    "EXP_DEGREES": [
        9.0,
        6.7,
        4.986666666666667,
        3.718333333333333,
        2.7828571428571447,
        2.0936507936507933,
        1.5857142857142845,
        1.2116666666666687,
        0.9377777777777805,
        0.7400000000000002,
        0.5999999999999996
    ],
    "EXP_REMOVED_EDGES": [
        0.0,
        11.499999999999998,
        20.066666666666663,
        26.408333333333335,
        31.085714285714275,
        34.53174603174603,
        37.07142857142858,
        38.941666666666656,
        40.311111111111096,
        41.3,
        42
    ],
    "NODE_COORDS": {
        "1": [
            39,
            16
        ],
        "2": [
            87,
            48
        ],
        "3": [
            25,
            68
        ],
        "4": [
            84,
            15
        ],
        "5": [
            68,
            83
        ],
        "6": [
            44,
            38
        ],
        "7": [
            54,
            4
        ],
        "8": [
            61,
            15
        ],
        "9": [
            37,
            9
        ],
        "10": [
            68,
            39
        ]
    },
    "DELETE": {
        "1": [
            [
                "8",
                "9"
            ],
            [
                "2",
                "10"
            ],
            [
                "8",
                "10"
            ],
            [
                "3",
                "6"
            ],
            [
                "7",
                "8"
            ],
            [
                "5",
                "10"
            ],
            [
                "2",
                "9"
            ],
            [
                "6",
                "10"
            ],
            [
                "4",
                "6"
            ],
            [
                "3",
                "9"
            ],
            [
                "3",
                "8"
            ]
        ],
        "2": [
            [
                "2",
                "6"
            ],
            [
                "3",
                "9"
            ],
            [
                "4",
                "10"
            ],
            [
                "2",
                "3"
            ],
            [
                "3",
                "5"
            ],
            [
                "5",
                "8"
            ],
            [
                "2",
                "10"
            ],
            [
                "3",
                "4"
            ],
            [
                "6",
                "8"
            ],
            [
                "8",
                "9"
            ],
            [
                "5",
                "10"
            ],
            [
                "7",
                "9"
            ]
        ],
        "3": [
            [
                "2",
                "5"
            ],
            [
                "3",
                "7"
            ],
            [
                "5",
                "10"
            ],
            [
                "4",
                "9"
            ],
            [
                "4",
                "10"
            ],
            [
                "2",
                "8"
            ],
            [
                "1",
                "8"
            ],
            [
                "5",
                "7"
            ],
            [
                "3",
                "5"
            ],
            [
                "1",
                "4"
            ],
            [
                "1",
                "9"
            ],
            [
                "1",
                "10"
            ],
            [
                "2",
                "7"
            ],
            [
                "4",
                "5"
            ]
        ],
        "4": [
            [
                "8",
                "9"
            ],
            [
                "2",
                "10"
            ],
            [
                "5",
                "7"
            ],
            [
                "5",
                "6"
            ],
            [
                "7",
                "8"
            ],
            [
                "3",
                "6"
            ],
            [
                "2",
                "4"
            ],
            [
                "5",
                "8"
            ],
            [
                "3",
                "7"
            ],
            [
                "1",
                "3"
            ],
            [
                "2",
                "7"
            ],
            [
                "6",
                "9"
            ],
            [
                "3",
                "5"
            ],
            [
                "6",
                "7"
            ]
        ],
        "5": [
            [
                "5",
                "10"
            ],
            [
                "1",
                "5"
            ],
            [
                "5",
                "8"
            ],
            [
                "2",
                "6"
            ],
            [
                "3",
                "7"
            ],
            [
                "3",
                "8"
            ],
            [
                "3",
                "6"
            ],
            [
                "1",
                "4"
            ],
            [
                "3",
                "4"
            ],
            [
                "2",
                "7"
            ],
            [
                "1",
                "2"
            ]
        ],
        "6": [
            [
                "4",
                "6"
            ],
            [
                "1",
                "10"
            ],
            [
                "3",
                "6"
            ],
            [
                "2",
                "3"
            ],
            [
                "1",
                "5"
            ],
            [
                "5",
                "10"
            ],
            [
                "3",
                "7"
            ],
            [
                "6",
                "7"
            ],
            [
                "4",
                "5"
            ],
            [
                "1",
                "6"
            ],
            [
                "8",
                "10"
            ],
            [
                "5",
                "7"
            ]
        ],
        "7": [
            [
                "2",
                "8"
            ],
            [
                "2",
                "3"
            ],
            [
                "2",
                "5"
            ],
            [
                "1",
                "10"
            ],
            [
                "5",
                "6"
            ],
            [
                "3",
                "6"
            ],
            [
                "3",
                "9"
            ],
            [
                "1",
                "2"
            ],
            [
                "4",
                "10"
            ]
        ],