{
    "NAME": "random-10-4.00-0",
    "TYPE": "TSPSD",
    "COMMENT": "10 random locations, 4.0 goal degree after n/2 deletes",
    "EDGE_WEIGHT_TYPE": "EUC_2D",
    "DIMENSION": 10,
    "GROUPS": [
        9,
        10,
        8,
        10,
        5,
        7,
        4,
        4,
        9,
        5
    ],
    "GROUPS_SUM": 71,
    "EXP_DEGREE_HALF": 4.096031746031745,
    "EXP_DEGREES": [
        9.0,
        7.58,
        6.4222222222222225,
        5.481666666666666,
        4.7180952380952395,
        4.096031746031745,
        3.584761904761905,
        3.158333333333333,
        2.795555555555554,
        2.4800000000000013,
        2.2
    ],
    "EXP_REMOVED_EDGES": [
        0.0,
        7.099999999999999,
        12.888888888888888,
        17.591666666666672,
        21.409523809523805,
        24.519841269841276,
        27.076190476190476,
        29.208333333333332,
        31.02222222222223,
        32.599999999999994,
        34
    ],
    "NODE_COORDS": {
        "1": [
            39,
            16
        ],
        "2": [
            87,
            48
        ],
        "3": [
            25,
            68
        ],
        "4": [
            84,
            15
        ],
        "5": [
            68,
            83
        ],
        "6": [
            44,
            38
        ],
        "7": [
            54,
            4
        ],
        "8": [
            61,
            15
        ],
        "9": [
            37,
            9
        ],
        "10": [
            68,
            39
        ]
    },
    "DELETE": {
        "1": [
            [
                "8",
                "9"
            ],
            [
                "2",
                "10"
            ],
            [
                "8",
                "10"
            ],
            [
                "3",
                "6"
            ],
            [
                "7",
                "8"
            ],
            [
                "5",
                "10"
            ],
            [
                "2",
                "9"
            ],
            [
                "6",
                "10"
            ],
            [
                "4",
                "6"
            ]
        ],
        "2": [
            [
                "2",
                "6"
            ],
            [
                "3",
                "9"
            ],
            [
                "4",
                "10"
            ],
            [
                "2",
                "3"
            ],
            [
                "3",
                "5"
            ],
            [
                "5",
                "8"
            ],
            [
                "2",
                "10"
            ],
            [
                "3",
                "4"
            ],
            [
                "6",
                "8"
            ],
            [
                "8",
                "9"
            ]
        ],
        "3": [
            [
                "2",
                "5"
            ],
            [
                "3",
                "7"
            ],
            [
                "5",
                "10"
            ],
            [
                "4",
                "9"
            ],
            [
                "4",
                "10"
            ],
            [
                "2",
                "8"
            ],
            [
                "1",
                "8"
            ],
            [
                "5",
                "7"
            ]
        ],
        "4": [
            [
                "8",
                "9"
            ],
            [
                "2",
                "10"
            ],
            [
                "5",
                "7"
            ],
            [
                "5",
                "6"
            ],
            [
                "7",
                "8"
            ],
            [
                "3",
                "6"
            ],
            [
                "2",
                "4"
            ],
            [
                "5",
                "8"
            ],
            [
                "3",
                "7"
            ],
            [
                "1",
                "3"
            ]
        ],
        "5": [
            [
                "5",
                "10"
            ],
            [
                "1",
                "5"
            ],
            [
                "5",
                "8"
            ],
            [
                "2",
                "6"
            ],
            [
                "3",
                "7"
            ]
        ],
        "6": [
            [
                "4",
                "6"
            ],
            [
                "1",
                "10"
            ],
            [
                "3",
                "6"
            ],
            [
                "2",
                "3"
            ],
            [
                "1",
                "5"
            ],
            [
                "5",
                "10"
            ],
            [
                "3",
                "7"
            ]
        ],
        "7": [
            [
                "2",
                "8"
            ],
            [
                "2",
                "3"
            ],
            [
                "2",
                "5"
            ],
            [
                "1",
                "10"
            ]
        ],
        "8": [
            [
                "2",
                "8"
            ],
            [
                "6",
                "10"
            ],
            [
                "1",
                "5"
            ],
            [
                "2",
                "5"
            ]
        ],
        "9": [
            [
                "2",
                "7"
            ],
            [
                "6",
                "9"
            ],
            [
                "4",
                "9"
            ],
            [
                "7",
                "8"
            ],
            [
                "6",
                "8"
            ],
            [
                "2",
                "10"
            ],
            [
                "1",
                "7"
            ],
            [
                "2",
                "4"
            ],
            [
                "3",
                "10"
            ]
        ],
        "10": [
            [
                "4",
                "10"
            ],
            [
                "5",
                "9"
            ],
            [
                "2",
                "8"
            ],
            [
                "1",
                "5"
            ],
            [
                "6",
                "7"
            ]
        ]
    }
}