{
    "NAME": "random-10-1.00-0",
    "TYPE": "TSPSD",
    "COMMENT": "10 random locations, 1.0 goal degree after n/2 deletes",
    "EDGE_WEIGHT_TYPE": "EUC_2D",
    "DIMENSION": 10,
    "GROUPS": [
        17,
        17,
        16,
        20,
        16,
        17,
        10,
        15,
        16,
        13
    ],
    "GROUPS_SUM": 157,
    "EXP_DEGREE_HALF": 1.0801587301587308,
    "EXP_DEGREES": [
        9.0,
        5.859999999999999,
        3.831111111111108,
        2.5116666666666676,
        1.647619047619047,
        1.0801587301587308,
        0.7095238095238088,
        0.47166666666666757,
        0.3244444444444472,
        0.2400000000000002,
        0.1999999999999993
    ],
    "EXP_REMOVED_EDGES": [
        0.0,
        15.700000000000003,
        25.84444444444446,
        32.44166666666666,
        36.761904761904766,
        39.59920634920635,
        41.452380952380956,
        42.64166666666666,
        43.377777777777766,
        43.8,
        44
    ],
    "NODE_COORDS": {
        "1": [
            39,
            16
        ],
        "2": [
            87,
            48
        ],
        "3": [
            25,
            68
        ],
        "4": [
            84,
            15
        ],
        "5": [
            68,
            83
        ],
        "6": [
            44,
            38
        ],
        "7": [
            54,
            4
        ],
        "8": [
            61,
            15
        ],
        "9": [
            37,
            9
        ],
        "10": [
            68,
            39
        ]
    },
    "DELETE": {
        "1": [
            [
                "8",
                "9"
            ],
            [
                "2",
                "10"
            ],
            [
                "8",
                "10"
            ],
            [
                "3",
                "6"
            ],
            [
                "7",
                "8"
            ],
            [
                "5",
                "10"
            ],
            [
                "2",
                "9"
            ],
            [
                "6",
                "10"
            ],
            [
                "4",
                "6"
            ],
            [
                "3",
                "9"
            ],
            [
                "3",
                "8"
            ],
            [
                "7",
                "9"
            ],
            [
                "5",
                "9"
            ],
            [
                "2",
                "4"
            ],
            [
                "4",
                "7"
            ],
            [
                "5",
                "6"
            ],
            [
                "1",
                "9"
            ]
        ],
        "2": [
            [
                "2",
                "6"
            ],
            [
                "3",
                "9"
            ],
            [
                "4",
                "10"
            ],
            [
                "2",
                "3"
            ],
            [
                "3",
                "5"
            ],
            [
                "5",
                "8"
            ],
            [
                "2",
                "10"
            ],
            [
                "3",
                "4"
            ],
            [
                "6",
                "8"
            ],
            [
                "8",
                "9"
            ],
            [
                "5",
                "10"
            ],
            [
                "7",
                "9"
            ],
            [
                "4",
                "5"
            ],
            [
                "1",
                "3"
            ],
            [
                "1",
                "2"
            ],
            [
                "7",
                "10"
            ],
            [
                "1",
                "8"
            ]
        ],
        "3": [
            [
                "2",
                "5"
            ],
            [
                "3",
                "7"
            ],
            [
                "5",
                "10"
            ],
            [
                "4",
                "9"
            ],
            [
                "4",
                "10"
            ],
            [
                "2",
                "8"
            ],
            [
                "1",
                "8"
            ],
            [
                "5",
                "7"
            ],
            [
                "3",
                "5"
            ],
            [
                "1",
                "4"
            ],
            [
                "1",
                "9"
            ],
            [
                "1",
                "10"
            ],
            [
                "2",
                "7"
            ],
            [
                "4",
                "5"
            ],
            [
                "7",
                "10"
            ],
            [
                "1",
                "5"
            ]
        ],
        "4": [
            [
                "8",
                "9"
            ],
            [
                "2",
                "10"
            ],
            [
                "5",
                "7"
            ],
            [
                "5",
                "6"
            ],
            [
                "7",
                "8"
            ],
            [
                "3",
                "6"
            ],
            [
                "2",
                "4"
            ],
            [
                "5",
                "8"
            ],
            [
                "3",
                "7"
            ],
            [
                "1",
                "3"
            ],
            [
                "2",
                "7"
            ],
            [
                "6",
                "9"
            ],
            [
                "3",
                "5"
            ],
            [
                "6",
                "7"
            ],
            [
                "3",
                "8"
            ],
            [
                "4",
                "7"
            ],
            [
                "1",
                "5"
            ],
            [
                "3",
                "9"
            ],
            [
                "1",
                "4"
            ],
            [
                "4",
                "6"
            ]
        ],
        "5": [
            [
                "5",
                "10"
            ],
            [
                "1",
                "5"
            ],
            [
                "5",
                "8"
            ],
            [
                "2",
                "6"
            ],
            [
                "3",
                "7"
            ],
            [
                "3",
                "8"
            ],
            [
                "3",
                "6"
            ],
            [
                "1",
                "4"
            ],
            [
                "3",
                "4"
            ],
            [
                "2",
                "7"
            ],
            [
                "1",
                "2"
            ],
            [
                "4",
                "10"
            ],
            [
                "1",
                "3"
            ],
            [
                "3",
                "9"
            ],
            [
                "4",
                "5"
            ],
            [
                "3",
                "10"
            ]
        ],