{"name": "random-50-5.00-20.json", "solution": {"time": 0.008099796, "max_depth": 10, "is_feasible": false}, "AVD": 10.229543330003311}