{"name": "random-50-3.60-11.json", "solution": {"time": 0.005617999, "max_depth": 2, "is_feasible": false}, "AVD": 8.896177569097556}