{"name": "random-50-2.60-26.json", "solution": {"time": 0.006647056, "max_depth": 2, "is_feasible": false}, "AVD": 8.022084668664654}