{"name": "random-50-2.80-43.json", "solution": {"time": 0.006271364, "max_depth": 0, "is_feasible": false}, "AVD": 8.167043889443876}