{"name": "random-50-4.80-9.json", "solution": {"time": 0.008785901, "max_depth": 50, "is_feasible": true}, "AVD": 10.051768504828486}