{"name": "random-50-2.20-44.json", "solution": {"time": 0.00597302, "max_depth": 2, "is_feasible": false}, "AVD": 7.482368578088567}