{"name": "random-50-2.60-24.json", "solution": {"time": 0.005520518, "max_depth": 0, "is_feasible": false}, "AVD": 7.999720073260055}