{"name": "random-50-2.40-29.json", "solution": {"time": 0.00605536, "max_depth": 0, "is_feasible": false}, "AVD": 7.729548238428232}