{"name": "random-50-9.80-41.json", "solution": {"time": 0.006918625, "max_depth": 50, "is_feasible": true}, "AVD": 14.239680519480489}