{"name": "random-50-4.20-16.json", "solution": {"time": 0.010815965, "max_depth": 3, "is_feasible": false}, "AVD": 9.544199000998981}