{"name": "random-50-5.00-0.json", "solution": {"time": 0.007810865, "max_depth": 3, "is_feasible": false}, "AVD": 10.228013160173147}