{"name": "random-50-4.40-11.json", "solution": {"time": 0.006095258, "max_depth": 3, "is_feasible": false}, "AVD": 9.665449930069919}