{"name": "random-50-4.60-38.json", "solution": {"time": 0.005463951, "max_depth": 3, "is_feasible": false}, "AVD": 9.817523223443205}