{"name": "random-50-11.20-38.json", "solution": {"time": 0.002573319, "max_depth": 50, "is_feasible": true}, "AVD": 15.358782424242397}