{"name": "random-50-9.80-3.json", "solution": {"time": 0.003002401, "max_depth": 50, "is_feasible": true}, "AVD": 14.274650476190459}