{"name": "random-50-6.80-45.json", "solution": {"time": 0.005267698, "max_depth": 50, "is_feasible": true}, "AVD": 11.738755324675296}