{"name": "random-50-2.00-25.json", "solution": {"time": 0.006731977, "max_depth": 0, "is_feasible": false}, "AVD": 7.311041485181468}