{"name": "random-50-11.40-0.json", "solution": {"time": 0.002739262, "max_depth": 50, "is_feasible": true}, "AVD": 15.519406666666642}