{"name": "random-50-9.80-38.json", "solution": {"time": 0.002900177, "max_depth": 50, "is_feasible": true}, "AVD": 14.207526233766208}