{"name": "random-50-7.20-44.json", "solution": {"time": 0.002274, "max_depth": 50, "is_feasible": true}, "AVD": 12.111979653679635}