{"name": "random-50-7.60-15.json", "solution": {"time": 0.002924352, "max_depth": 50, "is_feasible": true}, "AVD": 12.480327705627683}