{"name": "random-50-5.20-45.json", "solution": {"time": 0.00740116, "max_depth": 4, "is_feasible": false}, "AVD": 10.40330450216448}