{"name": "random-50-3.60-7.json", "solution": {"time": 0.010233295, "max_depth": 2, "is_feasible": false}, "AVD": 8.951560772560757}