{"name": "random-50-4.00-31.json", "solution": {"time": 0.010827664, "max_depth": 3, "is_feasible": false}, "AVD": 9.312908311688298}