{"name": "random-50-10.60-16.json", "solution": {"time": 0.003608255, "max_depth": 50, "is_feasible": true}, "AVD": 14.875916190476167}