{"name": "random-50-4.20-11.json", "solution": {"time": 0.007429897, "max_depth": 2, "is_feasible": false}, "AVD": 9.47901659673658}