{"name": "random-50-11.60-7.json", "solution": {"time": 0.002302072, "max_depth": 50, "is_feasible": true}, "AVD": 15.676892900432883}