{"name": "random-50-6.40-28.json", "solution": {"time": 0.002698456, "max_depth": 50, "is_feasible": true}, "AVD": 11.400898354978338}