{"name": "random-50-11.80-38.json", "solution": {"time": 0.002448303, "max_depth": 50, "is_feasible": true}, "AVD": 15.82832095238093}