{"name": "random-50-9.20-27.json", "solution": {"time": 0.002772773, "max_depth": 50, "is_feasible": true}, "AVD": 13.698998095238071}