{"name": "random-50-8.20-42.json", "solution": {"time": 0.002893446, "max_depth": 50, "is_feasible": true}, "AVD": 12.931800606060571}