{"name": "random-50-4.40-10.json", "solution": {"time": 0.008224073, "max_depth": 7, "is_feasible": false}, "AVD": 9.703882723942705}