{"name": "random-50-6.60-37.json", "solution": {"time": 0.007106107, "max_depth": 50, "is_feasible": true}, "AVD": 11.624561405261389}