{"name": "random-50-10.80-13.json", "solution": {"time": 0.002967392, "max_depth": 50, "is_feasible": true}, "AVD": 14.987986666666641}