{"name": "random-50-10.60-18.json", "solution": {"time": 0.002410209, "max_depth": 50, "is_feasible": true}, "AVD": 14.84536476190473}