{"name": "random-50-7.00-48.json", "solution": {"time": 0.002693441, "max_depth": 50, "is_feasible": true}, "AVD": 11.945671535131508}