{"name": "random-50-5.40-24.json", "solution": {"time": 0.007933975, "max_depth": 6, "is_feasible": false}, "AVD": 10.63867768231766}