{"name": "random-50-7.80-29.json", "solution": {"time": 0.002895281, "max_depth": 50, "is_feasible": true}, "AVD": 12.571965800865774}