{"name": "random-50-5.80-21.json", "solution": {"time": 0.003498118, "max_depth": 50, "is_feasible": true}, "AVD": 10.935156210456194}