{"name": "random-50-9.00-6.json", "solution": {"time": 0.005377191, "max_depth": 50, "is_feasible": true}, "AVD": 13.534894372294353}