{"name": "random-50-9.60-24.json", "solution": {"time": 0.002559264, "max_depth": 50, "is_feasible": true}, "AVD": 14.06341333333331}