{"name": "random-50-6.40-18.json", "solution": {"time": 0.004253256, "max_depth": 50, "is_feasible": true}, "AVD": 11.437390216450193}