{"name": "random-50-9.80-4.json", "solution": {"time": 0.002721087, "max_depth": 50, "is_feasible": true}, "AVD": 14.203201904761887}