{"name": "random-50-8.00-43.json", "solution": {"time": 0.002472439, "max_depth": 50, "is_feasible": true}, "AVD": 12.774804502164486}