{"name": "random-50-4.20-29.json", "solution": {"time": 0.009450061, "max_depth": 2, "is_feasible": false}, "AVD": 9.464897142857131}