{"name": "random-50-4.80-24.json", "solution": {"time": 0.006088668, "max_depth": 4, "is_feasible": false}, "AVD": 10.09873118881117}