{"name": "random-50-6.00-30.json", "solution": {"time": 0.009417747, "max_depth": 50, "is_feasible": true}, "AVD": 11.133007792207774}