{"name": "random-50-10.40-46.json", "solution": {"time": 0.002420823, "max_depth": 50, "is_feasible": true}, "AVD": 14.698275757575736}