{"name": "random-50-9.00-19.json", "solution": {"time": 0.002457553, "max_depth": 50, "is_feasible": true}, "AVD": 13.5725843290043}