{"name": "random-50-11.00-25.json", "solution": {"time": 0.003159019, "max_depth": 50, "is_feasible": true}, "AVD": 15.224514805194783}