{"name": "random-50-7.20-29.json", "solution": {"time": 0.003120238, "max_depth": 50, "is_feasible": true}, "AVD": 12.044549264069236}