{"name": "random-50-9.00-32.json", "solution": {"time": 0.002335571, "max_depth": 50, "is_feasible": true}, "AVD": 13.536659134199105}