{"name": "random-50-5.40-17.json", "solution": {"time": 0.007782813, "max_depth": 50, "is_feasible": true}, "AVD": 10.559719673659652}