{"name": "random-50-5.00-47.json", "solution": {"time": 0.0090186, "max_depth": 2, "is_feasible": false}, "AVD": 10.196961751581744}