{"name": "random-50-9.80-35.json", "solution": {"time": 0.002932729, "max_depth": 50, "is_feasible": true}, "AVD": 14.187757662337638}