{"name": "random-50-11.00-47.json", "solution": {"time": 0.002180175, "max_depth": 50, "is_feasible": true}, "AVD": 15.243538614718581}