{"name": "random-50-2.20-36.json", "solution": {"time": 0.005764808, "max_depth": 2, "is_feasible": false}, "AVD": 7.525270283050267}