{"name": "random-50-5.20-31.json", "solution": {"time": 0.006645853, "max_depth": 3, "is_feasible": false}, "AVD": 10.408965734265717}