{"name": "random-50-3.00-41.json", "solution": {"time": 0.006145954, "max_depth": 0, "is_feasible": false}, "AVD": 8.359066956376942}