{"name": "random-50-10.80-2.json", "solution": {"time": 0.001909493, "max_depth": 50, "is_feasible": true}, "AVD": 14.984329090909064}