{"name": "random-50-11.00-17.json", "solution": {"time": 0.003867378, "max_depth": 50, "is_feasible": true}, "AVD": 15.190856277056255}