{"name": "random-50-2.40-21.json", "solution": {"time": 0.006204469, "max_depth": 0, "is_feasible": false}, "AVD": 7.78691562437561}