{"name": "random-50-6.00-1.json", "solution": {"time": 0.002459102, "max_depth": 50, "is_feasible": true}, "AVD": 11.110513786213762}