{"name": "random-50-4.80-7.json", "solution": {"time": 0.009603084, "max_depth": 2, "is_feasible": false}, "AVD": 10.039001125541102}