{"name": "random-50-8.20-34.json", "solution": {"time": 0.003079235, "max_depth": 50, "is_feasible": true}, "AVD": 12.975123376623353}