{"name": "random-50-6.60-6.json", "solution": {"time": 0.005184671, "max_depth": 50, "is_feasible": true}, "AVD": 11.592946839826814}