{"name": "random-50-5.20-22.json", "solution": {"time": 0.005596549, "max_depth": 4, "is_feasible": false}, "AVD": 10.441657702297684}