{"name": "random-50-5.40-43.json", "solution": {"time": 0.007445384, "max_depth": 4, "is_feasible": false}, "AVD": 10.577144588744568}