{"name": "random-50-4.80-17.json", "solution": {"time": 0.012334186, "max_depth": 50, "is_feasible": true}, "AVD": 10.012865451215431}