{"name": "random-50-7.20-32.json", "solution": {"time": 0.002770485, "max_depth": 50, "is_feasible": true}, "AVD": 12.076184435564413}