{"name": "random-50-8.00-20.json", "solution": {"time": 0.006420127, "max_depth": 50, "is_feasible": true}, "AVD": 12.770929090909073}