{"name": "random-50-7.80-45.json", "solution": {"time": 0.00295511, "max_depth": 50, "is_feasible": true}, "AVD": 12.582972380952356}