{"name": "random-50-11.80-39.json", "solution": {"time": 0.002516684, "max_depth": 50, "is_feasible": true}, "AVD": 15.848882857142835}