{"name": "random-50-10.00-7.json", "solution": {"time": 0.006562126, "max_depth": 50, "is_feasible": true}, "AVD": 14.408903376623357}