{"name": "random-50-11.20-4.json", "solution": {"time": 0.00248243, "max_depth": 50, "is_feasible": true}, "AVD": 15.304542857142835}