{"name": "random-50-9.60-28.json", "solution": {"time": 0.002965247, "max_depth": 50, "is_feasible": true}, "AVD": 14.032750043290015}