{"name": "random-50-3.20-20.json", "solution": {"time": 0.009368349, "max_depth": 2, "is_feasible": false}, "AVD": 8.497655904095891}