{"name": "random-50-7.80-30.json", "solution": {"time": 0.004047819, "max_depth": 50, "is_feasible": true}, "AVD": 12.641228658008643}