{"name": "random-50-2.60-14.json", "solution": {"time": 0.008481905, "max_depth": 2, "is_feasible": false}, "AVD": 7.926413672993655}