{"name": "random-50-6.20-25.json", "solution": {"time": 0.002747835, "max_depth": 50, "is_feasible": true}, "AVD": 11.304046926406912}