{"name": "random-50-8.00-46.json", "solution": {"time": 0.003376168, "max_depth": 50, "is_feasible": true}, "AVD": 12.791493939393915}