{"name": "random-50-9.40-3.json", "solution": {"time": 0.00323598, "max_depth": 50, "is_feasible": true}, "AVD": 13.953967186147173}