{"name": "random-50-6.40-44.json", "solution": {"time": 0.006572267, "max_depth": 50, "is_feasible": true}, "AVD": 11.457446253746236}