{"name": "random-50-9.60-37.json", "solution": {"time": 0.00298692, "max_depth": 50, "is_feasible": true}, "AVD": 14.07045619047617}