{"name": "random-50-11.60-37.json", "solution": {"time": 0.002313963, "max_depth": 50, "is_feasible": true}, "AVD": 15.597072380952362}