{"name": "random-50-10.20-42.json", "solution": {"time": 0.003371326, "max_depth": 50, "is_feasible": true}, "AVD": 14.58329246753244}