{"name": "random-50-11.00-16.json", "solution": {"time": 0.004341607, "max_depth": 50, "is_feasible": true}, "AVD": 15.171003809523791}