{"name": "random-50-7.80-28.json", "solution": {"time": 0.003135822, "max_depth": 50, "is_feasible": true}, "AVD": 12.52924354978353}