{"name": "random-50-9.40-8.json", "solution": {"time": 0.002761314, "max_depth": 50, "is_feasible": true}, "AVD": 13.848941038961017}