{"name": "random-50-2.40-37.json", "solution": {"time": 0.006155727, "max_depth": 0, "is_feasible": false}, "AVD": 7.698443389943371}