{"name": "random-50-5.00-2.json", "solution": {"time": 0.008046885, "max_depth": 6, "is_feasible": false}, "AVD": 10.215922271062256}