{"name": "random-50-2.20-26.json", "solution": {"time": 0.005489358, "max_depth": 2, "is_feasible": false}, "AVD": 7.580874039294022}