{"name": "random-50-11.20-7.json", "solution": {"time": 0.00251094, "max_depth": 50, "is_feasible": true}, "AVD": 15.350638614718596}