{"name": "random-50-8.00-21.json", "solution": {"time": 0.003490464, "max_depth": 50, "is_feasible": true}, "AVD": 12.751966080586069}