{"name": "random-50-2.00-10.json", "solution": {"time": 0.006420642, "max_depth": 0, "is_feasible": false}, "AVD": 7.30896110556109}