{"name": "random-50-2.00-7.json", "solution": {"time": 0.006180552, "max_depth": 0, "is_feasible": false}, "AVD": 7.302853899433884}