{"name": "random-50-2.20-5.json", "solution": {"time": 0.006569929, "max_depth": 0, "is_feasible": false}, "AVD": 7.512757479187464}