{"name": "random-50-4.40-22.json", "solution": {"time": 0.008925156, "max_depth": 4, "is_feasible": false}, "AVD": 9.71892027972026}