{"name": "random-50-2.60-46.json", "solution": {"time": 0.005543173, "max_depth": 0, "is_feasible": false}, "AVD": 7.938979860139836}