{"name": "random-50-8.80-47.json", "solution": {"time": 0.002438132, "max_depth": 50, "is_feasible": true}, "AVD": 13.458827552447522}