{"name": "random-50-11.60-1.json", "solution": {"time": 0.006029485, "max_depth": 50, "is_feasible": true}, "AVD": 15.706519999999973}