{"name": "random-50-8.20-27.json", "solution": {"time": 0.004988484, "max_depth": 50, "is_feasible": true}, "AVD": 12.887585887445857}