{"name": "random-50-3.20-16.json", "solution": {"time": 0.010203279, "max_depth": 3, "is_feasible": false}, "AVD": 8.584189583749572}