{"name": "random-50-6.40-12.json", "solution": {"time": 0.007730832, "max_depth": 50, "is_feasible": true}, "AVD": 11.448203982683966}