{"name": "random-50-7.60-42.json", "solution": {"time": 0.002591029, "max_depth": 50, "is_feasible": true}, "AVD": 12.462357748917716}