{"name": "random-50-3.20-49.json", "solution": {"time": 0.006224998, "max_depth": 3, "is_feasible": false}, "AVD": 8.592303220113202}