{"name": "random-50-10.20-18.json", "solution": {"time": 0.003455486, "max_depth": 50, "is_feasible": true}, "AVD": 14.530443809523781}