{"name": "random-50-3.40-29.json", "solution": {"time": 0.006816479, "max_depth": 2, "is_feasible": false}, "AVD": 8.734523589743578}