{"name": "random-50-3.00-8.json", "solution": {"time": 0.00653208, "max_depth": 0, "is_feasible": false}, "AVD": 8.423811708291694}