{"name": "random-50-9.00-34.json", "solution": {"time": 0.00234193, "max_depth": 50, "is_feasible": true}, "AVD": 13.620540519480496}