{"name": "random-50-10.60-33.json", "solution": {"time": 0.002125162, "max_depth": 50, "is_feasible": true}, "AVD": 14.896754805194789}