{"name": "random-50-9.40-21.json", "solution": {"time": 0.002592609, "max_depth": 50, "is_feasible": true}, "AVD": 13.901862271062253}