{"name": "random-50-9.20-43.json", "solution": {"time": 0.002689605, "max_depth": 50, "is_feasible": true}, "AVD": 13.750764935064916}