{"name": "random-50-9.40-36.json", "solution": {"time": 0.003076947, "max_depth": 50, "is_feasible": true}, "AVD": 13.91153194805192}