{"name": "random-50-7.20-20.json", "solution": {"time": 0.002943374, "max_depth": 50, "is_feasible": true}, "AVD": 12.154853506493483}