{"name": "random-50-11.80-20.json", "solution": {"time": 0.006722932, "max_depth": 50, "is_feasible": true}, "AVD": 15.848170476190454}