{"name": "random-50-4.40-31.json", "solution": {"time": 0.00590324, "max_depth": 3, "is_feasible": false}, "AVD": 9.679709437229421}