{"name": "random-50-2.20-30.json", "solution": {"time": 0.006624336, "max_depth": 2, "is_feasible": false}, "AVD": 7.513105574425563}