{"name": "random-50-11.20-40.json", "solution": {"time": 0.002557021, "max_depth": 50, "is_feasible": true}, "AVD": 15.385738095238072}