{"name": "random-50-11.40-11.json", "solution": {"time": 0.001857366, "max_depth": 50, "is_feasible": true}, "AVD": 15.499590995670971}