{"name": "random-50-2.40-11.json", "solution": {"time": 0.006202482, "max_depth": 0, "is_feasible": false}, "AVD": 7.727022750582734}