{"name": "random-50-11.60-30.json", "solution": {"time": 0.002460466, "max_depth": 50, "is_feasible": true}, "AVD": 15.68597428571426}