{"name": "random-50-6.80-41.json", "solution": {"time": 0.0026915, "max_depth": 50, "is_feasible": true}, "AVD": 11.788298181818165}