{"name": "random-50-9.20-45.json", "solution": {"time": 0.003006122, "max_depth": 50, "is_feasible": true}, "AVD": 13.730909523809496}