{"name": "random-50-10.40-4.json", "solution": {"time": 0.002944603, "max_depth": 50, "is_feasible": true}, "AVD": 14.68177619047617}