{"name": "random-50-8.20-7.json", "solution": {"time": 0.003628927, "max_depth": 50, "is_feasible": true}, "AVD": 12.920886753246737}