{"name": "random-50-7.60-14.json", "solution": {"time": 0.003488049, "max_depth": 50, "is_feasible": true}, "AVD": 12.452736190476164}