{"name": "random-50-4.40-46.json", "solution": {"time": 0.008439613, "max_depth": 2, "is_feasible": false}, "AVD": 9.708413566433544}