{"name": "random-50-2.60-36.json", "solution": {"time": 0.007644695, "max_depth": 2, "is_feasible": false}, "AVD": 7.951523516483503}