{"name": "random-50-10.20-48.json", "solution": {"time": 0.002928934, "max_depth": 50, "is_feasible": true}, "AVD": 14.54668285714283}