{"name": "random-50-5.20-28.json", "solution": {"time": 0.013074438, "max_depth": 15, "is_feasible": false}, "AVD": 10.37180123210121}