{"name": "random-50-3.00-24.json", "solution": {"time": 0.005388366, "max_depth": 0, "is_feasible": false}, "AVD": 8.401499533799516}