{"name": "random-50-10.00-21.json", "solution": {"time": 0.00214817, "max_depth": 50, "is_feasible": true}, "AVD": 14.410178461538443}