{"name": "random-50-7.20-27.json", "solution": {"time": 0.002397896, "max_depth": 50, "is_feasible": true}, "AVD": 12.083762597402572}