{"name": "random-50-7.60-25.json", "solution": {"time": 0.006829186, "max_depth": 50, "is_feasible": true}, "AVD": 12.500910216450198}