{"name": "random-50-2.60-38.json", "solution": {"time": 0.00881513, "max_depth": 0, "is_feasible": false}, "AVD": 7.926603260073243}