{"name": "random-50-8.80-31.json", "solution": {"time": 0.008725013, "max_depth": 50, "is_feasible": true}, "AVD": 13.42777818181816}