{"name": "random-50-3.40-45.json", "solution": {"time": 0.005631767, "max_depth": 3, "is_feasible": false}, "AVD": 8.763785214785194}