{"name": "random-50-8.00-9.json", "solution": {"time": 0.002546178, "max_depth": 50, "is_feasible": true}, "AVD": 12.748992467532439}