{"name": "random-50-10.00-8.json", "solution": {"time": 0.004625827, "max_depth": 50, "is_feasible": true}, "AVD": 14.31548580086578}