{"name": "random-50-7.00-3.json", "solution": {"time": 0.002790153, "max_depth": 50, "is_feasible": true}, "AVD": 11.97616850482849}