{"name": "random-50-10.20-17.json", "solution": {"time": 0.003693385, "max_depth": 50, "is_feasible": true}, "AVD": 14.53120770562769}