{"name": "random-50-7.80-38.json", "solution": {"time": 0.003021457, "max_depth": 50, "is_feasible": true}, "AVD": 12.557070562770537}