{"name": "random-50-11.00-33.json", "solution": {"time": 0.003004908, "max_depth": 50, "is_feasible": true}, "AVD": 15.20191290043288}