{"name": "random-50-2.60-12.json", "solution": {"time": 0.005700629, "max_depth": 0, "is_feasible": false}, "AVD": 8.03458269730268}