{"name": "random-50-7.40-15.json", "solution": {"time": 0.002677296, "max_depth": 50, "is_feasible": true}, "AVD": 12.302847705627682}