{"name": "random-50-4.00-20.json", "solution": {"time": 0.011008351, "max_depth": 3, "is_feasible": false}, "AVD": 9.292466986346973}