{"name": "random-50-3.00-34.json", "solution": {"time": 0.006770668, "max_depth": 2, "is_feasible": false}, "AVD": 8.364541205461183}