{"name": "random-50-6.20-34.json", "solution": {"time": 0.006036151, "max_depth": 50, "is_feasible": true}, "AVD": 11.265784415584392}