{"name": "random-50-2.20-20.json", "solution": {"time": 0.006543687, "max_depth": 2, "is_feasible": false}, "AVD": 7.376760196470169}