{"name": "random-50-4.20-38.json", "solution": {"time": 0.007733791, "max_depth": 3, "is_feasible": false}, "AVD": 9.450202530802517}