{"name": "random-50-6.20-7.json", "solution": {"time": 0.006610289, "max_depth": 50, "is_feasible": true}, "AVD": 11.251976883116859}