{"name": "random-50-7.60-41.json", "solution": {"time": 0.002792698, "max_depth": 50, "is_feasible": true}, "AVD": 12.464867272727252}