{"name": "random-50-7.00-39.json", "solution": {"time": 0.002759585, "max_depth": 50, "is_feasible": true}, "AVD": 11.97494051948049}