{"name": "random-50-9.20-5.json", "solution": {"time": 0.002454434, "max_depth": 50, "is_feasible": true}, "AVD": 13.722134285714265}