{"name": "random-50-3.80-10.json", "solution": {"time": 0.007562679, "max_depth": 3, "is_feasible": false}, "AVD": 9.147147159507146}