{"name": "random-50-5.40-15.json", "solution": {"time": 0.007438815, "max_depth": 4, "is_feasible": false}, "AVD": 10.57267896103894}