{"name": "random-50-10.20-12.json", "solution": {"time": 0.002866834, "max_depth": 50, "is_feasible": true}, "AVD": 14.545857142857116}