{"name": "random-50-11.80-33.json", "solution": {"time": 0.002539054, "max_depth": 50, "is_feasible": true}, "AVD": 15.856346666666647}