{"name": "random-50-3.00-39.json", "solution": {"time": 0.006946907, "max_depth": 3, "is_feasible": false}, "AVD": 8.385147832167814}