{"name": "random-50-5.60-22.json", "solution": {"time": 0.00691834, "max_depth": 4, "is_feasible": false}, "AVD": 10.797804588744565}