{"name": "random-50-4.80-28.json", "solution": {"time": 0.013955912, "max_depth": 9, "is_feasible": false}, "AVD": 10.020774498834474}