{"name": "random-50-11.20-37.json", "solution": {"time": 0.002496804, "max_depth": 50, "is_feasible": true}, "AVD": 15.30119142857141}