{"name": "random-50-4.80-46.json", "solution": {"time": 0.005782752, "max_depth": 2, "is_feasible": false}, "AVD": 10.071180885780871}