{"name": "random-50-11.80-0.json", "solution": {"time": 0.002621178, "max_depth": 50, "is_feasible": true}, "AVD": 15.839589523809495}