{"name": "random-50-9.20-44.json", "solution": {"time": 0.002546837, "max_depth": 50, "is_feasible": true}, "AVD": 13.786623896103874}