{"name": "random-50-11.00-0.json", "solution": {"time": 0.003017113, "max_depth": 50, "is_feasible": true}, "AVD": 15.2093914285714}