{"name": "random-50-4.40-9.json", "solution": {"time": 0.00770818, "max_depth": 9, "is_feasible": false}, "AVD": 9.68239649017647}