{"name": "random-50-10.80-36.json", "solution": {"time": 0.003495168, "max_depth": 50, "is_feasible": true}, "AVD": 15.037966666666643}