{"name": "random-50-3.20-34.json", "solution": {"time": 0.006539738, "max_depth": 2, "is_feasible": false}, "AVD": 8.55996025308023}