{"name": "random-50-5.20-14.json", "solution": {"time": 0.006502977, "max_depth": 3, "is_feasible": false}, "AVD": 10.423187878787854}