{"name": "random-50-2.00-11.json", "solution": {"time": 0.006484025, "max_depth": 0, "is_feasible": false}, "AVD": 7.296148325008312}