{"name": "random-50-9.00-43.json", "solution": {"time": 0.002257183, "max_depth": 50, "is_feasible": true}, "AVD": 13.574824502164484}