{"name": "random-50-7.00-5.json", "solution": {"time": 0.003362836, "max_depth": 50, "is_feasible": true}, "AVD": 11.860543030303011}