{"name": "random-50-2.80-11.json", "solution": {"time": 0.005941209, "max_depth": 0, "is_feasible": false}, "AVD": 8.13124210456209}