{"name": "random-50-3.00-11.json", "solution": {"time": 0.006058248, "max_depth": 2, "is_feasible": false}, "AVD": 8.335436956376942}