{"name": "random-50-6.20-8.json", "solution": {"time": 0.007029637, "max_depth": 5, "is_feasible": false}, "AVD": 11.301061991341962}