{"name": "random-50-10.60-44.json", "solution": {"time": 0.002956963, "max_depth": 50, "is_feasible": true}, "AVD": 14.913785714285687}