{"name": "random-50-8.20-23.json", "solution": {"time": 0.003463629, "max_depth": 50, "is_feasible": true}, "AVD": 12.905716277056255}