{"name": "random-50-7.40-41.json", "solution": {"time": 0.004578585, "max_depth": 50, "is_feasible": true}, "AVD": 12.292372467532449}