{"name": "random-50-8.00-18.json", "solution": {"time": 0.003974817, "max_depth": 50, "is_feasible": true}, "AVD": 12.765620086580066}