{"name": "random-50-7.60-1.json", "solution": {"time": 0.002625959, "max_depth": 50, "is_feasible": true}, "AVD": 12.47568103896102}