{"name": "random-50-10.40-16.json", "solution": {"time": 0.003502714, "max_depth": 50, "is_feasible": true}, "AVD": 14.711971428571402}