{"name": "random-50-3.20-12.json", "solution": {"time": 0.005365455, "max_depth": 0, "is_feasible": false}, "AVD": 8.646801098901088}