{"name": "random-50-10.20-4.json", "solution": {"time": 0.002601026, "max_depth": 50, "is_feasible": true}, "AVD": 14.51007619047617}