{"name": "random-50-5.80-26.json", "solution": {"time": 0.00514601, "max_depth": 2, "is_feasible": false}, "AVD": 10.924390562770546}