{"name": "random-50-6.40-26.json", "solution": {"time": 0.005833373, "max_depth": 3, "is_feasible": false}, "AVD": 11.41544623376622}