{"name": "random-50-6.60-26.json", "solution": {"time": 0.005244972, "max_depth": 3, "is_feasible": false}, "AVD": 11.582645281385267}