{"name": "random-50-3.20-9.json", "solution": {"time": 0.008395074, "max_depth": 4, "is_feasible": false}, "AVD": 8.532168338328324}