{"name": "random-50-4.20-5.json", "solution": {"time": 0.008803164, "max_depth": 0, "is_feasible": false}, "AVD": 9.46991324675323}