{"name": "random-50-6.40-24.json", "solution": {"time": 0.003359855, "max_depth": 50, "is_feasible": true}, "AVD": 11.475271515151494}