{"name": "random-50-11.20-10.json", "solution": {"time": 0.002374027, "max_depth": 50, "is_feasible": true}, "AVD": 15.402219999999982}