{"name": "random-50-7.20-31.json", "solution": {"time": 0.003731501, "max_depth": 50, "is_feasible": true}, "AVD": 12.111816277056253}