{"name": "random-50-6.00-6.json", "solution": {"time": 0.008799881, "max_depth": 50, "is_feasible": true}, "AVD": 11.051281212121191}