{"name": "random-50-9.20-17.json", "solution": {"time": 0.002946353, "max_depth": 50, "is_feasible": true}, "AVD": 13.70919707625706}