{"name": "random-50-9.60-41.json", "solution": {"time": 0.002328157, "max_depth": 50, "is_feasible": true}, "AVD": 14.097528138528114}