{"name": "random-50-8.80-21.json", "solution": {"time": 0.002758264, "max_depth": 50, "is_feasible": true}, "AVD": 13.404766080586063}