{"name": "random-50-3.20-7.json", "solution": {"time": 0.009198588, "max_depth": 2, "is_feasible": false}, "AVD": 8.555979320679306}