{"name": "random-50-5.20-19.json", "solution": {"time": 0.006782532, "max_depth": 3, "is_feasible": false}, "AVD": 10.423564675324664}