{"name": "random-50-6.60-33.json", "solution": {"time": 0.002713681, "max_depth": 50, "is_feasible": true}, "AVD": 11.620648744588719}