{"name": "random-50-4.80-42.json", "solution": {"time": 0.004478017, "max_depth": 50, "is_feasible": true}, "AVD": 10.04106173160171}