{"name": "random-50-6.60-3.json", "solution": {"time": 0.005771183, "max_depth": 50, "is_feasible": true}, "AVD": 11.645478028638015}