{"name": "random-50-3.20-43.json", "solution": {"time": 0.006346831, "max_depth": 2, "is_feasible": false}, "AVD": 8.552388997668977}