{"name": "random-50-11.80-2.json", "solution": {"time": 0.002497098, "max_depth": 50, "is_feasible": true}, "AVD": 15.789884761904734}