{"name": "random-50-2.20-32.json", "solution": {"time": 0.005948053, "max_depth": 0, "is_feasible": false}, "AVD": 7.58046678654677}