{"name": "random-50-11.00-10.json", "solution": {"time": 0.003045728, "max_depth": 50, "is_feasible": true}, "AVD": 15.233288571428552}