{"name": "random-50-6.80-29.json", "solution": {"time": 0.005857771, "max_depth": 50, "is_feasible": true}, "AVD": 11.689331688311663}