{"name": "random-50-3.40-23.json", "solution": {"time": 0.007885898, "max_depth": 2, "is_feasible": false}, "AVD": 8.722138894438885}