{"name": "random-50-10.00-28.json", "solution": {"time": 0.003103839, "max_depth": 50, "is_feasible": true}, "AVD": 14.312796709956682}