{"name": "random-50-10.80-17.json", "solution": {"time": 0.002364961, "max_depth": 50, "is_feasible": true}, "AVD": 15.033096277056252}