{"name": "random-50-5.40-1.json", "solution": {"time": 0.011540821, "max_depth": 8, "is_feasible": false}, "AVD": 10.615441405261386}