{"name": "random-50-11.40-23.json", "solution": {"time": 0.002339418, "max_depth": 50, "is_feasible": true}, "AVD": 15.476097142857117}