{"name": "random-50-4.60-45.json", "solution": {"time": 0.005898614, "max_depth": 3, "is_feasible": false}, "AVD": 9.888937489177463}