{"name": "random-50-7.00-35.json", "solution": {"time": 0.007308498, "max_depth": 50, "is_feasible": true}, "AVD": 11.878997682317658}