{"name": "random-50-2.40-49.json", "solution": {"time": 0.006420604, "max_depth": 3, "is_feasible": false}, "AVD": 7.788958641358615}