{"name": "random-50-11.40-18.json", "solution": {"time": 0.002218893, "max_depth": 50, "is_feasible": true}, "AVD": 15.466998095238068}