{"name": "random-50-2.20-0.json", "solution": {"time": 0.006089955, "max_depth": 0, "is_feasible": false}, "AVD": 7.560132114552099}