{"name": "random-50-9.40-42.json", "solution": {"time": 0.004770136, "max_depth": 50, "is_feasible": true}, "AVD": 13.930460086580059}