{"name": "random-50-11.00-48.json", "solution": {"time": 0.002192004, "max_depth": 50, "is_feasible": true}, "AVD": 15.173399999999969}