{"name": "random-50-2.40-35.json", "solution": {"time": 0.008162775, "max_depth": 0, "is_feasible": false}, "AVD": 7.742793406593387}