{"name": "random-50-6.40-41.json", "solution": {"time": 0.0027278, "max_depth": 50, "is_feasible": true}, "AVD": 11.440188225108205}