{"name": "random-50-7.00-7.json", "solution": {"time": 0.002960502, "max_depth": 50, "is_feasible": true}, "AVD": 11.924655844155822}