{"name": "random-50-8.60-10.json", "solution": {"time": 0.002693593, "max_depth": 50, "is_feasible": true}, "AVD": 13.351697662337644}