{"name": "random-50-5.00-27.json", "solution": {"time": 0.007614136, "max_depth": 8, "is_feasible": false}, "AVD": 10.216684242424222}