{"name": "random-50-11.00-34.json", "solution": {"time": 0.006277879, "max_depth": 50, "is_feasible": true}, "AVD": 15.217761904761876}