{"name": "random-50-3.60-40.json", "solution": {"time": 0.009512729, "max_depth": 2, "is_feasible": false}, "AVD": 8.922876230436213}