{"name": "random-50-5.80-10.json", "solution": {"time": 0.005480095, "max_depth": 50, "is_feasible": true}, "AVD": 10.979388591408565}