{"name": "random-50-4.00-41.json", "solution": {"time": 0.008543499, "max_depth": 5, "is_feasible": false}, "AVD": 9.330684888444875}