{"name": "random-50-4.80-0.json", "solution": {"time": 0.006711082, "max_depth": 3, "is_feasible": false}, "AVD": 10.05900077922076}