{"name": "random-50-5.60-9.json", "solution": {"time": 0.01137244, "max_depth": 50, "is_feasible": true}, "AVD": 10.736150236430207}