{"name": "random-50-5.00-45.json", "solution": {"time": 0.006249269, "max_depth": 3, "is_feasible": false}, "AVD": 10.223915497835478}