{"name": "random-50-7.00-23.json", "solution": {"time": 0.003443499, "max_depth": 50, "is_feasible": true}, "AVD": 11.909648744588718}