{"name": "random-50-10.00-1.json", "solution": {"time": 0.001830964, "max_depth": 50, "is_feasible": true}, "AVD": 14.41659238095236}