{"name": "random-50-10.60-28.json", "solution": {"time": 0.002560984, "max_depth": 50, "is_feasible": true}, "AVD": 14.807302424242396}