{"name": "random-50-11.40-37.json", "solution": {"time": 0.001923615, "max_depth": 50, "is_feasible": true}, "AVD": 15.460538095238073}