{"name": "random-50-4.00-35.json", "solution": {"time": 0.010442564, "max_depth": 3, "is_feasible": false}, "AVD": 9.285584562104537}