{"name": "random-50-7.80-23.json", "solution": {"time": 0.005253858, "max_depth": 50, "is_feasible": true}, "AVD": 12.581178181818158}