{"name": "random-50-11.40-39.json", "solution": {"time": 0.002142814, "max_depth": 50, "is_feasible": true}, "AVD": 15.520086666666641}