{"name": "random-50-5.20-4.json", "solution": {"time": 0.006603307, "max_depth": 3, "is_feasible": false}, "AVD": 10.45431627705626}