{"name": "random-50-5.60-12.json", "solution": {"time": 0.014316428, "max_depth": 50, "is_feasible": true}, "AVD": 10.777746060606042}