{"name": "random-50-3.20-19.json", "solution": {"time": 0.009051374, "max_depth": 2, "is_feasible": false}, "AVD": 8.598331794871774}