{"name": "random-50-9.40-7.json", "solution": {"time": 0.002343352, "max_depth": 50, "is_feasible": true}, "AVD": 13.924500519480496}