{"name": "random-50-5.40-10.json", "solution": {"time": 0.005236433, "max_depth": 50, "is_feasible": true}, "AVD": 10.621587445887418}