{"name": "random-50-6.00-15.json", "solution": {"time": 0.011858682, "max_depth": 50, "is_feasible": true}, "AVD": 11.099402251082234}