{"name": "random-50-2.60-35.json", "solution": {"time": 0.00554278, "max_depth": 0, "is_feasible": false}, "AVD": 7.948877109557086}