{"name": "random-50-4.80-18.json", "solution": {"time": 0.009213675, "max_depth": 8, "is_feasible": false}, "AVD": 10.025296057276039}