{"name": "random-50-2.80-5.json", "solution": {"time": 0.00559529, "max_depth": 0, "is_feasible": false}, "AVD": 8.142394172494157}