{"name": "random-50-6.80-42.json", "solution": {"time": 0.006780901, "max_depth": 50, "is_feasible": true}, "AVD": 11.801852554112534}