{"name": "random-50-4.80-44.json", "solution": {"time": 0.006334963, "max_depth": 4, "is_feasible": false}, "AVD": 10.05073378621377}