{"name": "random-50-8.60-40.json", "solution": {"time": 0.002878565, "max_depth": 50, "is_feasible": true}, "AVD": 13.270405281385258}