{"name": "random-50-11.40-33.json", "solution": {"time": 0.002526179, "max_depth": 50, "is_feasible": true}, "AVD": 15.545588138528121}