{"name": "random-50-4.80-41.json", "solution": {"time": 0.010462426, "max_depth": 8, "is_feasible": false}, "AVD": 10.058592054612042}