{"name": "random-50-8.00-24.json", "solution": {"time": 0.002665357, "max_depth": 50, "is_feasible": true}, "AVD": 12.800027792207773}