{"name": "random-50-3.60-1.json", "solution": {"time": 0.006075577, "max_depth": 2, "is_feasible": false}, "AVD": 8.933732680652662}