{"name": "random-50-11.00-26.json", "solution": {"time": 0.00791878, "max_depth": 50, "is_feasible": true}, "AVD": 15.134397142857111}