{"name": "random-50-4.60-13.json", "solution": {"time": 0.007528065, "max_depth": 3, "is_feasible": false}, "AVD": 9.888158874458856}