{"name": "random-50-11.40-17.json", "solution": {"time": 0.002178686, "max_depth": 50, "is_feasible": true}, "AVD": 15.520718548118525}