{"name": "random-50-3.80-36.json", "solution": {"time": 0.00839707, "max_depth": 2, "is_feasible": false}, "AVD": 9.131144628704607}