{"name": "random-50-3.40-0.json", "solution": {"time": 0.006124563, "max_depth": 2, "is_feasible": false}, "AVD": 8.804341338661324}