{"name": "random-50-7.80-21.json", "solution": {"time": 0.004646569, "max_depth": 50, "is_feasible": true}, "AVD": 12.603305128205113}