{"name": "random-50-4.60-10.json", "solution": {"time": 0.006937924, "max_depth": 7, "is_feasible": false}, "AVD": 9.883545494505476}