{"name": "random-50-9.60-39.json", "solution": {"time": 0.002972312, "max_depth": 50, "is_feasible": true}, "AVD": 14.121716709956688}