{"name": "random-50-5.40-31.json", "solution": {"time": 0.007983632, "max_depth": 5, "is_feasible": false}, "AVD": 10.594958981018966}