{"name": "random-50-6.40-37.json", "solution": {"time": 0.00622689, "max_depth": 50, "is_feasible": true}, "AVD": 11.44886235764234}