{"name": "random-50-7.80-5.json", "solution": {"time": 0.00269261, "max_depth": 50, "is_feasible": true}, "AVD": 12.546533506493484}