{"name": "random-50-2.80-12.json", "solution": {"time": 0.005408655, "max_depth": 0, "is_feasible": false}, "AVD": 8.246565621045603}