{"name": "random-50-5.20-6.json", "solution": {"time": 0.011701016, "max_depth": 5, "is_feasible": false}, "AVD": 10.386618008657988}