{"name": "random-50-8.60-9.json", "solution": {"time": 0.003124074, "max_depth": 50, "is_feasible": true}, "AVD": 13.26916008658006}