{"name": "random-50-3.20-22.json", "solution": {"time": 0.006382162, "max_depth": 4, "is_feasible": false}, "AVD": 8.592181678321651}