{"name": "random-50-3.80-16.json", "solution": {"time": 0.010008099, "max_depth": 3, "is_feasible": false}, "AVD": 9.17322265734264}