{"name": "random-50-4.40-1.json", "solution": {"time": 0.006246385, "max_depth": 2, "is_feasible": false}, "AVD": 9.725135950715934}