{"name": "random-50-11.40-30.json", "solution": {"time": 0.002204822, "max_depth": 50, "is_feasible": true}, "AVD": 15.528991428571398}