{"name": "random-50-6.00-9.json", "solution": {"time": 0.004467951, "max_depth": 50, "is_feasible": true}, "AVD": 11.085915584415556}