{"name": "random-50-10.20-34.json", "solution": {"time": 0.006689197, "max_depth": 50, "is_feasible": true}, "AVD": 14.539575238095212}