{"name": "random-50-11.80-34.json", "solution": {"time": 0.002524303, "max_depth": 50, "is_feasible": true}, "AVD": 15.84208285714282}