{"name": "random-50-8.40-5.json", "solution": {"time": 0.004233073, "max_depth": 50, "is_feasible": true}, "AVD": 13.029507186147164}