{"name": "random-50-8.40-44.json", "solution": {"time": 0.002603256, "max_depth": 50, "is_feasible": true}, "AVD": 13.118198614718592}