{"name": "random-50-8.60-46.json", "solution": {"time": 0.002333752, "max_depth": 50, "is_feasible": true}, "AVD": 13.273128225108202}