{"name": "random-50-10.00-43.json", "solution": {"time": 0.001959157, "max_depth": 50, "is_feasible": true}, "AVD": 14.41771099567098}