{"name": "random-50-5.40-42.json", "solution": {"time": 0.003051341, "max_depth": 50, "is_feasible": true}, "AVD": 10.582999653679638}