{"name": "random-50-5.20-20.json", "solution": {"time": 0.012999719, "max_depth": 10, "is_feasible": false}, "AVD": 10.417112940392919}