{"name": "random-50-12.00-41.json", "solution": {"time": 0.002108525, "max_depth": 50, "is_feasible": true}, "AVD": 16.005444761904734}