{"name": "random-50-2.60-42.json", "solution": {"time": 0.006054265, "max_depth": 0, "is_feasible": false}, "AVD": 7.922267439227428}