{"name": "random-50-6.60-13.json", "solution": {"time": 0.004073365, "max_depth": 50, "is_feasible": true}, "AVD": 11.614123982683958}