{"name": "random-50-2.60-17.json", "solution": {"time": 0.006411787, "max_depth": 0, "is_feasible": false}, "AVD": 7.858448488178465}