{"name": "random-50-11.40-41.json", "solution": {"time": 0.002132554, "max_depth": 50, "is_feasible": true}, "AVD": 15.533136190476155}