{"name": "random-50-2.40-47.json", "solution": {"time": 0.006298087, "max_depth": 0, "is_feasible": false}, "AVD": 7.708628671328647}