{"name": "random-50-4.40-12.json", "solution": {"time": 0.006534315, "max_depth": 3, "is_feasible": false}, "AVD": 9.75431560439559}