{"name": "random-50-5.00-26.json", "solution": {"time": 0.005494417, "max_depth": 2, "is_feasible": false}, "AVD": 10.260095777555767}