{"name": "random-50-8.40-18.json", "solution": {"time": 0.005680804, "max_depth": 50, "is_feasible": true}, "AVD": 13.069965714285683}