{"name": "random-50-8.80-36.json", "solution": {"time": 0.003608365, "max_depth": 50, "is_feasible": true}, "AVD": 13.450427186147154}