{"name": "random-50-11.80-31.json", "solution": {"time": 0.002503893, "max_depth": 50, "is_feasible": true}, "AVD": 15.81961047619046}