{"name": "random-50-2.80-27.json", "solution": {"time": 0.005297907, "max_depth": 0, "is_feasible": false}, "AVD": 8.186700599400593}