{"name": "random-50-2.20-19.json", "solution": {"time": 0.006142788, "max_depth": 2, "is_feasible": false}, "AVD": 7.570807412587401}