{"name": "random-50-7.40-9.json", "solution": {"time": 0.003909202, "max_depth": 50, "is_feasible": true}, "AVD": 12.256693073593045}