{"name": "random-50-5.60-25.json", "solution": {"time": 0.007833734, "max_depth": 4, "is_feasible": false}, "AVD": 10.782001665001644}