{"name": "random-50-4.40-29.json", "solution": {"time": 0.005251717, "max_depth": 2, "is_feasible": false}, "AVD": 9.648528051948038}