{"name": "random-50-9.40-47.json", "solution": {"time": 0.002431539, "max_depth": 50, "is_feasible": true}, "AVD": 13.954711948051925}