{"name": "random-50-4.20-13.json", "solution": {"time": 0.00987035, "max_depth": 3, "is_feasible": false}, "AVD": 9.516466017315997}