{"name": "random-50-8.40-19.json", "solution": {"time": 0.004356939, "max_depth": 50, "is_feasible": true}, "AVD": 13.10233194805192}