{"name": "random-50-9.80-20.json", "solution": {"time": 0.003021947, "max_depth": 50, "is_feasible": true}, "AVD": 14.275866233766205}