{"name": "random-50-7.20-5.json", "solution": {"time": 0.007612895, "max_depth": 50, "is_feasible": true}, "AVD": 12.0395773160173}