{"name": "random-50-9.60-19.json", "solution": {"time": 0.002772764, "max_depth": 50, "is_feasible": true}, "AVD": 14.098078614718588}