{"name": "random-50-9.60-21.json", "solution": {"time": 0.002661636, "max_depth": 50, "is_feasible": true}, "AVD": 14.042152747252729}