{"name": "random-50-4.00-22.json", "solution": {"time": 0.009351399, "max_depth": 4, "is_feasible": false}, "AVD": 9.36013978021976}