{"name": "random-50-5.20-48.json", "solution": {"time": 0.009752414, "max_depth": 11, "is_feasible": false}, "AVD": 10.369396663336637}