{"name": "random-50-9.00-4.json", "solution": {"time": 0.006173689, "max_depth": 50, "is_feasible": true}, "AVD": 13.570915238095216}