{"name": "random-50-10.20-14.json", "solution": {"time": 0.00602842, "max_depth": 50, "is_feasible": true}, "AVD": 14.539801904761879}