{"name": "random-50-9.40-40.json", "solution": {"time": 0.003588468, "max_depth": 50, "is_feasible": true}, "AVD": 13.936238614718588}