{"name": "random-50-5.00-11.json", "solution": {"time": 0.006490501, "max_depth": 3, "is_feasible": false}, "AVD": 10.204138548118538}