{"name": "random-50-5.00-49.json", "solution": {"time": 0.005580622, "max_depth": 6, "is_feasible": false}, "AVD": 10.25148538794537}