{"name": "random-50-4.60-6.json", "solution": {"time": 0.010244097, "max_depth": 4, "is_feasible": false}, "AVD": 9.83932398268397}