{"name": "random-50-10.40-1.json", "solution": {"time": 0.002116475, "max_depth": 50, "is_feasible": true}, "AVD": 14.71733047619045}