{"name": "random-50-2.60-3.json", "solution": {"time": 0.00573806, "max_depth": 0, "is_feasible": false}, "AVD": 7.966080679320673}