{"name": "random-50-2.00-4.json", "solution": {"time": 0.005762645, "max_depth": 0, "is_feasible": false}, "AVD": 7.336998028638014}