{"name": "random-50-4.60-34.json", "solution": {"time": 0.011823255, "max_depth": 2, "is_feasible": false}, "AVD": 9.881868138528121}