{"name": "random-50-9.20-48.json", "solution": {"time": 0.002292026, "max_depth": 50, "is_feasible": true}, "AVD": 13.748866233766211}