{"name": "random-50-8.60-1.json", "solution": {"time": 0.002682159, "max_depth": 50, "is_feasible": true}, "AVD": 13.28215956709954}