{"name": "random-50-8.00-44.json", "solution": {"time": 0.005696259, "max_depth": 50, "is_feasible": true}, "AVD": 12.786293852813833}