{"name": "random-50-3.60-3.json", "solution": {"time": 0.005604497, "max_depth": 2, "is_feasible": false}, "AVD": 8.992724435564414}