{"name": "random-50-10.40-13.json", "solution": {"time": 0.002241075, "max_depth": 50, "is_feasible": true}, "AVD": 14.691702424242399}