{"name": "random-50-4.80-32.json", "solution": {"time": 0.016162702, "max_depth": 8, "is_feasible": false}, "AVD": 10.086893006992982}