{"name": "random-50-8.00-39.json", "solution": {"time": 0.002387296, "max_depth": 50, "is_feasible": true}, "AVD": 12.777745281385256}