{"name": "random-50-6.20-23.json", "solution": {"time": 0.002442097, "max_depth": 50, "is_feasible": true}, "AVD": 11.250895064935039}