{"name": "random-50-4.00-23.json", "solution": {"time": 0.009015193, "max_depth": 2, "is_feasible": false}, "AVD": 9.292190389610374}