{"name": "random-50-4.20-6.json", "solution": {"time": 0.011090701, "max_depth": 4, "is_feasible": false}, "AVD": 9.470696729936712}