{"name": "random-50-4.60-36.json", "solution": {"time": 0.009732896, "max_depth": 3, "is_feasible": false}, "AVD": 9.881102770562755}