{"name": "random-50-7.20-48.json", "solution": {"time": 0.002780184, "max_depth": 50, "is_feasible": true}, "AVD": 12.120737682317657}