{"name": "random-50-11.20-46.json", "solution": {"time": 0.002444603, "max_depth": 50, "is_feasible": true}, "AVD": 15.319245281385259}