{"name": "random-50-10.00-14.json", "solution": {"time": 0.002250494, "max_depth": 50, "is_feasible": true}, "AVD": 14.399867619047596}