{"name": "random-50-4.00-32.json", "solution": {"time": 0.010639598, "max_depth": 3, "is_feasible": false}, "AVD": 9.358242097902075}