{"name": "random-50-7.40-47.json", "solution": {"time": 0.002741983, "max_depth": 50, "is_feasible": true}, "AVD": 12.277735258075236}