{"name": "random-50-6.20-33.json", "solution": {"time": 0.002970495, "max_depth": 50, "is_feasible": true}, "AVD": 11.238971968031947}