{"name": "random-50-10.40-22.json", "solution": {"time": 0.002215419, "max_depth": 50, "is_feasible": true}, "AVD": 14.6936276190476}