{"name": "random-50-7.20-25.json", "solution": {"time": 0.002522929, "max_depth": 50, "is_feasible": true}, "AVD": 12.147423549783536}