{"name": "random-50-10.00-17.json", "solution": {"time": 0.010972041, "max_depth": 50, "is_feasible": true}, "AVD": 14.347381038961018}