{"name": "random-50-6.00-29.json", "solution": {"time": 0.005944349, "max_depth": 50, "is_feasible": true}, "AVD": 11.026427359307336}