{"name": "random-50-4.80-45.json", "solution": {"time": 0.006160522, "max_depth": 3, "is_feasible": false}, "AVD": 10.067808398268378}