{"name": "random-50-3.60-12.json", "solution": {"time": 0.00500895, "max_depth": 2, "is_feasible": false}, "AVD": 9.022040406260391}