{"name": "random-50-3.40-42.json", "solution": {"time": 0.009954851, "max_depth": 6, "is_feasible": false}, "AVD": 8.75571443223442}