{"name": "random-50-7.20-9.json", "solution": {"time": 0.011696632, "max_depth": 50, "is_feasible": true}, "AVD": 12.097737922077892}