{"name": "random-50-2.20-37.json", "solution": {"time": 0.009133464, "max_depth": 0, "is_feasible": false}, "AVD": 7.50489349317348}