{"name": "random-50-11.00-5.json", "solution": {"time": 0.002577522, "max_depth": 50, "is_feasible": true}, "AVD": 15.209019047619025}