{"name": "random-50-11.60-22.json", "solution": {"time": 0.001851777, "max_depth": 50, "is_feasible": true}, "AVD": 15.641418095238075}