{"name": "random-50-6.80-47.json", "solution": {"time": 0.002514926, "max_depth": 50, "is_feasible": true}, "AVD": 11.783634305694282}