{"name": "random-50-3.20-1.json", "solution": {"time": 0.006235425, "max_depth": 2, "is_feasible": false}, "AVD": 8.564648697968675}