{"name": "random-50-6.00-12.json", "solution": {"time": 0.007129424, "max_depth": 50, "is_feasible": true}, "AVD": 11.134482597402576}