{"name": "random-50-8.80-39.json", "solution": {"time": 0.006432744, "max_depth": 50, "is_feasible": true}, "AVD": 13.4508643290043}