{"name": "random-50-3.20-32.json", "solution": {"time": 0.006924761, "max_depth": 2, "is_feasible": false}, "AVD": 8.616259860139843}