{"name": "random-50-3.20-8.json", "solution": {"time": 0.007500837, "max_depth": 0, "is_feasible": false}, "AVD": 8.626645994005978}