{"name": "random-50-6.80-15.json", "solution": {"time": 0.00470392, "max_depth": 50, "is_feasible": true}, "AVD": 11.81095012987011}