{"name": "random-50-2.60-25.json", "solution": {"time": 0.005645759, "max_depth": 0, "is_feasible": false}, "AVD": 7.982515880785857}