{"name": "random-50-5.80-44.json", "solution": {"time": 0.010629653, "max_depth": 50, "is_feasible": true}, "AVD": 10.941436643356628}