{"name": "random-50-5.40-3.json", "solution": {"time": 0.006882654, "max_depth": 4, "is_feasible": false}, "AVD": 10.597372833832814}