{"name": "random-50-8.60-32.json", "solution": {"time": 0.004390365, "max_depth": 50, "is_feasible": true}, "AVD": 13.240732554112528}