{"name": "random-50-7.60-24.json", "solution": {"time": 0.002750299, "max_depth": 50, "is_feasible": true}, "AVD": 12.487422077922055}