{"name": "random-50-10.20-20.json", "solution": {"time": 0.002607195, "max_depth": 50, "is_feasible": true}, "AVD": 14.592404761904737}