{"name": "random-50-4.20-28.json", "solution": {"time": 0.013317249, "max_depth": 6, "is_feasible": false}, "AVD": 9.490137529137506}