{"name": "random-50-5.60-44.json", "solution": {"time": 0.003565111, "max_depth": 50, "is_feasible": true}, "AVD": 10.743750929070917}