{"name": "random-50-11.80-36.json", "solution": {"time": 0.002417486, "max_depth": 50, "is_feasible": true}, "AVD": 15.85911523809522}