{"name": "random-50-6.20-28.json", "solution": {"time": 0.002627526, "max_depth": 50, "is_feasible": true}, "AVD": 11.247445021645008}