{"name": "random-50-10.00-48.json", "solution": {"time": 0.001983479, "max_depth": 50, "is_feasible": true}, "AVD": 14.387902857142835}