{"name": "random-50-6.80-18.json", "solution": {"time": 0.004931188, "max_depth": 50, "is_feasible": true}, "AVD": 11.768598787878764}