{"name": "random-50-9.80-43.json", "solution": {"time": 0.002470592, "max_depth": 50, "is_feasible": true}, "AVD": 14.26356147186145}