{"name": "random-50-10.00-46.json", "solution": {"time": 0.001922642, "max_depth": 50, "is_feasible": true}, "AVD": 14.397149090909068}