{"name": "random-50-3.00-21.json", "solution": {"time": 0.005958978, "max_depth": 2, "is_feasible": false}, "AVD": 8.401967359307342}