{"name": "random-50-4.60-22.json", "solution": {"time": 0.005888514, "max_depth": 4, "is_feasible": false}, "AVD": 9.907247898767876}