{"name": "random-50-11.20-21.json", "solution": {"time": 0.002552317, "max_depth": 50, "is_feasible": true}, "AVD": 15.357097142857127}