{"name": "random-50-7.60-35.json", "solution": {"time": 0.008107686, "max_depth": 50, "is_feasible": true}, "AVD": 12.389341645021627}