{"name": "random-50-3.20-2.json", "solution": {"time": 0.009411643, "max_depth": 2, "is_feasible": false}, "AVD": 8.543153180153162}