{"name": "random-50-3.60-23.json", "solution": {"time": 0.008776398, "max_depth": 2, "is_feasible": false}, "AVD": 8.904041838161824}