{"name": "random-50-7.40-6.json", "solution": {"time": 0.003171686, "max_depth": 50, "is_feasible": true}, "AVD": 12.249906320346296}