{"name": "random-50-7.80-9.json", "solution": {"time": 0.00286806, "max_depth": 50, "is_feasible": true}, "AVD": 12.59672103896101}