{"name": "random-50-8.80-4.json", "solution": {"time": 0.002942147, "max_depth": 50, "is_feasible": true}, "AVD": 13.402696190476167}