{"name": "random-50-10.80-28.json", "solution": {"time": 0.002386748, "max_depth": 50, "is_feasible": true}, "AVD": 14.985802424242397}