{"name": "random-50-2.00-23.json", "solution": {"time": 0.007299398, "max_depth": 0, "is_feasible": false}, "AVD": 7.226502557442543}