{"name": "random-50-10.60-25.json", "solution": {"time": 0.002664334, "max_depth": 50, "is_feasible": true}, "AVD": 14.904914805194785}