{"name": "random-50-11.00-28.json", "solution": {"time": 0.00314777, "max_depth": 50, "is_feasible": true}, "AVD": 15.128019567099546}