{"name": "random-50-4.40-38.json", "solution": {"time": 0.010013915, "max_depth": 3, "is_feasible": false}, "AVD": 9.630040452880435}