{"name": "random-50-8.60-30.json", "solution": {"time": 0.009294809, "max_depth": 50, "is_feasible": true}, "AVD": 13.292827619047598}