{"name": "random-50-3.60-38.json", "solution": {"time": 0.007381383, "max_depth": 3, "is_feasible": false}, "AVD": 8.876411035631026}