{"name": "random-50-7.20-28.json", "solution": {"time": 0.002674028, "max_depth": 50, "is_feasible": true}, "AVD": 12.04940640692639}