{"name": "random-50-8.20-9.json", "solution": {"time": 0.003437858, "max_depth": 50, "is_feasible": true}, "AVD": 12.910152467532441}