{"name": "random-50-8.80-10.json", "solution": {"time": 0.00222188, "max_depth": 50, "is_feasible": true}, "AVD": 13.510298095238078}