{"name": "random-50-8.40-15.json", "solution": {"time": 0.002113466, "max_depth": 50, "is_feasible": true}, "AVD": 13.118378181818166}