{"name": "random-50-6.00-44.json", "solution": {"time": 0.002623903, "max_depth": 50, "is_feasible": true}, "AVD": 11.122010496170486}