{"name": "random-50-11.40-2.json", "solution": {"time": 0.002195906, "max_depth": 50, "is_feasible": true}, "AVD": 15.437630043290014}