{"name": "random-50-3.40-1.json", "solution": {"time": 0.005964617, "max_depth": 2, "is_feasible": false}, "AVD": 8.773676576756555}