{"name": "random-50-4.00-25.json", "solution": {"time": 0.013036209, "max_depth": 3, "is_feasible": false}, "AVD": 9.346821924741908}