{"name": "random-50-6.80-39.json", "solution": {"time": 0.002468997, "max_depth": 50, "is_feasible": true}, "AVD": 11.810671948051922}