{"name": "random-50-4.40-45.json", "solution": {"time": 0.005741732, "max_depth": 3, "is_feasible": false}, "AVD": 9.715653766233741}