{"name": "random-50-4.40-18.json", "solution": {"time": 0.006721376, "max_depth": 5, "is_feasible": false}, "AVD": 9.6637789144189}