{"name": "random-50-4.20-47.json", "solution": {"time": 0.009206758, "max_depth": 2, "is_feasible": false}, "AVD": 9.45923240093239}