{"name": "random-50-4.80-1.json", "solution": {"time": 0.006961852, "max_depth": 3, "is_feasible": false}, "AVD": 10.09029153513152}