{"name": "random-50-4.20-14.json", "solution": {"time": 0.009746394, "max_depth": 3, "is_feasible": false}, "AVD": 9.52337759573757}