{"name": "random-50-3.80-45.json", "solution": {"time": 0.006265361, "max_depth": 3, "is_feasible": false}, "AVD": 9.13262339660337}