{"name": "random-50-8.20-11.json", "solution": {"time": 0.007785191, "max_depth": 50, "is_feasible": true}, "AVD": 12.887650649350638}