{"name": "random-50-5.20-11.json", "solution": {"time": 0.007750668, "max_depth": 8, "is_feasible": false}, "AVD": 10.39314129870129}