{"name": "random-50-5.60-23.json", "solution": {"time": 0.002586455, "max_depth": 50, "is_feasible": true}, "AVD": 10.73417896103894}