{"name": "random-50-2.00-27.json", "solution": {"time": 0.006442247, "max_depth": 0, "is_feasible": false}, "AVD": 7.318537715617709}