{"name": "random-50-6.20-43.json", "solution": {"time": 0.013400203, "max_depth": 10, "is_feasible": false}, "AVD": 11.273170216450199}