{"name": "random-50-6.20-15.json", "solution": {"time": 0.005396901, "max_depth": 50, "is_feasible": true}, "AVD": 11.273594112554095}