{"name": "random-50-5.60-0.json", "solution": {"time": 0.007470075, "max_depth": 4, "is_feasible": false}, "AVD": 10.751869264069246}