{"name": "random-50-3.80-9.json", "solution": {"time": 0.010750031, "max_depth": 5, "is_feasible": false}, "AVD": 9.135147978687963}