{"name": "random-50-7.80-16.json", "solution": {"time": 0.002692565, "max_depth": 50, "is_feasible": true}, "AVD": 12.578409610389592}