{"name": "random-50-9.40-45.json", "solution": {"time": 0.007139308, "max_depth": 50, "is_feasible": true}, "AVD": 13.891389523809494}