{"name": "random-50-11.00-32.json", "solution": {"time": 0.00462106, "max_depth": 50, "is_feasible": true}, "AVD": 15.161694285714262}