{"name": "random-50-9.60-4.json", "solution": {"time": 0.006199661, "max_depth": 50, "is_feasible": true}, "AVD": 14.029559047619028}