{"name": "random-50-3.20-23.json", "solution": {"time": 0.005419553, "max_depth": 2, "is_feasible": false}, "AVD": 8.512451055611038}