{"name": "random-50-8.60-26.json", "solution": {"time": 0.002594939, "max_depth": 50, "is_feasible": true}, "AVD": 13.197371515151492}