{"name": "random-50-10.20-27.json", "solution": {"time": 0.003124207, "max_depth": 50, "is_feasible": true}, "AVD": 14.507631428571406}