{"name": "random-50-6.80-0.json", "solution": {"time": 0.007660006, "max_depth": 50, "is_feasible": true}, "AVD": 11.773550129870111}