{"name": "random-50-6.60-41.json", "solution": {"time": 0.002807218, "max_depth": 50, "is_feasible": true}, "AVD": 11.602884848484827}