{"name": "random-50-6.40-31.json", "solution": {"time": 0.003178169, "max_depth": 50, "is_feasible": true}, "AVD": 11.44608008658006}