{"name": "random-50-5.20-1.json", "solution": {"time": 0.00783615, "max_depth": 8, "is_feasible": false}, "AVD": 10.41549196803195}