{"name": "random-50-5.80-11.json", "solution": {"time": 0.007435741, "max_depth": 8, "is_feasible": false}, "AVD": 10.886153526473516}