{"name": "random-50-2.80-14.json", "solution": {"time": 0.006185231, "max_depth": 2, "is_feasible": false}, "AVD": 8.134290556110539}