{"name": "random-50-10.60-8.json", "solution": {"time": 0.002022898, "max_depth": 50, "is_feasible": true}, "AVD": 14.836105281385255}