{"name": "random-50-10.80-49.json", "solution": {"time": 0.003073011, "max_depth": 50, "is_feasible": true}, "AVD": 14.951541904761875}