{"name": "random-50-7.60-37.json", "solution": {"time": 0.003803446, "max_depth": 50, "is_feasible": true}, "AVD": 12.453284175824153}