{"name": "random-50-4.60-35.json", "solution": {"time": 0.008903542, "max_depth": 3, "is_feasible": false}, "AVD": 9.828226600066573}