{"name": "random-50-5.20-13.json", "solution": {"time": 0.006939604, "max_depth": 4, "is_feasible": false}, "AVD": 10.415282963702948}