{"name": "random-50-5.40-49.json", "solution": {"time": 0.006073912, "max_depth": 6, "is_feasible": false}, "AVD": 10.603499740259727}