{"name": "random-50-5.00-23.json", "solution": {"time": 0.010828667, "max_depth": 5, "is_feasible": false}, "AVD": 10.21691090909089}