{"name": "random-50-10.60-20.json", "solution": {"time": 0.002633136, "max_depth": 50, "is_feasible": true}, "AVD": 14.917606666666638}