{"name": "random-50-11.60-33.json", "solution": {"time": 0.00236551, "max_depth": 50, "is_feasible": true}, "AVD": 15.682347619047603}