{"name": "random-50-2.00-46.json", "solution": {"time": 0.006226681, "max_depth": 0, "is_feasible": false}, "AVD": 7.300651541791527}