{"name": "random-50-9.60-31.json", "solution": {"time": 0.00242894, "max_depth": 50, "is_feasible": true}, "AVD": 14.060320952380927}