{"name": "random-50-10.80-6.json", "solution": {"time": 0.003046845, "max_depth": 50, "is_feasible": true}, "AVD": 15.030810476190455}