{"name": "random-50-9.20-18.json", "solution": {"time": 0.005587406, "max_depth": 50, "is_feasible": true}, "AVD": 13.715172380952351}