{"name": "random-50-10.60-11.json", "solution": {"time": 0.004184827, "max_depth": 50, "is_feasible": true}, "AVD": 14.865848658008636}