{"name": "random-50-3.00-4.json", "solution": {"time": 0.006199791, "max_depth": 2, "is_feasible": false}, "AVD": 8.397435497835481}