{"name": "random-50-6.60-31.json", "solution": {"time": 0.003428941, "max_depth": 50, "is_feasible": true}, "AVD": 11.601607272727248}