{"name": "random-50-8.80-0.json", "solution": {"time": 0.008654052, "max_depth": 50, "is_feasible": true}, "AVD": 13.40809056277054}