{"name": "random-50-10.80-1.json", "solution": {"time": 0.002814749, "max_depth": 50, "is_feasible": true}, "AVD": 15.071124761904734}