{"name": "random-50-10.60-38.json", "solution": {"time": 0.002320643, "max_depth": 50, "is_feasible": true}, "AVD": 14.861962943722915}