{"name": "random-50-3.60-34.json", "solution": {"time": 0.006595082, "max_depth": 2, "is_feasible": false}, "AVD": 8.934961232101216}