{"name": "random-50-11.00-45.json", "solution": {"time": 0.001962758, "max_depth": 50, "is_feasible": true}, "AVD": 15.195321904761874}