{"name": "random-50-6.60-8.json", "solution": {"time": 0.010373567, "max_depth": 5, "is_feasible": false}, "AVD": 11.61148199134197}