{"name": "random-50-10.80-35.json", "solution": {"time": 0.003557055, "max_depth": 50, "is_feasible": true}, "AVD": 15.00944199134197}