{"name": "random-50-9.80-26.json", "solution": {"time": 0.007545011, "max_depth": 50, "is_feasible": true}, "AVD": 14.177881471861447}