{"name": "random-50-9.00-0.json", "solution": {"time": 0.002443066, "max_depth": 50, "is_feasible": true}, "AVD": 13.577394372294348}