{"name": "random-50-6.20-49.json", "solution": {"time": 0.006450856, "max_depth": 6, "is_feasible": false}, "AVD": 11.283106753246734}