{"name": "random-50-5.00-44.json", "solution": {"time": 0.005965406, "max_depth": 4, "is_feasible": false}, "AVD": 10.217235171495153}