{"name": "random-50-10.20-16.json", "solution": {"time": 0.003668437, "max_depth": 50, "is_feasible": true}, "AVD": 14.54067766233764}