{"name": "random-50-9.80-0.json", "solution": {"time": 0.003198873, "max_depth": 50, "is_feasible": true}, "AVD": 14.227990995670972}