{"name": "random-50-9.00-3.json", "solution": {"time": 0.001939131, "max_depth": 50, "is_feasible": true}, "AVD": 13.618468138528117}