{"name": "random-50-9.40-25.json", "solution": {"time": 0.002730111, "max_depth": 50, "is_feasible": true}, "AVD": 13.929989090909075}