{"name": "random-50-10.20-19.json", "solution": {"time": 0.002961435, "max_depth": 50, "is_feasible": true}, "AVD": 14.567796709956683}