{"name": "random-50-7.60-8.json", "solution": {"time": 0.003626981, "max_depth": 50, "is_feasible": true}, "AVD": 12.42936008658006}