{"name": "random-50-3.20-5.json", "solution": {"time": 0.005851398, "max_depth": 0, "is_feasible": false}, "AVD": 8.512063050283041}