{"name": "random-50-4.40-17.json", "solution": {"time": 0.007067671, "max_depth": 4, "is_feasible": false}, "AVD": 9.649597698967678}