{"name": "random-50-12.00-9.json", "solution": {"time": 0.002079965, "max_depth": 50, "is_feasible": true}, "AVD": 15.989498614718594}