{"name": "random-50-8.60-12.json", "solution": {"time": 0.002796206, "max_depth": 50, "is_feasible": true}, "AVD": 13.238492380952353}