{"name": "random-50-4.80-8.json", "solution": {"time": 0.006139281, "max_depth": 5, "is_feasible": false}, "AVD": 10.108376297036276}