{"name": "random-50-11.20-45.json", "solution": {"time": 0.002470965, "max_depth": 50, "is_feasible": true}, "AVD": 15.353454285714259}