{"name": "random-50-3.80-43.json", "solution": {"time": 0.007557758, "max_depth": 2, "is_feasible": false}, "AVD": 9.122083849483827}