{"name": "random-50-8.80-5.json", "solution": {"time": 0.0020198, "max_depth": 50, "is_feasible": true}, "AVD": 13.376323376623352}