{"name": "random-50-6.60-44.json", "solution": {"time": 0.002592852, "max_depth": 50, "is_feasible": true}, "AVD": 11.624663982683964}