{"name": "random-50-9.80-11.json", "solution": {"time": 0.005300482, "max_depth": 50, "is_feasible": true}, "AVD": 14.227525887445863}