{"name": "random-50-11.60-25.json", "solution": {"time": 0.002735255, "max_depth": 50, "is_feasible": true}, "AVD": 15.687706666666642}