{"name": "random-50-3.00-31.json", "solution": {"time": 0.006460184, "max_depth": 2, "is_feasible": false}, "AVD": 8.349283436563422}