{"name": "random-50-6.60-47.json", "solution": {"time": 0.004530326, "max_depth": 50, "is_feasible": true}, "AVD": 11.609570496170477}