{"name": "random-50-11.40-24.json", "solution": {"time": 0.002363093, "max_depth": 50, "is_feasible": true}, "AVD": 15.477246666666638}