{"name": "random-50-2.60-5.json", "solution": {"time": 0.006142003, "max_depth": 0, "is_feasible": false}, "AVD": 7.949230016649997}