{"name": "random-50-7.00-21.json", "solution": {"time": 0.003082643, "max_depth": 50, "is_feasible": true}, "AVD": 11.957871794871778}