{"name": "random-50-4.80-5.json", "solution": {"time": 0.006125903, "max_depth": 2, "is_feasible": false}, "AVD": 10.023376297036286}