{"name": "random-50-2.40-12.json", "solution": {"time": 0.006126469, "max_depth": 0, "is_feasible": false}, "AVD": 7.794400832500814}