{"name": "random-50-10.80-48.json", "solution": {"time": 0.003635572, "max_depth": 50, "is_feasible": true}, "AVD": 15.039585714285685}