{"name": "random-50-3.80-15.json", "solution": {"time": 0.008824916, "max_depth": 2, "is_feasible": false}, "AVD": 9.146948571428549}