{"name": "random-50-10.00-39.json", "solution": {"time": 0.002536045, "max_depth": 50, "is_feasible": true}, "AVD": 14.424090043290017}