{"name": "random-50-9.20-26.json", "solution": {"time": 0.002492654, "max_depth": 50, "is_feasible": true}, "AVD": 13.692053852813826}