{"name": "random-50-10.40-12.json", "solution": {"time": 0.002228042, "max_depth": 50, "is_feasible": true}, "AVD": 14.72068190476188}