{"name": "random-50-6.00-24.json", "solution": {"time": 0.006195724, "max_depth": 50, "is_feasible": true}, "AVD": 11.144694825174803}