{"name": "random-50-3.80-19.json", "solution": {"time": 0.007697363, "max_depth": 2, "is_feasible": false}, "AVD": 9.168385214785198}