{"name": "random-50-10.00-10.json", "solution": {"time": 0.002232499, "max_depth": 50, "is_feasible": true}, "AVD": 14.438708571428554}