{"name": "random-50-4.40-3.json", "solution": {"time": 0.005411969, "max_depth": 2, "is_feasible": false}, "AVD": 9.73839595071593}