{"name": "random-50-8.40-30.json", "solution": {"time": 0.004051611, "max_depth": 50, "is_feasible": true}, "AVD": 13.132413852813835}