{"name": "random-50-6.80-17.json", "solution": {"time": 0.002650736, "max_depth": 50, "is_feasible": true}, "AVD": 11.762252574092557}