{"name": "random-50-2.40-38.json", "solution": {"time": 0.007335557, "max_depth": 0, "is_feasible": false}, "AVD": 7.716407176157158}