{"name": "random-50-11.00-31.json", "solution": {"time": 0.004593136, "max_depth": 50, "is_feasible": true}, "AVD": 15.18397238095236}