{"name": "random-50-3.20-38.json", "solution": {"time": 0.006583265, "max_depth": 2, "is_feasible": false}, "AVD": 8.53230895770894}