{"name": "random-50-11.80-8.json", "solution": {"time": 0.002483933, "max_depth": 50, "is_feasible": true}, "AVD": 15.796279999999975}