{"name": "random-50-10.80-46.json", "solution": {"time": 0.002849118, "max_depth": 50, "is_feasible": true}, "AVD": 15.001490995670972}