{"name": "random-50-6.80-37.json", "solution": {"time": 0.00660441, "max_depth": 50, "is_feasible": true}, "AVD": 11.771004262404244}