{"name": "random-50-5.20-44.json", "solution": {"time": 0.004626273, "max_depth": 50, "is_feasible": true}, "AVD": 10.392772314352294}