{"name": "random-50-10.00-27.json", "solution": {"time": 0.003138505, "max_depth": 50, "is_feasible": true}, "AVD": 14.351134285714263}