{"name": "random-50-10.40-39.json", "solution": {"time": 0.002984578, "max_depth": 50, "is_feasible": true}, "AVD": 14.736922424242401}