{"name": "random-50-11.60-16.json", "solution": {"time": 0.006447306, "max_depth": 50, "is_feasible": true}, "AVD": 15.668844761904744}