{"name": "random-50-3.00-10.json", "solution": {"time": 0.005884316, "max_depth": 0, "is_feasible": false}, "AVD": 8.347553886113868}