{"name": "random-50-4.00-16.json", "solution": {"time": 0.007381802, "max_depth": 3, "is_feasible": false}, "AVD": 9.357455557775541}