{"name": "random-50-11.00-11.json", "solution": {"time": 0.002876279, "max_depth": 50, "is_feasible": true}, "AVD": 15.17801575757573}