{"name": "random-50-4.00-48.json", "solution": {"time": 0.008528686, "max_depth": 0, "is_feasible": false}, "AVD": 9.321942031302003}