{"name": "random-50-2.00-16.json", "solution": {"time": 0.006938456, "max_depth": 0, "is_feasible": false}, "AVD": 7.326288538128523}