{"name": "random-50-9.40-48.json", "solution": {"time": 0.002167953, "max_depth": 50, "is_feasible": true}, "AVD": 13.899712900432878}