{"name": "random-50-5.20-38.json", "solution": {"time": 0.0061388, "max_depth": 3, "is_feasible": false}, "AVD": 10.370215584415561}