{"name": "random-50-9.80-37.json", "solution": {"time": 0.002844947, "max_depth": 50, "is_feasible": true}, "AVD": 14.220930476190452}