{"name": "random-50-8.40-32.json", "solution": {"time": 0.007473341, "max_depth": 50, "is_feasible": true}, "AVD": 13.066733506493483}