{"name": "random-50-12.00-10.json", "solution": {"time": 0.002372906, "max_depth": 50, "is_feasible": true}, "AVD": 16.016259999999978}