{"name": "random-50-9.80-8.json", "solution": {"time": 0.002543956, "max_depth": 50, "is_feasible": true}, "AVD": 14.1899934199134}