{"name": "random-50-10.20-23.json", "solution": {"time": 0.003114114, "max_depth": 50, "is_feasible": true}, "AVD": 14.523449523809502}