{"name": "random-50-11.40-16.json", "solution": {"time": 0.002105341, "max_depth": 50, "is_feasible": true}, "AVD": 15.491121904761883}