{"name": "random-50-5.80-8.json", "solution": {"time": 0.006960965, "max_depth": 5, "is_feasible": false}, "AVD": 10.984020086580063}