{"name": "random-50-3.20-35.json", "solution": {"time": 0.00633396, "max_depth": 0, "is_feasible": false}, "AVD": 8.515628691308672}