{"name": "random-50-10.00-40.json", "solution": {"time": 0.008398069, "max_depth": 50, "is_feasible": true}, "AVD": 14.407703809523785}