{"name": "random-50-9.00-20.json", "solution": {"time": 0.002510197, "max_depth": 50, "is_feasible": true}, "AVD": 13.629917748917729}