{"name": "random-50-9.00-38.json", "solution": {"time": 0.002260947, "max_depth": 50, "is_feasible": true}, "AVD": 13.554403896103867}