{"name": "random-50-2.20-8.json", "solution": {"time": 0.011194046, "max_depth": 0, "is_feasible": false}, "AVD": 7.5447002131201995}