{"name": "random-50-10.20-15.json", "solution": {"time": 0.004211629, "max_depth": 50, "is_feasible": true}, "AVD": 14.530686666666654}