{"name": "random-50-7.60-27.json", "solution": {"time": 0.002861277, "max_depth": 50, "is_feasible": true}, "AVD": 12.419324935064912}