{"name": "random-50-7.60-17.json", "solution": {"time": 0.003357581, "max_depth": 50, "is_feasible": true}, "AVD": 12.417557682317668}