{"name": "random-50-11.40-19.json", "solution": {"time": 0.002285817, "max_depth": 50, "is_feasible": true}, "AVD": 15.515101471861442}