{"name": "random-50-2.40-26.json", "solution": {"time": 0.006950876, "max_depth": 2, "is_feasible": false}, "AVD": 7.80252799866798}