{"name": "random-50-7.40-8.json", "solution": {"time": 0.003406336, "max_depth": 50, "is_feasible": true}, "AVD": 12.244869610389582}