{"name": "random-50-6.40-15.json", "solution": {"time": 0.005972465, "max_depth": 50, "is_feasible": true}, "AVD": 11.460139307359288}