{"name": "random-50-2.40-23.json", "solution": {"time": 0.005508243, "max_depth": 0, "is_feasible": false}, "AVD": 7.701310915750903}