{"name": "random-50-4.00-45.json", "solution": {"time": 0.009609999, "max_depth": 3, "is_feasible": false}, "AVD": 9.329047272727248}