{"name": "random-50-10.40-7.json", "solution": {"time": 0.007334598, "max_depth": 50, "is_feasible": true}, "AVD": 14.709981471861452}