{"name": "random-50-3.40-48.json", "solution": {"time": 0.006183016, "max_depth": 0, "is_feasible": false}, "AVD": 8.756339237429215}