{"name": "random-50-4.60-9.json", "solution": {"time": 0.009377844, "max_depth": 50, "is_feasible": true}, "AVD": 9.878900299700277}