{"name": "random-50-4.00-42.json", "solution": {"time": 0.008180805, "max_depth": 9, "is_feasible": false}, "AVD": 9.309431208791194}