{"name": "random-50-11.80-23.json", "solution": {"time": 0.002502105, "max_depth": 50, "is_feasible": true}, "AVD": 15.78428285714283}