{"name": "random-50-2.80-25.json", "solution": {"time": 0.006736176, "max_depth": 2, "is_feasible": false}, "AVD": 8.191625730935709}