{"name": "random-50-6.40-4.json", "solution": {"time": 0.009022722, "max_depth": 5, "is_feasible": false}, "AVD": 11.489729610389597}