{"name": "random-50-6.00-45.json", "solution": {"time": 0.006122847, "max_depth": 50, "is_feasible": true}, "AVD": 11.077814458874432}