{"name": "random-50-8.00-12.json", "solution": {"time": 0.003385112, "max_depth": 50, "is_feasible": true}, "AVD": 12.749459047619023}