{"name": "random-50-3.00-42.json", "solution": {"time": 0.006692381, "max_depth": 3, "is_feasible": false}, "AVD": 8.34485947385946}