{"name": "random-50-3.00-22.json", "solution": {"time": 0.005182922, "max_depth": 0, "is_feasible": false}, "AVD": 8.403962524142495}