{"name": "random-50-4.60-11.json", "solution": {"time": 0.005807886, "max_depth": 3, "is_feasible": false}, "AVD": 9.853551448551443}