{"name": "random-50-3.40-49.json", "solution": {"time": 0.007093632, "max_depth": 3, "is_feasible": false}, "AVD": 8.781338351648332}