{"name": "random-50-3.80-28.json", "solution": {"time": 0.013022182, "max_depth": 6, "is_feasible": false}, "AVD": 9.119925081585055}