{"name": "random-50-11.20-47.json", "solution": {"time": 0.002441331, "max_depth": 50, "is_feasible": true}, "AVD": 15.40856813852811}