{"name": "random-50-10.20-37.json", "solution": {"time": 0.00255307, "max_depth": 50, "is_feasible": true}, "AVD": 14.536660952380931}