{"name": "random-50-2.20-45.json", "solution": {"time": 0.006343928, "max_depth": 0, "is_feasible": false}, "AVD": 7.53146466866465}