{"name": "random-50-7.60-33.json", "solution": {"time": 0.005561302, "max_depth": 50, "is_feasible": true}, "AVD": 12.465239653679637}