{"name": "random-50-9.40-18.json", "solution": {"time": 0.002578793, "max_depth": 50, "is_feasible": true}, "AVD": 13.876299999999969}