{"name": "random-50-3.80-5.json", "solution": {"time": 0.007156712, "max_depth": 0, "is_feasible": false}, "AVD": 9.095044848484834}