{"name": "random-50-12.00-21.json", "solution": {"time": 0.002083692, "max_depth": 50, "is_feasible": true}, "AVD": 16.007873333333315}