{"name": "random-50-2.60-47.json", "solution": {"time": 0.006281406, "max_depth": 2, "is_feasible": false}, "AVD": 7.921525621045598}