{"name": "random-50-9.20-6.json", "solution": {"time": 0.006692045, "max_depth": 50, "is_feasible": true}, "AVD": 13.71256865800864}