{"name": "random-50-4.20-40.json", "solution": {"time": 0.010516762, "max_depth": 3, "is_feasible": false}, "AVD": 9.503570755910733}