{"name": "random-50-5.80-25.json", "solution": {"time": 0.005488473, "max_depth": 50, "is_feasible": true}, "AVD": 10.952535950715935}