{"name": "random-50-4.20-32.json", "solution": {"time": 0.007028417, "max_depth": 3, "is_feasible": false}, "AVD": 9.529743849483824}