{"name": "random-50-8.40-29.json", "solution": {"time": 0.003411539, "max_depth": 50, "is_feasible": true}, "AVD": 13.075747186147163}