{"name": "random-50-2.20-10.json", "solution": {"time": 0.00941561, "max_depth": 0, "is_feasible": false}, "AVD": 7.526019007658992}