{"name": "random-50-9.60-9.json", "solution": {"time": 0.003709737, "max_depth": 50, "is_feasible": true}, "AVD": 14.063692987012969}