{"name": "random-50-6.60-5.json", "solution": {"time": 0.003864767, "max_depth": 50, "is_feasible": true}, "AVD": 11.53838346320344}