{"name": "random-50-3.80-11.json", "solution": {"time": 0.008969914, "max_depth": 2, "is_feasible": false}, "AVD": 9.107657569097553}