{"name": "random-50-6.20-39.json", "solution": {"time": 0.002401388, "max_depth": 50, "is_feasible": true}, "AVD": 11.302001038961016}