{"name": "random-50-7.60-45.json", "solution": {"time": 0.002668256, "max_depth": 50, "is_feasible": true}, "AVD": 12.417440952380927}