{"name": "random-50-11.00-20.json", "solution": {"time": 0.001971984, "max_depth": 50, "is_feasible": true}, "AVD": 15.23654285714283}