{"name": "random-50-10.40-30.json", "solution": {"time": 0.002881352, "max_depth": 50, "is_feasible": true}, "AVD": 14.734071428571399}