{"name": "random-50-6.00-2.json", "solution": {"time": 0.004713426, "max_depth": 50, "is_feasible": true}, "AVD": 11.091441405261385}