{"name": "random-50-5.40-12.json", "solution": {"time": 0.010473716, "max_depth": 50, "is_feasible": true}, "AVD": 10.62058658008656}