{"name": "random-50-9.20-8.json", "solution": {"time": 0.003468274, "max_depth": 50, "is_feasible": true}, "AVD": 13.717943896103877}