{"name": "random-50-7.20-19.json", "solution": {"time": 0.00707899, "max_depth": 50, "is_feasible": true}, "AVD": 12.099950129870114}