{"name": "random-50-8.40-0.json", "solution": {"time": 0.003032354, "max_depth": 50, "is_feasible": true}, "AVD": 13.086013419913392}