{"name": "random-50-4.00-0.json", "solution": {"time": 0.008859971, "max_depth": 2, "is_feasible": false}, "AVD": 9.360496989676971}