{"name": "random-50-9.80-21.json", "solution": {"time": 0.002907674, "max_depth": 50, "is_feasible": true}, "AVD": 14.2159413186813}