{"name": "random-50-8.20-20.json", "solution": {"time": 0.003338999, "max_depth": 50, "is_feasible": true}, "AVD": 12.970266233766212}