{"name": "random-50-10.60-27.json", "solution": {"time": 0.002538494, "max_depth": 50, "is_feasible": true}, "AVD": 14.828866666666643}