{"name": "random-50-5.20-2.json", "solution": {"time": 0.00871618, "max_depth": 6, "is_feasible": false}, "AVD": 10.388527012986996}