{"name": "random-50-9.40-41.json", "solution": {"time": 0.003192985, "max_depth": 50, "is_feasible": true}, "AVD": 13.952283376623349}