{"name": "random-50-4.40-0.json", "solution": {"time": 0.00731349, "max_depth": 2, "is_feasible": false}, "AVD": 9.711162097902081}