{"name": "random-50-6.20-0.json", "solution": {"time": 0.011515258, "max_depth": 7, "is_feasible": false}, "AVD": 11.237000692640672}