{"name": "random-50-9.00-30.json", "solution": {"time": 0.001974313, "max_depth": 50, "is_feasible": true}, "AVD": 13.619519047619026}