{"name": "random-50-12.00-39.json", "solution": {"time": 0.002372885, "max_depth": 50, "is_feasible": true}, "AVD": 16.023399999999977}