{"name": "random-50-7.40-30.json", "solution": {"time": 0.004819336, "max_depth": 50, "is_feasible": true}, "AVD": 12.293134891774876}