{"name": "random-50-4.00-10.json", "solution": {"time": 0.01063046, "max_depth": 3, "is_feasible": false}, "AVD": 9.351507312687296}