{"name": "random-50-11.60-48.json", "solution": {"time": 0.002260886, "max_depth": 50, "is_feasible": true}, "AVD": 15.669006666666638}