{"name": "random-50-7.80-15.json", "solution": {"time": 0.002661458, "max_depth": 50, "is_feasible": true}, "AVD": 12.64908103896102}