{"name": "random-50-3.20-31.json", "solution": {"time": 0.00705497, "max_depth": 2, "is_feasible": false}, "AVD": 8.548620126540111}