{"name": "random-50-2.00-43.json", "solution": {"time": 0.005410451, "max_depth": 0, "is_feasible": false}, "AVD": 7.2988330569430415}