{"name": "random-50-10.40-47.json", "solution": {"time": 0.002455825, "max_depth": 50, "is_feasible": true}, "AVD": 14.743639999999969}