{"name": "random-50-11.40-34.json", "solution": {"time": 0.002132797, "max_depth": 50, "is_feasible": true}, "AVD": 15.546315238095206}