{"name": "random-50-4.00-38.json", "solution": {"time": 0.006941325, "max_depth": 3, "is_feasible": false}, "AVD": 9.269368158508142}