{"name": "random-50-9.20-3.json", "solution": {"time": 0.002466562, "max_depth": 50, "is_feasible": true}, "AVD": 13.796790043290025}