{"name": "random-50-6.60-19.json", "solution": {"time": 0.004121437, "max_depth": 50, "is_feasible": true}, "AVD": 11.596576450216435}