{"name": "random-50-5.20-8.json", "solution": {"time": 0.006939286, "max_depth": 5, "is_feasible": false}, "AVD": 10.468356363636342}