{"name": "random-50-5.40-44.json", "solution": {"time": 0.004149971, "max_depth": 50, "is_feasible": true}, "AVD": 10.587788071928054}