{"name": "random-50-9.60-22.json", "solution": {"time": 0.002674227, "max_depth": 50, "is_feasible": true}, "AVD": 14.072933333333317}