{"name": "random-50-4.60-37.json", "solution": {"time": 0.007809297, "max_depth": 5, "is_feasible": false}, "AVD": 9.871877595737582}