{"name": "random-50-10.60-5.json", "solution": {"time": 0.006847829, "max_depth": 50, "is_feasible": true}, "AVD": 14.87581904761902}