{"name": "random-50-5.40-36.json", "solution": {"time": 0.010039529, "max_depth": 7, "is_feasible": false}, "AVD": 10.619033766233745}