{"name": "random-50-6.20-36.json", "solution": {"time": 0.002840064, "max_depth": 50, "is_feasible": true}, "AVD": 11.297198354978335}