{"name": "random-50-2.60-37.json", "solution": {"time": 0.007167547, "max_depth": 0, "is_feasible": false}, "AVD": 7.915696030636019}