{"name": "random-50-3.20-10.json", "solution": {"time": 0.005468, "max_depth": 0, "is_feasible": false}, "AVD": 8.58612009990008}