{"name": "random-50-4.00-49.json", "solution": {"time": 0.016151832, "max_depth": 6, "is_feasible": false}, "AVD": 9.365544002663984}