{"name": "random-50-2.60-27.json", "solution": {"time": 0.010550827, "max_depth": 0, "is_feasible": false}, "AVD": 7.961294751914742}