{"name": "random-50-3.20-14.json", "solution": {"time": 0.009493811, "max_depth": 2, "is_feasible": false}, "AVD": 8.550227399267378}