{"name": "random-50-9.60-13.json", "solution": {"time": 0.00254726, "max_depth": 50, "is_feasible": true}, "AVD": 14.056776709956685}