{"name": "random-50-9.20-11.json", "solution": {"time": 0.002470642, "max_depth": 50, "is_feasible": true}, "AVD": 13.740629696969677}