{"name": "random-50-4.60-12.json", "solution": {"time": 0.006334706, "max_depth": 3, "is_feasible": false}, "AVD": 9.911007032967023}