{"name": "random-50-4.20-22.json", "solution": {"time": 0.0055812, "max_depth": 4, "is_feasible": false}, "AVD": 9.545309803529783}