{"name": "random-50-2.60-23.json", "solution": {"time": 0.005294166, "max_depth": 0, "is_feasible": false}, "AVD": 7.902175397935387}