{"name": "random-50-9.00-41.json", "solution": {"time": 0.003201811, "max_depth": 50, "is_feasible": true}, "AVD": 13.61864623376621}