{"name": "random-50-11.80-13.json", "solution": {"time": 0.002581583, "max_depth": 50, "is_feasible": true}, "AVD": 15.75130285714284}