{"name": "random-50-10.40-37.json", "solution": {"time": 0.00293464, "max_depth": 50, "is_feasible": true}, "AVD": 14.673130476190451}