{"name": "random-50-6.40-5.json", "solution": {"time": 0.003570849, "max_depth": 50, "is_feasible": true}, "AVD": 11.38248683982682}