{"name": "random-50-6.60-1.json", "solution": {"time": 0.002264112, "max_depth": 50, "is_feasible": true}, "AVD": 11.626243742923721}