{"name": "random-50-5.00-10.json", "solution": {"time": 0.00819502, "max_depth": 7, "is_feasible": false}, "AVD": 10.276975084915062}