{"name": "random-50-11.00-46.json", "solution": {"time": 0.001920805, "max_depth": 50, "is_feasible": true}, "AVD": 15.177870043290023}