{"name": "random-50-8.40-28.json", "solution": {"time": 0.005713807, "max_depth": 50, "is_feasible": true}, "AVD": 13.004609177489153}