{"name": "random-50-8.00-16.json", "solution": {"time": 0.00304301, "max_depth": 50, "is_feasible": true}, "AVD": 12.731798181818162}