{"name": "random-50-8.40-8.json", "solution": {"time": 0.003751909, "max_depth": 50, "is_feasible": true}, "AVD": 13.069532987012964}