{"name": "random-50-4.80-14.json", "solution": {"time": 0.005892294, "max_depth": 3, "is_feasible": false}, "AVD": 10.07737991341988}