{"name": "random-50-10.00-0.json", "solution": {"time": 0.183169379, "max_depth": 50, "is_feasible": true}, "AVD": 14.391271948051925}