{"name": "random-50-4.80-23.json", "solution": {"time": 0.006875347, "max_depth": 3, "is_feasible": false}, "AVD": 10.02356865800864}