{"name": "random-50-7.60-48.json", "solution": {"time": 0.002302261, "max_depth": 50, "is_feasible": true}, "AVD": 12.441681491841466}