{"name": "random-50-8.00-28.json", "solution": {"time": 0.006921073, "max_depth": 50, "is_feasible": true}, "AVD": 12.713020173160151}