{"name": "random-50-8.20-12.json", "solution": {"time": 0.002681163, "max_depth": 50, "is_feasible": true}, "AVD": 12.906393333333304}