{"name": "random-50-5.60-11.json", "solution": {"time": 0.008197366, "max_depth": 8, "is_feasible": false}, "AVD": 10.724993526473513}