{"name": "random-50-6.60-9.json", "solution": {"time": 0.005335468, "max_depth": 50, "is_feasible": true}, "AVD": 11.588807965367938}