{"name": "random-50-5.00-7.json", "solution": {"time": 0.006448992, "max_depth": 3, "is_feasible": false}, "AVD": 10.226600173160149}