{"name": "random-50-11.80-41.json", "solution": {"time": 0.002398384, "max_depth": 50, "is_feasible": true}, "AVD": 15.832319999999967}