{"name": "random-50-6.80-23.json", "solution": {"time": 0.007494534, "max_depth": 50, "is_feasible": true}, "AVD": 11.755661125541101}