{"name": "random-50-6.40-33.json", "solution": {"time": 0.002946697, "max_depth": 50, "is_feasible": true}, "AVD": 11.4654929204129}