{"name": "random-50-2.00-14.json", "solution": {"time": 0.006983187, "max_depth": 2, "is_feasible": false}, "AVD": 7.291766480186459}