{"name": "random-50-5.20-36.json", "solution": {"time": 0.009619895, "max_depth": 7, "is_feasible": false}, "AVD": 10.43054424242422}