{"name": "random-50-2.80-39.json", "solution": {"time": 0.007591981, "max_depth": 3, "is_feasible": false}, "AVD": 8.176055191475172}