{"name": "random-50-8.80-29.json", "solution": {"time": 0.002724319, "max_depth": 50, "is_feasible": true}, "AVD": 13.408994285714266}