{"name": "random-50-3.00-40.json", "solution": {"time": 0.006153117, "max_depth": 0, "is_feasible": false}, "AVD": 8.32826055611054}