{"name": "random-50-7.20-41.json", "solution": {"time": 0.003314406, "max_depth": 50, "is_feasible": true}, "AVD": 12.12824961038959}