{"name": "random-50-5.40-34.json", "solution": {"time": 0.020670819, "max_depth": 8, "is_feasible": false}, "AVD": 10.598401212121194}