{"name": "random-50-2.00-0.json", "solution": {"time": 0.006831936, "max_depth": 0, "is_feasible": false}, "AVD": 7.3350378488178345}