{"name": "random-50-9.20-28.json", "solution": {"time": 0.002716134, "max_depth": 50, "is_feasible": true}, "AVD": 13.693820086580061}