{"name": "random-50-10.60-4.json", "solution": {"time": 0.002266336, "max_depth": 50, "is_feasible": true}, "AVD": 14.826567619047596}