{"name": "random-50-7.80-13.json", "solution": {"time": 0.002871056, "max_depth": 50, "is_feasible": true}, "AVD": 12.61007818181816}