{"name": "random-50-7.40-40.json", "solution": {"time": 0.006617965, "max_depth": 50, "is_feasible": true}, "AVD": 12.270949523809497}