{"name": "random-50-3.00-35.json", "solution": {"time": 0.005854242, "max_depth": 0, "is_feasible": false}, "AVD": 8.333884708624687}