{"name": "random-50-5.60-29.json", "solution": {"time": 0.007580542, "max_depth": 5, "is_feasible": false}, "AVD": 10.693612987012962}