{"name": "random-50-6.40-1.json", "solution": {"time": 0.002103923, "max_depth": 50, "is_feasible": true}, "AVD": 11.449459933399913}