{"name": "random-50-4.20-2.json", "solution": {"time": 0.008012536, "max_depth": 3, "is_feasible": false}, "AVD": 9.499428937728911}