{"name": "random-50-3.40-2.json", "solution": {"time": 0.006216585, "max_depth": 2, "is_feasible": false}, "AVD": 8.729228398268374}