{"name": "random-50-2.40-31.json", "solution": {"time": 0.00621558, "max_depth": 2, "is_feasible": false}, "AVD": 7.718284988344971}