{"name": "random-50-4.80-30.json", "solution": {"time": 0.012759051, "max_depth": 4, "is_feasible": false}, "AVD": 10.071402683982676}