{"name": "random-50-2.40-32.json", "solution": {"time": 0.005432953, "max_depth": 0, "is_feasible": false}, "AVD": 7.799906047286033}