{"name": "random-50-6.60-23.json", "solution": {"time": 0.003199194, "max_depth": 50, "is_feasible": true}, "AVD": 11.589354025974}