{"name": "random-50-7.60-20.json", "solution": {"time": 0.002774009, "max_depth": 50, "is_feasible": true}, "AVD": 12.467925800865778}