{"name": "random-50-9.80-46.json", "solution": {"time": 0.002538757, "max_depth": 50, "is_feasible": true}, "AVD": 14.236264329004307}