{"name": "random-50-2.20-49.json", "solution": {"time": 0.006094791, "max_depth": 2, "is_feasible": false}, "AVD": 7.569075670995646}