{"name": "random-50-5.40-47.json", "solution": {"time": 0.008025449, "max_depth": 6, "is_feasible": false}, "AVD": 10.558199240759224}