{"name": "random-50-3.40-20.json", "solution": {"time": 0.007880472, "max_depth": 2, "is_feasible": false}, "AVD": 8.693248631368618}