{"name": "random-50-9.80-15.json", "solution": {"time": 0.002023979, "max_depth": 50, "is_feasible": true}, "AVD": 14.249182857142847}