{"name": "random-50-6.20-11.json", "solution": {"time": 0.011248284, "max_depth": 8, "is_feasible": false}, "AVD": 11.240646493506485}