{"name": "random-50-7.60-3.json", "solution": {"time": 0.002662533, "max_depth": 50, "is_feasible": true}, "AVD": 12.479885128205115}