{"name": "random-50-9.60-36.json", "solution": {"time": 0.003031211, "max_depth": 50, "is_feasible": true}, "AVD": 14.072870043290015}