{"name": "random-50-6.60-27.json", "solution": {"time": 0.01825888, "max_depth": 50, "is_feasible": true}, "AVD": 11.593743116883095}