{"name": "random-50-7.00-43.json", "solution": {"time": 0.004230225, "max_depth": 50, "is_feasible": true}, "AVD": 11.94227549783548}