{"name": "random-50-9.80-28.json", "solution": {"time": 0.002967437, "max_depth": 50, "is_feasible": true}, "AVD": 14.181313852813826}