{"name": "random-50-6.00-11.json", "solution": {"time": 0.013600651, "max_depth": 8, "is_feasible": false}, "AVD": 11.072394045954036}