{"name": "random-50-7.00-44.json", "solution": {"time": 0.002495415, "max_depth": 50, "is_feasible": true}, "AVD": 11.95588727272725}