{"name": "random-50-5.60-2.json", "solution": {"time": 0.013455447, "max_depth": 6, "is_feasible": false}, "AVD": 10.724970429570414}