{"name": "random-50-9.60-42.json", "solution": {"time": 0.002352714, "max_depth": 50, "is_feasible": true}, "AVD": 14.087475324675298}