{"name": "random-50-5.00-21.json", "solution": {"time": 0.006004305, "max_depth": 50, "is_feasible": true}, "AVD": 10.248933180153163}