{"name": "random-50-6.80-21.json", "solution": {"time": 0.002908187, "max_depth": 50, "is_feasible": true}, "AVD": 11.794396556776542}