{"name": "random-50-2.40-34.json", "solution": {"time": 0.014098127, "max_depth": 0, "is_feasible": false}, "AVD": 7.791242217782193}