{"name": "random-50-5.00-1.json", "solution": {"time": 0.00555249, "max_depth": 3, "is_feasible": false}, "AVD": 10.259660106560093}