{"name": "random-50-4.00-14.json", "solution": {"time": 0.0101091, "max_depth": 2, "is_feasible": false}, "AVD": 9.34484668664666}