{"name": "random-50-10.20-22.json", "solution": {"time": 0.003008064, "max_depth": 50, "is_feasible": true}, "AVD": 14.566499999999978}