{"name": "random-50-7.00-37.json", "solution": {"time": 0.009176058, "max_depth": 50, "is_feasible": true}, "AVD": 11.940533266733246}