{"name": "random-50-7.60-5.json", "solution": {"time": 0.003200242, "max_depth": 50, "is_feasible": true}, "AVD": 12.378524935064915}