{"name": "random-50-3.20-11.json", "solution": {"time": 0.007712642, "max_depth": 2, "is_feasible": false}, "AVD": 8.537919580419569}