{"name": "random-50-4.80-31.json", "solution": {"time": 0.015123127, "max_depth": 3, "is_feasible": false}, "AVD": 10.060358288378275}