{"name": "random-50-10.20-35.json", "solution": {"time": 0.002571544, "max_depth": 50, "is_feasible": true}, "AVD": 14.494243376623352}