{"name": "random-50-9.80-36.json", "solution": {"time": 0.002910253, "max_depth": 50, "is_feasible": true}, "AVD": 14.214050995670968}