{"name": "random-50-8.20-3.json", "solution": {"time": 0.002367787, "max_depth": 50, "is_feasible": true}, "AVD": 12.960890476190459}