{"name": "random-50-3.20-13.json", "solution": {"time": 0.007245036, "max_depth": 0, "is_feasible": false}, "AVD": 8.55398196470195}