{"name": "random-50-3.60-22.json", "solution": {"time": 0.005306537, "max_depth": 4, "is_feasible": false}, "AVD": 8.982469410589392}