{"name": "random-50-7.20-16.json", "solution": {"time": 0.00260412, "max_depth": 50, "is_feasible": true}, "AVD": 12.088974458874436}