{"name": "random-50-11.60-34.json", "solution": {"time": 0.002341041, "max_depth": 50, "is_feasible": true}, "AVD": 15.681473333333297}