{"name": "random-50-6.20-16.json", "solution": {"time": 0.014295685, "max_depth": 50, "is_feasible": true}, "AVD": 11.257691102231075}