{"name": "random-50-4.00-12.json", "solution": {"time": 0.006459079, "max_depth": 2, "is_feasible": false}, "AVD": 9.386493006992989}