{"name": "random-50-10.60-43.json", "solution": {"time": 0.002130629, "max_depth": 50, "is_feasible": true}, "AVD": 14.896657662337647}