{"name": "random-50-2.20-21.json", "solution": {"time": 0.006056902, "max_depth": 0, "is_feasible": false}, "AVD": 7.567551768231753}