{"name": "random-50-5.80-13.json", "solution": {"time": 0.012533906, "max_depth": 15, "is_feasible": false}, "AVD": 10.947319220779196}