{"name": "random-50-10.40-5.json", "solution": {"time": 0.002854583, "max_depth": 50, "is_feasible": true}, "AVD": 14.686422857142832}