{"name": "random-50-6.00-17.json", "solution": {"time": 0.003991988, "max_depth": 50, "is_feasible": true}, "AVD": 11.061110755910734}