{"name": "random-50-9.40-34.json", "solution": {"time": 0.003080864, "max_depth": 50, "is_feasible": true}, "AVD": 13.930830995670966}