{"name": "random-50-8.80-32.json", "solution": {"time": 0.002552742, "max_depth": 50, "is_feasible": true}, "AVD": 13.387075324675298}