{"name": "random-50-7.40-44.json", "solution": {"time": 0.00292698, "max_depth": 50, "is_feasible": true}, "AVD": 12.293424848484829}