{"name": "random-50-9.20-46.json", "solution": {"time": 0.002784697, "max_depth": 50, "is_feasible": true}, "AVD": 13.746032900432878}