{"name": "random-50-8.60-20.json", "solution": {"time": 0.00306122, "max_depth": 50, "is_feasible": true}, "AVD": 13.295291515151494}