{"name": "random-50-9.20-39.json", "solution": {"time": 0.002647232, "max_depth": 50, "is_feasible": true}, "AVD": 13.787367186147165}