{"name": "random-50-5.80-16.json", "solution": {"time": 0.007328071, "max_depth": 3, "is_feasible": false}, "AVD": 10.91424400266398}