{"name": "random-50-10.40-23.json", "solution": {"time": 0.002239211, "max_depth": 50, "is_feasible": true}, "AVD": 14.675283809523785}