{"name": "random-50-5.60-43.json", "solution": {"time": 0.008718888, "max_depth": 4, "is_feasible": false}, "AVD": 10.751645541125521}