{"name": "random-50-7.80-43.json", "solution": {"time": 0.002734736, "max_depth": 50, "is_feasible": true}, "AVD": 12.616558787878771}