{"name": "random-50-3.40-4.json", "solution": {"time": 0.00598473, "max_depth": 2, "is_feasible": false}, "AVD": 8.792026839826821}