{"name": "random-50-2.00-19.json", "solution": {"time": 0.00613358, "max_depth": 2, "is_feasible": false}, "AVD": 7.357184948384933}