{"name": "random-50-9.20-42.json", "solution": {"time": 0.002764945, "max_depth": 50, "is_feasible": true}, "AVD": 13.74252103896101}