{"name": "random-50-9.80-34.json", "solution": {"time": 0.00293582, "max_depth": 50, "is_feasible": true}, "AVD": 14.258736709956686}