{"name": "random-50-4.40-47.json", "solution": {"time": 0.007768901, "max_depth": 2, "is_feasible": false}, "AVD": 9.660736123876113}