{"name": "random-50-3.60-15.json", "solution": {"time": 0.004892823, "max_depth": 2, "is_feasible": false}, "AVD": 8.95872103896102}