{"name": "random-50-11.20-20.json", "solution": {"time": 0.006646019, "max_depth": 50, "is_feasible": true}, "AVD": 15.406575238095211}