{"name": "random-50-4.40-16.json", "solution": {"time": 0.006853384, "max_depth": 3, "is_feasible": false}, "AVD": 9.712921425241406}