{"name": "random-50-7.40-11.json", "solution": {"time": 0.003618705, "max_depth": 50, "is_feasible": true}, "AVD": 12.229491601731588}