{"name": "random-50-7.40-25.json", "solution": {"time": 0.002754579, "max_depth": 50, "is_feasible": true}, "AVD": 12.314379740259726}