{"name": "random-50-9.40-39.json", "solution": {"time": 0.003089785, "max_depth": 50, "is_feasible": true}, "AVD": 13.934036709956688}