{"name": "random-50-5.60-16.json", "solution": {"time": 0.007542608, "max_depth": 3, "is_feasible": false}, "AVD": 10.746366426906402}