{"name": "random-50-10.60-24.json", "solution": {"time": 0.002532261, "max_depth": 50, "is_feasible": true}, "AVD": 14.86421047619045}