{"name": "random-50-3.20-46.json", "solution": {"time": 0.005522996, "max_depth": 0, "is_feasible": false}, "AVD": 8.560065661005632}