{"name": "random-50-5.00-14.json", "solution": {"time": 0.005432998, "max_depth": 3, "is_feasible": false}, "AVD": 10.241208398268368}