{"name": "random-50-2.80-44.json", "solution": {"time": 0.006973567, "max_depth": 3, "is_feasible": false}, "AVD": 8.160234492174485}