{"name": "random-50-6.20-9.json", "solution": {"time": 0.005650027, "max_depth": 50, "is_feasible": true}, "AVD": 11.26148510822508}