{"name": "random-50-12.00-35.json", "solution": {"time": 0.002418089, "max_depth": 50, "is_feasible": true}, "AVD": 15.954041471861444}