{"name": "random-50-9.20-47.json", "solution": {"time": 0.00202349, "max_depth": 50, "is_feasible": true}, "AVD": 13.779822424242397}