{"name": "random-50-6.20-29.json", "solution": {"time": 0.005925359, "max_depth": 50, "is_feasible": true}, "AVD": 11.206951168831147}