{"name": "random-50-2.80-4.json", "solution": {"time": 0.010110606, "max_depth": 2, "is_feasible": false}, "AVD": 8.199721818181803}