{"name": "random-50-3.60-35.json", "solution": {"time": 0.004874102, "max_depth": 0, "is_feasible": false}, "AVD": 8.89136356310354}