{"name": "random-50-7.40-23.json", "solution": {"time": 0.003204825, "max_depth": 50, "is_feasible": true}, "AVD": 12.227985887445866}