{"name": "random-50-10.60-47.json", "solution": {"time": 0.002779631, "max_depth": 50, "is_feasible": true}, "AVD": 14.922868571428541}