{"name": "random-50-6.40-17.json", "solution": {"time": 0.003484117, "max_depth": 50, "is_feasible": true}, "AVD": 11.417269870129848}