{"name": "random-50-8.60-5.json", "solution": {"time": 0.003546247, "max_depth": 50, "is_feasible": true}, "AVD": 13.2001224242424}