{"name": "random-50-9.80-25.json", "solution": {"time": 0.00265865, "max_depth": 50, "is_feasible": true}, "AVD": 14.254786233766215}