{"name": "random-50-10.20-21.json", "solution": {"time": 0.004262834, "max_depth": 50, "is_feasible": true}, "AVD": 14.559632747252726}