{"name": "random-50-7.20-43.json", "solution": {"time": 0.003393668, "max_depth": 50, "is_feasible": true}, "AVD": 12.126490735930723}