{"name": "random-50-11.60-36.json", "solution": {"time": 0.002300113, "max_depth": 50, "is_feasible": true}, "AVD": 15.702278095238071}