{"name": "random-50-9.40-35.json", "solution": {"time": 0.003615509, "max_depth": 50, "is_feasible": true}, "AVD": 13.872835238095215}