{"name": "random-50-6.20-40.json", "solution": {"time": 0.009623665, "max_depth": 8, "is_feasible": false}, "AVD": 11.240136210456189}