{"name": "random-50-4.20-7.json", "solution": {"time": 0.009468143, "max_depth": 2, "is_feasible": false}, "AVD": 9.508736989676978}