{"name": "random-50-4.00-27.json", "solution": {"time": 0.005864225, "max_depth": 2, "is_feasible": false}, "AVD": 9.329934239094214}