{"name": "random-50-8.00-35.json", "solution": {"time": 0.006546964, "max_depth": 50, "is_feasible": true}, "AVD": 12.704615844155823}