{"name": "random-50-4.00-26.json", "solution": {"time": 0.00547931, "max_depth": 2, "is_feasible": false}, "AVD": 9.390110842490827}