{"name": "random-50-4.20-34.json", "solution": {"time": 0.006933061, "max_depth": 2, "is_feasible": false}, "AVD": 9.523459567099552}