{"name": "random-50-12.00-7.json", "solution": {"time": 0.002069312, "max_depth": 50, "is_feasible": true}, "AVD": 15.97029523809522}