{"name": "random-50-7.20-3.json", "solution": {"time": 0.002822022, "max_depth": 50, "is_feasible": true}, "AVD": 12.134997076257067}