{"name": "random-50-4.00-46.json", "solution": {"time": 0.008898093, "max_depth": 2, "is_feasible": false}, "AVD": 9.31956735264733}