{"name": "random-50-3.00-48.json", "solution": {"time": 0.005545657, "max_depth": 0, "is_feasible": false}, "AVD": 8.356674275724256}