{"name": "random-50-11.60-10.json", "solution": {"time": 0.002190686, "max_depth": 50, "is_feasible": true}, "AVD": 15.688985714285693}