{"name": "random-50-2.40-5.json", "solution": {"time": 0.007935193, "max_depth": 0, "is_feasible": false}, "AVD": 7.72259912753911}