{"name": "random-50-8.00-13.json", "solution": {"time": 0.008675732, "max_depth": 50, "is_feasible": true}, "AVD": 12.769198181818165}