{"name": "random-50-7.40-4.json", "solution": {"time": 0.003328504, "max_depth": 50, "is_feasible": true}, "AVD": 12.312188138528127}