{"name": "random-50-11.00-15.json", "solution": {"time": 0.001753647, "max_depth": 50, "is_feasible": true}, "AVD": 15.188489523809508}