{"name": "random-50-4.00-43.json", "solution": {"time": 0.009306085, "max_depth": 3, "is_feasible": false}, "AVD": 9.316921511821493}