{"name": "random-50-3.60-0.json", "solution": {"time": 0.007234454, "max_depth": 2, "is_feasible": false}, "AVD": 8.991273633033616}