{"name": "random-50-7.40-26.json", "solution": {"time": 0.006639657, "max_depth": 6, "is_feasible": false}, "AVD": 12.214010562770538}