{"name": "random-50-4.40-30.json", "solution": {"time": 0.00651058, "max_depth": 4, "is_feasible": false}, "AVD": 9.718514045954036}