{"name": "random-50-4.80-6.json", "solution": {"time": 0.008546542, "max_depth": 5, "is_feasible": false}, "AVD": 10.035846926406911}