{"name": "random-50-7.60-30.json", "solution": {"time": 0.005183724, "max_depth": 50, "is_feasible": true}, "AVD": 12.461969177489161}