{"name": "random-50-3.00-3.json", "solution": {"time": 0.008319171, "max_depth": 2, "is_feasible": false}, "AVD": 8.381441118881101}