{"name": "random-50-11.80-10.json", "solution": {"time": 0.002365785, "max_depth": 50, "is_feasible": true}, "AVD": 15.848105714285696}