{"name": "random-50-9.80-39.json", "solution": {"time": 0.002698734, "max_depth": 50, "is_feasible": true}, "AVD": 14.24832623376621}