{"name": "random-50-6.60-43.json", "solution": {"time": 0.004039022, "max_depth": 50, "is_feasible": true}, "AVD": 11.608557402597388}