{"name": "random-50-6.00-46.json", "solution": {"time": 0.010538935, "max_depth": 5, "is_feasible": false}, "AVD": 11.125594025974005}