{"name": "random-50-2.60-30.json", "solution": {"time": 0.006232362, "max_depth": 2, "is_feasible": false}, "AVD": 7.951039387279379}