{"name": "random-50-8.60-48.json", "solution": {"time": 0.002372491, "max_depth": 50, "is_feasible": true}, "AVD": 13.244079567099543}