{"name": "random-50-12.00-22.json", "solution": {"time": 0.002044738, "max_depth": 50, "is_feasible": true}, "AVD": 15.929106666666641}