{"name": "random-50-5.60-39.json", "solution": {"time": 0.002250261, "max_depth": 50, "is_feasible": true}, "AVD": 10.783003549783537}