{"name": "random-50-4.00-19.json", "solution": {"time": 0.008482802, "max_depth": 2, "is_feasible": false}, "AVD": 9.342273419913404}