{"name": "random-50-8.40-11.json", "solution": {"time": 0.002876013, "max_depth": 50, "is_feasible": true}, "AVD": 13.042026839826827}