{"name": "random-50-8.80-37.json", "solution": {"time": 0.002873155, "max_depth": 50, "is_feasible": true}, "AVD": 13.399425714285691}