{"name": "random-50-2.80-21.json", "solution": {"time": 0.005626615, "max_depth": 2, "is_feasible": false}, "AVD": 8.20201497835496}