{"name": "random-50-3.80-40.json", "solution": {"time": 0.008654558, "max_depth": 2, "is_feasible": false}, "AVD": 9.109630429570409}