{"name": "random-50-9.80-7.json", "solution": {"time": 0.004710458, "max_depth": 50, "is_feasible": true}, "AVD": 14.251321471861454}