{"name": "random-50-5.20-47.json", "solution": {"time": 0.006922105, "max_depth": 2, "is_feasible": false}, "AVD": 10.377545907425894}