{"name": "random-50-2.20-29.json", "solution": {"time": 0.006153194, "max_depth": 0, "is_feasible": false}, "AVD": 7.516771415251404}