{"name": "random-50-5.60-28.json", "solution": {"time": 0.007532964, "max_depth": 50, "is_feasible": true}, "AVD": 10.717997768897746}