{"name": "random-50-4.40-40.json", "solution": {"time": 0.006695599, "max_depth": 3, "is_feasible": false}, "AVD": 9.677000646020623}