{"name": "random-50-10.00-34.json", "solution": {"time": 0.002569802, "max_depth": 50, "is_feasible": true}, "AVD": 14.403301471861447}