{"name": "random-50-11.40-25.json", "solution": {"time": 0.002486443, "max_depth": 50, "is_feasible": true}, "AVD": 15.543483376623353}