{"name": "random-50-2.40-9.json", "solution": {"time": 0.00713662, "max_depth": 4, "is_feasible": false}, "AVD": 7.721061994671983}