{"name": "random-50-10.80-23.json", "solution": {"time": 0.002129123, "max_depth": 50, "is_feasible": true}, "AVD": 15.014571428571406}