{"name": "random-50-4.80-20.json", "solution": {"time": 0.009253533, "max_depth": 10, "is_feasible": false}, "AVD": 10.05012047286045}