{"name": "random-50-8.40-1.json", "solution": {"time": 0.002613606, "max_depth": 50, "is_feasible": true}, "AVD": 13.113130995670971}