{"name": "random-50-8.80-30.json", "solution": {"time": 0.003293271, "max_depth": 50, "is_feasible": true}, "AVD": 13.45571999999998}