{"name": "random-50-7.00-47.json", "solution": {"time": 0.002874269, "max_depth": 50, "is_feasible": true}, "AVD": 11.954071448551428}