{"name": "random-50-9.40-49.json", "solution": {"time": 0.002515509, "max_depth": 50, "is_feasible": true}, "AVD": 13.841134285714261}