{"name": "random-50-8.00-30.json", "solution": {"time": 0.003675675, "max_depth": 50, "is_feasible": true}, "AVD": 12.785841991341977}