{"name": "random-50-11.60-44.json", "solution": {"time": 0.002084848, "max_depth": 50, "is_feasible": true}, "AVD": 15.710454285714256}