{"name": "random-50-6.80-25.json", "solution": {"time": 0.002985432, "max_depth": 50, "is_feasible": true}, "AVD": 11.804397402597383}