{"name": "random-50-7.60-32.json", "solution": {"time": 0.007207356, "max_depth": 50, "is_feasible": true}, "AVD": 12.413933959373935}