{"name": "random-50-4.00-5.json", "solution": {"time": 0.008467322, "max_depth": 0, "is_feasible": false}, "AVD": 9.293325194805174}