{"name": "random-50-2.00-17.json", "solution": {"time": 0.007378347, "max_depth": 0, "is_feasible": false}, "AVD": 7.2327156243756034}