{"name": "random-50-4.60-5.json", "solution": {"time": 0.005465277, "max_depth": 2, "is_feasible": false}, "AVD": 9.845932640692633}