{"name": "random-50-4.80-19.json", "solution": {"time": 0.005373932, "max_depth": 2, "is_feasible": false}, "AVD": 10.066239393939377}