{"name": "random-50-8.20-2.json", "solution": {"time": 0.002839245, "max_depth": 50, "is_feasible": true}, "AVD": 12.900125128205104}