{"name": "random-50-6.20-13.json", "solution": {"time": 0.018088622, "max_depth": 15, "is_feasible": false}, "AVD": 11.29383073593071}