{"name": "random-50-2.60-10.json", "solution": {"time": 0.005249069, "max_depth": 0, "is_feasible": false}, "AVD": 7.95143418581417}