{"name": "random-50-3.60-17.json", "solution": {"time": 0.011552738, "max_depth": 2, "is_feasible": false}, "AVD": 8.878857156177132}