{"name": "random-50-3.80-49.json", "solution": {"time": 0.007706495, "max_depth": 3, "is_feasible": false}, "AVD": 9.170314542124522}