{"name": "random-50-3.20-29.json", "solution": {"time": 0.008496947, "max_depth": 2, "is_feasible": false}, "AVD": 8.545424262404259}