{"name": "random-50-6.80-43.json", "solution": {"time": 0.002710394, "max_depth": 50, "is_feasible": true}, "AVD": 11.797225021645007}