{"name": "random-50-6.40-3.json", "solution": {"time": 0.021383862, "max_depth": 11, "is_feasible": false}, "AVD": 11.458639933399915}