{"name": "random-50-10.00-49.json", "solution": {"time": 0.0025898, "max_depth": 50, "is_feasible": true}, "AVD": 14.335575238095212}