{"name": "random-50-2.60-9.json", "solution": {"time": 0.00567411, "max_depth": 4, "is_feasible": false}, "AVD": 7.928426217116201}