{"name": "random-50-4.60-28.json", "solution": {"time": 0.01058442, "max_depth": 6, "is_feasible": false}, "AVD": 9.848979846819821}