{"name": "random-50-8.60-42.json", "solution": {"time": 0.002378995, "max_depth": 50, "is_feasible": true}, "AVD": 13.243287705627676}