{"name": "random-50-7.00-42.json", "solution": {"time": 0.003272161, "max_depth": 50, "is_feasible": true}, "AVD": 11.960616363636337}