{"name": "random-50-5.60-20.json", "solution": {"time": 0.021087135, "max_depth": 10, "is_feasible": false}, "AVD": 10.766273806193778}