{"name": "random-50-10.00-31.json", "solution": {"time": 0.002852349, "max_depth": 50, "is_feasible": true}, "AVD": 14.37930571428569}