{"name": "random-50-2.00-3.json", "solution": {"time": 0.006505171, "max_depth": 0, "is_feasible": false}, "AVD": 7.294241132201132}