{"name": "random-50-8.20-28.json", "solution": {"time": 0.003355569, "max_depth": 50, "is_feasible": true}, "AVD": 12.869225887445864}