{"name": "random-50-7.40-34.json", "solution": {"time": 0.002975184, "max_depth": 50, "is_feasible": true}, "AVD": 12.290687186147164}