{"name": "random-50-9.20-16.json", "solution": {"time": 0.007105566, "max_depth": 50, "is_feasible": true}, "AVD": 13.725244329004306}