{"name": "random-50-10.20-44.json", "solution": {"time": 0.006487056, "max_depth": 50, "is_feasible": true}, "AVD": 14.54953238095236}