{"name": "random-50-2.40-41.json", "solution": {"time": 0.005678821, "max_depth": 0, "is_feasible": false}, "AVD": 7.72749427239426}