{"name": "random-50-2.00-47.json", "solution": {"time": 0.006433316, "max_depth": 0, "is_feasible": false}, "AVD": 7.289171701631683}