{"name": "random-50-11.20-9.json", "solution": {"time": 0.00251828, "max_depth": 50, "is_feasible": true}, "AVD": 15.343224848484827}