{"name": "random-50-9.80-22.json", "solution": {"time": 0.002882953, "max_depth": 50, "is_feasible": true}, "AVD": 14.246673333333314}