{"name": "random-50-8.20-49.json", "solution": {"time": 0.002809971, "max_depth": 50, "is_feasible": true}, "AVD": 12.914101471861452}