{"name": "random-50-12.00-29.json", "solution": {"time": 0.002107825, "max_depth": 50, "is_feasible": true}, "AVD": 16.0065295238095}