{"name": "random-50-11.80-19.json", "solution": {"time": 0.002508993, "max_depth": 50, "is_feasible": true}, "AVD": 15.86564147186144}