{"name": "random-50-10.60-29.json", "solution": {"time": 0.002765835, "max_depth": 50, "is_feasible": true}, "AVD": 14.886618095238072}