{"name": "random-50-6.00-31.json", "solution": {"time": 0.003113215, "max_depth": 50, "is_feasible": true}, "AVD": 11.091926666666652}