{"name": "random-50-9.00-11.json", "solution": {"time": 0.0029377, "max_depth": 50, "is_feasible": true}, "AVD": 13.560721125541104}