{"name": "random-50-11.60-40.json", "solution": {"time": 0.002010643, "max_depth": 50, "is_feasible": true}, "AVD": 15.721253333333312}