{"name": "random-50-4.00-24.json", "solution": {"time": 0.007797048, "max_depth": 4, "is_feasible": false}, "AVD": 9.384343070263053}