{"name": "random-50-2.60-34.json", "solution": {"time": 0.006307633, "max_depth": 0, "is_feasible": false}, "AVD": 7.9710885181484885}