{"name": "random-50-8.00-49.json", "solution": {"time": 0.002081315, "max_depth": 50, "is_feasible": true}, "AVD": 12.739551948051924}