{"name": "random-50-4.40-20.json", "solution": {"time": 0.006249323, "max_depth": 3, "is_feasible": false}, "AVD": 9.674524975024957}