{"name": "random-50-3.00-15.json", "solution": {"time": 0.005756596, "max_depth": 2, "is_feasible": false}, "AVD": 8.398246946386934}