{"name": "random-50-10.60-0.json", "solution": {"time": 0.002185305, "max_depth": 50, "is_feasible": true}, "AVD": 14.88904666666664}