{"name": "random-50-11.00-8.json", "solution": {"time": 0.002383739, "max_depth": 50, "is_feasible": true}, "AVD": 15.136956709956685}