{"name": "random-50-10.20-40.json", "solution": {"time": 0.002816635, "max_depth": 50, "is_feasible": true}, "AVD": 14.573607619047598}