{"name": "random-50-10.80-34.json", "solution": {"time": 0.005270162, "max_depth": 50, "is_feasible": true}, "AVD": 15.061912380952347}