{"name": "random-50-9.80-32.json", "solution": {"time": 0.003114481, "max_depth": 50, "is_feasible": true}, "AVD": 14.19635333333331}