{"name": "random-50-7.20-33.json", "solution": {"time": 0.002971763, "max_depth": 50, "is_feasible": true}, "AVD": 12.135894458874441}