{"name": "random-50-6.80-13.json", "solution": {"time": 0.007041109, "max_depth": 50, "is_feasible": true}, "AVD": 11.764128744588723}