{"name": "random-50-2.80-31.json", "solution": {"time": 0.005649542, "max_depth": 2, "is_feasible": false}, "AVD": 8.153195710955696}