{"name": "random-50-2.40-39.json", "solution": {"time": 0.006798781, "max_depth": 3, "is_feasible": false}, "AVD": 7.735472141192121}