{"name": "random-50-11.80-24.json", "solution": {"time": 0.002383401, "max_depth": 50, "is_feasible": true}, "AVD": 15.809863809523788}