{"name": "random-50-9.60-8.json", "solution": {"time": 0.005471542, "max_depth": 50, "is_feasible": true}, "AVD": 14.027959134199113}