{"name": "random-50-3.60-37.json", "solution": {"time": 0.005260199, "max_depth": 2, "is_feasible": false}, "AVD": 8.959567246087229}