{"name": "random-50-3.40-37.json", "solution": {"time": 0.00671999, "max_depth": 2, "is_feasible": false}, "AVD": 8.769844302364287}