{"name": "random-50-4.00-1.json", "solution": {"time": 0.009252228, "max_depth": 2, "is_feasible": false}, "AVD": 9.32478079920078}