{"name": "random-50-2.40-20.json", "solution": {"time": 0.007219681, "max_depth": 2, "is_feasible": false}, "AVD": 7.610087715617685}