{"name": "random-50-7.00-9.json", "solution": {"time": 0.004773968, "max_depth": 50, "is_feasible": true}, "AVD": 11.921977056277026}