{"name": "random-50-10.80-25.json", "solution": {"time": 0.002343771, "max_depth": 50, "is_feasible": true}, "AVD": 15.056538614718592}