{"name": "random-50-6.20-42.json", "solution": {"time": 0.002957999, "max_depth": 50, "is_feasible": true}, "AVD": 11.281743809523794}