{"name": "random-50-3.80-27.json", "solution": {"time": 0.009079953, "max_depth": 2, "is_feasible": false}, "AVD": 9.137526620046598}