{"name": "random-50-10.40-21.json", "solution": {"time": 0.00223336, "max_depth": 50, "is_feasible": true}, "AVD": 14.728952747252729}