{"name": "random-50-10.40-38.json", "solution": {"time": 0.00291259, "max_depth": 50, "is_feasible": true}, "AVD": 14.696332900432877}