{"name": "random-50-6.40-38.json", "solution": {"time": 0.013641436, "max_depth": 9, "is_feasible": false}, "AVD": 11.380786839826815}