{"name": "random-50-4.40-37.json", "solution": {"time": 0.005587198, "max_depth": 3, "is_feasible": false}, "AVD": 9.68617373959372}