{"name": "random-50-3.60-39.json", "solution": {"time": 0.015225858, "max_depth": 5, "is_feasible": false}, "AVD": 9.004328138528125}