{"name": "random-50-3.60-26.json", "solution": {"time": 0.008830091, "max_depth": 2, "is_feasible": false}, "AVD": 9.009428591408577}