{"name": "random-50-2.80-37.json", "solution": {"time": 0.005567532, "max_depth": 0, "is_feasible": false}, "AVD": 8.138277262737246}