{"name": "random-50-11.20-29.json", "solution": {"time": 0.002524436, "max_depth": 50, "is_feasible": true}, "AVD": 15.342946666666649}