{"name": "random-50-5.20-5.json", "solution": {"time": 0.006556004, "max_depth": 7, "is_feasible": false}, "AVD": 10.375616297036283}