{"name": "random-50-3.00-9.json", "solution": {"time": 0.011646704, "max_depth": 4, "is_feasible": false}, "AVD": 8.35626673992673}