{"name": "random-50-5.20-37.json", "solution": {"time": 0.006845741, "max_depth": 5, "is_feasible": false}, "AVD": 10.425449110889097}