{"name": "random-50-10.80-32.json", "solution": {"time": 0.002316275, "max_depth": 50, "is_feasible": true}, "AVD": 14.999773333333305}