{"name": "random-50-7.00-19.json", "solution": {"time": 0.003329741, "max_depth": 50, "is_feasible": true}, "AVD": 11.929919220779205}