{"name": "random-50-9.40-12.json", "solution": {"time": 0.003305045, "max_depth": 50, "is_feasible": true}, "AVD": 13.880153333333306}