{"name": "random-50-7.80-12.json", "solution": {"time": 0.00256742, "max_depth": 50, "is_feasible": true}, "AVD": 12.575443809523783}