{"name": "random-50-6.20-18.json", "solution": {"time": 0.004622652, "max_depth": 50, "is_feasible": true}, "AVD": 11.253987445887429}