{"name": "random-50-6.00-23.json", "solution": {"time": 0.002363654, "max_depth": 50, "is_feasible": true}, "AVD": 11.075684675324654}