{"name": "random-50-4.40-25.json", "solution": {"time": 0.006510138, "max_depth": 3, "is_feasible": false}, "AVD": 9.711588937728921}