{"name": "random-50-6.40-13.json", "solution": {"time": 0.038782295, "max_depth": 15, "is_feasible": false}, "AVD": 11.445988831168806}