{"name": "random-50-9.80-12.json", "solution": {"time": 0.002679018, "max_depth": 50, "is_feasible": true}, "AVD": 14.181296190476163}