{"name": "random-50-11.40-26.json", "solution": {"time": 0.002301538, "max_depth": 50, "is_feasible": true}, "AVD": 15.449965714285684}