{"name": "random-50-8.60-39.json", "solution": {"time": 0.004154074, "max_depth": 50, "is_feasible": true}, "AVD": 13.274129090909065}