{"name": "random-50-8.40-4.json", "solution": {"time": 0.007107628, "max_depth": 50, "is_feasible": true}, "AVD": 13.102573333333314}