{"name": "random-50-6.00-25.json", "solution": {"time": 0.006805354, "max_depth": 50, "is_feasible": true}, "AVD": 11.124107445887432}