{"name": "random-50-2.80-8.json", "solution": {"time": 0.008283184, "max_depth": 0, "is_feasible": false}, "AVD": 8.194592267732254}