{"name": "random-50-9.20-24.json", "solution": {"time": 0.002548911, "max_depth": 50, "is_feasible": true}, "AVD": 13.770415757575732}