{"name": "random-50-3.40-27.json", "solution": {"time": 0.008690761, "max_depth": 2, "is_feasible": false}, "AVD": 8.754961292041274}