{"name": "random-50-5.40-4.json", "solution": {"time": 0.006497363, "max_depth": 3, "is_feasible": false}, "AVD": 10.627521991341974}