{"name": "random-50-3.20-26.json", "solution": {"time": 0.007017665, "max_depth": 2, "is_feasible": false}, "AVD": 8.623284715284704}