{"name": "random-50-3.40-33.json", "solution": {"time": 0.006582829, "max_depth": 2, "is_feasible": false}, "AVD": 8.764565188145166}