{"name": "random-50-4.20-48.json", "solution": {"time": 0.008336271, "max_depth": 0, "is_feasible": false}, "AVD": 9.47649631701629}