{"name": "random-50-5.40-6.json", "solution": {"time": 0.007687088, "max_depth": 5, "is_feasible": false}, "AVD": 10.547352640692617}