{"name": "random-50-4.40-26.json", "solution": {"time": 0.005240577, "max_depth": 2, "is_feasible": false}, "AVD": 9.736613526473514}