{"name": "random-50-4.20-49.json", "solution": {"time": 0.010381255, "max_depth": 6, "is_feasible": false}, "AVD": 9.544756383616363}