{"name": "random-50-10.60-37.json", "solution": {"time": 0.002190507, "max_depth": 50, "is_feasible": true}, "AVD": 14.829044761904738}