{"name": "random-50-4.40-2.json", "solution": {"time": 0.00610274, "max_depth": 3, "is_feasible": false}, "AVD": 9.678108504828485}