{"name": "random-50-3.40-17.json", "solution": {"time": 0.00553572, "max_depth": 2, "is_feasible": false}, "AVD": 8.687312047952025}