{"name": "random-50-9.00-17.json", "solution": {"time": 0.002794909, "max_depth": 50, "is_feasible": true}, "AVD": 13.552102357642344}