{"name": "random-50-9.00-37.json", "solution": {"time": 0.002765167, "max_depth": 50, "is_feasible": true}, "AVD": 13.546354285714262}