{"name": "random-50-5.20-46.json", "solution": {"time": 0.00808163, "max_depth": 4, "is_feasible": false}, "AVD": 10.41394798534797}