{"name": "random-50-6.40-46.json", "solution": {"time": 0.014141185, "max_depth": 50, "is_feasible": true}, "AVD": 11.47592354978353}