{"name": "random-50-10.00-41.json", "solution": {"time": 0.002103371, "max_depth": 50, "is_feasible": true}, "AVD": 14.405922857142825}