{"name": "random-50-4.20-0.json", "solution": {"time": 0.006380293, "max_depth": 2, "is_feasible": false}, "AVD": 9.533293526473512}