{"name": "random-50-5.00-29.json", "solution": {"time": 0.006563927, "max_depth": 5, "is_feasible": false}, "AVD": 10.167151688311664}