{"name": "random-50-7.40-7.json", "solution": {"time": 0.002950985, "max_depth": 50, "is_feasible": true}, "AVD": 12.268089696969675}