{"name": "random-50-4.00-11.json", "solution": {"time": 0.007326917, "max_depth": 2, "is_feasible": false}, "AVD": 9.299526939726924}