{"name": "random-50-5.40-41.json", "solution": {"time": 0.010628251, "max_depth": 8, "is_feasible": false}, "AVD": 10.601713353313341}