{"name": "random-50-9.60-30.json", "solution": {"time": 0.00251355, "max_depth": 50, "is_feasible": true}, "AVD": 14.102691428571404}