{"name": "random-50-3.60-25.json", "solution": {"time": 0.006037193, "max_depth": 3, "is_feasible": false}, "AVD": 8.96879785547784}