{"name": "random-50-5.60-8.json", "solution": {"time": 0.006352126, "max_depth": 5, "is_feasible": false}, "AVD": 10.812873506493485}