{"name": "random-50-5.60-32.json", "solution": {"time": 0.008149612, "max_depth": 50, "is_feasible": true}, "AVD": 10.760303483183465}