{"name": "random-50-4.60-3.json", "solution": {"time": 0.009580071, "max_depth": 2, "is_feasible": false}, "AVD": 9.898440279720264}