{"name": "random-50-3.00-47.json", "solution": {"time": 0.005685432, "max_depth": 2, "is_feasible": false}, "AVD": 8.327278088578076}