{"name": "random-50-11.80-48.json", "solution": {"time": 0.00254123, "max_depth": 50, "is_feasible": true}, "AVD": 15.806318095238066}