{"name": "random-50-11.00-43.json", "solution": {"time": 0.002287994, "max_depth": 50, "is_feasible": true}, "AVD": 15.243391428571412}