{"name": "random-50-7.00-18.json", "solution": {"time": 0.006100264, "max_depth": 50, "is_feasible": true}, "AVD": 11.932998354978333}