{"name": "random-50-2.80-7.json", "solution": {"time": 0.00892632, "max_depth": 2, "is_feasible": false}, "AVD": 8.152905074925057}