{"name": "random-50-6.40-45.json", "solution": {"time": 0.006966358, "max_depth": 50, "is_feasible": true}, "AVD": 11.405815844155816}