{"name": "random-50-5.80-47.json", "solution": {"time": 0.005928653, "max_depth": 50, "is_feasible": true}, "AVD": 10.90909395937394}