{"name": "random-50-4.40-34.json", "solution": {"time": 0.006333467, "max_depth": 2, "is_feasible": false}, "AVD": 9.708206600066582}