{"name": "random-50-10.20-2.json", "solution": {"time": 0.002777385, "max_depth": 50, "is_feasible": true}, "AVD": 14.511729090909062}