{"name": "random-50-5.00-24.json", "solution": {"time": 0.007430304, "max_depth": 5, "is_feasible": false}, "AVD": 10.298518721278704}