{"name": "random-50-9.20-13.json", "solution": {"time": 0.002565222, "max_depth": 50, "is_feasible": true}, "AVD": 13.76175385281383}