{"name": "random-50-3.60-30.json", "solution": {"time": 0.009851818, "max_depth": 2, "is_feasible": false}, "AVD": 8.959600646020629}