{"name": "random-50-4.40-36.json", "solution": {"time": 0.006109481, "max_depth": 3, "is_feasible": false}, "AVD": 9.730222251082235}