{"name": "random-50-5.60-49.json", "solution": {"time": 0.006117785, "max_depth": 6, "is_feasible": false}, "AVD": 10.777225021645004}