{"name": "random-50-6.00-16.json", "solution": {"time": 0.023264173, "max_depth": 13, "is_feasible": false}, "AVD": 11.09722729270727}