{"name": "random-50-6.20-41.json", "solution": {"time": 0.002680848, "max_depth": 50, "is_feasible": true}, "AVD": 11.259649696969678}