{"name": "random-50-8.00-5.json", "solution": {"time": 0.007332808, "max_depth": 50, "is_feasible": true}, "AVD": 12.715703376623352}