{"name": "random-50-4.20-45.json", "solution": {"time": 0.012321993, "max_depth": 3, "is_feasible": false}, "AVD": 9.510165714285684}