{"name": "random-50-6.60-36.json", "solution": {"time": 0.003198589, "max_depth": 50, "is_feasible": true}, "AVD": 11.642439653679627}