{"name": "random-50-7.20-2.json", "solution": {"time": 0.003021041, "max_depth": 50, "is_feasible": true}, "AVD": 12.108958827838812}