{"name": "random-50-11.20-24.json", "solution": {"time": 0.002418052, "max_depth": 50, "is_feasible": true}, "AVD": 15.333151428571407}