{"name": "random-50-4.20-39.json", "solution": {"time": 0.010341922, "max_depth": 5, "is_feasible": false}, "AVD": 9.559636450216436}