{"name": "random-50-2.20-18.json", "solution": {"time": 0.00620681, "max_depth": 0, "is_feasible": false}, "AVD": 7.492503816183795}