{"name": "random-50-2.80-46.json", "solution": {"time": 0.009023174, "max_depth": 0, "is_feasible": false}, "AVD": 8.161130402930377}