{"name": "random-50-6.20-27.json", "solution": {"time": 0.010200943, "max_depth": 9, "is_feasible": false}, "AVD": 11.269190303030282}