{"name": "random-50-9.00-39.json", "solution": {"time": 0.006179358, "max_depth": 50, "is_feasible": true}, "AVD": 13.619212900432876}