{"name": "random-50-9.20-35.json", "solution": {"time": 0.002968446, "max_depth": 50, "is_feasible": true}, "AVD": 13.707886666666647}