{"name": "random-50-3.60-46.json", "solution": {"time": 0.006644558, "max_depth": 0, "is_feasible": false}, "AVD": 8.938867439227414}