{"name": "random-50-11.00-35.json", "solution": {"time": 0.002078662, "max_depth": 50, "is_feasible": true}, "AVD": 15.17196199134197}