{"name": "random-50-5.20-0.json", "solution": {"time": 0.007616133, "max_depth": 4, "is_feasible": false}, "AVD": 10.412390303030287}