{"name": "random-50-7.40-27.json", "solution": {"time": 0.00283868, "max_depth": 50, "is_feasible": true}, "AVD": 12.262682077922056}