{"name": "random-50-8.40-20.json", "solution": {"time": 0.003711262, "max_depth": 50, "is_feasible": true}, "AVD": 13.129143376623356}