{"name": "random-50-8.00-15.json", "solution": {"time": 0.002918634, "max_depth": 50, "is_feasible": true}, "AVD": 12.81051627705626}