{"name": "random-50-4.80-40.json", "solution": {"time": 0.006742855, "max_depth": 3, "is_feasible": false}, "AVD": 10.031689370629346}