{"name": "random-50-4.60-23.json", "solution": {"time": 0.006571382, "max_depth": 3, "is_feasible": false}, "AVD": 9.84188060606059}