{"name": "random-50-2.80-38.json", "solution": {"time": 0.006168817, "max_depth": 0, "is_feasible": false}, "AVD": 8.122633696303678}