{"name": "random-50-10.20-10.json", "solution": {"time": 0.008660084, "max_depth": 50, "is_feasible": true}, "AVD": 14.59816857142855}