{"name": "random-50-9.40-29.json", "solution": {"time": 0.004688873, "max_depth": 50, "is_feasible": true}, "AVD": 13.892976190476167}