{"name": "random-50-11.20-22.json", "solution": {"time": 0.002391638, "max_depth": 50, "is_feasible": true}, "AVD": 15.324505714285692}