{"name": "random-50-12.00-11.json", "solution": {"time": 0.002372269, "max_depth": 50, "is_feasible": true}, "AVD": 15.99749670995669}