{"name": "random-50-3.80-48.json", "solution": {"time": 0.005528746, "max_depth": 0, "is_feasible": false}, "AVD": 9.126045364635338}