{"name": "random-50-11.60-6.json", "solution": {"time": 0.002222577, "max_depth": 50, "is_feasible": true}, "AVD": 15.683189523809496}