{"name": "random-50-5.80-6.json", "solution": {"time": 0.005952644, "max_depth": 50, "is_feasible": true}, "AVD": 10.898783116883093}