{"name": "random-50-9.20-12.json", "solution": {"time": 0.002779727, "max_depth": 50, "is_feasible": true}, "AVD": 13.705393333333305}