{"name": "random-50-6.60-7.json", "solution": {"time": 0.007994328, "max_depth": 50, "is_feasible": true}, "AVD": 11.604780606060581}