{"name": "random-50-6.60-14.json", "solution": {"time": 0.004858706, "max_depth": 50, "is_feasible": true}, "AVD": 11.653883376623348}