{"name": "random-50-11.20-42.json", "solution": {"time": 0.002415376, "max_depth": 50, "is_feasible": true}, "AVD": 15.356370043290019}