{"name": "random-50-3.80-35.json", "solution": {"time": 0.00822027, "max_depth": 3, "is_feasible": false}, "AVD": 9.089195557775533}