{"name": "random-50-9.80-17.json", "solution": {"time": 0.002275213, "max_depth": 50, "is_feasible": true}, "AVD": 14.194413419913403}