{"name": "random-50-7.00-33.json", "solution": {"time": 0.00301504, "max_depth": 50, "is_feasible": true}, "AVD": 11.967610649350634}