{"name": "random-50-3.80-8.json", "solution": {"time": 0.009184689, "max_depth": 2, "is_feasible": false}, "AVD": 9.209882311022293}