{"name": "random-50-11.80-18.json", "solution": {"time": 0.002378025, "max_depth": 50, "is_feasible": true}, "AVD": 15.80380857142854}