{"name": "random-50-5.80-34.json", "solution": {"time": 0.014474898, "max_depth": 9, "is_feasible": false}, "AVD": 10.929849696969677}