{"name": "random-50-11.40-29.json", "solution": {"time": 0.002263295, "max_depth": 50, "is_feasible": true}, "AVD": 15.516994285714265}