{"name": "random-50-3.80-6.json", "solution": {"time": 0.010081001, "max_depth": 4, "is_feasible": false}, "AVD": 9.08358187812186}