{"name": "random-50-5.40-0.json", "solution": {"time": 0.007959874, "max_depth": 4, "is_feasible": false}, "AVD": 10.58080363636362}