{"name": "random-50-12.00-24.json", "solution": {"time": 0.002105359, "max_depth": 50, "is_feasible": true}, "AVD": 15.952971428571407}