{"name": "random-50-7.40-24.json", "solution": {"time": 0.003288095, "max_depth": 50, "is_feasible": true}, "AVD": 12.316256363636343}