{"name": "random-50-11.80-11.json", "solution": {"time": 0.002376163, "max_depth": 50, "is_feasible": true}, "AVD": 15.825408138528116}