{"name": "random-50-9.80-27.json", "solution": {"time": 0.003021925, "max_depth": 50, "is_feasible": true}, "AVD": 14.193099047619018}