{"name": "random-50-5.80-28.json", "solution": {"time": 0.007702288, "max_depth": 50, "is_feasible": true}, "AVD": 10.907507292707276}