{"name": "random-50-5.20-43.json", "solution": {"time": 0.009695945, "max_depth": 4, "is_feasible": false}, "AVD": 10.394790236430213}