{"name": "random-50-11.20-35.json", "solution": {"time": 0.002424612, "max_depth": 50, "is_feasible": true}, "AVD": 15.301890562770538}