{"name": "random-50-9.80-33.json", "solution": {"time": 0.002792158, "max_depth": 50, "is_feasible": true}, "AVD": 14.217614372294355}