{"name": "random-50-5.40-25.json", "solution": {"time": 0.008367844, "max_depth": 4, "is_feasible": false}, "AVD": 10.60865170829169}