{"name": "random-50-6.40-6.json", "solution": {"time": 0.002744323, "max_depth": 50, "is_feasible": true}, "AVD": 11.413656450216424}