{"name": "random-50-2.00-18.json", "solution": {"time": 0.007417439, "max_depth": 0, "is_feasible": false}, "AVD": 7.2574932800532626}