{"name": "random-50-7.40-20.json", "solution": {"time": 0.002853748, "max_depth": 50, "is_feasible": true}, "AVD": 12.316948138528117}