{"name": "random-50-2.00-44.json", "solution": {"time": 0.005925873, "max_depth": 2, "is_feasible": false}, "AVD": 7.265416197136185}