{"name": "random-50-12.00-28.json", "solution": {"time": 0.002300217, "max_depth": 50, "is_feasible": true}, "AVD": 15.928556190476165}