{"name": "random-50-10.20-26.json", "solution": {"time": 0.002817288, "max_depth": 50, "is_feasible": true}, "AVD": 14.494939567099536}