{"name": "random-50-7.60-43.json", "solution": {"time": 0.003516554, "max_depth": 50, "is_feasible": true}, "AVD": 12.455853593073579}