{"name": "random-50-10.60-41.json", "solution": {"time": 0.002255722, "max_depth": 50, "is_feasible": true}, "AVD": 14.893094285714255}