{"name": "random-50-11.60-35.json", "solution": {"time": 0.002391829, "max_depth": 50, "is_feasible": true}, "AVD": 15.6180243290043}