{"name": "random-50-8.20-41.json", "solution": {"time": 0.002839972, "max_depth": 50, "is_feasible": true}, "AVD": 12.958041405261389}