{"name": "random-50-2.00-22.json", "solution": {"time": 0.007102346, "max_depth": 0, "is_feasible": false}, "AVD": 7.281714005993991}