{"name": "random-50-8.20-6.json", "solution": {"time": 0.005374411, "max_depth": 50, "is_feasible": true}, "AVD": 12.919381038961019}