{"name": "random-50-4.40-23.json", "solution": {"time": 0.006093475, "max_depth": 2, "is_feasible": false}, "AVD": 9.655788744588728}