{"name": "random-50-3.40-7.json", "solution": {"time": 0.007605224, "max_depth": 2, "is_feasible": false}, "AVD": 8.759880253080238}