{"name": "random-50-7.00-27.json", "solution": {"time": 0.017372494, "max_depth": 50, "is_feasible": true}, "AVD": 11.921695930735904}