{"name": "random-50-6.60-49.json", "solution": {"time": 0.007867921, "max_depth": 6, "is_feasible": false}, "AVD": 11.609361038961021}