{"name": "random-50-8.20-31.json", "solution": {"time": 0.002387196, "max_depth": 50, "is_feasible": true}, "AVD": 12.927102424242399}