{"name": "random-50-5.60-33.json", "solution": {"time": 0.003411512, "max_depth": 50, "is_feasible": true}, "AVD": 10.764611621711596}