{"name": "random-50-2.00-8.json", "solution": {"time": 0.005420983, "max_depth": 0, "is_feasible": false}, "AVD": 7.316520189810174}