{"name": "random-50-5.80-38.json", "solution": {"time": 0.006246839, "max_depth": 4, "is_feasible": false}, "AVD": 10.869638787878767}