{"name": "random-50-3.80-2.json", "solution": {"time": 0.00732805, "max_depth": 2, "is_feasible": false}, "AVD": 9.111252987012962}