{"name": "random-50-3.40-15.json", "solution": {"time": 0.005633876, "max_depth": 2, "is_feasible": false}, "AVD": 8.767592920412904}