{"name": "random-50-12.00-0.json", "solution": {"time": 0.002527081, "max_depth": 50, "is_feasible": true}, "AVD": 15.981029523809493}