{"name": "random-50-4.40-8.json", "solution": {"time": 0.005156391, "max_depth": 2, "is_feasible": false}, "AVD": 9.750809630369611}