{"name": "random-50-3.00-5.json", "solution": {"time": 0.006186961, "max_depth": 0, "is_feasible": false}, "AVD": 8.317715517815508}