{"name": "random-50-4.60-33.json", "solution": {"time": 0.01026254, "max_depth": 3, "is_feasible": false}, "AVD": 9.883991015650986}