{"name": "random-50-8.20-43.json", "solution": {"time": 0.00274456, "max_depth": 50, "is_feasible": true}, "AVD": 12.9449502164502}