{"name": "random-50-11.80-4.json", "solution": {"time": 0.002383591, "max_depth": 50, "is_feasible": true}, "AVD": 15.815158095238077}