{"name": "random-50-11.40-28.json", "solution": {"time": 0.002424008, "max_depth": 50, "is_feasible": true}, "AVD": 15.456362424242398}