{"name": "random-50-5.20-39.json", "solution": {"time": 0.007599584, "max_depth": 5, "is_feasible": false}, "AVD": 10.432416450216435}