{"name": "random-50-3.40-46.json", "solution": {"time": 0.005414849, "max_depth": 0, "is_feasible": false}, "AVD": 8.738230642690615}