{"name": "random-50-5.40-2.json", "solution": {"time": 0.009713174, "max_depth": 6, "is_feasible": false}, "AVD": 10.568979154179141}