{"name": "random-50-10.40-43.json", "solution": {"time": 0.002408862, "max_depth": 50, "is_feasible": true}, "AVD": 14.753809090909074}