{"name": "random-50-11.20-23.json", "solution": {"time": 0.002584868, "max_depth": 50, "is_feasible": true}, "AVD": 15.302502857142832}