{"name": "random-50-4.80-22.json", "solution": {"time": 0.009272422, "max_depth": 4, "is_feasible": false}, "AVD": 10.079934498834472}