{"name": "random-50-2.00-32.json", "solution": {"time": 0.006191765, "max_depth": 0, "is_feasible": false}, "AVD": 7.352897302697285}