{"name": "random-50-3.80-44.json", "solution": {"time": 0.006754747, "max_depth": 3, "is_feasible": false}, "AVD": 9.140596470196451}