{"name": "random-50-7.40-14.json", "solution": {"time": 0.003007732, "max_depth": 50, "is_feasible": true}, "AVD": 12.308300952380927}