{"name": "random-50-7.80-44.json", "solution": {"time": 0.00711104, "max_depth": 50, "is_feasible": true}, "AVD": 12.603051515151497}