{"name": "random-50-2.40-43.json", "solution": {"time": 0.005400751, "max_depth": 0, "is_feasible": false}, "AVD": 7.736470289710273}