{"name": "random-50-2.60-21.json", "solution": {"time": 0.005678448, "max_depth": 0, "is_feasible": false}, "AVD": 8.00740149184148}