{"name": "random-50-5.60-46.json", "solution": {"time": 0.007503933, "max_depth": 5, "is_feasible": false}, "AVD": 10.783442617382603}