{"name": "random-50-9.60-32.json", "solution": {"time": 0.002740945, "max_depth": 50, "is_feasible": true}, "AVD": 14.038739047619025}