{"name": "random-50-4.40-32.json", "solution": {"time": 0.006982072, "max_depth": 5, "is_feasible": false}, "AVD": 9.712568178488153}