{"name": "random-50-9.40-46.json", "solution": {"time": 0.003173212, "max_depth": 50, "is_feasible": true}, "AVD": 13.920809090909067}