{"name": "random-50-3.00-44.json", "solution": {"time": 0.006641425, "max_depth": 3, "is_feasible": false}, "AVD": 8.356975837495828}