{"name": "random-50-9.60-44.json", "solution": {"time": 0.002150489, "max_depth": 50, "is_feasible": true}, "AVD": 14.107499999999977}