{"name": "random-50-8.80-27.json", "solution": {"time": 0.004511012, "max_depth": 50, "is_feasible": true}, "AVD": 13.401730649350625}