{"name": "random-50-5.60-5.json", "solution": {"time": 0.006642794, "max_depth": 7, "is_feasible": false}, "AVD": 10.730043030303014}