{"name": "random-50-6.20-2.json", "solution": {"time": 0.005519371, "max_depth": 50, "is_feasible": true}, "AVD": 11.263612400932388}