{"name": "random-50-10.40-49.json", "solution": {"time": 0.003039868, "max_depth": 50, "is_feasible": true}, "AVD": 14.649589523809496}