{"name": "random-50-5.40-8.json", "solution": {"time": 0.006927765, "max_depth": 5, "is_feasible": false}, "AVD": 10.629676796536774}