{"name": "random-50-3.60-44.json", "solution": {"time": 0.009990429, "max_depth": 3, "is_feasible": false}, "AVD": 8.93849120879119}