{"name": "random-50-10.00-26.json", "solution": {"time": 0.002853441, "max_depth": 50, "is_feasible": true}, "AVD": 14.333536709956682}