{"name": "random-50-8.80-43.json", "solution": {"time": 0.002568899, "max_depth": 50, "is_feasible": true}, "AVD": 13.423330216450202}