{"name": "random-50-7.60-34.json", "solution": {"time": 0.005688973, "max_depth": 50, "is_feasible": true}, "AVD": 12.460800519480498}