{"name": "random-50-2.00-20.json", "solution": {"time": 0.009521571, "max_depth": 2, "is_feasible": false}, "AVD": 7.140602061272033}