{"name": "random-50-6.40-2.json", "solution": {"time": 0.003458258, "max_depth": 50, "is_feasible": true}, "AVD": 11.43652272394271}