{"name": "random-50-11.60-27.json", "solution": {"time": 0.002152765, "max_depth": 50, "is_feasible": true}, "AVD": 15.605782857142831}