{"name": "random-50-7.20-15.json", "solution": {"time": 0.002877172, "max_depth": 50, "is_feasible": true}, "AVD": 12.139210562770543}