{"name": "random-50-6.00-47.json", "solution": {"time": 0.003266034, "max_depth": 50, "is_feasible": true}, "AVD": 11.081294392274375}