{"name": "random-50-2.20-7.json", "solution": {"time": 0.006170042, "max_depth": 0, "is_feasible": false}, "AVD": 7.526234465534447}