{"name": "random-50-4.40-27.json", "solution": {"time": 0.005636283, "max_depth": 3, "is_feasible": false}, "AVD": 9.689814219114195}