{"name": "random-50-7.80-41.json", "solution": {"time": 0.003035413, "max_depth": 50, "is_feasible": true}, "AVD": 12.626106753246729}