{"name": "random-50-11.00-18.json", "solution": {"time": 0.005315908, "max_depth": 50, "is_feasible": true}, "AVD": 15.157306666666644}