{"name": "random-50-3.60-2.json", "solution": {"time": 0.005644626, "max_depth": 2, "is_feasible": false}, "AVD": 8.926070735930711}