{"name": "random-50-6.00-34.json", "solution": {"time": 0.014134961, "max_depth": 9, "is_feasible": false}, "AVD": 11.113237748917724}