{"name": "random-50-2.40-22.json", "solution": {"time": 0.005607825, "max_depth": 0, "is_feasible": false}, "AVD": 7.771641891441875}