{"name": "random-50-7.60-28.json", "solution": {"time": 0.003200039, "max_depth": 50, "is_feasible": true}, "AVD": 12.38982735930734}