{"name": "random-50-10.60-31.json", "solution": {"time": 0.005272944, "max_depth": 50, "is_feasible": true}, "AVD": 14.868258095238073}