{"name": "random-50-7.40-43.json", "solution": {"time": 0.006420391, "max_depth": 50, "is_feasible": true}, "AVD": 12.259560259740248}