{"name": "random-50-11.20-34.json", "solution": {"time": 0.002407001, "max_depth": 50, "is_feasible": true}, "AVD": 15.360545714285681}