{"name": "random-50-9.20-22.json", "solution": {"time": 0.002667472, "max_depth": 50, "is_feasible": true}, "AVD": 13.746517142857128}