{"name": "random-50-5.00-28.json", "solution": {"time": 0.00884923, "max_depth": 9, "is_feasible": false}, "AVD": 10.192136989676964}