{"name": "random-50-4.40-35.json", "solution": {"time": 0.006190103, "max_depth": 3, "is_feasible": false}, "AVD": 9.647994671994645}