{"name": "random-50-6.20-21.json", "solution": {"time": 0.003030062, "max_depth": 50, "is_feasible": true}, "AVD": 11.288641405261389}