{"name": "random-50-10.80-24.json", "solution": {"time": 0.002091756, "max_depth": 50, "is_feasible": true}, "AVD": 15.031393333333313}