{"name": "random-50-9.00-16.json", "solution": {"time": 0.006375726, "max_depth": 50, "is_feasible": true}, "AVD": 13.569945281385257}