{"name": "random-50-3.20-24.json", "solution": {"time": 0.005420156, "max_depth": 2, "is_feasible": false}, "AVD": 8.610047585747566}