{"name": "random-50-2.20-40.json", "solution": {"time": 0.005810387, "max_depth": 0, "is_feasible": false}, "AVD": 7.479142540792522}