{"name": "random-50-11.40-10.json", "solution": {"time": 0.002096793, "max_depth": 50, "is_feasible": true}, "AVD": 15.538997142857122}