{"name": "random-50-5.60-24.json", "solution": {"time": 0.013602335, "max_depth": 8, "is_feasible": false}, "AVD": 10.792762444222422}