{"name": "random-50-8.20-32.json", "solution": {"time": 0.002806931, "max_depth": 50, "is_feasible": true}, "AVD": 12.90317878787876}