{"name": "random-50-9.40-19.json", "solution": {"time": 0.002636255, "max_depth": 50, "is_feasible": true}, "AVD": 13.901542424242399}