{"name": "random-50-11.20-39.json", "solution": {"time": 0.002396208, "max_depth": 50, "is_feasible": true}, "AVD": 15.3762843290043}