{"name": "random-50-10.40-14.json", "solution": {"time": 0.002149992, "max_depth": 50, "is_feasible": true}, "AVD": 14.716002857142831}