{"name": "random-50-12.00-20.json", "solution": {"time": 0.002087658, "max_depth": 50, "is_feasible": true}, "AVD": 16.012843809523787}