{"name": "random-50-7.00-15.json", "solution": {"time": 0.005922933, "max_depth": 50, "is_feasible": true}, "AVD": 11.975557229437209}