{"name": "random-50-6.40-40.json", "solution": {"time": 0.007286814, "max_depth": 50, "is_feasible": true}, "AVD": 11.395953353313333}