{"name": "random-50-2.00-42.json", "solution": {"time": 0.008768979, "max_depth": 0, "is_feasible": false}, "AVD": 7.2622147852147645}