{"name": "random-50-3.80-3.json", "solution": {"time": 0.006909627, "max_depth": 2, "is_feasible": false}, "AVD": 9.178164715284696}