{"name": "random-50-3.40-16.json", "solution": {"time": 0.006197137, "max_depth": 3, "is_feasible": false}, "AVD": 8.77847382617381}