{"name": "random-50-5.20-7.json", "solution": {"time": 0.006434846, "max_depth": 3, "is_feasible": false}, "AVD": 10.399352554112527}