{"name": "random-50-3.80-47.json", "solution": {"time": 0.005459698, "max_depth": 2, "is_feasible": false}, "AVD": 9.08784450216449}