{"name": "random-50-3.80-24.json", "solution": {"time": 0.007617683, "max_depth": 2, "is_feasible": false}, "AVD": 9.168844322344308}