{"name": "random-50-4.20-44.json", "solution": {"time": 0.010142276, "max_depth": 3, "is_feasible": false}, "AVD": 9.481613073593058}