{"name": "random-50-9.20-21.json", "solution": {"time": 0.002896898, "max_depth": 50, "is_feasible": true}, "AVD": 13.728883223443201}