{"name": "random-50-7.20-22.json", "solution": {"time": 0.004286743, "max_depth": 50, "is_feasible": true}, "AVD": 12.151577595737587}