{"name": "random-50-2.60-13.json", "solution": {"time": 0.006174628, "max_depth": 0, "is_feasible": false}, "AVD": 7.891554405594397}