{"name": "random-50-8.20-18.json", "solution": {"time": 0.003364996, "max_depth": 50, "is_feasible": true}, "AVD": 12.930955757575733}