{"name": "random-50-11.80-7.json", "solution": {"time": 0.00237484, "max_depth": 50, "is_feasible": true}, "AVD": 15.82307523809522}