{"name": "random-50-5.80-33.json", "solution": {"time": 0.004962407, "max_depth": 50, "is_feasible": true}, "AVD": 10.925430149850126}