{"name": "random-50-7.20-18.json", "solution": {"time": 0.003150909, "max_depth": 50, "is_feasible": true}, "AVD": 12.114294891774868}