{"name": "random-50-6.20-22.json", "solution": {"time": 0.01269682, "max_depth": 9, "is_feasible": false}, "AVD": 11.313536017316}