{"name": "random-50-4.80-43.json", "solution": {"time": 0.007929155, "max_depth": 4, "is_feasible": false}, "AVD": 10.042603223443196}