{"name": "random-50-11.00-19.json", "solution": {"time": 0.002740169, "max_depth": 50, "is_feasible": true}, "AVD": 15.2042443290043}