{"name": "random-50-5.00-6.json", "solution": {"time": 0.007934683, "max_depth": 5, "is_feasible": false}, "AVD": 10.212121471861456}