{"name": "random-50-10.40-6.json", "solution": {"time": 0.002788654, "max_depth": 50, "is_feasible": true}, "AVD": 14.699830043290014}