{"name": "random-50-2.40-17.json", "solution": {"time": 0.006043945, "max_depth": 0, "is_feasible": false}, "AVD": 7.665743722943703}