{"name": "random-50-10.20-25.json", "solution": {"time": 0.003061862, "max_depth": 50, "is_feasible": true}, "AVD": 14.548513852813835}