{"name": "random-50-5.00-39.json", "solution": {"time": 0.010770351, "max_depth": 5, "is_feasible": false}, "AVD": 10.263727878787861}