{"name": "random-50-7.60-40.json", "solution": {"time": 0.003321499, "max_depth": 50, "is_feasible": true}, "AVD": 12.457917142857116}