{"name": "random-50-10.20-31.json", "solution": {"time": 0.002448863, "max_depth": 50, "is_feasible": true}, "AVD": 14.521943809523787}