{"name": "random-50-2.80-17.json", "solution": {"time": 0.00630381, "max_depth": 0, "is_feasible": false}, "AVD": 8.08251697968696}