{"name": "random-50-11.20-44.json", "solution": {"time": 0.00248666, "max_depth": 50, "is_feasible": true}, "AVD": 15.358829523809495}