{"name": "random-50-6.80-48.json", "solution": {"time": 0.004309307, "max_depth": 50, "is_feasible": true}, "AVD": 11.795342963702932}