{"name": "random-50-2.00-24.json", "solution": {"time": 0.006793601, "max_depth": 0, "is_feasible": false}, "AVD": 7.362272607392589}