{"name": "random-50-7.60-7.json", "solution": {"time": 0.003809889, "max_depth": 50, "is_feasible": true}, "AVD": 12.439951601731584}