{"name": "random-50-8.20-8.json", "solution": {"time": 0.005350094, "max_depth": 50, "is_feasible": true}, "AVD": 12.898997229437207}