{"name": "random-50-11.00-36.json", "solution": {"time": 0.002069883, "max_depth": 50, "is_feasible": true}, "AVD": 15.194560952380932}