{"name": "random-50-11.00-23.json", "solution": {"time": 0.005977499, "max_depth": 50, "is_feasible": true}, "AVD": 15.159799999999976}