{"name": "random-50-7.00-26.json", "solution": {"time": 0.010203635, "max_depth": 3, "is_feasible": false}, "AVD": 11.901743376623358}