{"name": "random-50-8.80-19.json", "solution": {"time": 0.00404608, "max_depth": 50, "is_feasible": true}, "AVD": 13.414451948051921}