{"name": "random-50-12.00-42.json", "solution": {"time": 0.001882214, "max_depth": 50, "is_feasible": true}, "AVD": 15.99811047619045}