{"name": "random-50-6.80-12.json", "solution": {"time": 0.003517962, "max_depth": 50, "is_feasible": true}, "AVD": 11.807385281385256}