{"name": "random-50-6.00-28.json", "solution": {"time": 0.004670904, "max_depth": 50, "is_feasible": true}, "AVD": 11.06696978354977}