{"name": "random-50-3.40-44.json", "solution": {"time": 0.009784335, "max_depth": 3, "is_feasible": false}, "AVD": 8.728047852147835}