{"name": "random-50-11.40-49.json", "solution": {"time": 0.003116616, "max_depth": 50, "is_feasible": true}, "AVD": 15.434001904761876}