{"name": "random-50-9.00-23.json", "solution": {"time": 0.004381148, "max_depth": 50, "is_feasible": true}, "AVD": 13.546371948051924}