{"name": "random-50-4.00-37.json", "solution": {"time": 0.012717717, "max_depth": 2, "is_feasible": false}, "AVD": 9.32495244089242}