{"name": "random-50-2.00-1.json", "solution": {"time": 0.005914663, "max_depth": 0, "is_feasible": false}, "AVD": 7.309646200466173}