{"name": "random-50-9.80-40.json", "solution": {"time": 0.002873308, "max_depth": 50, "is_feasible": true}, "AVD": 14.245201471861446}