{"name": "random-50-6.60-18.json", "solution": {"time": 0.00562983, "max_depth": 50, "is_feasible": true}, "AVD": 11.601820692640667}