{"name": "random-50-3.00-23.json", "solution": {"time": 0.005519225, "max_depth": 2, "is_feasible": false}, "AVD": 8.316112547452537}