{"name": "random-50-2.00-35.json", "solution": {"time": 0.009450316, "max_depth": 0, "is_feasible": false}, "AVD": 7.280669097569079}