{"name": "random-50-10.20-49.json", "solution": {"time": 0.003279341, "max_depth": 50, "is_feasible": true}, "AVD": 14.486000952380927}