{"name": "random-50-3.60-5.json", "solution": {"time": 0.00946973, "max_depth": 0, "is_feasible": false}, "AVD": 8.912969696969684}