{"name": "random-50-4.60-7.json", "solution": {"time": 0.005882491, "max_depth": 2, "is_feasible": false}, "AVD": 9.8522631168831}