{"name": "random-50-3.00-37.json", "solution": {"time": 0.007729727, "max_depth": 0, "is_feasible": false}, "AVD": 8.35259014319013}