{"name": "random-50-4.20-30.json", "solution": {"time": 0.01022572, "max_depth": 3, "is_feasible": false}, "AVD": 9.531066600066584}