{"name": "random-50-7.00-41.json", "solution": {"time": 0.003775561, "max_depth": 50, "is_feasible": true}, "AVD": 11.95065627705626}