{"name": "random-50-8.20-26.json", "solution": {"time": 0.010837708, "max_depth": 50, "is_feasible": true}, "AVD": 12.865903896103871}