{"name": "random-50-5.00-38.json", "solution": {"time": 0.005824388, "max_depth": 3, "is_feasible": false}, "AVD": 10.18697324675323}