{"name": "random-50-11.40-20.json", "solution": {"time": 0.002329285, "max_depth": 50, "is_feasible": true}, "AVD": 15.541393333333309}