{"name": "random-50-12.00-2.json", "solution": {"time": 0.002003535, "max_depth": 50, "is_feasible": true}, "AVD": 15.937914285714262}