{"name": "random-50-2.20-39.json", "solution": {"time": 0.006193795, "max_depth": 3, "is_feasible": false}, "AVD": 7.503089557109535}