{"name": "random-50-11.60-23.json", "solution": {"time": 0.001746754, "max_depth": 50, "is_feasible": true}, "AVD": 15.628724761904737}