{"name": "random-50-8.80-1.json", "solution": {"time": 0.003237268, "max_depth": 50, "is_feasible": true}, "AVD": 13.43936909090907}