{"name": "random-50-4.20-18.json", "solution": {"time": 0.010176597, "max_depth": 3, "is_feasible": false}, "AVD": 9.467766706626692}