{"name": "random-50-8.00-40.json", "solution": {"time": 0.003544175, "max_depth": 50, "is_feasible": true}, "AVD": 12.764307186147159}