{"name": "random-50-4.00-4.json", "solution": {"time": 0.005419066, "max_depth": 2, "is_feasible": false}, "AVD": 9.351803722943702}