{"name": "random-50-3.40-13.json", "solution": {"time": 0.006244937, "max_depth": 0, "is_feasible": false}, "AVD": 8.758530969030954}