{"name": "random-50-9.60-7.json", "solution": {"time": 0.002298743, "max_depth": 50, "is_feasible": true}, "AVD": 14.086032900432883}