{"name": "random-50-10.00-36.json", "solution": {"time": 0.002592708, "max_depth": 50, "is_feasible": true}, "AVD": 14.363974805194777}