{"name": "random-50-8.80-3.json", "solution": {"time": 0.003214759, "max_depth": 50, "is_feasible": true}, "AVD": 13.463590043290024}