{"name": "random-50-7.60-2.json", "solution": {"time": 0.003199424, "max_depth": 50, "is_feasible": true}, "AVD": 12.424173699633677}