{"name": "random-50-2.20-24.json", "solution": {"time": 0.005880095, "max_depth": 0, "is_feasible": false}, "AVD": 7.584178707958694}