{"name": "random-50-6.20-38.json", "solution": {"time": 0.007657676, "max_depth": 6, "is_feasible": false}, "AVD": 11.218542077922052}