{"name": "random-50-7.60-0.json", "solution": {"time": 0.007914047, "max_depth": 50, "is_feasible": true}, "AVD": 12.420843896103879}