{"name": "random-50-11.20-14.json", "solution": {"time": 0.002545856, "max_depth": 50, "is_feasible": true}, "AVD": 15.383633333333309}