{"name": "random-50-4.00-13.json", "solution": {"time": 0.009583117, "max_depth": 0, "is_feasible": false}, "AVD": 9.31306800865799}