{"name": "random-50-10.40-29.json", "solution": {"time": 0.005151617, "max_depth": 50, "is_feasible": true}, "AVD": 14.720001904761888}