{"name": "random-50-11.80-47.json", "solution": {"time": 0.002422057, "max_depth": 50, "is_feasible": true}, "AVD": 15.890510043290021}