{"name": "random-50-3.80-32.json", "solution": {"time": 0.008817582, "max_depth": 3, "is_feasible": false}, "AVD": 9.159049650349631}