{"name": "random-50-10.80-9.json", "solution": {"time": 0.002926285, "max_depth": 50, "is_feasible": true}, "AVD": 14.970001991341972}