{"name": "random-50-2.80-40.json", "solution": {"time": 0.006432085, "max_depth": 0, "is_feasible": false}, "AVD": 8.126663086913062}