{"name": "random-50-10.00-13.json", "solution": {"time": 0.002275028, "max_depth": 50, "is_feasible": true}, "AVD": 14.368653852813827}