{"name": "random-50-7.40-49.json", "solution": {"time": 0.004146244, "max_depth": 50, "is_feasible": true}, "AVD": 12.248559567099544}