{"name": "random-50-12.00-8.json", "solution": {"time": 0.002069762, "max_depth": 50, "is_feasible": true}, "AVD": 15.9434514285714}