{"name": "random-50-5.80-39.json", "solution": {"time": 0.003078677, "max_depth": 50, "is_feasible": true}, "AVD": 10.95746770562769}