{"name": "random-50-5.80-4.json", "solution": {"time": 0.012779737, "max_depth": 4, "is_feasible": false}, "AVD": 10.974935757575741}