{"name": "random-50-9.00-44.json", "solution": {"time": 0.00219823, "max_depth": 50, "is_feasible": true}, "AVD": 13.628781471861451}