{"name": "random-50-2.00-31.json", "solution": {"time": 0.005757995, "max_depth": 2, "is_feasible": false}, "AVD": 7.255076709956691}