{"name": "random-50-2.20-13.json", "solution": {"time": 0.005973327, "max_depth": 0, "is_feasible": false}, "AVD": 7.442918121878109}