{"name": "random-50-10.80-30.json", "solution": {"time": 0.002070691, "max_depth": 50, "is_feasible": true}, "AVD": 15.047211428571401}