{"name": "random-50-3.00-19.json", "solution": {"time": 0.005639847, "max_depth": 2, "is_feasible": false}, "AVD": 8.404497942057924}