{"name": "random-50-2.20-3.json", "solution": {"time": 0.006342315, "max_depth": 0, "is_feasible": false}, "AVD": 7.520558967698967}