{"name": "random-50-5.60-15.json", "solution": {"time": 0.007911817, "max_depth": 7, "is_feasible": false}, "AVD": 10.750270822510801}