{"name": "random-50-6.40-8.json", "solution": {"time": 0.007635875, "max_depth": 5, "is_feasible": false}, "AVD": 11.467419134199108}