{"name": "random-50-7.20-37.json", "solution": {"time": 0.00290078, "max_depth": 50, "is_feasible": true}, "AVD": 12.107181838161821}