{"name": "random-50-7.60-12.json", "solution": {"time": 0.002743603, "max_depth": 50, "is_feasible": true}, "AVD": 12.41820190476188}