{"name": "random-50-11.20-12.json", "solution": {"time": 0.006644215, "max_depth": 50, "is_feasible": true}, "AVD": 15.353357142857114}