{"name": "random-50-7.60-13.json", "solution": {"time": 0.002943923, "max_depth": 50, "is_feasible": true}, "AVD": 12.439365800865778}