{"name": "random-50-4.80-13.json", "solution": {"time": 0.005848949, "max_depth": 3, "is_feasible": false}, "AVD": 10.078332207792194}