{"name": "random-50-7.00-14.json", "solution": {"time": 0.004749463, "max_depth": 50, "is_feasible": true}, "AVD": 11.977173333333308}