{"name": "random-50-8.20-15.json", "solution": {"time": 0.002795188, "max_depth": 50, "is_feasible": true}, "AVD": 12.952587705627693}