{"name": "random-50-4.60-25.json", "solution": {"time": 0.015050849, "max_depth": 3, "is_feasible": false}, "AVD": 9.890669304029286}