{"name": "random-50-10.40-45.json", "solution": {"time": 0.002859465, "max_depth": 50, "is_feasible": true}, "AVD": 14.672725714285688}