{"name": "random-50-3.80-42.json", "solution": {"time": 0.011058525, "max_depth": 6, "is_feasible": false}, "AVD": 9.123334931734915}