{"name": "random-50-4.20-31.json", "solution": {"time": 0.007904964, "max_depth": 3, "is_feasible": false}, "AVD": 9.494643463203449}