{"name": "random-50-3.80-41.json", "solution": {"time": 0.012321023, "max_depth": 5, "is_feasible": false}, "AVD": 9.141911295371278}