{"name": "random-50-11.80-25.json", "solution": {"time": 0.002598865, "max_depth": 50, "is_feasible": true}, "AVD": 15.85586095238093}