{"name": "random-50-5.40-39.json", "solution": {"time": 0.007984155, "max_depth": 8, "is_feasible": false}, "AVD": 10.593204069264056}