{"name": "random-50-3.60-16.json", "solution": {"time": 0.005524155, "max_depth": 3, "is_feasible": false}, "AVD": 8.973321791541775}