{"name": "random-50-6.60-17.json", "solution": {"time": 0.007685647, "max_depth": 50, "is_feasible": true}, "AVD": 11.586200279720261}