{"name": "random-50-10.60-6.json", "solution": {"time": 0.004473022, "max_depth": 50, "is_feasible": true}, "AVD": 14.874136709956684}