{"name": "random-50-4.20-12.json", "solution": {"time": 0.008842179, "max_depth": 2, "is_feasible": false}, "AVD": 9.570845128205116}