{"name": "random-50-8.20-40.json", "solution": {"time": 0.003713995, "max_depth": 50, "is_feasible": true}, "AVD": 12.950400519480494}