{"name": "random-50-4.20-10.json", "solution": {"time": 0.006582027, "max_depth": 3, "is_feasible": false}, "AVD": 9.539618568098543}