{"name": "random-50-7.20-35.json", "solution": {"time": 0.010946729, "max_depth": 50, "is_feasible": true}, "AVD": 12.05748149184147}