{"name": "random-50-2.00-36.json", "solution": {"time": 0.005954656, "max_depth": 0, "is_feasible": false}, "AVD": 7.256649676989656}