{"name": "random-50-11.60-45.json", "solution": {"time": 0.00209518, "max_depth": 50, "is_feasible": true}, "AVD": 15.647619047619028}