{"name": "random-50-8.60-41.json", "solution": {"time": 0.002374932, "max_depth": 50, "is_feasible": true}, "AVD": 13.288035238095219}