{"name": "random-50-7.20-23.json", "solution": {"time": 0.002775831, "max_depth": 50, "is_feasible": true}, "AVD": 12.079324935064912}