{"name": "random-50-5.40-35.json", "solution": {"time": 0.007444484, "max_depth": 7, "is_feasible": false}, "AVD": 10.545434239094215}