{"name": "random-50-3.80-17.json", "solution": {"time": 0.009034867, "max_depth": 2, "is_feasible": false}, "AVD": 9.071693822843798}