{"name": "random-50-10.40-41.json", "solution": {"time": 0.002412962, "max_depth": 50, "is_feasible": true}, "AVD": 14.748351428571398}