{"name": "random-50-10.60-34.json", "solution": {"time": 0.001917645, "max_depth": 50, "is_feasible": true}, "AVD": 14.916489523809494}