{"name": "random-50-6.20-26.json", "solution": {"time": 0.005036702, "max_depth": 3, "is_feasible": false}, "AVD": 11.2578805194805}