{"name": "random-50-2.80-22.json", "solution": {"time": 0.008395236, "max_depth": 0, "is_feasible": false}, "AVD": 8.183542437562414}