{"name": "random-50-4.60-32.json", "solution": {"time": 0.011918345, "max_depth": 5, "is_feasible": false}, "AVD": 9.881889197469173}