{"name": "random-50-3.00-28.json", "solution": {"time": 0.007319628, "max_depth": 4, "is_feasible": false}, "AVD": 8.345129730269718}