{"name": "random-50-12.00-12.json", "solution": {"time": 0.0025222, "max_depth": 50, "is_feasible": true}, "AVD": 16.003080952380927}