{"name": "random-50-6.80-46.json", "solution": {"time": 0.002955315, "max_depth": 50, "is_feasible": true}, "AVD": 11.82561722943721}