{"name": "random-50-5.80-19.json", "solution": {"time": 0.005022268, "max_depth": 50, "is_feasible": true}, "AVD": 10.935133679653664}