{"name": "random-50-11.00-38.json", "solution": {"time": 0.002011111, "max_depth": 50, "is_feasible": true}, "AVD": 15.201362424242397}