{"name": "random-50-11.20-49.json", "solution": {"time": 0.002544215, "max_depth": 50, "is_feasible": true}, "AVD": 15.296059047619021}