{"name": "random-50-2.00-45.json", "solution": {"time": 0.006047949, "max_depth": 0, "is_feasible": false}, "AVD": 7.305833626373607}