{"name": "random-50-7.20-11.json", "solution": {"time": 0.003986638, "max_depth": 50, "is_feasible": true}, "AVD": 12.057127792207778}