{"name": "random-50-2.80-18.json", "solution": {"time": 0.006325366, "max_depth": 2, "is_feasible": false}, "AVD": 8.118154425574405}