{"name": "random-50-3.00-29.json", "solution": {"time": 0.006769645, "max_depth": 2, "is_feasible": false}, "AVD": 8.352945994005989}