{"name": "random-50-6.80-20.json", "solution": {"time": 0.002939514, "max_depth": 50, "is_feasible": true}, "AVD": 11.82579430569428}