{"name": "random-50-4.60-1.json", "solution": {"time": 0.005091189, "max_depth": 2, "is_feasible": false}, "AVD": 9.883671621711608}