{"name": "random-50-11.60-14.json", "solution": {"time": 0.002130899, "max_depth": 50, "is_feasible": true}, "AVD": 15.699849523809496}