{"name": "random-50-7.20-38.json", "solution": {"time": 0.002667312, "max_depth": 50, "is_feasible": true}, "AVD": 12.073102357642334}