{"name": "random-50-6.00-20.json", "solution": {"time": 0.009545764, "max_depth": 10, "is_feasible": false}, "AVD": 11.115533286713262}