{"name": "random-50-4.60-14.json", "solution": {"time": 0.008517392, "max_depth": 3, "is_feasible": false}, "AVD": 9.884535151515124}