{"name": "random-50-10.60-46.json", "solution": {"time": 0.002753219, "max_depth": 50, "is_feasible": true}, "AVD": 14.852927186147165}