{"name": "random-50-11.60-20.json", "solution": {"time": 0.002178785, "max_depth": 50, "is_feasible": true}, "AVD": 15.695607619047598}