{"name": "random-50-6.80-40.json", "solution": {"time": 0.008255832, "max_depth": 50, "is_feasible": true}, "AVD": 11.759410409590387}