{"name": "random-50-10.40-31.json", "solution": {"time": 0.002912619, "max_depth": 50, "is_feasible": true}, "AVD": 14.70045999999998}