{"name": "random-50-4.60-2.json", "solution": {"time": 0.007198497, "max_depth": 3, "is_feasible": false}, "AVD": 9.856758181818163}