{"name": "random-50-11.60-2.json", "solution": {"time": 0.002035462, "max_depth": 50, "is_feasible": true}, "AVD": 15.62916190476188}