{"name": "random-50-10.60-32.json", "solution": {"time": 0.003186136, "max_depth": 50, "is_feasible": true}, "AVD": 14.84994666666664}