{"name": "random-50-5.80-30.json", "solution": {"time": 0.00860895, "max_depth": 50, "is_feasible": true}, "AVD": 10.952305887445869}