{"name": "random-50-11.00-9.json", "solution": {"time": 0.002478558, "max_depth": 50, "is_feasible": true}, "AVD": 15.18497913419911}