{"name": "random-50-4.60-29.json", "solution": {"time": 0.006669608, "max_depth": 3, "is_feasible": false}, "AVD": 9.839056103896084}