{"name": "random-50-8.60-28.json", "solution": {"time": 0.003105714, "max_depth": 50, "is_feasible": true}, "AVD": 13.206941558441528}