{"name": "random-50-5.60-1.json", "solution": {"time": 0.007536921, "max_depth": 50, "is_feasible": true}, "AVD": 10.77269950049948}