{"name": "random-50-5.80-5.json", "solution": {"time": 0.007420703, "max_depth": 7, "is_feasible": false}, "AVD": 10.887479220779198}