{"name": "random-50-7.20-40.json", "solution": {"time": 0.004045057, "max_depth": 50, "is_feasible": true}, "AVD": 12.10325004329002}