{"name": "random-50-11.40-14.json", "solution": {"time": 0.001990124, "max_depth": 50, "is_feasible": true}, "AVD": 15.533136190476165}