{"name": "random-50-3.60-8.json", "solution": {"time": 0.009745215, "max_depth": 2, "is_feasible": false}, "AVD": 9.038508611388597}