{"name": "random-50-11.00-27.json", "solution": {"time": 0.003094545, "max_depth": 50, "is_feasible": true}, "AVD": 15.129475238095212}