{"name": "random-50-9.40-32.json", "solution": {"time": 0.003243982, "max_depth": 50, "is_feasible": true}, "AVD": 13.87746718614716}