{"name": "random-50-4.60-40.json", "solution": {"time": 0.007094599, "max_depth": 3, "is_feasible": false}, "AVD": 9.858611708291686}