{"name": "random-50-11.20-3.json", "solution": {"time": 0.002567437, "max_depth": 50, "is_feasible": true}, "AVD": 15.417552380952364}