{"name": "random-50-3.00-0.json", "solution": {"time": 0.005367366, "max_depth": 0, "is_feasible": false}, "AVD": 8.416712807192784}