{"name": "random-50-8.80-23.json", "solution": {"time": 0.003171179, "max_depth": 50, "is_feasible": true}, "AVD": 13.376227705627684}