{"name": "random-50-4.80-15.json", "solution": {"time": 0.006044856, "max_depth": 4, "is_feasible": false}, "AVD": 10.065709523809506}