{"name": "random-50-2.00-41.json", "solution": {"time": 0.005947971, "max_depth": 0, "is_feasible": false}, "AVD": 7.282626107226085}