{"name": "random-50-6.00-41.json", "solution": {"time": 0.014587919, "max_depth": 10, "is_feasible": false}, "AVD": 11.097046253746237}