{"name": "random-50-3.40-35.json", "solution": {"time": 0.005348442, "max_depth": 0, "is_feasible": false}, "AVD": 8.708396010655989}