{"name": "random-50-6.60-28.json", "solution": {"time": 0.003999365, "max_depth": 50, "is_feasible": true}, "AVD": 11.578635930735912}