{"name": "random-50-10.20-45.json", "solution": {"time": 0.003554327, "max_depth": 50, "is_feasible": true}, "AVD": 14.529925714285682}