{"name": "random-50-7.40-42.json", "solution": {"time": 0.007464501, "max_depth": 50, "is_feasible": true}, "AVD": 12.296261125541095}