{"name": "random-50-11.20-43.json", "solution": {"time": 0.002496205, "max_depth": 50, "is_feasible": true}, "AVD": 15.415285714285696}