{"name": "random-50-2.00-40.json", "solution": {"time": 0.006137883, "max_depth": 0, "is_feasible": false}, "AVD": 7.247610805860784}