{"name": "random-50-10.40-19.json", "solution": {"time": 0.004289943, "max_depth": 50, "is_feasible": true}, "AVD": 14.734785281385257}