{"name": "random-50-10.80-7.json", "solution": {"time": 0.00284949, "max_depth": 50, "is_feasible": true}, "AVD": 15.024627186147168}