{"name": "random-50-5.20-41.json", "solution": {"time": 0.014156905, "max_depth": 8, "is_feasible": false}, "AVD": 10.40872582084581}