{"name": "random-50-3.00-26.json", "solution": {"time": 0.006333976, "max_depth": 2, "is_feasible": false}, "AVD": 8.424341578421565}