{"name": "random-50-2.40-33.json", "solution": {"time": 0.007146384, "max_depth": 0, "is_feasible": false}, "AVD": 7.713524535464513}