{"name": "random-50-8.60-0.json", "solution": {"time": 0.003123732, "max_depth": 50, "is_feasible": true}, "AVD": 13.25627246753244}