{"name": "random-50-9.20-1.json", "solution": {"time": 0.002634827, "max_depth": 50, "is_feasible": true}, "AVD": 13.76777670995669}