{"name": "random-50-12.00-49.json", "solution": {"time": 0.002235009, "max_depth": 50, "is_feasible": true}, "AVD": 15.89870095238092}