{"name": "random-50-9.60-33.json", "solution": {"time": 0.002197249, "max_depth": 50, "is_feasible": true}, "AVD": 14.066411515151499}