{"name": "random-50-2.00-2.json", "solution": {"time": 0.010272529, "max_depth": 0, "is_feasible": false}, "AVD": 7.2859771961371855}