{"name": "random-50-9.20-20.json", "solution": {"time": 0.002695714, "max_depth": 50, "is_feasible": true}, "AVD": 13.790009177489157}