{"name": "random-50-3.60-4.json", "solution": {"time": 0.009435206, "max_depth": 2, "is_feasible": false}, "AVD": 8.989223896103876}