{"name": "random-50-5.40-33.json", "solution": {"time": 0.003155343, "max_depth": 50, "is_feasible": true}, "AVD": 10.58671757575755}