{"name": "random-50-7.40-1.json", "solution": {"time": 0.002517586, "max_depth": 50, "is_feasible": true}, "AVD": 12.274206753246734}