{"name": "random-50-12.00-45.json", "solution": {"time": 0.002142354, "max_depth": 50, "is_feasible": true}, "AVD": 15.997511428571407}