{"name": "random-50-9.20-15.json", "solution": {"time": 0.002607436, "max_depth": 50, "is_feasible": true}, "AVD": 13.760492467532456}