{"name": "random-50-7.80-47.json", "solution": {"time": 0.002577395, "max_depth": 50, "is_feasible": true}, "AVD": 12.644657076257054}