{"name": "random-50-3.80-21.json", "solution": {"time": 0.010921004, "max_depth": 6, "is_feasible": false}, "AVD": 9.156976816516796}