{"name": "random-50-7.20-8.json", "solution": {"time": 0.016399561, "max_depth": 7, "is_feasible": false}, "AVD": 12.089716277056253}