{"name": "random-50-4.60-44.json", "solution": {"time": 0.01275573, "max_depth": 3, "is_feasible": false}, "AVD": 9.867538548118532}