{"name": "random-50-3.80-13.json", "solution": {"time": 0.008898105, "max_depth": 0, "is_feasible": false}, "AVD": 9.12112787545786}