{"name": "random-50-8.20-17.json", "solution": {"time": 0.003641045, "max_depth": 50, "is_feasible": true}, "AVD": 12.90102103896102}