{"name": "random-50-7.20-1.json", "solution": {"time": 0.002432817, "max_depth": 50, "is_feasible": true}, "AVD": 12.124313852813833}