{"name": "random-50-11.00-2.json", "solution": {"time": 0.001949785, "max_depth": 50, "is_feasible": true}, "AVD": 15.13695670995668}