{"name": "random-50-3.80-4.json", "solution": {"time": 0.008933424, "max_depth": 2, "is_feasible": false}, "AVD": 9.172349956709933}