{"name": "random-50-9.20-2.json", "solution": {"time": 0.002877736, "max_depth": 50, "is_feasible": true}, "AVD": 13.719932380952354}