{"name": "random-50-5.20-25.json", "solution": {"time": 0.007466366, "max_depth": 4, "is_feasible": false}, "AVD": 10.42726980352979}