{"name": "random-50-3.00-25.json", "solution": {"time": 0.005875643, "max_depth": 2, "is_feasible": false}, "AVD": 8.376016120546105}