{"name": "random-50-10.60-13.json", "solution": {"time": 0.002969567, "max_depth": 50, "is_feasible": true}, "AVD": 14.837416709956681}