{"name": "random-50-6.40-19.json", "solution": {"time": 0.003712747, "max_depth": 50, "is_feasible": true}, "AVD": 11.41632787878786}