{"name": "random-50-4.80-36.json", "solution": {"time": 0.00596836, "max_depth": 3, "is_feasible": false}, "AVD": 10.07825567099565}