{"name": "random-50-9.20-9.json", "solution": {"time": 0.003043148, "max_depth": 50, "is_feasible": true}, "AVD": 13.765417316017292}