{"name": "random-50-9.40-22.json", "solution": {"time": 0.002804689, "max_depth": 50, "is_feasible": true}, "AVD": 13.924337142857125}