{"name": "random-50-6.00-38.json", "solution": {"time": 0.005843723, "max_depth": 4, "is_feasible": false}, "AVD": 11.048784935064912}