{"name": "random-50-4.40-24.json", "solution": {"time": 0.006220375, "max_depth": 4, "is_feasible": false}, "AVD": 9.755715344655325}