{"name": "random-50-11.20-32.json", "solution": {"time": 0.002389828, "max_depth": 50, "is_feasible": true}, "AVD": 15.315374285714254}