{"name": "random-50-10.40-42.json", "solution": {"time": 0.002901353, "max_depth": 50, "is_feasible": true}, "AVD": 14.754879134199108}