{"name": "random-50-6.00-43.json", "solution": {"time": 0.009846599, "max_depth": 5, "is_feasible": false}, "AVD": 11.089701212121197}