{"name": "random-50-11.20-25.json", "solution": {"time": 0.002628017, "max_depth": 50, "is_feasible": true}, "AVD": 15.383197662337642}