{"name": "random-50-8.00-14.json", "solution": {"time": 0.00267603, "max_depth": 50, "is_feasible": true}, "AVD": 12.802482857142834}