{"name": "random-50-7.20-26.json", "solution": {"time": 0.009619965, "max_depth": 6, "is_feasible": false}, "AVD": 12.065817662337643}