{"name": "random-50-4.80-48.json", "solution": {"time": 0.005912167, "max_depth": 3, "is_feasible": false}, "AVD": 10.033134172494151}