{"name": "random-50-6.20-47.json", "solution": {"time": 0.008263084, "max_depth": 50, "is_feasible": true}, "AVD": 11.265879067599053}