{"name": "random-50-4.40-28.json", "solution": {"time": 0.008523421, "max_depth": 6, "is_feasible": false}, "AVD": 9.666967985347963}