{"name": "random-50-5.00-25.json", "solution": {"time": 0.007090372, "max_depth": 3, "is_feasible": false}, "AVD": 10.245340366300352}