{"name": "random-50-5.00-35.json", "solution": {"time": 0.006570273, "max_depth": 4, "is_feasible": false}, "AVD": 10.186545387945364}