{"name": "random-50-3.40-28.json", "solution": {"time": 0.012652564, "max_depth": 5, "is_feasible": false}, "AVD": 8.754473086913068}