{"name": "random-50-8.00-23.json", "solution": {"time": 0.003055132, "max_depth": 50, "is_feasible": true}, "AVD": 12.7330934199134}