{"name": "random-50-9.60-29.json", "solution": {"time": 0.004376126, "max_depth": 50, "is_feasible": true}, "AVD": 14.01717333333331}