{"name": "random-50-8.20-25.json", "solution": {"time": 0.006628915, "max_depth": 50, "is_feasible": true}, "AVD": 12.982606320346303}