{"name": "random-50-8.00-31.json", "solution": {"time": 0.002490527, "max_depth": 50, "is_feasible": true}, "AVD": 12.746789090909067}