{"name": "random-50-3.60-33.json", "solution": {"time": 0.009551882, "max_depth": 2, "is_feasible": false}, "AVD": 8.9447029170829}