{"name": "random-50-7.80-35.json", "solution": {"time": 0.002797706, "max_depth": 50, "is_feasible": true}, "AVD": 12.561898268398249}