{"name": "random-50-5.80-49.json", "solution": {"time": 0.009341504, "max_depth": 6, "is_feasible": false}, "AVD": 10.944583030303011}