{"name": "random-50-5.20-17.json", "solution": {"time": 0.00757529, "max_depth": 50, "is_feasible": true}, "AVD": 10.369099913419891}