{"name": "random-50-4.40-39.json", "solution": {"time": 0.008459029, "max_depth": 5, "is_feasible": false}, "AVD": 9.729604069264056}