{"name": "random-50-9.60-16.json", "solution": {"time": 0.002536508, "max_depth": 50, "is_feasible": true}, "AVD": 14.055643376623355}