{"name": "random-50-11.00-12.json", "solution": {"time": 0.002485457, "max_depth": 50, "is_feasible": true}, "AVD": 15.199045714285685}