{"name": "random-50-12.00-33.json", "solution": {"time": 0.00255602, "max_depth": 50, "is_feasible": true}, "AVD": 16.01647194805193}