{"name": "random-70-5.44-27.json", "solution": {"time": 0.018140737, "max_depth": 7, "is_feasible": false}, "AVD": 13.066855016298774}