{"name": "random-70-6.88-17.json", "solution": {"time": 0.018959056, "max_depth": 12, "is_feasible": false}, "AVD": 14.452947502610664}