{"name": "random-70-6.64-0.json", "solution": {"time": 0.024650526, "max_depth": 12, "is_feasible": false}, "AVD": 14.172450972496776}