{"name": "random-70-5.44-33.json", "solution": {"time": 0.012034303, "max_depth": 2, "is_feasible": false}, "AVD": 13.088476279955724}