{"name": "random-70-13.36-18.json", "solution": {"time": 0.004377158, "max_depth": 70, "is_feasible": true}, "AVD": 19.823486217863795}