{"name": "random-70-13.60-2.json", "solution": {"time": 0.006670721, "max_depth": 70, "is_feasible": true}, "AVD": 19.96880790184874}