{"name": "random-70-11.92-6.json", "solution": {"time": 0.004425709, "max_depth": 70, "is_feasible": true}, "AVD": 18.608619283211112}