{"name": "random-70-13.36-38.json", "solution": {"time": 0.004085615, "max_depth": 70, "is_feasible": true}, "AVD": 19.82157443010507}