{"name": "random-70-9.04-0.json", "solution": {"time": 0.006133919, "max_depth": 70, "is_feasible": true}, "AVD": 16.238919715205366}