{"name": "random-70-11.44-44.json", "solution": {"time": 0.004303448, "max_depth": 70, "is_feasible": true}, "AVD": 18.238836764142867}