{"name": "random-70-10.00-12.json", "solution": {"time": 0.014514477, "max_depth": 70, "is_feasible": true}, "AVD": 17.073356004539633}