{"name": "random-70-5.44-49.json", "solution": {"time": 0.014838972, "max_depth": 4, "is_feasible": false}, "AVD": 13.07907147494348}