{"name": "random-70-13.60-17.json", "solution": {"time": 0.008644128, "max_depth": 70, "is_feasible": true}, "AVD": 20.036393173719734}