{"name": "random-70-5.44-41.json", "solution": {"time": 0.014853443, "max_depth": 3, "is_feasible": false}, "AVD": 13.069701226211304}