{"name": "random-70-13.12-11.json", "solution": {"time": 0.003758706, "max_depth": 70, "is_feasible": true}, "AVD": 19.60119643961482}