{"name": "random-70-8.32-37.json", "solution": {"time": 0.004743551, "max_depth": 70, "is_feasible": true}, "AVD": 15.745190253057523}