{"name": "random-70-10.24-13.json", "solution": {"time": 0.003954396, "max_depth": 70, "is_feasible": true}, "AVD": 17.325140133109485}