{"name": "random-70-10.24-44.json", "solution": {"time": 0.004658465, "max_depth": 70, "is_feasible": true}, "AVD": 17.24247471349508}