{"name": "random-70-8.08-26.json", "solution": {"time": 0.006772625, "max_depth": 70, "is_feasible": true}, "AVD": 15.444975803108374}