{"name": "random-70-16.00-37.json", "solution": {"time": 0.004556757, "max_depth": 70, "is_feasible": true}, "AVD": 21.96711248049009}