{"name": "random-70-12.40-12.json", "solution": {"time": 0.003842468, "max_depth": 70, "is_feasible": true}, "AVD": 19.035515144719227}