{"name": "random-70-9.04-44.json", "solution": {"time": 0.005780758, "max_depth": 70, "is_feasible": true}, "AVD": 16.267074133349585}