{"name": "random-70-10.00-30.json", "solution": {"time": 0.00442186, "max_depth": 70, "is_feasible": true}, "AVD": 17.063563771829035}