{"name": "random-70-9.28-36.json", "solution": {"time": 0.006386161, "max_depth": 70, "is_feasible": true}, "AVD": 16.46108830285356}