{"name": "random-70-15.52-15.json", "solution": {"time": 0.006344601, "max_depth": 70, "is_feasible": true}, "AVD": 21.59612666018794}