{"name": "random-70-14.80-25.json", "solution": {"time": 0.007337588, "max_depth": 70, "is_feasible": true}, "AVD": 20.997377138734333}