{"name": "random-70-6.16-34.json", "solution": {"time": 0.014780002, "max_depth": 4, "is_feasible": false}, "AVD": 13.802295754132357}