{"name": "random-70-5.68-25.json", "solution": {"time": 0.020103101, "max_depth": 9, "is_feasible": false}, "AVD": 13.283726802675627}