{"name": "random-70-13.36-15.json", "solution": {"time": 0.004450131, "max_depth": 70, "is_feasible": true}, "AVD": 19.8693005271373}