{"name": "random-70-11.44-19.json", "solution": {"time": 0.004063076, "max_depth": 70, "is_feasible": true}, "AVD": 18.26470995217934}