{"name": "random-70-15.52-38.json", "solution": {"time": 0.006609066, "max_depth": 70, "is_feasible": true}, "AVD": 21.557822790588144}