{"name": "random-70-13.60-9.json", "solution": {"time": 0.00441634, "max_depth": 70, "is_feasible": true}, "AVD": 19.98662292016376}