{"name": "random-70-9.04-8.json", "solution": {"time": 0.01125949, "max_depth": 70, "is_feasible": true}, "AVD": 16.306313349915335}