{"name": "random-70-10.00-17.json", "solution": {"time": 0.004191289, "max_depth": 70, "is_feasible": true}, "AVD": 17.081674971287182}