{"name": "random-70-5.92-48.json", "solution": {"time": 0.015623641, "max_depth": 5, "is_feasible": false}, "AVD": 13.495156431436905}