{"name": "random-70-14.56-18.json", "solution": {"time": 0.004549276, "max_depth": 70, "is_feasible": true}, "AVD": 20.773707379921706}