{"name": "random-70-8.56-46.json", "solution": {"time": 0.006871077, "max_depth": 70, "is_feasible": true}, "AVD": 15.8651617905903}