{"name": "random-70-8.08-6.json", "solution": {"time": 0.009734122, "max_depth": 70, "is_feasible": true}, "AVD": 15.426602600347422}