{"name": "random-70-15.04-30.json", "solution": {"time": 0.004084454, "max_depth": 70, "is_feasible": true}, "AVD": 21.15105992873344}