{"name": "random-70-12.16-3.json", "solution": {"time": 0.004537156, "max_depth": 70, "is_feasible": true}, "AVD": 18.87826467070345}