{"name": "random-70-10.72-25.json", "solution": {"time": 0.004414604, "max_depth": 70, "is_feasible": true}, "AVD": 17.65375950466763}