{"name": "random-70-9.76-2.json", "solution": {"time": 0.005529667, "max_depth": 70, "is_feasible": true}, "AVD": 16.836039476396586}