{"name": "random-70-15.28-15.json", "solution": {"time": 0.005118389, "max_depth": 70, "is_feasible": true}, "AVD": 21.408702299967665}