{"name": "random-70-11.44-30.json", "solution": {"time": 0.009405273, "max_depth": 70, "is_feasible": true}, "AVD": 18.262347660276216}