{"name": "random-70-13.84-34.json", "solution": {"time": 0.003936017, "max_depth": 70, "is_feasible": true}, "AVD": 20.22581673655147}