{"name": "random-70-6.88-41.json", "solution": {"time": 0.042407078, "max_depth": 70, "is_feasible": true}, "AVD": 14.400591152611478}