{"name": "random-70-6.88-7.json", "solution": {"time": 0.022097982, "max_depth": 12, "is_feasible": false}, "AVD": 14.39920720316086}