{"name": "random-70-11.44-1.json", "solution": {"time": 0.004681741, "max_depth": 70, "is_feasible": true}, "AVD": 18.284910342491976}