{"name": "random-70-4.48-45.json", "solution": {"time": 0.012206708, "max_depth": 3, "is_feasible": false}, "AVD": 12.135368055413819}