{"name": "random-70-6.16-10.json", "solution": {"time": 0.014866814, "max_depth": 4, "is_feasible": false}, "AVD": 13.790142435795381}