{"name": "random-70-5.20-10.json", "solution": {"time": 0.01343027, "max_depth": 4, "is_feasible": false}, "AVD": 12.911184724572344}