{"name": "random-70-4.72-6.json", "solution": {"time": 0.012270473, "max_depth": 3, "is_feasible": false}, "AVD": 12.363919575888826}