{"name": "random-70-7.36-33.json", "solution": {"time": 0.012626017, "max_depth": 70, "is_feasible": true}, "AVD": 14.824127372627279}