{"name": "random-70-14.56-2.json", "solution": {"time": 0.005649924, "max_depth": 70, "is_feasible": true}, "AVD": 20.75906527146327}