{"name": "random-70-4.48-21.json", "solution": {"time": 0.015170651, "max_depth": 6, "is_feasible": false}, "AVD": 12.123965805169727}