{"name": "random-70-9.76-36.json", "solution": {"time": 0.004536867, "max_depth": 70, "is_feasible": true}, "AVD": 16.880866890479098}