{"name": "random-70-14.56-34.json", "solution": {"time": 0.004404982, "max_depth": 70, "is_feasible": true}, "AVD": 20.794634994257482}