{"name": "random-70-10.24-26.json", "solution": {"time": 0.00464196, "max_depth": 70, "is_feasible": true}, "AVD": 17.32201113172537}