{"name": "random-70-14.08-45.json", "solution": {"time": 0.004716672, "max_depth": 70, "is_feasible": true}, "AVD": 20.401122036693486}