{"name": "random-70-10.72-13.json", "solution": {"time": 0.006032778, "max_depth": 70, "is_feasible": true}, "AVD": 17.717904555761663}