{"name": "random-70-10.96-14.json", "solution": {"time": 0.006203616, "max_depth": 70, "is_feasible": true}, "AVD": 17.843159022383492}