{"name": "random-70-9.76-17.json", "solution": {"time": 0.012047388, "max_depth": 70, "is_feasible": true}, "AVD": 16.8662955502547}