{"name": "random-70-10.72-7.json", "solution": {"time": 0.004585765, "max_depth": 70, "is_feasible": true}, "AVD": 17.67921869853497}