{"name": "random-70-6.16-44.json", "solution": {"time": 0.013402298, "max_depth": 4, "is_feasible": false}, "AVD": 13.718317905450437}