{"name": "random-70-14.56-41.json", "solution": {"time": 0.004420506, "max_depth": 70, "is_feasible": true}, "AVD": 20.845199782077366}