{"name": "random-70-5.92-18.json", "solution": {"time": 0.013384151, "max_depth": 4, "is_feasible": false}, "AVD": 13.551617298800835}