{"name": "random-70-9.52-16.json", "solution": {"time": 0.006420639, "max_depth": 70, "is_feasible": true}, "AVD": 16.660238838825517}