{"name": "random-70-11.92-16.json", "solution": {"time": 0.004092258, "max_depth": 70, "is_feasible": true}, "AVD": 18.608574329298808}