{"name": "random-70-9.52-0.json", "solution": {"time": 0.004744905, "max_depth": 70, "is_feasible": true}, "AVD": 16.643895196640035}