{"name": "random-70-12.64-38.json", "solution": {"time": 0.008469813, "max_depth": 70, "is_feasible": true}, "AVD": 19.242477086405675}