{"name": "random-70-12.40-25.json", "solution": {"time": 0.008346597, "max_depth": 70, "is_feasible": true}, "AVD": 19.048663721765763}