{"name": "random-70-7.60-15.json", "solution": {"time": 0.025096909, "max_depth": 8, "is_feasible": false}, "AVD": 15.025136982065462}