{"name": "random-70-5.20-21.json", "solution": {"time": 0.017922619, "max_depth": 7, "is_feasible": false}, "AVD": 12.813641972539784}