{"name": "random-70-14.08-44.json", "solution": {"time": 0.004336874, "max_depth": 70, "is_feasible": true}, "AVD": 20.345317504490993}