{"name": "random-70-7.12-43.json", "solution": {"time": 0.010323839, "max_depth": 70, "is_feasible": true}, "AVD": 14.664264022825137}