{"name": "random-70-10.24-33.json", "solution": {"time": 0.004740851, "max_depth": 70, "is_feasible": true}, "AVD": 17.295151691845525}