{"name": "random-70-12.16-18.json", "solution": {"time": 0.004442969, "max_depth": 70, "is_feasible": true}, "AVD": 18.84148159436934}