{"name": "random-70-9.04-20.json", "solution": {"time": 0.009267476, "max_depth": 70, "is_feasible": true}, "AVD": 16.263959124775393}