{"name": "random-70-15.76-14.json", "solution": {"time": 0.004144447, "max_depth": 70, "is_feasible": true}, "AVD": 21.70843616927295}