{"name": "random-70-11.44-27.json", "solution": {"time": 0.006599084, "max_depth": 70, "is_feasible": true}, "AVD": 18.25379596254085}