{"name": "random-70-11.20-1.json", "solution": {"time": 0.006038197, "max_depth": 70, "is_feasible": true}, "AVD": 18.08226019671937}