{"name": "random-70-12.64-18.json", "solution": {"time": 0.004422985, "max_depth": 70, "is_feasible": true}, "AVD": 19.23971993992403}