{"name": "random-70-15.28-26.json", "solution": {"time": 0.003556384, "max_depth": 70, "is_feasible": true}, "AVD": 21.414452218982877}