{"name": "random-70-13.12-16.json", "solution": {"time": 0.004783668, "max_depth": 70, "is_feasible": true}, "AVD": 19.6080817062756}