{"name": "random-70-7.36-26.json", "solution": {"time": 0.008900687, "max_depth": 70, "is_feasible": true}, "AVD": 14.82376637421525}