{"name": "random-70-6.64-29.json", "solution": {"time": 0.021697765, "max_depth": 70, "is_feasible": true}, "AVD": 14.186275989316682}