{"name": "random-70-14.80-4.json", "solution": {"time": 0.004313993, "max_depth": 70, "is_feasible": true}, "AVD": 20.975104043348985}