{"name": "random-70-7.60-7.json", "solution": {"time": 0.019122565, "max_depth": 70, "is_feasible": true}, "AVD": 15.01569147349239}