{"name": "random-70-14.56-17.json", "solution": {"time": 0.00439261, "max_depth": 70, "is_feasible": true}, "AVD": 20.830859484053406}