{"name": "random-70-14.08-36.json", "solution": {"time": 0.003810431, "max_depth": 70, "is_feasible": true}, "AVD": 20.3436803457314}