{"name": "random-70-11.68-5.json", "solution": {"time": 0.005615759, "max_depth": 70, "is_feasible": true}, "AVD": 18.39818688341137}