{"name": "random-70-6.64-1.json", "solution": {"time": 0.016105261, "max_depth": 70, "is_feasible": true}, "AVD": 14.192630775686787}