{"name": "random-70-9.76-23.json", "solution": {"time": 0.009060097, "max_depth": 70, "is_feasible": true}, "AVD": 16.867412079983467}