{"name": "random-70-10.00-18.json", "solution": {"time": 0.004325613, "max_depth": 70, "is_feasible": true}, "AVD": 17.070223223488494}