{"name": "random-70-14.80-16.json", "solution": {"time": 0.004258455, "max_depth": 70, "is_feasible": true}, "AVD": 20.98482140648471}