{"name": "random-70-12.16-36.json", "solution": {"time": 0.004027284, "max_depth": 70, "is_feasible": true}, "AVD": 18.83000371057515}