{"name": "random-70-9.76-30.json", "solution": {"time": 0.005186041, "max_depth": 70, "is_feasible": true}, "AVD": 16.854771667108356}