{"name": "random-70-6.88-1.json", "solution": {"time": 0.020355035, "max_depth": 70, "is_feasible": true}, "AVD": 14.412079048502415}