{"name": "random-70-4.24-0.json", "solution": {"time": 0.011948167, "max_depth": 2, "is_feasible": false}, "AVD": 11.90087883884806}