{"name": "random-70-5.44-18.json", "solution": {"time": 0.015882318, "max_depth": 4, "is_feasible": false}, "AVD": 13.117963553453205}