{"name": "random-70-5.20-2.json", "solution": {"time": 0.017740994, "max_depth": 7, "is_feasible": false}, "AVD": 12.857023354130037}