{"name": "random-70-7.60-30.json", "solution": {"time": 0.005810749, "max_depth": 70, "is_feasible": true}, "AVD": 15.040875033130039}