{"name": "random-70-4.00-7.json", "solution": {"time": 0.011620486, "max_depth": 2, "is_feasible": false}, "AVD": 11.692059174252286}