{"name": "random-70-6.16-6.json", "solution": {"time": 0.014032606, "max_depth": 6, "is_feasible": false}, "AVD": 13.740680908660371}