{"name": "random-70-5.68-6.json", "solution": {"time": 0.016463917, "max_depth": 6, "is_feasible": false}, "AVD": 13.293270301127315}