{"name": "random-70-13.12-5.json", "solution": {"time": 0.006225963, "max_depth": 70, "is_feasible": true}, "AVD": 19.59393063285922}