{"name": "random-70-6.88-19.json", "solution": {"time": 0.024073932, "max_depth": 9, "is_feasible": false}, "AVD": 14.395386309835198}