{"name": "random-70-11.68-13.json", "solution": {"time": 0.004573031, "max_depth": 70, "is_feasible": true}, "AVD": 18.494133168418877}