{"name": "random-70-9.76-0.json", "solution": {"time": 0.005609304, "max_depth": 70, "is_feasible": true}, "AVD": 16.842863303363252}