{"name": "random-70-16.00-2.json", "solution": {"time": 0.003940877, "max_depth": 70, "is_feasible": true}, "AVD": 21.94413684954507}