{"name": "random-70-12.88-28.json", "solution": {"time": 0.003983014, "max_depth": 70, "is_feasible": true}, "AVD": 19.422600818682465}