{"name": "random-70-5.44-3.json", "solution": {"time": 0.014664474, "max_depth": 5, "is_feasible": false}, "AVD": 13.15496046243993}