{"name": "random-70-10.24-32.json", "solution": {"time": 0.005906411, "max_depth": 70, "is_feasible": true}, "AVD": 17.217300522606617}