{"name": "random-70-12.64-6.json", "solution": {"time": 0.004545869, "max_depth": 70, "is_feasible": true}, "AVD": 19.20449489059694}