{"name": "random-70-5.92-3.json", "solution": {"time": 0.018213683, "max_depth": 7, "is_feasible": false}, "AVD": 13.600008697651436}