{"name": "random-70-9.28-34.json", "solution": {"time": 0.004688983, "max_depth": 70, "is_feasible": true}, "AVD": 16.482213826989287}