{"name": "random-70-9.04-6.json", "solution": {"time": 0.006801833, "max_depth": 70, "is_feasible": true}, "AVD": 16.23346364519828}