{"name": "random-70-12.40-34.json", "solution": {"time": 0.004433259, "max_depth": 70, "is_feasible": true}, "AVD": 19.090496272435054}