{"name": "random-70-13.84-1.json", "solution": {"time": 0.00458929, "max_depth": 70, "is_feasible": true}, "AVD": 20.198562844185325}