{"name": "random-70-13.12-41.json", "solution": {"time": 0.00466087, "max_depth": 70, "is_feasible": true}, "AVD": 19.65508258974587}