{"name": "random-70-15.28-13.json", "solution": {"time": 0.007845617, "max_depth": 70, "is_feasible": true}, "AVD": 21.371777365491678}