{"name": "random-70-6.40-2.json", "solution": {"time": 0.016308094, "max_depth": 9, "is_feasible": false}, "AVD": 13.94871683871671}