{"name": "random-70-9.76-34.json", "solution": {"time": 0.006422341, "max_depth": 70, "is_feasible": true}, "AVD": 16.904082248816902}