{"name": "random-70-15.52-32.json", "solution": {"time": 0.004193315, "max_depth": 70, "is_feasible": true}, "AVD": 21.514552036399024}