{"name": "random-70-6.64-11.json", "solution": {"time": 0.018818669, "max_depth": 70, "is_feasible": true}, "AVD": 14.185817765001321}