{"name": "random-70-9.28-31.json", "solution": {"time": 0.004738761, "max_depth": 70, "is_feasible": true}, "AVD": 16.467931751921487}