{"name": "random-70-10.96-42.json", "solution": {"time": 0.005327717, "max_depth": 70, "is_feasible": true}, "AVD": 17.876689092087013}