{"name": "random-70-9.04-37.json", "solution": {"time": 0.005786039, "max_depth": 70, "is_feasible": true}, "AVD": 16.354773345701858}