{"name": "random-70-4.00-4.json", "solution": {"time": 0.012396216, "max_depth": 3, "is_feasible": false}, "AVD": 11.70818924159723}