{"name": "random-70-13.60-34.json", "solution": {"time": 0.005814863, "max_depth": 70, "is_feasible": true}, "AVD": 20.039680358190594}