{"name": "random-70-6.16-26.json", "solution": {"time": 0.020709653, "max_depth": 7, "is_feasible": false}, "AVD": 13.724810327993866}