{"name": "random-70-5.92-14.json", "solution": {"time": 0.018514904, "max_depth": 5, "is_feasible": false}, "AVD": 13.56098033825573}