{"name": "random-70-8.08-44.json", "solution": {"time": 0.004620685, "max_depth": 70, "is_feasible": true}, "AVD": 15.432777611277531}