{"name": "random-70-16.00-31.json", "solution": {"time": 0.007852516, "max_depth": 70, "is_feasible": true}, "AVD": 21.959797538062883}