{"name": "random-70-5.68-3.json", "solution": {"time": 0.016356597, "max_depth": 5, "is_feasible": false}, "AVD": 13.370900962982473}