{"name": "random-70-15.28-45.json", "solution": {"time": 0.004696761, "max_depth": 70, "is_feasible": true}, "AVD": 21.349202137998095}