{"name": "random-70-13.60-32.json", "solution": {"time": 0.004356567, "max_depth": 70, "is_feasible": true}, "AVD": 19.940141620284503}