{"name": "random-70-7.36-9.json", "solution": {"time": 0.027901069, "max_depth": 7, "is_feasible": false}, "AVD": 14.815963935157704}