{"name": "random-70-13.12-20.json", "solution": {"time": 0.003725175, "max_depth": 70, "is_feasible": true}, "AVD": 19.69537697676475}