{"name": "random-70-8.08-41.json", "solution": {"time": 0.005698573, "max_depth": 70, "is_feasible": true}, "AVD": 15.4323653863143}