{"name": "random-70-14.08-35.json", "solution": {"time": 0.00582981, "max_depth": 70, "is_feasible": true}, "AVD": 20.40173152810911}