{"name": "random-70-10.00-14.json", "solution": {"time": 0.006528714, "max_depth": 70, "is_feasible": true}, "AVD": 17.07651186568529}