{"name": "random-70-10.72-20.json", "solution": {"time": 0.005371409, "max_depth": 70, "is_feasible": true}, "AVD": 17.69323635774653}