{"name": "random-70-9.28-37.json", "solution": {"time": 0.004866598, "max_depth": 70, "is_feasible": true}, "AVD": 16.547142636275236}