{"name": "random-70-7.12-42.json", "solution": {"time": 0.012532224, "max_depth": 70, "is_feasible": true}, "AVD": 14.644784342641366}