{"name": "random-70-5.44-37.json", "solution": {"time": 0.015902919, "max_depth": 5, "is_feasible": false}, "AVD": 13.086825208804672}