{"name": "random-70-12.64-3.json", "solution": {"time": 0.004426971, "max_depth": 70, "is_feasible": true}, "AVD": 19.275091350826056}