{"name": "random-70-5.68-45.json", "solution": {"time": 0.016224392, "max_depth": 6, "is_feasible": false}, "AVD": 13.301173625127573}