{"name": "random-70-12.40-40.json", "solution": {"time": 0.004963447, "max_depth": 70, "is_feasible": true}, "AVD": 19.064951674176168}