{"name": "random-70-10.24-35.json", "solution": {"time": 0.00570979, "max_depth": 70, "is_feasible": true}, "AVD": 17.31622880407571}