{"name": "random-70-12.40-5.json", "solution": {"time": 0.00471873, "max_depth": 70, "is_feasible": true}, "AVD": 18.968419942868923}