{"name": "random-70-6.64-16.json", "solution": {"time": 0.015812401, "max_depth": 3, "is_feasible": false}, "AVD": 14.208484790153037}