{"name": "random-70-8.08-30.json", "solution": {"time": 0.007770743, "max_depth": 70, "is_feasible": true}, "AVD": 15.458686103012559}