{"name": "random-70-11.20-42.json", "solution": {"time": 0.00861319, "max_depth": 70, "is_feasible": true}, "AVD": 18.092677280769088}