{"name": "random-70-11.92-27.json", "solution": {"time": 0.004791815, "max_depth": 70, "is_feasible": true}, "AVD": 18.627286656654007}