{"name": "random-70-14.80-24.json", "solution": {"time": 0.004146178, "max_depth": 70, "is_feasible": true}, "AVD": 20.930955119710262}