{"name": "random-70-13.12-10.json", "solution": {"time": 0.004042018, "max_depth": 70, "is_feasible": true}, "AVD": 19.6798197867892}