{"name": "random-70-4.00-16.json", "solution": {"time": 0.011729382, "max_depth": 2, "is_feasible": false}, "AVD": 11.677309387235114}