{"name": "random-70-11.92-24.json", "solution": {"time": 0.004454263, "max_depth": 70, "is_feasible": true}, "AVD": 18.645789896045002}