{"name": "random-70-15.28-24.json", "solution": {"time": 0.004057102, "max_depth": 70, "is_feasible": true}, "AVD": 21.329355508437192}