{"name": "random-70-14.32-38.json", "solution": {"time": 0.004070177, "max_depth": 70, "is_feasible": true}, "AVD": 20.59190434961867}