{"name": "random-70-15.04-47.json", "solution": {"time": 0.003548182, "max_depth": 70, "is_feasible": true}, "AVD": 21.175797125776757}