{"name": "random-70-6.40-30.json", "solution": {"time": 0.013438948, "max_depth": 3, "is_feasible": false}, "AVD": 13.97692915814331}