{"name": "random-70-15.04-37.json", "solution": {"time": 0.008720144, "max_depth": 70, "is_feasible": true}, "AVD": 21.212585107636173}