{"name": "random-70-14.08-38.json", "solution": {"time": 0.004273258, "max_depth": 70, "is_feasible": true}, "AVD": 20.406837456194637}