{"name": "random-70-14.56-11.json", "solution": {"time": 0.004111156, "max_depth": 70, "is_feasible": true}, "AVD": 20.759769576228784}