{"name": "random-70-8.32-12.json", "solution": {"time": 0.004971266, "max_depth": 70, "is_feasible": true}, "AVD": 15.672288195930975}