{"name": "random-70-6.16-25.json", "solution": {"time": 0.029182495, "max_depth": 9, "is_feasible": false}, "AVD": 13.739689188362522}