{"name": "random-70-10.00-0.json", "solution": {"time": 0.188696847, "max_depth": 70, "is_feasible": true}, "AVD": 17.048908716000508}