{"name": "random-70-4.72-43.json", "solution": {"time": 0.013291109, "max_depth": 3, "is_feasible": false}, "AVD": 12.448986049098126}