{"name": "random-70-11.20-4.json", "solution": {"time": 0.00896045, "max_depth": 70, "is_feasible": true}, "AVD": 18.085143519745547}