{"name": "random-70-10.00-49.json", "solution": {"time": 0.004368226, "max_depth": 70, "is_feasible": true}, "AVD": 17.071255394265556}