{"name": "random-70-7.84-6.json", "solution": {"time": 0.010092897, "max_depth": 70, "is_feasible": true}, "AVD": 15.226064162594687}