{"name": "random-70-9.04-23.json", "solution": {"time": 0.00717266, "max_depth": 70, "is_feasible": true}, "AVD": 16.266570955121928}