{"name": "random-70-15.52-30.json", "solution": {"time": 0.004285613, "max_depth": 70, "is_feasible": true}, "AVD": 21.544837382572123}