{"name": "random-70-6.64-19.json", "solution": {"time": 0.028296122, "max_depth": 8, "is_feasible": false}, "AVD": 14.18235076488128}