{"name": "random-70-14.80-6.json", "solution": {"time": 0.004213535, "max_depth": 70, "is_feasible": true}, "AVD": 20.948111832611872}