{"name": "random-70-4.96-4.json", "solution": {"time": 0.016817674, "max_depth": 9, "is_feasible": false}, "AVD": 12.644759774239214}