{"name": "random-70-10.00-37.json", "solution": {"time": 0.004287103, "max_depth": 70, "is_feasible": true}, "AVD": 17.135059310304165}