{"name": "random-70-8.80-46.json", "solution": {"time": 0.006899514, "max_depth": 70, "is_feasible": true}, "AVD": 16.0467985959618}