{"name": "random-70-8.08-40.json", "solution": {"time": 0.009140509, "max_depth": 70, "is_feasible": true}, "AVD": 15.52247739335487}