{"name": "random-70-13.60-44.json", "solution": {"time": 0.003941621, "max_depth": 70, "is_feasible": true}, "AVD": 19.980220646700257}