{"name": "random-70-8.56-23.json", "solution": {"time": 0.01997439, "max_depth": 70, "is_feasible": true}, "AVD": 15.870307767062803}