{"name": "random-70-10.24-46.json", "solution": {"time": 0.007208853, "max_depth": 70, "is_feasible": true}, "AVD": 17.253632371030292}