{"name": "random-70-13.12-48.json", "solution": {"time": 0.005121281, "max_depth": 70, "is_feasible": true}, "AVD": 19.589141794713235}