{"name": "random-70-7.60-12.json", "solution": {"time": 0.00460127, "max_depth": 70, "is_feasible": true}, "AVD": 15.064248172462365}