{"name": "random-70-13.84-44.json", "solution": {"time": 0.004469555, "max_depth": 70, "is_feasible": true}, "AVD": 20.170542966104204}