{"name": "random-70-14.80-34.json", "solution": {"time": 0.008376992, "max_depth": 70, "is_feasible": true}, "AVD": 20.97885089966727}