{"name": "random-70-4.24-31.json", "solution": {"time": 0.015913778, "max_depth": 3, "is_feasible": false}, "AVD": 11.924262714043158}