{"name": "random-70-9.04-28.json", "solution": {"time": 0.005077782, "max_depth": 70, "is_feasible": true}, "AVD": 16.29237522454862}