{"name": "random-70-6.40-25.json", "solution": {"time": 0.026120092, "max_depth": 70, "is_feasible": true}, "AVD": 13.968071789887993}