{"name": "random-70-6.64-31.json", "solution": {"time": 0.041689462, "max_depth": 9, "is_feasible": false}, "AVD": 14.209436019762439}