{"name": "random-70-14.80-38.json", "solution": {"time": 0.003664514, "max_depth": 70, "is_feasible": true}, "AVD": 21.000010601643293}