{"name": "random-70-8.32-49.json", "solution": {"time": 0.00440653, "max_depth": 70, "is_feasible": true}, "AVD": 15.676388089234946}