{"name": "random-70-12.64-36.json", "solution": {"time": 0.004660761, "max_depth": 70, "is_feasible": true}, "AVD": 19.199298009247002}