{"name": "random-70-15.28-34.json", "solution": {"time": 0.004239157, "max_depth": 70, "is_feasible": true}, "AVD": 21.35657562505527}