{"name": "random-70-12.64-35.json", "solution": {"time": 0.004191203, "max_depth": 70, "is_feasible": true}, "AVD": 19.2747494920046}