{"name": "random-70-15.76-5.json", "solution": {"time": 0.00399337, "max_depth": 70, "is_feasible": true}, "AVD": 21.683675972553566}