{"name": "random-70-7.84-8.json", "solution": {"time": 0.008079976, "max_depth": 70, "is_feasible": true}, "AVD": 15.299886206763674}