{"name": "random-70-4.00-22.json", "solution": {"time": 0.016359898, "max_depth": 2, "is_feasible": false}, "AVD": 11.660994227994049}