{"name": "random-70-5.92-13.json", "solution": {"time": 0.013693881, "max_depth": 4, "is_feasible": false}, "AVD": 13.578186749758045}