{"name": "random-70-10.48-5.json", "solution": {"time": 0.005314581, "max_depth": 70, "is_feasible": true}, "AVD": 17.42788073151336}