{"name": "random-70-5.68-36.json", "solution": {"time": 0.019879738, "max_depth": 5, "is_feasible": false}, "AVD": 13.31728405381455}