{"name": "random-70-7.60-22.json", "solution": {"time": 0.00875981, "max_depth": 70, "is_feasible": true}, "AVD": 15.050664129521191}