{"name": "random-70-15.28-46.json", "solution": {"time": 0.003660976, "max_depth": 70, "is_feasible": true}, "AVD": 21.441052389787128}