{"name": "random-70-6.40-27.json", "solution": {"time": 0.021700764, "max_depth": 70, "is_feasible": true}, "AVD": 13.96613081023274}