{"name": "random-70-15.76-8.json", "solution": {"time": 0.004035096, "max_depth": 70, "is_feasible": true}, "AVD": 21.749259548841234}