{"name": "random-70-13.12-14.json", "solution": {"time": 0.005168754, "max_depth": 70, "is_feasible": true}, "AVD": 19.5710898636511}