{"name": "random-70-9.76-32.json", "solution": {"time": 0.00588679, "max_depth": 70, "is_feasible": true}, "AVD": 16.84377355977351}