{"name": "random-70-9.04-26.json", "solution": {"time": 0.004581843, "max_depth": 70, "is_feasible": true}, "AVD": 16.303337706511115}