{"name": "random-70-11.20-26.json", "solution": {"time": 0.004521575, "max_depth": 70, "is_feasible": true}, "AVD": 18.110678387372236}