{"name": "random-70-10.48-33.json", "solution": {"time": 0.008582068, "max_depth": 70, "is_feasible": true}, "AVD": 17.486050048590823}