{"name": "random-70-13.84-26.json", "solution": {"time": 0.008146574, "max_depth": 70, "is_feasible": true}, "AVD": 20.267757369614532}