{"name": "random-70-5.44-48.json", "solution": {"time": 0.015008544, "max_depth": 5, "is_feasible": false}, "AVD": 13.066081712505037}