{"name": "random-70-12.40-17.json", "solution": {"time": 0.008381078, "max_depth": 70, "is_feasible": true}, "AVD": 19.038748770503883}