{"name": "random-70-10.24-25.json", "solution": {"time": 0.004208607, "max_depth": 70, "is_feasible": true}, "AVD": 17.269388918337853}