{"name": "random-70-13.36-9.json", "solution": {"time": 0.004176972, "max_depth": 70, "is_feasible": true}, "AVD": 19.77725895986102}