{"name": "random-70-6.64-43.json", "solution": {"time": 0.00829377, "max_depth": 70, "is_feasible": true}, "AVD": 14.249477410344634}