{"name": "random-70-13.60-37.json", "solution": {"time": 0.004275147, "max_depth": 70, "is_feasible": true}, "AVD": 20.040958609417814}