{"name": "random-70-7.84-28.json", "solution": {"time": 0.009606317, "max_depth": 70, "is_feasible": true}, "AVD": 15.273270676035882}