{"name": "random-70-7.84-12.json", "solution": {"time": 0.004388865, "max_depth": 70, "is_feasible": true}, "AVD": 15.27683594749912}