{"name": "random-70-10.00-48.json", "solution": {"time": 0.005016064, "max_depth": 70, "is_feasible": true}, "AVD": 16.984031213684233}