{"name": "random-70-7.60-45.json", "solution": {"time": 0.025313662, "max_depth": 11, "is_feasible": false}, "AVD": 14.989356723774991}