{"name": "random-70-8.80-32.json", "solution": {"time": 0.006085563, "max_depth": 70, "is_feasible": true}, "AVD": 16.05832834965482}