{"name": "random-70-13.36-19.json", "solution": {"time": 0.004309891, "max_depth": 70, "is_feasible": true}, "AVD": 19.80957382640039}