{"name": "random-70-16.00-22.json", "solution": {"time": 0.007155898, "max_depth": 70, "is_feasible": true}, "AVD": 21.93701635892457}