{"name": "random-70-8.08-32.json", "solution": {"time": 0.027282056, "max_depth": 70, "is_feasible": true}, "AVD": 15.43309960674239}