{"name": "random-70-15.04-16.json", "solution": {"time": 0.004266763, "max_depth": 70, "is_feasible": true}, "AVD": 21.187953500014768}