{"name": "random-70-15.52-45.json", "solution": {"time": 0.007691942, "max_depth": 70, "is_feasible": true}, "AVD": 21.527369128603873}