{"name": "random-70-12.88-29.json", "solution": {"time": 0.004025828, "max_depth": 70, "is_feasible": true}, "AVD": 19.469255661572006}