{"name": "random-70-16.00-46.json", "solution": {"time": 0.004280076, "max_depth": 70, "is_feasible": true}, "AVD": 22.022713151927487}