{"name": "random-70-15.04-11.json", "solution": {"time": 0.004660709, "max_depth": 70, "is_feasible": true}, "AVD": 21.139954221515477}