{"name": "random-70-4.72-21.json", "solution": {"time": 0.014776823, "max_depth": 6, "is_feasible": false}, "AVD": 12.37564193176422}