{"name": "random-70-7.84-15.json", "solution": {"time": 0.006833624, "max_depth": 70, "is_feasible": true}, "AVD": 15.238446432252477}