{"name": "random-70-6.88-8.json", "solution": {"time": 0.024818409, "max_depth": 18, "is_feasible": false}, "AVD": 14.453037410435265}