{"name": "random-70-10.00-43.json", "solution": {"time": 0.005059189, "max_depth": 70, "is_feasible": true}, "AVD": 17.094366610713514}