{"name": "random-70-11.44-45.json", "solution": {"time": 0.003941935, "max_depth": 70, "is_feasible": true}, "AVD": 18.242676664605217}