{"name": "random-70-7.12-26.json", "solution": {"time": 0.013763791, "max_depth": 70, "is_feasible": true}, "AVD": 14.579920993971902}