{"name": "random-70-8.80-38.json", "solution": {"time": 0.006655053, "max_depth": 70, "is_feasible": true}, "AVD": 16.06685045340141}