{"name": "random-70-15.28-3.json", "solution": {"time": 0.003663077, "max_depth": 70, "is_feasible": true}, "AVD": 21.385518626498264}