{"name": "random-70-8.08-16.json", "solution": {"time": 0.020191791, "max_depth": 70, "is_feasible": true}, "AVD": 15.453679290663908}