{"name": "random-70-5.92-10.json", "solution": {"time": 0.016612637, "max_depth": 4, "is_feasible": false}, "AVD": 13.571312017913945}