{"name": "random-70-10.96-49.json", "solution": {"time": 0.004006252, "max_depth": 70, "is_feasible": true}, "AVD": 17.90706225520509}