{"name": "random-70-10.48-47.json", "solution": {"time": 0.005747829, "max_depth": 70, "is_feasible": true}, "AVD": 17.45427840866613}