{"name": "random-70-7.36-40.json", "solution": {"time": 0.017846773, "max_depth": 70, "is_feasible": true}, "AVD": 14.887569566487835}