{"name": "random-70-4.24-28.json", "solution": {"time": 0.012619306, "max_depth": 4, "is_feasible": false}, "AVD": 11.893340091880733}