{"name": "random-70-10.00-13.json", "solution": {"time": 0.004918474, "max_depth": 70, "is_feasible": true}, "AVD": 17.121053553022893}