{"name": "random-70-7.84-34.json", "solution": {"time": 0.009258043, "max_depth": 70, "is_feasible": true}, "AVD": 15.277912107167127}