{"name": "random-70-15.76-19.json", "solution": {"time": 0.004430695, "max_depth": 70, "is_feasible": true}, "AVD": 21.755852092352146}