{"name": "random-70-10.72-12.json", "solution": {"time": 0.005095089, "max_depth": 70, "is_feasible": true}, "AVD": 17.663649606629168}