{"name": "random-70-9.52-43.json", "solution": {"time": 0.005425092, "max_depth": 70, "is_feasible": true}, "AVD": 16.70181023058569}