{"name": "random-70-15.52-18.json", "solution": {"time": 0.004491541, "max_depth": 70, "is_feasible": true}, "AVD": 21.544381570810177}