{"name": "random-70-10.72-45.json", "solution": {"time": 0.004609034, "max_depth": 70, "is_feasible": true}, "AVD": 17.649182569131522}