{"name": "random-70-5.92-46.json", "solution": {"time": 0.015203767, "max_depth": 4, "is_feasible": false}, "AVD": 13.543244049601064}