{"name": "random-70-10.48-27.json", "solution": {"time": 0.004169107, "max_depth": 70, "is_feasible": true}, "AVD": 17.4577489471979}