{"name": "random-70-4.96-37.json", "solution": {"time": 0.013564155, "max_depth": 4, "is_feasible": false}, "AVD": 12.633242646242508}