{"name": "random-70-4.72-3.json", "solution": {"time": 0.013599798, "max_depth": 3, "is_feasible": false}, "AVD": 12.450992248114561}