{"name": "random-70-15.04-40.json", "solution": {"time": 0.004444343, "max_depth": 70, "is_feasible": true}, "AVD": 21.17133623406077}