{"name": "random-70-15.52-4.json", "solution": {"time": 0.00412475, "max_depth": 70, "is_feasible": true}, "AVD": 21.551348381777007}