{"name": "random-70-14.56-29.json", "solution": {"time": 0.004593908, "max_depth": 70, "is_feasible": true}, "AVD": 20.81866965574113}