{"name": "random-70-10.96-16.json", "solution": {"time": 0.007841881, "max_depth": 70, "is_feasible": true}, "AVD": 17.8502551462143}