{"name": "random-70-10.96-24.json", "solution": {"time": 0.004322951, "max_depth": 70, "is_feasible": true}, "AVD": 17.871482801778704}