{"name": "random-70-11.92-22.json", "solution": {"time": 0.004488065, "max_depth": 70, "is_feasible": true}, "AVD": 18.63332021153449}