{"name": "random-70-10.00-27.json", "solution": {"time": 0.004717765, "max_depth": 70, "is_feasible": true}, "AVD": 17.064753482345278}