{"name": "random-70-4.48-26.json", "solution": {"time": 0.011934065, "max_depth": 2, "is_feasible": false}, "AVD": 12.126575303381268}