{"name": "random-70-4.96-34.json", "solution": {"time": 0.01305842, "max_depth": 4, "is_feasible": false}, "AVD": 12.671121504345843}