{"name": "random-70-4.48-14.json", "solution": {"time": 0.011804167, "max_depth": 3, "is_feasible": false}, "AVD": 12.202679542679393}