{"name": "random-70-9.28-47.json", "solution": {"time": 0.005199352, "max_depth": 70, "is_feasible": true}, "AVD": 16.45199257431905}