{"name": "random-70-16.00-34.json", "solution": {"time": 0.004340513, "max_depth": 70, "is_feasible": true}, "AVD": 21.937696940248014}