{"name": "random-70-11.20-5.json", "solution": {"time": 0.005301133, "max_depth": 70, "is_feasible": true}, "AVD": 18.007562476072664}