{"name": "random-70-15.04-35.json", "solution": {"time": 0.004562757, "max_depth": 70, "is_feasible": true}, "AVD": 21.184146008186868}