{"name": "random-70-15.04-17.json", "solution": {"time": 0.004185776, "max_depth": 70, "is_feasible": true}, "AVD": 21.19306883705868}