{"name": "random-70-9.76-42.json", "solution": {"time": 0.006855893, "max_depth": 70, "is_feasible": true}, "AVD": 16.90002280599213}