{"name": "random-70-13.60-33.json", "solution": {"time": 0.004475101, "max_depth": 70, "is_feasible": true}, "AVD": 20.04979675766412}