{"name": "random-70-8.80-27.json", "solution": {"time": 0.006790593, "max_depth": 70, "is_feasible": true}, "AVD": 16.06272973171946}