{"name": "random-70-5.92-12.json", "solution": {"time": 0.027147865, "max_depth": 10, "is_feasible": false}, "AVD": 13.569539796371298}