{"name": "random-70-15.28-35.json", "solution": {"time": 0.00859569, "max_depth": 70, "is_feasible": true}, "AVD": 21.37896476426073}