{"name": "random-70-12.16-24.json", "solution": {"time": 0.004300105, "max_depth": 70, "is_feasible": true}, "AVD": 18.82738383838384}