{"name": "random-70-4.72-15.json", "solution": {"time": 0.012548307, "max_depth": 3, "is_feasible": false}, "AVD": 12.361140796844731}