{"name": "random-70-11.68-42.json", "solution": {"time": 0.005461458, "max_depth": 70, "is_feasible": true}, "AVD": 18.479922826606483}