{"name": "random-70-5.92-27.json", "solution": {"time": 0.019612468, "max_depth": 7, "is_feasible": false}, "AVD": 13.513032809027589}