{"name": "random-70-10.24-48.json", "solution": {"time": 0.004103532, "max_depth": 70, "is_feasible": true}, "AVD": 17.19100529855628}