{"name": "random-70-12.88-35.json", "solution": {"time": 0.006211728, "max_depth": 70, "is_feasible": true}, "AVD": 19.45500945313192}