{"name": "random-70-4.00-31.json", "solution": {"time": 0.011772088, "max_depth": 2, "is_feasible": false}, "AVD": 11.67641289719334}