{"name": "random-70-15.52-44.json", "solution": {"time": 0.003869254, "max_depth": 70, "is_feasible": true}, "AVD": 21.511515033719153}