{"name": "random-70-13.60-10.json", "solution": {"time": 0.003867172, "max_depth": 70, "is_feasible": true}, "AVD": 20.07703569219899}