{"name": "random-70-13.60-40.json", "solution": {"time": 0.004579993, "max_depth": 70, "is_feasible": true}, "AVD": 20.02474801955417}