{"name": "random-70-10.48-15.json", "solution": {"time": 0.004804359, "max_depth": 70, "is_feasible": true}, "AVD": 17.497279117707674}