{"name": "random-70-12.64-37.json", "solution": {"time": 0.005349385, "max_depth": 70, "is_feasible": true}, "AVD": 19.238765453367506}