{"name": "random-70-11.92-21.json", "solution": {"time": 0.004184228, "max_depth": 70, "is_feasible": true}, "AVD": 18.63063624584033}