{"name": "random-70-11.68-33.json", "solution": {"time": 0.004132186, "max_depth": 70, "is_feasible": true}, "AVD": 18.496286774450024}