{"name": "random-70-15.04-6.json", "solution": {"time": 0.004395149, "max_depth": 70, "is_feasible": true}, "AVD": 21.1337422180994}