{"name": "random-70-15.04-14.json", "solution": {"time": 0.004329407, "max_depth": 70, "is_feasible": true}, "AVD": 21.141045660688555}