{"name": "random-70-7.60-41.json", "solution": {"time": 0.014406916, "max_depth": 70, "is_feasible": true}, "AVD": 15.028631163620892}