{"name": "random-70-13.60-3.json", "solution": {"time": 0.004493352, "max_depth": 70, "is_feasible": true}, "AVD": 20.079206025267275}