{"name": "random-70-14.80-44.json", "solution": {"time": 0.006203971, "max_depth": 70, "is_feasible": true}, "AVD": 20.937905203639932}