{"name": "random-70-6.40-7.json", "solution": {"time": 0.015878509, "max_depth": 7, "is_feasible": false}, "AVD": 13.981330270569638}