{"name": "random-70-15.76-7.json", "solution": {"time": 0.003570367, "max_depth": 70, "is_feasible": true}, "AVD": 21.752216052654877}