{"name": "random-70-15.52-9.json", "solution": {"time": 0.004480141, "max_depth": 70, "is_feasible": true}, "AVD": 21.543205451011616}