{"name": "random-70-5.20-31.json", "solution": {"time": 0.013861551, "max_depth": 4, "is_feasible": false}, "AVD": 12.874224566816261}