{"name": "random-70-6.64-12.json", "solution": {"time": 0.03396627, "max_depth": 10, "is_feasible": false}, "AVD": 14.214533302864817}