{"name": "random-70-5.68-31.json", "solution": {"time": 0.021493594, "max_depth": 7, "is_feasible": false}, "AVD": 13.325911425309249}