{"name": "random-70-5.20-20.json", "solution": {"time": 0.014971931, "max_depth": 4, "is_feasible": false}, "AVD": 12.866031857031713}