{"name": "random-70-11.68-19.json", "solution": {"time": 0.004138659, "max_depth": 70, "is_feasible": true}, "AVD": 18.455227768829808}