{"name": "random-70-15.76-47.json", "solution": {"time": 0.003838537, "max_depth": 70, "is_feasible": true}, "AVD": 21.730352769679346}