{"name": "random-70-7.12-2.json", "solution": {"time": 0.028911024, "max_depth": 18, "is_feasible": false}, "AVD": 14.570078580149904}