{"name": "random-70-7.60-2.json", "solution": {"time": 0.010334159, "max_depth": 70, "is_feasible": true}, "AVD": 15.011587679893708}