{"name": "random-70-13.12-18.json", "solution": {"time": 0.004369425, "max_depth": 70, "is_feasible": true}, "AVD": 19.633232897488018}