{"name": "random-70-15.52-43.json", "solution": {"time": 0.004004785, "max_depth": 70, "is_feasible": true}, "AVD": 21.56175468975473}