{"name": "random-70-14.32-48.json", "solution": {"time": 0.004133672, "max_depth": 70, "is_feasible": true}, "AVD": 20.566982431400827}