{"name": "random-70-8.08-39.json", "solution": {"time": 0.017943386, "max_depth": 70, "is_feasible": true}, "AVD": 15.472378147929087}