{"name": "random-70-14.80-27.json", "solution": {"time": 0.004072841, "max_depth": 70, "is_feasible": true}, "AVD": 20.97935689254061}