{"name": "random-70-15.04-0.json", "solution": {"time": 0.004490012, "max_depth": 70, "is_feasible": true}, "AVD": 21.19801304364574}