{"name": "random-70-5.68-12.json", "solution": {"time": 0.021852698, "max_depth": 8, "is_feasible": false}, "AVD": 13.350871421662102}