{"name": "random-70-12.64-19.json", "solution": {"time": 0.004924191, "max_depth": 70, "is_feasible": true}, "AVD": 19.234296519806733}