{"name": "random-70-9.28-24.json", "solution": {"time": 0.005082809, "max_depth": 70, "is_feasible": true}, "AVD": 16.495763450834836}