{"name": "random-70-4.96-42.json", "solution": {"time": 0.017388464, "max_depth": 6, "is_feasible": false}, "AVD": 12.64609186561721}