{"name": "random-70-12.88-8.json", "solution": {"time": 0.004795969, "max_depth": 70, "is_feasible": true}, "AVD": 19.42562736696413}