{"name": "random-70-5.20-7.json", "solution": {"time": 0.012361376, "max_depth": 5, "is_feasible": false}, "AVD": 12.86740006811901}