{"name": "random-70-10.00-6.json", "solution": {"time": 0.008631053, "max_depth": 70, "is_feasible": true}, "AVD": 17.029617295402975}