{"name": "random-70-5.44-39.json", "solution": {"time": 0.014295577, "max_depth": 6, "is_feasible": false}, "AVD": 13.139028844171591}