{"name": "random-70-7.60-18.json", "solution": {"time": 0.02524448, "max_depth": 8, "is_feasible": false}, "AVD": 15.057088035547125}