{"name": "random-70-6.88-28.json", "solution": {"time": 0.008327864, "max_depth": 70, "is_feasible": true}, "AVD": 14.432603243694961}