{"name": "random-70-13.84-25.json", "solution": {"time": 0.003696602, "max_depth": 70, "is_feasible": true}, "AVD": 20.20847779544721}