{"name": "random-70-4.96-36.json", "solution": {"time": 0.013233206, "max_depth": 5, "is_feasible": false}, "AVD": 12.662491237787027}