{"name": "random-70-12.40-46.json", "solution": {"time": 0.004278316, "max_depth": 70, "is_feasible": true}, "AVD": 19.048008230998022}