{"name": "random-70-9.28-46.json", "solution": {"time": 0.006476944, "max_depth": 70, "is_feasible": true}, "AVD": 16.462067156199755}