{"name": "random-70-7.84-11.json", "solution": {"time": 0.016201069, "max_depth": 70, "is_feasible": true}, "AVD": 15.249885634773298}