{"name": "random-70-8.56-21.json", "solution": {"time": 0.005151539, "max_depth": 70, "is_feasible": true}, "AVD": 15.858614522665464}