{"name": "random-70-9.04-47.json", "solution": {"time": 0.006128943, "max_depth": 70, "is_feasible": true}, "AVD": 16.27011009058962}