{"name": "random-70-12.88-26.json", "solution": {"time": 0.008331827, "max_depth": 70, "is_feasible": true}, "AVD": 19.49746476426069}