{"name": "random-70-5.92-47.json", "solution": {"time": 0.017750412, "max_depth": 5, "is_feasible": false}, "AVD": 13.568821458586628}