{"name": "random-70-4.00-18.json", "solution": {"time": 0.012454821, "max_depth": 2, "is_feasible": false}, "AVD": 11.690199112112204}