{"name": "random-70-14.80-45.json", "solution": {"time": 0.004005621, "max_depth": 70, "is_feasible": true}, "AVD": 20.97245594428252}