{"name": "random-70-12.40-37.json", "solution": {"time": 0.004471609, "max_depth": 70, "is_feasible": true}, "AVD": 19.05913798333187}