{"name": "random-70-14.08-23.json", "solution": {"time": 0.009655216, "max_depth": 70, "is_feasible": true}, "AVD": 20.38134231528112}