{"name": "random-70-9.52-8.json", "solution": {"time": 0.004656876, "max_depth": 70, "is_feasible": true}, "AVD": 16.70677011877007}