{"name": "random-70-12.16-47.json", "solution": {"time": 0.004691387, "max_depth": 70, "is_feasible": true}, "AVD": 18.861018049977233}