{"name": "random-70-13.12-37.json", "solution": {"time": 0.004270986, "max_depth": 70, "is_feasible": true}, "AVD": 19.634647377565763}