{"name": "random-70-8.80-49.json", "solution": {"time": 0.004826217, "max_depth": 70, "is_feasible": true}, "AVD": 16.077971198869093}