{"name": "random-70-4.72-33.json", "solution": {"time": 0.011845518, "max_depth": 2, "is_feasible": false}, "AVD": 12.41616169148296}