{"name": "random-70-9.52-39.json", "solution": {"time": 0.005904146, "max_depth": 70, "is_feasible": true}, "AVD": 16.70905858653814}