{"name": "random-70-8.80-7.json", "solution": {"time": 0.00554062, "max_depth": 70, "is_feasible": true}, "AVD": 16.052950285542057}