{"name": "random-70-16.00-41.json", "solution": {"time": 0.004062188, "max_depth": 70, "is_feasible": true}, "AVD": 22.00502640103666}