{"name": "random-70-9.04-21.json", "solution": {"time": 0.005280064, "max_depth": 70, "is_feasible": true}, "AVD": 16.258062120419204}