{"name": "random-70-4.96-29.json", "solution": {"time": 0.013147399, "max_depth": 3, "is_feasible": false}, "AVD": 12.619934197321802}