{"name": "random-70-7.12-21.json", "solution": {"time": 0.012820212, "max_depth": 70, "is_feasible": true}, "AVD": 14.583616623738967}