{"name": "random-70-11.20-17.json", "solution": {"time": 0.004667393, "max_depth": 70, "is_feasible": true}, "AVD": 18.03756241717465}