{"name": "random-70-5.68-19.json", "solution": {"time": 0.020598955, "max_depth": 4, "is_feasible": false}, "AVD": 13.322325084212723}