{"name": "random-70-15.28-22.json", "solution": {"time": 0.004410135, "max_depth": 70, "is_feasible": true}, "AVD": 21.366568984303722}