{"name": "random-70-13.36-44.json", "solution": {"time": 0.004398979, "max_depth": 70, "is_feasible": true}, "AVD": 19.7891048384722}