{"name": "random-70-10.24-38.json", "solution": {"time": 0.004303373, "max_depth": 70, "is_feasible": true}, "AVD": 17.276652553795383}