{"name": "random-70-4.24-5.json", "solution": {"time": 0.012722665, "max_depth": 3, "is_feasible": false}, "AVD": 11.938821388362028}