{"name": "random-70-6.40-36.json", "solution": {"time": 0.020619434, "max_depth": 12, "is_feasible": false}, "AVD": 13.980335120661545}