{"name": "random-70-9.04-22.json", "solution": {"time": 0.004792247, "max_depth": 70, "is_feasible": true}, "AVD": 16.27007840572121}