{"name": "random-70-4.48-12.json", "solution": {"time": 0.013068168, "max_depth": 3, "is_feasible": false}, "AVD": 12.193800702698505}