{"name": "random-70-15.28-39.json", "solution": {"time": 0.006165235, "max_depth": 70, "is_feasible": true}, "AVD": 21.355493594840578}