{"name": "random-70-13.36-25.json", "solution": {"time": 0.003993091, "max_depth": 70, "is_feasible": true}, "AVD": 19.824440704420322}