{"name": "random-70-15.52-34.json", "solution": {"time": 0.004592303, "max_depth": 70, "is_feasible": true}, "AVD": 21.551842874812316}