{"name": "random-70-11.20-13.json", "solution": {"time": 0.005015676, "max_depth": 70, "is_feasible": true}, "AVD": 18.105657139912225}