{"name": "random-70-15.04-24.json", "solution": {"time": 0.003867825, "max_depth": 70, "is_feasible": true}, "AVD": 21.136204228877737}