{"name": "random-70-10.72-16.json", "solution": {"time": 0.005790495, "max_depth": 70, "is_feasible": true}, "AVD": 17.655757340165472}