{"name": "random-70-14.80-0.json", "solution": {"time": 0.004166639, "max_depth": 70, "is_feasible": true}, "AVD": 21.000146830493808}