{"name": "random-70-4.48-25.json", "solution": {"time": 0.013449317, "max_depth": 5, "is_feasible": false}, "AVD": 12.149636218090135}