{"name": "random-70-7.36-49.json", "solution": {"time": 0.017626873, "max_depth": 70, "is_feasible": true}, "AVD": 14.828800569045367}