{"name": "random-70-6.16-20.json", "solution": {"time": 0.024983019, "max_depth": 6, "is_feasible": false}, "AVD": 13.730917626590974}