{"name": "random-70-10.24-47.json", "solution": {"time": 0.004878852, "max_depth": 70, "is_feasible": true}, "AVD": 17.247186510768103}