{"name": "random-70-8.32-6.json", "solution": {"time": 0.011383169, "max_depth": 70, "is_feasible": true}, "AVD": 15.60583907589002}