{"name": "random-70-7.60-44.json", "solution": {"time": 0.005432758, "max_depth": 70, "is_feasible": true}, "AVD": 15.02207553217748}