{"name": "random-70-7.12-24.json", "solution": {"time": 0.010550117, "max_depth": 70, "is_feasible": true}, "AVD": 14.626286652123278}