{"name": "random-70-14.08-39.json", "solution": {"time": 0.005945846, "max_depth": 70, "is_feasible": true}, "AVD": 20.40757344582859}