{"name": "random-70-8.32-1.json", "solution": {"time": 0.005383841, "max_depth": 70, "is_feasible": true}, "AVD": 15.673158082280464}