{"name": "random-70-10.48-13.json", "solution": {"time": 0.004013975, "max_depth": 70, "is_feasible": true}, "AVD": 17.51670443502072}