{"name": "random-70-9.52-35.json", "solution": {"time": 0.005605574, "max_depth": 70, "is_feasible": true}, "AVD": 16.71659484053356}