{"name": "random-70-4.48-16.json", "solution": {"time": 0.011692375, "max_depth": 2, "is_feasible": false}, "AVD": 12.156966988137615}