{"name": "random-70-7.84-35.json", "solution": {"time": 0.00890662, "max_depth": 70, "is_feasible": true}, "AVD": 15.266743351886118}