{"name": "random-70-9.04-29.json", "solution": {"time": 0.005512846, "max_depth": 70, "is_feasible": true}, "AVD": 16.279805901581348}