{"name": "random-70-4.48-40.json", "solution": {"time": 0.013155965, "max_depth": 3, "is_feasible": false}, "AVD": 12.167347094515295}