{"name": "random-70-13.60-46.json", "solution": {"time": 0.003881977, "max_depth": 70, "is_feasible": true}, "AVD": 20.043914067791643}