{"name": "random-70-13.36-35.json", "solution": {"time": 0.00385113, "max_depth": 70, "is_feasible": true}, "AVD": 19.85171832022855}