{"name": "random-70-14.08-25.json", "solution": {"time": 0.004660205, "max_depth": 70, "is_feasible": true}, "AVD": 20.395315663927942}