{"name": "random-70-12.64-2.json", "solution": {"time": 0.004737363, "max_depth": 70, "is_feasible": true}, "AVD": 19.179125524135745}