{"name": "random-70-15.28-7.json", "solution": {"time": 0.003766647, "max_depth": 70, "is_feasible": true}, "AVD": 21.36299253467625}