{"name": "random-70-15.28-43.json", "solution": {"time": 0.004226831, "max_depth": 70, "is_feasible": true}, "AVD": 21.38125323202878}