{"name": "random-70-4.24-6.json", "solution": {"time": 0.013681927, "max_depth": 3, "is_feasible": false}, "AVD": 11.924578316241439}