{"name": "random-70-11.44-15.json", "solution": {"time": 0.004314043, "max_depth": 70, "is_feasible": true}, "AVD": 18.294468798774915}