{"name": "random-70-6.88-33.json", "solution": {"time": 0.015080153, "max_depth": 70, "is_feasible": true}, "AVD": 14.410241205506415}