{"name": "random-70-14.08-34.json", "solution": {"time": 0.004321922, "max_depth": 70, "is_feasible": true}, "AVD": 20.402799243840096}