{"name": "random-70-10.96-15.json", "solution": {"time": 0.00420316, "max_depth": 70, "is_feasible": true}, "AVD": 17.895461009512026}