{"name": "random-70-11.68-49.json", "solution": {"time": 0.004388957, "max_depth": 70, "is_feasible": true}, "AVD": 18.49227751273669}