{"name": "random-70-4.48-39.json", "solution": {"time": 0.012096111, "max_depth": 3, "is_feasible": false}, "AVD": 12.19030716449069}