{"name": "random-70-5.92-5.json", "solution": {"time": 0.023257917, "max_depth": 8, "is_feasible": false}, "AVD": 13.577718071044481}