{"name": "random-70-13.36-7.json", "solution": {"time": 0.004588167, "max_depth": 70, "is_feasible": true}, "AVD": 19.801901343554416}