{"name": "random-70-13.84-7.json", "solution": {"time": 0.004539651, "max_depth": 70, "is_feasible": true}, "AVD": 20.204231540568294}