{"name": "random-70-11.44-34.json", "solution": {"time": 0.004544054, "max_depth": 70, "is_feasible": true}, "AVD": 18.28963605215645}