{"name": "random-70-14.32-0.json", "solution": {"time": 0.00389449, "max_depth": 70, "is_feasible": true}, "AVD": 20.601239725127517}