{"name": "random-70-6.64-25.json", "solution": {"time": 0.021592686, "max_depth": 70, "is_feasible": true}, "AVD": 14.184993234656387}