{"name": "random-70-5.20-36.json", "solution": {"time": 0.01756772, "max_depth": 5, "is_feasible": false}, "AVD": 12.883156080880443}