{"name": "random-70-13.60-42.json", "solution": {"time": 0.004805312, "max_depth": 70, "is_feasible": true}, "AVD": 20.02354503999404}