{"name": "random-70-15.76-43.json", "solution": {"time": 0.003575964, "max_depth": 70, "is_feasible": true}, "AVD": 21.733274773978895}