{"name": "random-70-16.00-42.json", "solution": {"time": 0.004272773, "max_depth": 70, "is_feasible": true}, "AVD": 21.936556365403355}