{"name": "random-70-13.12-31.json", "solution": {"time": 0.004155416, "max_depth": 70, "is_feasible": true}, "AVD": 19.66192708425363}