{"name": "random-70-6.64-26.json", "solution": {"time": 0.00933294, "max_depth": 70, "is_feasible": true}, "AVD": 14.152433654780468}