{"name": "random-70-10.96-27.json", "solution": {"time": 0.004235146, "max_depth": 70, "is_feasible": true}, "AVD": 17.862434520128375}