{"name": "random-70-9.52-11.json", "solution": {"time": 0.005810971, "max_depth": 70, "is_feasible": true}, "AVD": 16.657363356597997}