{"name": "random-70-5.20-37.json", "solution": {"time": 0.013068305, "max_depth": 4, "is_feasible": false}, "AVD": 12.860648485301416}