{"name": "random-70-13.60-27.json", "solution": {"time": 0.008554357, "max_depth": 70, "is_feasible": true}, "AVD": 20.03810664958628}