{"name": "random-70-6.88-11.json", "solution": {"time": 0.023273106, "max_depth": 70, "is_feasible": true}, "AVD": 14.398151498161587}