{"name": "random-70-7.84-22.json", "solution": {"time": 0.006435799, "max_depth": 70, "is_feasible": true}, "AVD": 15.25806266296054}