{"name": "random-70-7.60-34.json", "solution": {"time": 0.012711812, "max_depth": 70, "is_feasible": true}, "AVD": 15.07407852351721}