{"name": "random-70-10.24-18.json", "solution": {"time": 0.005842171, "max_depth": 70, "is_feasible": true}, "AVD": 17.27258482787051}