{"name": "random-70-6.16-24.json", "solution": {"time": 0.033287671, "max_depth": 9, "is_feasible": false}, "AVD": 13.736200555680018}