{"name": "random-70-4.48-36.json", "solution": {"time": 0.012107102, "max_depth": 2, "is_feasible": false}, "AVD": 12.188463732412574}