{"name": "random-70-9.28-21.json", "solution": {"time": 0.004641037, "max_depth": 70, "is_feasible": true}, "AVD": 16.47206574264732}