{"name": "random-70-13.84-4.json", "solution": {"time": 0.00712904, "max_depth": 70, "is_feasible": true}, "AVD": 20.221417204111116}