{"name": "random-70-7.36-28.json", "solution": {"time": 0.009565256, "max_depth": 70, "is_feasible": true}, "AVD": 14.844835846692877}