{"name": "random-70-10.48-1.json", "solution": {"time": 0.005062712, "max_depth": 70, "is_feasible": true}, "AVD": 17.484728612657154}