{"name": "random-70-9.28-41.json", "solution": {"time": 0.004921363, "max_depth": 70, "is_feasible": true}, "AVD": 16.475837689521317}