{"name": "random-70-11.44-40.json", "solution": {"time": 0.004739995, "max_depth": 70, "is_feasible": true}, "AVD": 18.279545145330854}