{"name": "random-70-12.16-33.json", "solution": {"time": 0.008761034, "max_depth": 70, "is_feasible": true}, "AVD": 18.875814883529166}