{"name": "random-70-14.80-39.json", "solution": {"time": 0.00382828, "max_depth": 70, "is_feasible": true}, "AVD": 20.971295506081272}