{"name": "random-70-8.80-8.json", "solution": {"time": 0.006282244, "max_depth": 70, "is_feasible": true}, "AVD": 16.095487864742907}