{"name": "random-70-16.00-29.json", "solution": {"time": 0.004034935, "max_depth": 70, "is_feasible": true}, "AVD": 21.947401758105887}