{"name": "random-70-12.16-26.json", "solution": {"time": 0.004085259, "max_depth": 70, "is_feasible": true}, "AVD": 18.89591973672585}