{"name": "random-70-11.44-35.json", "solution": {"time": 0.004464337, "max_depth": 70, "is_feasible": true}, "AVD": 18.302048237476793}