{"name": "random-70-5.92-25.json", "solution": {"time": 0.024835671, "max_depth": 9, "is_feasible": false}, "AVD": 13.51299288126825}