{"name": "random-70-14.32-33.json", "solution": {"time": 0.003750127, "max_depth": 70, "is_feasible": true}, "AVD": 20.61874915334102}