{"name": "random-70-4.00-49.json", "solution": {"time": 0.012686923, "max_depth": 3, "is_feasible": false}, "AVD": 11.662095478217775}