{"name": "random-70-8.56-35.json", "solution": {"time": 0.004699439, "max_depth": 70, "is_feasible": true}, "AVD": 15.89910794534257}