{"name": "random-70-10.72-0.json", "solution": {"time": 0.003892434, "max_depth": 70, "is_feasible": true}, "AVD": 17.646634430195622}