{"name": "random-70-11.68-31.json", "solution": {"time": 0.004617221, "max_depth": 70, "is_feasible": true}, "AVD": 18.46466567785954}