{"name": "random-70-13.12-45.json", "solution": {"time": 0.004292813, "max_depth": 70, "is_feasible": true}, "AVD": 19.641558780222056}