{"name": "random-70-9.76-16.json", "solution": {"time": 0.006006093, "max_depth": 70, "is_feasible": true}, "AVD": 16.85676322996726}