{"name": "random-70-12.40-7.json", "solution": {"time": 0.004387051, "max_depth": 70, "is_feasible": true}, "AVD": 19.038533731574546}