{"name": "random-70-8.56-22.json", "solution": {"time": 0.006331597, "max_depth": 70, "is_feasible": true}, "AVD": 15.867080172661739}