{"name": "random-70-5.92-16.json", "solution": {"time": 0.011463907, "max_depth": 2, "is_feasible": false}, "AVD": 13.553004890734044}