{"name": "random-70-9.76-28.json", "solution": {"time": 0.005358404, "max_depth": 70, "is_feasible": true}, "AVD": 16.88497128721614}