{"name": "random-70-11.68-24.json", "solution": {"time": 0.00409587, "max_depth": 70, "is_feasible": true}, "AVD": 18.456468062549696}