{"name": "random-70-7.60-36.json", "solution": {"time": 0.010849658, "max_depth": 70, "is_feasible": true}, "AVD": 15.029883922200165}