{"name": "random-70-14.32-19.json", "solution": {"time": 0.005811528, "max_depth": 70, "is_feasible": true}, "AVD": 20.587847319347365}