{"name": "random-70-9.76-26.json", "solution": {"time": 0.004610405, "max_depth": 70, "is_feasible": true}, "AVD": 16.921587816944914}