{"name": "random-70-7.36-20.json", "solution": {"time": 0.018049379, "max_depth": 70, "is_feasible": true}, "AVD": 14.830925948201376}