{"name": "random-70-13.36-30.json", "solution": {"time": 0.004197948, "max_depth": 70, "is_feasible": true}, "AVD": 19.79896751774305}