{"name": "random-70-10.00-26.json", "solution": {"time": 0.004904849, "max_depth": 70, "is_feasible": true}, "AVD": 17.11558903907879}