{"name": "random-70-9.28-45.json", "solution": {"time": 0.005327808, "max_depth": 70, "is_feasible": true}, "AVD": 16.454202312426748}