{"name": "random-70-10.96-19.json", "solution": {"time": 0.007698906, "max_depth": 70, "is_feasible": true}, "AVD": 17.85798440448439}