{"name": "random-70-6.16-4.json", "solution": {"time": 0.023480393, "max_depth": 10, "is_feasible": false}, "AVD": 13.792318317736553}