{"name": "random-70-7.12-22.json", "solution": {"time": 0.032477735, "max_depth": 13, "is_feasible": false}, "AVD": 14.62274992920902}