{"name": "random-70-12.40-42.json", "solution": {"time": 0.004420193, "max_depth": 70, "is_feasible": true}, "AVD": 19.05213072188582}