{"name": "random-70-13.84-8.json", "solution": {"time": 0.005079462, "max_depth": 70, "is_feasible": true}, "AVD": 20.216286185469894}