{"name": "random-70-4.24-40.json", "solution": {"time": 0.013423864, "max_depth": 3, "is_feasible": false}, "AVD": 11.893595231232517}