{"name": "random-70-4.00-8.json", "solution": {"time": 0.011663156, "max_depth": 2, "is_feasible": false}, "AVD": 11.76753057713247}