{"name": "random-70-15.76-15.json", "solution": {"time": 0.005089972, "max_depth": 70, "is_feasible": true}, "AVD": 21.79051992225467}