{"name": "random-70-13.36-6.json", "solution": {"time": 0.003973766, "max_depth": 70, "is_feasible": true}, "AVD": 19.789020157846704}