{"name": "random-70-10.00-21.json", "solution": {"time": 0.005096051, "max_depth": 70, "is_feasible": true}, "AVD": 17.08311799991388}