{"name": "random-70-14.80-12.json", "solution": {"time": 0.008560394, "max_depth": 70, "is_feasible": true}, "AVD": 21.00251507336206}