{"name": "random-70-11.44-29.json", "solution": {"time": 0.004752886, "max_depth": 70, "is_feasible": true}, "AVD": 18.291282298200656}