{"name": "random-70-4.24-25.json", "solution": {"time": 0.013599202, "max_depth": 5, "is_feasible": false}, "AVD": 11.904709129305902}