{"name": "random-70-13.60-30.json", "solution": {"time": 0.004552098, "max_depth": 70, "is_feasible": true}, "AVD": 19.99956964690641}