{"name": "random-70-10.00-44.json", "solution": {"time": 0.004496428, "max_depth": 70, "is_feasible": true}, "AVD": 17.052785930622623}