{"name": "random-70-12.16-20.json", "solution": {"time": 0.007822582, "max_depth": 70, "is_feasible": true}, "AVD": 18.90785761404129}