{"name": "random-70-13.84-32.json", "solution": {"time": 0.004224559, "max_depth": 70, "is_feasible": true}, "AVD": 20.145080233825166}