{"name": "random-70-15.76-16.json", "solution": {"time": 0.004242434, "max_depth": 70, "is_feasible": true}, "AVD": 21.747040080101353}