{"name": "random-70-10.72-27.json", "solution": {"time": 0.004992393, "max_depth": 70, "is_feasible": true}, "AVD": 17.658313440527706}