{"name": "random-70-12.64-9.json", "solution": {"time": 0.003930329, "max_depth": 70, "is_feasible": true}, "AVD": 19.206647451188275}