{"name": "random-70-8.08-25.json", "solution": {"time": 0.006633153, "max_depth": 70, "is_feasible": true}, "AVD": 15.461068258272261}