{"name": "random-70-11.44-21.json", "solution": {"time": 0.004010417, "max_depth": 70, "is_feasible": true}, "AVD": 18.25241734909081}