{"name": "random-70-9.04-36.json", "solution": {"time": 0.007525608, "max_depth": 70, "is_feasible": true}, "AVD": 16.27050285428851}