{"name": "random-70-10.00-2.json", "solution": {"time": 0.008342848, "max_depth": 70, "is_feasible": true}, "AVD": 17.024511367317455}