{"name": "random-70-11.92-25.json", "solution": {"time": 0.004092139, "max_depth": 70, "is_feasible": true}, "AVD": 18.660935182731098}