{"name": "random-70-4.24-14.json", "solution": {"time": 0.016839666, "max_depth": 3, "is_feasible": false}, "AVD": 11.959381651228432}