{"name": "random-70-11.20-3.json", "solution": {"time": 0.004254754, "max_depth": 70, "is_feasible": true}, "AVD": 18.1135306688776}