{"name": "random-70-13.12-39.json", "solution": {"time": 0.007859967, "max_depth": 70, "is_feasible": true}, "AVD": 19.626262950201756}