{"name": "random-70-10.00-19.json", "solution": {"time": 0.004603494, "max_depth": 70, "is_feasible": true}, "AVD": 17.061900798747704}