{"name": "random-70-6.64-32.json", "solution": {"time": 0.012336678, "max_depth": 5, "is_feasible": false}, "AVD": 14.178300007248879}