{"name": "random-70-4.24-30.json", "solution": {"time": 0.012765246, "max_depth": 0, "is_feasible": false}, "AVD": 11.869835146712523}