{"name": "random-70-12.16-32.json", "solution": {"time": 0.004966417, "max_depth": 70, "is_feasible": true}, "AVD": 18.796518273110113}