{"name": "random-70-4.72-32.json", "solution": {"time": 0.011887775, "max_depth": 4, "is_feasible": false}, "AVD": 12.432126160687236}