{"name": "random-70-7.12-3.json", "solution": {"time": 0.023659513, "max_depth": 8, "is_feasible": false}, "AVD": 14.67005262311376}