{"name": "random-70-12.16-5.json", "solution": {"time": 0.004361921, "max_depth": 70, "is_feasible": true}, "AVD": 18.798313293282675}