{"name": "random-70-8.80-19.json", "solution": {"time": 0.005114585, "max_depth": 70, "is_feasible": true}, "AVD": 16.048197394442237}