{"name": "random-70-7.12-47.json", "solution": {"time": 0.019195624, "max_depth": 7, "is_feasible": false}, "AVD": 14.619389161858447}