{"name": "random-70-15.76-28.json", "solution": {"time": 0.003524599, "max_depth": 70, "is_feasible": true}, "AVD": 21.741415613864632}