{"name": "random-70-7.36-6.json", "solution": {"time": 0.021540285, "max_depth": 9, "is_feasible": false}, "AVD": 14.805601857326252}