{"name": "random-70-5.68-23.json", "solution": {"time": 0.011478224, "max_depth": 2, "is_feasible": false}, "AVD": 13.34194051073629}