{"name": "random-70-6.64-22.json", "solution": {"time": 0.01886056, "max_depth": 7, "is_feasible": false}, "AVD": 14.202885615518161}