{"name": "random-70-11.68-1.json", "solution": {"time": 0.00473595, "max_depth": 70, "is_feasible": true}, "AVD": 18.480016594516595}