{"name": "random-70-6.40-33.json", "solution": {"time": 0.021439546, "max_depth": 11, "is_feasible": false}, "AVD": 13.971411246349902}