{"name": "random-70-9.76-20.json", "solution": {"time": 0.005969849, "max_depth": 70, "is_feasible": true}, "AVD": 16.860074137880215}