{"name": "random-70-15.04-34.json", "solution": {"time": 0.004657735, "max_depth": 70, "is_feasible": true}, "AVD": 21.180846600111952}