{"name": "random-70-4.96-16.json", "solution": {"time": 0.011353231, "max_depth": 2, "is_feasible": false}, "AVD": 12.639171978814684}