{"name": "random-70-4.48-20.json", "solution": {"time": 0.012565841, "max_depth": 3, "is_feasible": false}, "AVD": 12.182102231102064}