{"name": "random-70-10.48-37.json", "solution": {"time": 0.005124137, "max_depth": 70, "is_feasible": true}, "AVD": 17.52290075683951}