{"name": "random-70-8.56-31.json", "solution": {"time": 0.004824157, "max_depth": 70, "is_feasible": true}, "AVD": 15.877451659451582}