{"name": "random-70-14.32-29.json", "solution": {"time": 0.00353238, "max_depth": 70, "is_feasible": true}, "AVD": 20.626415363548052}