{"name": "random-70-10.24-1.json", "solution": {"time": 0.004877318, "max_depth": 70, "is_feasible": true}, "AVD": 17.28319499661333}