{"name": "random-70-11.20-35.json", "solution": {"time": 0.004834, "max_depth": 70, "is_feasible": true}, "AVD": 18.108712960508857}