{"name": "random-70-10.96-4.json", "solution": {"time": 0.004696358, "max_depth": 70, "is_feasible": true}, "AVD": 17.890773257354876}