{"name": "random-70-4.48-19.json", "solution": {"time": 0.012290361, "max_depth": 3, "is_feasible": false}, "AVD": 12.185378128607278}