{"name": "random-70-6.16-1.json", "solution": {"time": 0.019327618, "max_depth": 8, "is_feasible": false}, "AVD": 13.77300482227512}