{"name": "random-70-13.60-14.json", "solution": {"time": 0.006553322, "max_depth": 70, "is_feasible": true}, "AVD": 19.978942073799242}