{"name": "random-70-4.72-45.json", "solution": {"time": 0.012664419, "max_depth": 3, "is_feasible": false}, "AVD": 12.361623186903643}