{"name": "random-70-15.52-21.json", "solution": {"time": 0.004364558, "max_depth": 70, "is_feasible": true}, "AVD": 21.545873413434677}