{"name": "random-70-13.36-41.json", "solution": {"time": 0.004290693, "max_depth": 70, "is_feasible": true}, "AVD": 19.846830889065608}