{"name": "random-70-14.32-39.json", "solution": {"time": 0.004286136, "max_depth": 70, "is_feasible": true}, "AVD": 20.59212284654126}