{"name": "random-70-6.64-23.json", "solution": {"time": 0.016059996, "max_depth": 4, "is_feasible": false}, "AVD": 14.199153717031143}