{"name": "random-70-8.80-17.json", "solution": {"time": 0.005771428, "max_depth": 70, "is_feasible": true}, "AVD": 16.100809877197577}