{"name": "random-70-4.00-26.json", "solution": {"time": 0.012100614, "max_depth": 2, "is_feasible": false}, "AVD": 11.645820674223572}