{"name": "random-70-12.16-48.json", "solution": {"time": 0.00579188, "max_depth": 70, "is_feasible": true}, "AVD": 18.795643561653765}