{"name": "random-70-13.84-22.json", "solution": {"time": 0.004177166, "max_depth": 70, "is_feasible": true}, "AVD": 20.189846288632026}