{"name": "random-70-13.36-12.json", "solution": {"time": 0.004771181, "max_depth": 70, "is_feasible": true}, "AVD": 19.836641630478386}