{"name": "random-70-5.68-48.json", "solution": {"time": 0.020039219, "max_depth": 5, "is_feasible": false}, "AVD": 13.278280583928407}