{"name": "random-70-5.20-48.json", "solution": {"time": 0.016846957, "max_depth": 2, "is_feasible": false}, "AVD": 12.825382784448959}