{"name": "random-70-9.76-48.json", "solution": {"time": 0.005619495, "max_depth": 70, "is_feasible": true}, "AVD": 16.791466425864336}