{"name": "random-70-8.56-32.json", "solution": {"time": 0.00931106, "max_depth": 70, "is_feasible": true}, "AVD": 15.847630086466753}