{"name": "random-70-13.84-6.json", "solution": {"time": 0.004026691, "max_depth": 70, "is_feasible": true}, "AVD": 20.1810266366287}