{"name": "random-70-5.68-10.json", "solution": {"time": 0.015154682, "max_depth": 4, "is_feasible": false}, "AVD": 13.350735715531513}