{"name": "random-70-7.36-7.json", "solution": {"time": 0.021049531, "max_depth": 70, "is_feasible": true}, "AVD": 14.817846261381561}