{"name": "random-70-15.76-26.json", "solution": {"time": 0.005531377, "max_depth": 70, "is_feasible": true}, "AVD": 21.785356494978995}