{"name": "random-70-8.80-20.json", "solution": {"time": 0.010675379, "max_depth": 70, "is_feasible": true}, "AVD": 16.060355537886082}