{"name": "random-70-14.08-16.json", "solution": {"time": 0.004200191, "max_depth": 70, "is_feasible": true}, "AVD": 20.405827561327584}