{"name": "random-70-10.72-3.json", "solution": {"time": 0.005470867, "max_depth": 70, "is_feasible": true}, "AVD": 17.717453247432815}