{"name": "random-70-6.16-42.json", "solution": {"time": 0.022842977, "max_depth": 12, "is_feasible": false}, "AVD": 13.772195450807553}