{"name": "random-70-14.08-26.json", "solution": {"time": 0.004633992, "max_depth": 70, "is_feasible": true}, "AVD": 20.45008730158733}