{"name": "random-70-5.68-28.json", "solution": {"time": 0.016723578, "max_depth": 5, "is_feasible": false}, "AVD": 13.303998282896087}