{"name": "random-70-12.40-35.json", "solution": {"time": 0.004521864, "max_depth": 70, "is_feasible": true}, "AVD": 19.057241555496667}