{"name": "random-70-11.44-14.json", "solution": {"time": 0.003894511, "max_depth": 70, "is_feasible": true}, "AVD": 18.230097932679556}