{"name": "random-70-4.48-28.json", "solution": {"time": 0.014097792, "max_depth": 4, "is_feasible": false}, "AVD": 12.141540854836594}