{"name": "random-70-6.64-37.json", "solution": {"time": 0.024029067, "max_depth": 70, "is_feasible": true}, "AVD": 14.210430876379737}