{"name": "random-70-6.64-35.json", "solution": {"time": 0.005097702, "max_depth": 70, "is_feasible": true}, "AVD": 14.180171666202176}