{"name": "random-70-10.72-46.json", "solution": {"time": 0.005463302, "max_depth": 70, "is_feasible": true}, "AVD": 17.650444736669197}