{"name": "random-70-13.36-3.json", "solution": {"time": 0.004215321, "max_depth": 70, "is_feasible": true}, "AVD": 19.877809361839994}