{"name": "random-70-11.20-20.json", "solution": {"time": 0.004997532, "max_depth": 70, "is_feasible": true}, "AVD": 18.100789572105878}