{"name": "random-70-4.96-40.json", "solution": {"time": 0.01318738, "max_depth": 3, "is_feasible": false}, "AVD": 12.64194343978002}