{"name": "random-70-6.40-29.json", "solution": {"time": 0.018522723, "max_depth": 7, "is_feasible": false}, "AVD": 13.974856694325954}