{"name": "random-70-15.52-22.json", "solution": {"time": 0.004234252, "max_depth": 70, "is_feasible": true}, "AVD": 21.557050210560465}