{"name": "random-70-5.68-13.json", "solution": {"time": 0.013247406, "max_depth": 4, "is_feasible": false}, "AVD": 13.354420086715864}