{"name": "random-70-10.00-20.json", "solution": {"time": 0.004578382, "max_depth": 70, "is_feasible": true}, "AVD": 17.083941484818993}