{"name": "random-70-4.72-36.json", "solution": {"time": 0.011441634, "max_depth": 2, "is_feasible": false}, "AVD": 12.417067967180076}