{"name": "random-70-8.80-26.json", "solution": {"time": 0.004687789, "max_depth": 70, "is_feasible": true}, "AVD": 16.10251603498536}