{"name": "random-70-11.92-43.json", "solution": {"time": 0.005215492, "max_depth": 70, "is_feasible": true}, "AVD": 18.659747563094502}