{"name": "random-70-12.16-12.json", "solution": {"time": 0.00582394, "max_depth": 70, "is_feasible": true}, "AVD": 18.835382418035472}