{"name": "random-70-15.52-46.json", "solution": {"time": 0.006632202, "max_depth": 70, "is_feasible": true}, "AVD": 21.633662131519316}