{"name": "random-70-15.04-26.json", "solution": {"time": 0.004286938, "max_depth": 70, "is_feasible": true}, "AVD": 21.227993845157144}