{"name": "random-70-9.76-35.json", "solution": {"time": 0.006920513, "max_depth": 70, "is_feasible": true}, "AVD": 16.920787010042066}