{"name": "random-70-14.56-16.json", "solution": {"time": 0.004572596, "max_depth": 70, "is_feasible": true}, "AVD": 20.79098013664344}