{"name": "random-70-12.40-38.json", "solution": {"time": 0.004528644, "max_depth": 70, "is_feasible": true}, "AVD": 19.041173467122455}