{"name": "random-70-14.08-30.json", "solution": {"time": 0.004182378, "max_depth": 70, "is_feasible": true}, "AVD": 20.383376741172686}