{"name": "random-70-11.44-24.json", "solution": {"time": 0.004643228, "max_depth": 70, "is_feasible": true}, "AVD": 18.253622419530576}