{"name": "random-70-6.40-9.json", "solution": {"time": 0.015372894, "max_depth": 5, "is_feasible": false}, "AVD": 13.972785999714443}