{"name": "random-70-15.04-33.json", "solution": {"time": 0.005752238, "max_depth": 70, "is_feasible": true}, "AVD": 21.199133433460002}