{"name": "random-70-8.08-22.json", "solution": {"time": 0.010928892, "max_depth": 70, "is_feasible": true}, "AVD": 15.468440378215814}