{"name": "random-70-6.16-3.json", "solution": {"time": 0.020917132, "max_depth": 7, "is_feasible": false}, "AVD": 13.81574115566961}