{"name": "random-70-7.60-35.json", "solution": {"time": 0.004695752, "max_depth": 70, "is_feasible": true}, "AVD": 15.04715499013449}