{"name": "random-70-8.08-3.json", "solution": {"time": 0.005074326, "max_depth": 70, "is_feasible": true}, "AVD": 15.499852708515913}