{"name": "random-70-6.64-44.json", "solution": {"time": 0.016218658, "max_depth": 7, "is_feasible": false}, "AVD": 14.134376094427001}