{"name": "random-70-5.92-39.json", "solution": {"time": 0.014870945, "max_depth": 6, "is_feasible": false}, "AVD": 13.570700355200243}