{"name": "random-70-5.92-21.json", "solution": {"time": 0.019918119, "max_depth": 8, "is_feasible": false}, "AVD": 13.505948305662459}