{"name": "random-70-6.40-5.json", "solution": {"time": 0.028877649, "max_depth": 9, "is_feasible": false}, "AVD": 13.99509359461389}