{"name": "random-70-9.28-20.json", "solution": {"time": 0.010087086, "max_depth": 70, "is_feasible": true}, "AVD": 16.473405674823983}