{"name": "random-70-6.88-34.json", "solution": {"time": 0.021543993, "max_depth": 9, "is_feasible": false}, "AVD": 14.444407304713312}