{"name": "random-70-4.96-43.json", "solution": {"time": 0.01323034, "max_depth": 3, "is_feasible": false}, "AVD": 12.68287329337313}