{"name": "random-70-15.76-9.json", "solution": {"time": 0.006317686, "max_depth": 70, "is_feasible": true}, "AVD": 21.713207556615764}