{"name": "random-70-14.32-7.json", "solution": {"time": 0.00416293, "max_depth": 70, "is_feasible": true}, "AVD": 20.601586489474276}