{"name": "random-70-4.96-8.json", "solution": {"time": 0.012182093, "max_depth": 3, "is_feasible": false}, "AVD": 12.661717933993298}