{"name": "random-70-6.16-22.json", "solution": {"time": 0.017959704, "max_depth": 7, "is_feasible": false}, "AVD": 13.768398332959439}