{"name": "random-70-10.72-40.json", "solution": {"time": 0.005263739, "max_depth": 70, "is_feasible": true}, "AVD": 17.711523191094603}