{"name": "random-70-7.36-34.json", "solution": {"time": 0.033813719, "max_depth": 12, "is_feasible": false}, "AVD": 14.870026442944711}