{"name": "random-70-5.44-8.json", "solution": {"time": 0.018848402, "max_depth": 3, "is_feasible": false}, "AVD": 13.1321070675355}