{"name": "random-70-5.68-21.json", "solution": {"time": 0.018808713, "max_depth": 7, "is_feasible": false}, "AVD": 13.278990960286743}