{"name": "random-70-14.32-25.json", "solution": {"time": 0.003827945, "max_depth": 70, "is_feasible": true}, "AVD": 20.58823590128696}