{"name": "random-70-9.04-1.json", "solution": {"time": 0.004996858, "max_depth": 70, "is_feasible": true}, "AVD": 16.28839314427064}