{"name": "random-70-16.00-8.json", "solution": {"time": 0.003504803, "max_depth": 70, "is_feasible": true}, "AVD": 21.95463515622705}