{"name": "random-70-9.76-21.json", "solution": {"time": 0.006307321, "max_depth": 70, "is_feasible": true}, "AVD": 16.87661540840108}