{"name": "random-70-15.04-15.json", "solution": {"time": 0.008308595, "max_depth": 70, "is_feasible": true}, "AVD": 21.197335276967976}