{"name": "random-70-16.00-27.json", "solution": {"time": 0.008297401, "max_depth": 70, "is_feasible": true}, "AVD": 21.940282312925223}