{"name": "random-70-5.68-11.json", "solution": {"time": 0.014699535, "max_depth": 5, "is_feasible": false}, "AVD": 13.29263362827634}