{"name": "random-70-11.92-17.json", "solution": {"time": 0.004281807, "max_depth": 70, "is_feasible": true}, "AVD": 18.648192316753548}