{"name": "random-70-12.88-5.json", "solution": {"time": 0.004982842, "max_depth": 70, "is_feasible": true}, "AVD": 19.40583928203317}