{"name": "random-70-4.48-11.json", "solution": {"time": 0.012540013, "max_depth": 2, "is_feasible": false}, "AVD": 12.126557611322756}