{"name": "random-70-8.32-43.json", "solution": {"time": 0.007401556, "max_depth": 70, "is_feasible": true}, "AVD": 15.69027329926302}