{"name": "random-70-16.00-9.json", "solution": {"time": 0.004312326, "max_depth": 70, "is_feasible": true}, "AVD": 21.9131897399653}