{"name": "random-70-11.92-48.json", "solution": {"time": 0.004594629, "max_depth": 70, "is_feasible": true}, "AVD": 18.585885470538518}