{"name": "random-70-15.04-5.json", "solution": {"time": 0.004183286, "max_depth": 70, "is_feasible": true}, "AVD": 21.119620416998}