{"name": "random-70-8.80-5.json", "solution": {"time": 0.005796243, "max_depth": 70, "is_feasible": true}, "AVD": 16.043888091500275}