{"name": "random-70-8.56-38.json", "solution": {"time": 0.006102285, "max_depth": 70, "is_feasible": true}, "AVD": 15.857370449278552}