{"name": "random-70-12.88-19.json", "solution": {"time": 0.004086165, "max_depth": 70, "is_feasible": true}, "AVD": 19.431621195131413}