{"name": "random-70-13.36-28.json", "solution": {"time": 0.003980217, "max_depth": 70, "is_feasible": true}, "AVD": 19.821229434964142}