{"name": "random-70-14.32-17.json", "solution": {"time": 0.004020803, "max_depth": 70, "is_feasible": true}, "AVD": 20.621228936596324}