{"name": "random-70-9.76-49.json", "solution": {"time": 0.005274225, "max_depth": 70, "is_feasible": true}, "AVD": 16.87955204885813}