{"name": "random-70-11.68-48.json", "solution": {"time": 0.004409818, "max_depth": 70, "is_feasible": true}, "AVD": 18.37196548349608}