{"name": "random-70-13.60-41.json", "solution": {"time": 0.008238821, "max_depth": 70, "is_feasible": true}, "AVD": 20.044536104485115}