{"name": "random-70-6.64-24.json", "solution": {"time": 0.013288345, "max_depth": 70, "is_feasible": true}, "AVD": 14.178129600558057}