{"name": "random-70-10.96-13.json", "solution": {"time": 0.009616382, "max_depth": 70, "is_feasible": true}, "AVD": 17.896853535353507}