{"name": "random-70-7.12-11.json", "solution": {"time": 0.019109145, "max_depth": 70, "is_feasible": true}, "AVD": 14.608370628237866}