{"name": "random-70-13.36-31.json", "solution": {"time": 0.004347975, "max_depth": 70, "is_feasible": true}, "AVD": 19.861368775215734}