{"name": "random-70-13.60-18.json", "solution": {"time": 0.007274665, "max_depth": 70, "is_feasible": true}, "AVD": 20.01874196778281}