{"name": "random-70-9.28-42.json", "solution": {"time": 0.006738562, "max_depth": 70, "is_feasible": true}, "AVD": 16.496883760230624}