{"name": "random-70-4.24-42.json", "solution": {"time": 0.013658471, "max_depth": 4, "is_feasible": false}, "AVD": 11.9369430948868}