{"name": "random-70-15.04-20.json", "solution": {"time": 0.004341449, "max_depth": 70, "is_feasible": true}, "AVD": 21.207788629737653}