{"name": "random-70-8.32-40.json", "solution": {"time": 0.010676411, "max_depth": 70, "is_feasible": true}, "AVD": 15.733593189123734}