{"name": "random-70-10.48-40.json", "solution": {"time": 0.004750877, "max_depth": 70, "is_feasible": true}, "AVD": 17.521614865859743}