{"name": "random-70-6.40-26.json", "solution": {"time": 0.022066014, "max_depth": 14, "is_feasible": false}, "AVD": 13.940088743455965}