{"name": "random-70-4.24-1.json", "solution": {"time": 0.01296551, "max_depth": 4, "is_feasible": false}, "AVD": 11.95143305164208}