{"name": "random-70-9.52-19.json", "solution": {"time": 0.005165795, "max_depth": 70, "is_feasible": true}, "AVD": 16.649575151605728}