{"name": "random-70-7.84-2.json", "solution": {"time": 0.010719845, "max_depth": 70, "is_feasible": true}, "AVD": 15.206989791387667}