{"name": "random-70-12.88-48.json", "solution": {"time": 0.00426804, "max_depth": 70, "is_feasible": true}, "AVD": 19.391978117120978}