{"name": "random-70-9.76-12.json", "solution": {"time": 0.004473702, "max_depth": 70, "is_feasible": true}, "AVD": 16.881849201818547}