{"name": "random-70-13.36-8.json", "solution": {"time": 0.004572688, "max_depth": 70, "is_feasible": true}, "AVD": 19.81583882557355}