{"name": "random-70-9.28-44.json", "solution": {"time": 0.008023356, "max_depth": 70, "is_feasible": true}, "AVD": 16.472876280182348}