{"name": "random-70-9.28-1.json", "solution": {"time": 0.004613368, "max_depth": 70, "is_feasible": true}, "AVD": 16.492055275789923}