{"name": "random-70-8.80-18.json", "solution": {"time": 0.009432677, "max_depth": 70, "is_feasible": true}, "AVD": 16.076986394557753}