{"name": "random-70-12.64-28.json", "solution": {"time": 0.006117786, "max_depth": 70, "is_feasible": true}, "AVD": 19.238867906469956}