{"name": "random-70-15.52-35.json", "solution": {"time": 0.006004277, "max_depth": 70, "is_feasible": true}, "AVD": 21.593885237211822}