{"name": "random-70-6.40-35.json", "solution": {"time": 0.005247918, "max_depth": 70, "is_feasible": true}, "AVD": 13.97776189116994}