{"name": "random-70-9.04-5.json", "solution": {"time": 0.007442911, "max_depth": 70, "is_feasible": true}, "AVD": 16.248181668671414}