{"name": "random-70-7.60-8.json", "solution": {"time": 0.008201586, "max_depth": 70, "is_feasible": true}, "AVD": 15.089406762171977}