{"name": "random-70-4.00-29.json", "solution": {"time": 0.011820457, "max_depth": 2, "is_feasible": false}, "AVD": 11.648504519290078}