{"name": "random-70-14.08-13.json", "solution": {"time": 0.004580721, "max_depth": 70, "is_feasible": true}, "AVD": 20.424030759489966}