{"name": "random-70-6.16-39.json", "solution": {"time": 0.016803895, "max_depth": 9, "is_feasible": false}, "AVD": 13.797736751910117}