{"name": "random-70-5.68-8.json", "solution": {"time": 0.016714961, "max_depth": 3, "is_feasible": false}, "AVD": 13.360512347063235}