{"name": "random-70-11.44-8.json", "solution": {"time": 0.005142437, "max_depth": 70, "is_feasible": true}, "AVD": 18.256773375150917}