{"name": "random-70-14.08-11.json", "solution": {"time": 0.004157166, "max_depth": 70, "is_feasible": true}, "AVD": 20.373835011926868}