{"name": "random-70-8.08-27.json", "solution": {"time": 0.005314475, "max_depth": 70, "is_feasible": true}, "AVD": 15.45760093647841}