{"name": "random-70-4.96-47.json", "solution": {"time": 0.013235201, "max_depth": 4, "is_feasible": false}, "AVD": 12.659303370099133}