{"name": "random-70-4.24-13.json", "solution": {"time": 0.01139606, "max_depth": 2, "is_feasible": false}, "AVD": 11.973886967907205}