{"name": "random-70-15.52-13.json", "solution": {"time": 0.004360131, "max_depth": 70, "is_feasible": true}, "AVD": 21.576622934888274}