{"name": "random-70-6.64-38.json", "solution": {"time": 0.017719916, "max_depth": 7, "is_feasible": false}, "AVD": 14.2052447711018}