{"name": "random-70-13.60-20.json", "solution": {"time": 0.003924711, "max_depth": 70, "is_feasible": true}, "AVD": 20.087348956032663}