{"name": "random-70-12.64-42.json", "solution": {"time": 0.004888038, "max_depth": 70, "is_feasible": true}, "AVD": 19.248168460790914}