{"name": "random-70-6.16-31.json", "solution": {"time": 0.03051703, "max_depth": 9, "is_feasible": false}, "AVD": 13.773534980892002}