{"name": "random-70-14.32-44.json", "solution": {"time": 0.004204215, "max_depth": 70, "is_feasible": true}, "AVD": 20.532914362281733}