{"name": "random-70-13.36-26.json", "solution": {"time": 0.003900078, "max_depth": 70, "is_feasible": true}, "AVD": 19.880845319080034}