{"name": "random-70-10.96-25.json", "solution": {"time": 0.004907236, "max_depth": 70, "is_feasible": true}, "AVD": 17.86329700798065}