{"name": "random-70-9.76-8.json", "solution": {"time": 0.004710281, "max_depth": 70, "is_feasible": true}, "AVD": 16.899321315872296}