{"name": "random-70-9.76-5.json", "solution": {"time": 0.00544905, "max_depth": 70, "is_feasible": true}, "AVD": 16.84398827702905}