{"name": "random-70-16.00-43.json", "solution": {"time": 0.004077117, "max_depth": 70, "is_feasible": true}, "AVD": 21.94166333892869}