{"name": "random-70-11.68-34.json", "solution": {"time": 0.004298774, "max_depth": 70, "is_feasible": true}, "AVD": 18.478520891806603}