{"name": "random-70-15.04-19.json", "solution": {"time": 0.004653443, "max_depth": 70, "is_feasible": true}, "AVD": 21.189059575345343}