{"name": "random-70-12.16-27.json", "solution": {"time": 0.004754877, "max_depth": 70, "is_feasible": true}, "AVD": 18.824370880819867}