{"name": "random-70-9.28-15.json", "solution": {"time": 0.003993163, "max_depth": 70, "is_feasible": true}, "AVD": 16.493864932119987}