{"name": "random-70-14.08-18.json", "solution": {"time": 0.00464633, "max_depth": 70, "is_feasible": true}, "AVD": 20.403697276646284}