{"name": "random-70-11.92-5.json", "solution": {"time": 0.006953936, "max_depth": 70, "is_feasible": true}, "AVD": 18.58616428129693}