{"name": "random-70-12.64-33.json", "solution": {"time": 0.006067816, "max_depth": 70, "is_feasible": true}, "AVD": 19.26918984303678}