{"name": "random-70-10.96-8.json", "solution": {"time": 0.005289397, "max_depth": 70, "is_feasible": true}, "AVD": 17.878209483260484}