{"name": "random-70-10.96-48.json", "solution": {"time": 0.003908147, "max_depth": 70, "is_feasible": true}, "AVD": 17.79323613461365}