{"name": "random-70-14.08-19.json", "solution": {"time": 0.004755563, "max_depth": 70, "is_feasible": true}, "AVD": 20.413487820569483}