{"name": "random-70-6.40-31.json", "solution": {"time": 0.034805918, "max_depth": 9, "is_feasible": false}, "AVD": 13.998909530378798}