{"name": "random-70-5.44-31.json", "solution": {"time": 0.024856125, "max_depth": 7, "is_feasible": false}, "AVD": 13.115233668825368}