{"name": "random-70-6.40-34.json", "solution": {"time": 0.01701208, "max_depth": 4, "is_feasible": false}, "AVD": 14.016457237773439}