{"name": "random-70-15.76-27.json", "solution": {"time": 0.005189341, "max_depth": 70, "is_feasible": true}, "AVD": 21.754686426951782}