{"name": "random-70-12.16-37.json", "solution": {"time": 0.004238252, "max_depth": 70, "is_feasible": true}, "AVD": 18.87799358011604}