{"name": "random-70-16.00-5.json", "solution": {"time": 0.003629163, "max_depth": 70, "is_feasible": true}, "AVD": 21.877494242718775}