{"name": "random-70-4.96-19.json", "solution": {"time": 0.012270598, "max_depth": 3, "is_feasible": false}, "AVD": 12.644640151798189}