{"name": "random-70-14.32-8.json", "solution": {"time": 0.00453503, "max_depth": 70, "is_feasible": true}, "AVD": 20.587637909709382}