{"name": "random-70-9.28-26.json", "solution": {"time": 0.005493412, "max_depth": 70, "is_feasible": true}, "AVD": 16.514023102747537}