{"name": "random-70-4.48-48.json", "solution": {"time": 0.012600247, "max_depth": 2, "is_feasible": false}, "AVD": 12.133171505931548}