{"name": "random-70-6.64-21.json", "solution": {"time": 0.010017759, "max_depth": 70, "is_feasible": true}, "AVD": 14.133122612081683}