{"name": "random-70-15.04-36.json", "solution": {"time": 0.004442792, "max_depth": 70, "is_feasible": true}, "AVD": 21.131350251789076}