{"name": "random-70-5.20-38.json", "solution": {"time": 0.011151981, "max_depth": 2, "is_feasible": false}, "AVD": 12.93617170131442}