{"name": "random-70-12.88-10.json", "solution": {"time": 0.004048544, "max_depth": 70, "is_feasible": true}, "AVD": 19.486197013870505}