{"name": "random-70-5.20-25.json", "solution": {"time": 0.017865981, "max_depth": 8, "is_feasible": false}, "AVD": 12.838438116305298}