{"name": "random-70-12.88-20.json", "solution": {"time": 0.004109769, "max_depth": 70, "is_feasible": true}, "AVD": 19.50019127131374}