{"name": "random-70-12.16-6.json", "solution": {"time": 0.00404116, "max_depth": 70, "is_feasible": true}, "AVD": 18.818893821597896}