{"name": "random-70-11.20-18.json", "solution": {"time": 0.004396366, "max_depth": 70, "is_feasible": true}, "AVD": 18.076203963836598}