{"name": "random-70-6.64-47.json", "solution": {"time": 0.01609464, "max_depth": 6, "is_feasible": false}, "AVD": 14.208573129817916}