{"name": "random-70-4.24-34.json", "solution": {"time": 0.013744376, "max_depth": 4, "is_feasible": false}, "AVD": 11.944456148160073}