{"name": "random-70-9.28-8.json", "solution": {"time": 0.004618835, "max_depth": 70, "is_feasible": true}, "AVD": 16.497910060461038}