{"name": "random-70-5.44-46.json", "solution": {"time": 0.012924025, "max_depth": 3, "is_feasible": false}, "AVD": 13.09204685903652}