{"name": "random-70-6.16-21.json", "solution": {"time": 0.020037477, "max_depth": 8, "is_feasible": false}, "AVD": 13.722185309021922}