{"name": "random-70-4.00-42.json", "solution": {"time": 0.019373959, "max_depth": 4, "is_feasible": false}, "AVD": 11.690009887504607}