{"name": "random-70-6.88-21.json", "solution": {"time": 0.019104561, "max_depth": 70, "is_feasible": true}, "AVD": 14.369488915845949}