{"name": "random-70-15.28-2.json", "solution": {"time": 0.00467738, "max_depth": 70, "is_feasible": true}, "AVD": 21.34804169979684}