{"name": "random-70-14.56-36.json", "solution": {"time": 0.008503088, "max_depth": 70, "is_feasible": true}, "AVD": 20.729821907117863}