{"name": "random-70-11.68-0.json", "solution": {"time": 0.005815169, "max_depth": 70, "is_feasible": true}, "AVD": 18.43504032588725}