{"name": "random-70-4.48-22.json", "solution": {"time": 0.011449904, "max_depth": 2, "is_feasible": false}, "AVD": 12.144527033057473}