{"name": "random-70-8.08-43.json", "solution": {"time": 0.00669134, "max_depth": 70, "is_feasible": true}, "AVD": 15.480861248728518}