{"name": "random-70-5.44-21.json", "solution": {"time": 0.021749231, "max_depth": 7, "is_feasible": false}, "AVD": 13.036794962407066}