{"name": "random-70-6.16-41.json", "solution": {"time": 0.015162773, "max_depth": 4, "is_feasible": false}, "AVD": 13.741399849583429}