{"name": "random-70-4.24-45.json", "solution": {"time": 0.012258317, "max_depth": 3, "is_feasible": false}, "AVD": 11.9098736020214}