{"name": "random-70-6.88-0.json", "solution": {"time": 0.034272905, "max_depth": 13, "is_feasible": false}, "AVD": 14.38070258483002}