{"name": "random-70-9.76-44.json", "solution": {"time": 0.004489869, "max_depth": 70, "is_feasible": true}, "AVD": 16.848860348268467}