{"name": "random-70-14.32-28.json", "solution": {"time": 0.003789829, "max_depth": 70, "is_feasible": true}, "AVD": 20.58396664673198}