{"name": "random-70-10.24-49.json", "solution": {"time": 0.004775712, "max_depth": 70, "is_feasible": true}, "AVD": 17.298641691641656}