{"name": "random-70-11.92-15.json", "solution": {"time": 0.004401881, "max_depth": 70, "is_feasible": true}, "AVD": 18.67447885561151}