{"name": "random-70-15.28-29.json", "solution": {"time": 0.003485029, "max_depth": 70, "is_feasible": true}, "AVD": 21.372685852696105}