{"name": "random-70-14.56-46.json", "solution": {"time": 0.004623355, "max_depth": 70, "is_feasible": true}, "AVD": 20.83317095149752}