{"name": "random-70-13.60-35.json", "solution": {"time": 0.0039877, "max_depth": 70, "is_feasible": true}, "AVD": 20.058082913684984}