{"name": "random-70-10.48-20.json", "solution": {"time": 0.005094624, "max_depth": 70, "is_feasible": true}, "AVD": 17.48255827958886}