{"name": "random-70-5.20-29.json", "solution": {"time": 0.012725971, "max_depth": 3, "is_feasible": false}, "AVD": 12.853286819756057}