{"name": "random-70-8.32-29.json", "solution": {"time": 0.005402829, "max_depth": 70, "is_feasible": true}, "AVD": 15.677410207706043}