{"name": "random-70-6.16-28.json", "solution": {"time": 0.021937462, "max_depth": 9, "is_feasible": false}, "AVD": 13.7571132121845}