{"name": "random-70-12.88-42.json", "solution": {"time": 0.004466384, "max_depth": 70, "is_feasible": true}, "AVD": 19.438789775983665}