{"name": "random-70-7.36-19.json", "solution": {"time": 0.06849063, "max_depth": 15, "is_feasible": false}, "AVD": 14.823628778251145}