{"name": "random-70-10.48-43.json", "solution": {"time": 0.004304553, "max_depth": 70, "is_feasible": true}, "AVD": 17.487247077185824}