{"name": "random-70-6.88-37.json", "solution": {"time": 0.006572158, "max_depth": 70, "is_feasible": true}, "AVD": 14.444279761055162}