{"name": "random-70-9.52-30.json", "solution": {"time": 0.005199384, "max_depth": 70, "is_feasible": true}, "AVD": 16.659630915569647}