{"name": "random-70-11.68-27.json", "solution": {"time": 0.004544024, "max_depth": 70, "is_feasible": true}, "AVD": 18.434802367700318}