{"name": "random-70-9.76-39.json", "solution": {"time": 0.007244653, "max_depth": 70, "is_feasible": true}, "AVD": 16.901474600229665}