{"name": "random-70-8.56-15.json", "solution": {"time": 0.005801972, "max_depth": 70, "is_feasible": true}, "AVD": 15.87287786023494}