{"name": "random-70-6.40-37.json", "solution": {"time": 0.023851643, "max_depth": 70, "is_feasible": true}, "AVD": 13.992056270260234}