{"name": "random-70-10.48-38.json", "solution": {"time": 0.004664439, "max_depth": 70, "is_feasible": true}, "AVD": 17.47886747492868}