{"name": "random-70-15.76-10.json", "solution": {"time": 0.004248651, "max_depth": 70, "is_feasible": true}, "AVD": 21.809047206761544}