{"name": "random-70-11.92-45.json", "solution": {"time": 0.006727299, "max_depth": 70, "is_feasible": true}, "AVD": 18.656485790853132}