{"name": "random-70-8.56-36.json", "solution": {"time": 0.00962448, "max_depth": 70, "is_feasible": true}, "AVD": 15.854231717262266}