{"name": "random-70-11.92-42.json", "solution": {"time": 0.004633841, "max_depth": 70, "is_feasible": true}, "AVD": 18.662666752748375}