{"name": "random-70-13.36-2.json", "solution": {"time": 0.005007239, "max_depth": 70, "is_feasible": true}, "AVD": 19.778727079043428}