{"name": "random-70-4.24-15.json", "solution": {"time": 0.012540752, "max_depth": 3, "is_feasible": false}, "AVD": 11.89475119438369}