{"name": "random-70-10.24-0.json", "solution": {"time": 0.009810025, "max_depth": 70, "is_feasible": true}, "AVD": 17.23362956884381}