{"name": "random-70-9.04-3.json", "solution": {"time": 0.007245319, "max_depth": 70, "is_feasible": true}, "AVD": 16.318784401539464}