{"name": "random-70-5.68-42.json", "solution": {"time": 0.017793191, "max_depth": 6, "is_feasible": false}, "AVD": 13.328506850292408}