{"name": "random-70-13.60-7.json", "solution": {"time": 0.004370185, "max_depth": 70, "is_feasible": true}, "AVD": 20.010036912067537}