{"name": "random-70-6.40-21.json", "solution": {"time": 0.019535376, "max_depth": 8, "is_feasible": false}, "AVD": 13.926993242584958}