{"name": "random-70-14.80-15.json", "solution": {"time": 0.004119978, "max_depth": 70, "is_feasible": true}, "AVD": 21.023515225137725}