{"name": "random-70-12.40-2.json", "solution": {"time": 0.004005856, "max_depth": 70, "is_feasible": true}, "AVD": 18.988423710076773}