{"name": "random-70-7.84-3.json", "solution": {"time": 0.005402843, "max_depth": 70, "is_feasible": true}, "AVD": 15.294707419564501}