{"name": "random-70-13.12-3.json", "solution": {"time": 0.004125693, "max_depth": 70, "is_feasible": true}, "AVD": 19.688453028830605}