{"name": "random-70-14.56-13.json", "solution": {"time": 0.004336027, "max_depth": 70, "is_feasible": true}, "AVD": 20.81553124539862}