{"name": "random-70-8.56-12.json", "solution": {"time": 0.005573653, "max_depth": 70, "is_feasible": true}, "AVD": 15.886897127815418}