{"name": "random-70-9.28-7.json", "solution": {"time": 0.010910976, "max_depth": 70, "is_feasible": true}, "AVD": 16.458562118153896}