{"name": "random-70-11.92-8.json", "solution": {"time": 0.005377175, "max_depth": 70, "is_feasible": true}, "AVD": 18.623227213829256}