{"name": "random-70-4.24-43.json", "solution": {"time": 0.01256555, "max_depth": 3, "is_feasible": false}, "AVD": 11.960133201832013}