{"name": "random-70-8.80-37.json", "solution": {"time": 0.004402191, "max_depth": 70, "is_feasible": true}, "AVD": 16.1507432193656}