{"name": "random-70-8.08-42.json", "solution": {"time": 0.012345413, "max_depth": 70, "is_feasible": true}, "AVD": 15.493357712582107}