{"name": "random-70-6.16-19.json", "solution": {"time": 0.02057771, "max_depth": 4, "is_feasible": false}, "AVD": 13.744283896375626}