{"name": "random-70-8.56-45.json", "solution": {"time": 0.005540766, "max_depth": 70, "is_feasible": true}, "AVD": 15.832005666668852}