{"name": "random-70-4.96-22.json", "solution": {"time": 0.015485279, "max_depth": 3, "is_feasible": false}, "AVD": 12.622387201233982}