{"name": "random-70-10.72-37.json", "solution": {"time": 0.004632218, "max_depth": 70, "is_feasible": true}, "AVD": 17.721628412403906}