{"name": "random-70-15.52-16.json", "solution": {"time": 0.007448051, "max_depth": 70, "is_feasible": true}, "AVD": 21.570862561474854}