{"name": "random-70-16.00-3.json", "solution": {"time": 0.003969502, "max_depth": 70, "is_feasible": true}, "AVD": 21.986764658244297}