{"name": "random-70-10.00-33.json", "solution": {"time": 0.004336297, "max_depth": 70, "is_feasible": true}, "AVD": 17.106356760019978}