{"name": "random-70-8.56-25.json", "solution": {"time": 0.005696402, "max_depth": 70, "is_feasible": true}, "AVD": 15.851718479932687}