{"name": "random-70-15.76-42.json", "solution": {"time": 0.004419326, "max_depth": 70, "is_feasible": true}, "AVD": 21.74674003887274}