{"name": "random-70-5.68-41.json", "solution": {"time": 0.013222011, "max_depth": 3, "is_feasible": false}, "AVD": 13.292650676987298}