{"name": "random-70-6.40-22.json", "solution": {"time": 0.019897344, "max_depth": 7, "is_feasible": false}, "AVD": 13.972297779318072}