{"name": "random-70-14.56-25.json", "solution": {"time": 0.004430378, "max_depth": 70, "is_feasible": true}, "AVD": 20.786769105044655}