{"name": "random-70-8.32-3.json", "solution": {"time": 0.005384722, "max_depth": 70, "is_feasible": true}, "AVD": 15.694187425952675}