{"name": "random-70-13.36-23.json", "solution": {"time": 0.008466799, "max_depth": 70, "is_feasible": true}, "AVD": 19.78145326442268}