{"name": "random-70-12.16-34.json", "solution": {"time": 0.004187001, "max_depth": 70, "is_feasible": true}, "AVD": 18.877369774216714}