{"name": "random-70-15.28-30.json", "solution": {"time": 0.003969082, "max_depth": 70, "is_feasible": true}, "AVD": 21.344337706511215}