{"name": "random-70-11.92-19.json", "solution": {"time": 0.00556295, "max_depth": 70, "is_feasible": true}, "AVD": 18.64538909050134}