{"name": "random-70-6.40-16.json", "solution": {"time": 0.012160016, "max_depth": 3, "is_feasible": false}, "AVD": 13.985607474724693}