{"name": "random-70-6.64-41.json", "solution": {"time": 0.021185316, "max_depth": 11, "is_feasible": false}, "AVD": 14.17810483167617}