{"name": "random-70-4.24-8.json", "solution": {"time": 0.011690536, "max_depth": 2, "is_feasible": false}, "AVD": 11.979214368397885}