{"name": "random-70-6.64-42.json", "solution": {"time": 0.036958732, "max_depth": 20, "is_feasible": false}, "AVD": 14.22102994737676}