{"name": "random-70-8.56-24.json", "solution": {"time": 0.009088159, "max_depth": 70, "is_feasible": true}, "AVD": 15.863789449779174}