{"name": "random-70-8.56-39.json", "solution": {"time": 0.00499018, "max_depth": 70, "is_feasible": true}, "AVD": 15.903711660221802}