{"name": "random-70-13.60-24.json", "solution": {"time": 0.006624399, "max_depth": 70, "is_feasible": true}, "AVD": 19.98645251347295}