{"name": "random-70-7.36-18.json", "solution": {"time": 0.02287664, "max_depth": 8, "is_feasible": false}, "AVD": 14.846906541304394}