{"name": "random-70-9.76-11.json", "solution": {"time": 0.00583324, "max_depth": 70, "is_feasible": true}, "AVD": 16.850755087316262}