{"name": "random-70-5.92-31.json", "solution": {"time": 0.029638383, "max_depth": 9, "is_feasible": false}, "AVD": 13.557593113235841}