{"name": "random-70-12.16-40.json", "solution": {"time": 0.004166192, "max_depth": 70, "is_feasible": true}, "AVD": 18.8500071561092}