{"name": "random-70-14.32-21.json", "solution": {"time": 0.004026608, "max_depth": 70, "is_feasible": true}, "AVD": 20.58856939658984}