{"name": "random-70-14.32-16.json", "solution": {"time": 0.004677534, "max_depth": 70, "is_feasible": true}, "AVD": 20.609857687663848}