{"name": "random-70-5.44-26.json", "solution": {"time": 0.018643077, "max_depth": 6, "is_feasible": false}, "AVD": 13.055638613087439}