{"name": "random-70-13.60-8.json", "solution": {"time": 0.00424452, "max_depth": 70, "is_feasible": true}, "AVD": 20.018235974909476}