{"name": "random-70-7.84-25.json", "solution": {"time": 0.020977604, "max_depth": 70, "is_feasible": true}, "AVD": 15.24534488753869}