{"name": "random-70-5.92-43.json", "solution": {"time": 0.009052691, "max_depth": 70, "is_feasible": true}, "AVD": 13.596040931857123}