{"name": "random-70-15.52-42.json", "solution": {"time": 0.004183456, "max_depth": 70, "is_feasible": true}, "AVD": 21.549575315840666}