{"name": "random-70-7.84-0.json", "solution": {"time": 0.01559624, "max_depth": 70, "is_feasible": true}, "AVD": 15.21906285211378}