{"name": "random-70-11.44-7.json", "solution": {"time": 0.004524764, "max_depth": 70, "is_feasible": true}, "AVD": 18.271023363258028}