{"name": "random-70-4.72-31.json", "solution": {"time": 0.012521905, "max_depth": 3, "is_feasible": false}, "AVD": 12.406486869706104}