{"name": "random-70-4.72-22.json", "solution": {"time": 0.011860952, "max_depth": 3, "is_feasible": false}, "AVD": 12.38747196794119}