{"name": "random-70-5.68-4.json", "solution": {"time": 0.018458248, "max_depth": 9, "is_feasible": false}, "AVD": 13.351076126820885}