{"name": "random-70-14.08-1.json", "solution": {"time": 0.003691819, "max_depth": 70, "is_feasible": true}, "AVD": 20.383928733398157}