{"name": "random-70-11.44-49.json", "solution": {"time": 0.00425593, "max_depth": 70, "is_feasible": true}, "AVD": 18.292157331330795}