{"name": "random-70-12.40-33.json", "solution": {"time": 0.008286754, "max_depth": 70, "is_feasible": true}, "AVD": 19.078912477545128}