{"name": "random-70-9.04-34.json", "solution": {"time": 0.011422554, "max_depth": 70, "is_feasible": true}, "AVD": 16.295295459642343}