{"name": "random-70-10.00-39.json", "solution": {"time": 0.005579847, "max_depth": 70, "is_feasible": true}, "AVD": 17.112577126954648}