{"name": "random-70-7.84-29.json", "solution": {"time": 0.006142492, "max_depth": 70, "is_feasible": true}, "AVD": 15.229132206795375}