{"name": "random-70-14.56-39.json", "solution": {"time": 0.003935561, "max_depth": 70, "is_feasible": true}, "AVD": 20.784377138734325}