{"name": "random-70-12.64-12.json", "solution": {"time": 0.004178237, "max_depth": 70, "is_feasible": true}, "AVD": 19.24295099231834}