{"name": "random-70-15.52-37.json", "solution": {"time": 0.004349764, "max_depth": 70, "is_feasible": true}, "AVD": 21.591136775922543}