{"name": "random-70-7.60-38.json", "solution": {"time": 0.005989895, "max_depth": 70, "is_feasible": true}, "AVD": 15.081454744801597}