{"name": "random-70-7.36-46.json", "solution": {"time": 0.017296133, "max_depth": 70, "is_feasible": true}, "AVD": 14.856735766500975}