{"name": "random-70-5.68-44.json", "solution": {"time": 0.013415853, "max_depth": 3, "is_feasible": false}, "AVD": 13.265284520468066}