{"name": "random-70-12.40-22.json", "solution": {"time": 0.004195558, "max_depth": 70, "is_feasible": true}, "AVD": 19.03483705636767}