{"name": "random-70-4.24-22.json", "solution": {"time": 0.01165709, "max_depth": 2, "is_feasible": false}, "AVD": 11.918308331124484}