{"name": "random-70-15.76-0.json", "solution": {"time": 0.004414453, "max_depth": 70, "is_feasible": true}, "AVD": 21.783528342405948}