{"name": "random-70-5.44-43.json", "solution": {"time": 0.020238384, "max_depth": 6, "is_feasible": false}, "AVD": 13.140575210503632}