{"name": "random-70-5.44-11.json", "solution": {"time": 0.020887463, "max_depth": 5, "is_feasible": false}, "AVD": 13.07188901008274}