{"name": "random-70-6.16-15.json", "solution": {"time": 0.012920938, "max_depth": 4, "is_feasible": false}, "AVD": 13.718416578885853}