{"name": "random-70-13.84-17.json", "solution": {"time": 0.003994084, "max_depth": 70, "is_feasible": true}, "AVD": 20.226025502841864}