{"name": "random-70-4.72-12.json", "solution": {"time": 0.017389947, "max_depth": 7, "is_feasible": false}, "AVD": 12.45468289193784}