{"name": "random-70-16.00-39.json", "solution": {"time": 0.003940367, "max_depth": 70, "is_feasible": true}, "AVD": 21.90596784168218}