{"name": "random-70-8.32-4.json", "solution": {"time": 0.009710531, "max_depth": 70, "is_feasible": true}, "AVD": 15.670643397418832}