{"name": "random-70-4.00-24.json", "solution": {"time": 0.014653224, "max_depth": 4, "is_feasible": false}, "AVD": 11.658136248605167}