{"name": "random-70-12.88-12.json", "solution": {"time": 0.004530752, "max_depth": 70, "is_feasible": true}, "AVD": 19.453915520986964}