{"name": "random-70-9.04-24.json", "solution": {"time": 0.005881353, "max_depth": 70, "is_feasible": true}, "AVD": 16.290675339399776}