{"name": "random-70-14.56-23.json", "solution": {"time": 0.004119776, "max_depth": 70, "is_feasible": true}, "AVD": 20.79439349765884}