{"name": "random-70-13.12-12.json", "solution": {"time": 0.00431015, "max_depth": 70, "is_feasible": true}, "AVD": 19.639833402425253}