{"name": "random-70-13.84-11.json", "solution": {"time": 0.00411561, "max_depth": 70, "is_feasible": true}, "AVD": 20.177384324292508}