{"name": "random-70-16.00-26.json", "solution": {"time": 0.004211022, "max_depth": 70, "is_feasible": true}, "AVD": 21.98176222870106}