{"name": "random-70-8.56-41.json", "solution": {"time": 0.005609289, "max_depth": 70, "is_feasible": true}, "AVD": 15.851644253705432}