{"name": "random-70-12.88-24.json", "solution": {"time": 0.004067039, "max_depth": 70, "is_feasible": true}, "AVD": 19.41877346349797}