{"name": "random-70-4.96-46.json", "solution": {"time": 0.012862623, "max_depth": 3, "is_feasible": false}, "AVD": 12.631106088922271}