{"name": "random-70-5.92-45.json", "solution": {"time": 0.015603179, "max_depth": 6, "is_feasible": false}, "AVD": 13.52733707958695}