{"name": "random-70-16.00-11.json", "solution": {"time": 0.003874118, "max_depth": 70, "is_feasible": true}, "AVD": 21.923264643519797}