{"name": "random-70-11.20-19.json", "solution": {"time": 0.005134209, "max_depth": 70, "is_feasible": true}, "AVD": 18.047305514213672}