{"name": "random-70-5.44-17.json", "solution": {"time": 0.013501824, "max_depth": 3, "is_feasible": false}, "AVD": 13.131609840272969}