{"name": "random-70-10.48-11.json", "solution": {"time": 0.005516161, "max_depth": 70, "is_feasible": true}, "AVD": 17.451191948640886}