{"name": "random-70-11.44-31.json", "solution": {"time": 0.004779902, "max_depth": 70, "is_feasible": true}, "AVD": 18.265326439999892}