{"name": "random-70-4.48-34.json", "solution": {"time": 0.014216656, "max_depth": 4, "is_feasible": false}, "AVD": 12.188272577762216}