{"name": "random-70-11.20-7.json", "solution": {"time": 0.005327012, "max_depth": 70, "is_feasible": true}, "AVD": 18.068660713436184}