{"name": "random-70-11.20-15.json", "solution": {"time": 0.00757472, "max_depth": 70, "is_feasible": true}, "AVD": 18.085585740789817}