{"name": "random-70-9.28-27.json", "solution": {"time": 0.007303661, "max_depth": 70, "is_feasible": true}, "AVD": 16.459850502105542}