{"name": "random-70-12.40-21.json", "solution": {"time": 0.003904288, "max_depth": 70, "is_feasible": true}, "AVD": 19.02598813204936}