{"name": "random-70-13.60-48.json", "solution": {"time": 0.004793892, "max_depth": 70, "is_feasible": true}, "AVD": 19.961311052892707}