{"name": "random-70-13.36-34.json", "solution": {"time": 0.004089886, "max_depth": 70, "is_feasible": true}, "AVD": 19.85145100930818}