{"name": "random-70-14.56-32.json", "solution": {"time": 0.00424961, "max_depth": 70, "is_feasible": true}, "AVD": 20.721832656006168}