{"name": "random-70-6.64-10.json", "solution": {"time": 0.016928185, "max_depth": 4, "is_feasible": false}, "AVD": 14.22415886834244}