{"name": "random-70-6.88-35.json", "solution": {"time": 0.006587589, "max_depth": 70, "is_feasible": true}, "AVD": 14.421621622141934}