{"name": "random-70-5.20-13.json", "solution": {"time": 0.012795714, "max_depth": 4, "is_feasible": false}, "AVD": 12.910890714727307}