{"name": "random-70-14.56-26.json", "solution": {"time": 0.0045717, "max_depth": 70, "is_feasible": true}, "AVD": 20.852903628117947}