{"name": "random-70-8.56-40.json", "solution": {"time": 0.007919271, "max_depth": 70, "is_feasible": true}, "AVD": 15.929318341522357}