{"name": "random-70-11.20-27.json", "solution": {"time": 0.00465123, "max_depth": 70, "is_feasible": true}, "AVD": 18.05844821391759}