{"name": "random-70-9.04-16.json", "solution": {"time": 0.006893273, "max_depth": 70, "is_feasible": true}, "AVD": 16.2633459743204}