{"name": "random-70-5.44-2.json", "solution": {"time": 0.016873453, "max_depth": 7, "is_feasible": false}, "AVD": 13.078637456580877}