{"name": "random-70-13.84-38.json", "solution": {"time": 0.003794038, "max_depth": 70, "is_feasible": true}, "AVD": 20.222619781579}