{"name": "random-70-14.56-5.json", "solution": {"time": 0.003746484, "max_depth": 70, "is_feasible": true}, "AVD": 20.734687384044562}