{"name": "random-70-4.72-10.json", "solution": {"time": 0.013640116, "max_depth": 4, "is_feasible": false}, "AVD": 12.440740665230317}