{"name": "random-70-9.28-39.json", "solution": {"time": 0.004951413, "max_depth": 70, "is_feasible": true}, "AVD": 16.501363148189633}