{"name": "random-70-13.60-0.json", "solution": {"time": 0.004413339, "max_depth": 70, "is_feasible": true}, "AVD": 20.03518215231483}