{"name": "random-70-10.96-44.json", "solution": {"time": 0.003906524, "max_depth": 70, "is_feasible": true}, "AVD": 17.845828754012402}