{"name": "random-70-7.12-20.json", "solution": {"time": 0.018163277, "max_depth": 70, "is_feasible": true}, "AVD": 14.614281544985536}