{"name": "random-70-10.48-7.json", "solution": {"time": 0.004554904, "max_depth": 70, "is_feasible": true}, "AVD": 17.479894096832815}