{"name": "random-70-11.92-40.json", "solution": {"time": 0.005366574, "max_depth": 70, "is_feasible": true}, "AVD": 18.659535338810848}