{"name": "random-70-6.40-38.json", "solution": {"time": 0.014378694, "max_depth": 7, "is_feasible": false}, "AVD": 14.015738940198009}