{"name": "random-70-14.56-12.json", "solution": {"time": 0.003791747, "max_depth": 70, "is_feasible": true}, "AVD": 20.800751460557624}