{"name": "random-70-8.80-14.json", "solution": {"time": 0.008658798, "max_depth": 70, "is_feasible": true}, "AVD": 16.06721844821838}