{"name": "random-70-11.68-37.json", "solution": {"time": 0.003874409, "max_depth": 70, "is_feasible": true}, "AVD": 18.47591324321936}