{"name": "random-70-4.24-12.json", "solution": {"time": 0.013582474, "max_depth": 3, "is_feasible": false}, "AVD": 11.949978724223456}