{"name": "random-70-14.80-20.json", "solution": {"time": 0.003946469, "max_depth": 70, "is_feasible": true}, "AVD": 21.0332900874636}