{"name": "random-70-15.28-6.json", "solution": {"time": 0.006316135, "max_depth": 70, "is_feasible": true}, "AVD": 21.345005742556808}