{"name": "random-70-4.96-5.json", "solution": {"time": 0.012549561, "max_depth": 3, "is_feasible": false}, "AVD": 12.666055544228861}