{"name": "random-70-4.48-46.json", "solution": {"time": 0.012805733, "max_depth": 3, "is_feasible": false}, "AVD": 12.172673007264686}