{"name": "random-70-16.00-20.json", "solution": {"time": 0.003988935, "max_depth": 70, "is_feasible": true}, "AVD": 21.94612423064469}