{"name": "random-70-10.72-33.json", "solution": {"time": 0.005557142, "max_depth": 70, "is_feasible": true}, "AVD": 17.69764706835112}