{"name": "random-70-13.84-31.json", "solution": {"time": 0.004591224, "max_depth": 70, "is_feasible": true}, "AVD": 20.245003371911558}