{"name": "random-70-8.08-24.json", "solution": {"time": 0.006796389, "max_depth": 70, "is_feasible": true}, "AVD": 15.461189850965281}