{"name": "random-70-4.00-5.json", "solution": {"time": 0.012188773, "max_depth": 3, "is_feasible": false}, "AVD": 11.678340969687733}