{"name": "random-70-4.00-13.json", "solution": {"time": 0.01155711, "max_depth": 2, "is_feasible": false}, "AVD": 11.700280408933299}