{"name": "random-70-14.56-33.json", "solution": {"time": 0.003912684, "max_depth": 70, "is_feasible": true}, "AVD": 20.81968582324708}