{"name": "random-70-5.20-47.json", "solution": {"time": 0.014615283, "max_depth": 5, "is_feasible": false}, "AVD": 12.898842583719983}