{"name": "random-70-5.20-33.json", "solution": {"time": 0.011822195, "max_depth": 2, "is_feasible": false}, "AVD": 12.875183355759733}