{"name": "random-70-6.16-0.json", "solution": {"time": 0.019597913, "max_depth": 4, "is_feasible": false}, "AVD": 13.74686737921929}