{"name": "random-70-13.60-49.json", "solution": {"time": 0.0043108, "max_depth": 70, "is_feasible": true}, "AVD": 20.098378346143683}