{"name": "random-70-6.16-45.json", "solution": {"time": 0.020664604, "max_depth": 6, "is_feasible": false}, "AVD": 13.745797291144106}