{"name": "random-70-11.68-2.json", "solution": {"time": 0.00393433, "max_depth": 70, "is_feasible": true}, "AVD": 18.40893818653002}