{"name": "random-70-12.16-21.json", "solution": {"time": 0.004842046, "max_depth": 70, "is_feasible": true}, "AVD": 18.839288261624997}