{"name": "random-70-7.12-49.json", "solution": {"time": 0.017058476, "max_depth": 70, "is_feasible": true}, "AVD": 14.618826071887186}