{"name": "random-70-13.84-19.json", "solution": {"time": 0.003988135, "max_depth": 70, "is_feasible": true}, "AVD": 20.212171656008415}