{"name": "random-70-5.68-30.json", "solution": {"time": 0.012607599, "max_depth": 3, "is_feasible": false}, "AVD": 13.287663687785999}