{"name": "random-70-13.60-39.json", "solution": {"time": 0.004026038, "max_depth": 70, "is_feasible": true}, "AVD": 20.0095295520806}