{"name": "random-70-4.72-11.json", "solution": {"time": 0.012348498, "max_depth": 2, "is_feasible": false}, "AVD": 12.36472480580627}