{"name": "random-70-13.84-16.json", "solution": {"time": 0.004758592, "max_depth": 70, "is_feasible": true}, "AVD": 20.198163486173712}