{"name": "random-70-8.32-15.json", "solution": {"time": 0.005096136, "max_depth": 70, "is_feasible": true}, "AVD": 15.65772739052324}