{"name": "random-70-7.12-23.json", "solution": {"time": 0.014128231, "max_depth": 4, "is_feasible": false}, "AVD": 14.61601729676209}