{"name": "random-70-4.00-25.json", "solution": {"time": 0.016007281, "max_depth": 3, "is_feasible": false}, "AVD": 11.66174296395198}