{"name": "random-70-8.32-0.json", "solution": {"time": 0.021151401, "max_depth": 70, "is_feasible": true}, "AVD": 15.619931524257968}