{"name": "random-70-11.44-25.json", "solution": {"time": 0.005391951, "max_depth": 70, "is_feasible": true}, "AVD": 18.239584253614847}