{"name": "random-70-10.00-5.json", "solution": {"time": 0.005284213, "max_depth": 70, "is_feasible": true}, "AVD": 17.04287974497154}