{"name": "random-70-11.92-44.json", "solution": {"time": 0.004180075, "max_depth": 70, "is_feasible": true}, "AVD": 18.62997970963276}