{"name": "random-70-9.52-44.json", "solution": {"time": 0.00497081, "max_depth": 70, "is_feasible": true}, "AVD": 16.657078594874463}