{"name": "random-70-12.88-34.json", "solution": {"time": 0.008291272, "max_depth": 70, "is_feasible": true}, "AVD": 19.47902980013186}