{"name": "random-70-12.64-27.json", "solution": {"time": 0.004779157, "max_depth": 70, "is_feasible": true}, "AVD": 19.220343758282542}