{"name": "random-70-16.00-12.json", "solution": {"time": 0.004120203, "max_depth": 70, "is_feasible": true}, "AVD": 21.979864031660007}