{"name": "random-70-9.52-25.json", "solution": {"time": 0.00443494, "max_depth": 70, "is_feasible": true}, "AVD": 16.674539932856202}