{"name": "random-70-6.16-5.json", "solution": {"time": 0.024137451, "max_depth": 9, "is_feasible": false}, "AVD": 13.79775951033082}