{"name": "random-70-4.24-4.json", "solution": {"time": 0.013526829, "max_depth": 3, "is_feasible": false}, "AVD": 11.935376061013644}