{"name": "random-70-12.40-18.json", "solution": {"time": 0.004534372, "max_depth": 70, "is_feasible": true}, "AVD": 19.04677565744913}