{"name": "random-70-14.08-33.json", "solution": {"time": 0.00443123, "max_depth": 70, "is_feasible": true}, "AVD": 20.424046441087285}