{"name": "random-70-10.00-46.json", "solution": {"time": 0.006949715, "max_depth": 70, "is_feasible": true}, "AVD": 17.054376768356317}