{"name": "random-70-12.64-23.json", "solution": {"time": 0.005856743, "max_depth": 70, "is_feasible": true}, "AVD": 19.220319713166663}