{"name": "random-70-10.24-37.json", "solution": {"time": 0.005055121, "max_depth": 70, "is_feasible": true}, "AVD": 17.335143946756165}