{"name": "random-70-14.08-8.json", "solution": {"time": 0.004547006, "max_depth": 70, "is_feasible": true}, "AVD": 20.40652800600764}