{"name": "random-70-14.08-29.json", "solution": {"time": 0.00426375, "max_depth": 70, "is_feasible": true}, "AVD": 20.436875033130168}