{"name": "random-70-9.28-23.json", "solution": {"time": 0.007722794, "max_depth": 70, "is_feasible": true}, "AVD": 16.465676014461685}