{"name": "random-70-4.00-36.json", "solution": {"time": 0.012803735, "max_depth": 2, "is_feasible": false}, "AVD": 11.70559341452184}