{"name": "random-70-4.24-24.json", "solution": {"time": 0.014390095, "max_depth": 4, "is_feasible": false}, "AVD": 11.903443073299755}