{"name": "random-70-7.36-43.json", "solution": {"time": 0.010125523, "max_depth": 70, "is_feasible": true}, "AVD": 14.86618967880182}