{"name": "random-70-6.64-40.json", "solution": {"time": 0.021436782, "max_depth": 5, "is_feasible": false}, "AVD": 14.244372768954287}