{"name": "random-70-14.56-15.json", "solution": {"time": 0.003935147, "max_depth": 70, "is_feasible": true}, "AVD": 20.82976595400069}