{"name": "random-70-13.12-6.json", "solution": {"time": 0.003847817, "max_depth": 70, "is_feasible": true}, "AVD": 19.579481609093865}