{"name": "random-70-14.80-22.json", "solution": {"time": 0.005750144, "max_depth": 70, "is_feasible": true}, "AVD": 20.983647377565784}