{"name": "random-70-13.60-19.json", "solution": {"time": 0.004255768, "max_depth": 70, "is_feasible": true}, "AVD": 20.00526657016456}