{"name": "random-70-11.44-2.json", "solution": {"time": 0.003941393, "max_depth": 70, "is_feasible": true}, "AVD": 18.235187133727944}