{"name": "random-70-5.44-22.json", "solution": {"time": 0.015418253, "max_depth": 3, "is_feasible": false}, "AVD": 13.07913736603519}