{"name": "random-70-15.28-48.json", "solution": {"time": 0.005886514, "max_depth": 70, "is_feasible": true}, "AVD": 21.338048340548383}