{"name": "random-70-11.20-49.json", "solution": {"time": 0.004530426, "max_depth": 70, "is_feasible": true}, "AVD": 18.100880525370304}