{"name": "random-70-12.88-36.json", "solution": {"time": 0.003877163, "max_depth": 70, "is_feasible": true}, "AVD": 19.382293886385742}