{"name": "random-70-12.40-23.json", "solution": {"time": 0.004237956, "max_depth": 70, "is_feasible": true}, "AVD": 19.023337942103257}