{"name": "random-70-4.96-13.json", "solution": {"time": 0.013011741, "max_depth": 3, "is_feasible": false}, "AVD": 12.678881080370733}