{"name": "random-70-12.64-13.json", "solution": {"time": 0.003923075, "max_depth": 70, "is_feasible": true}, "AVD": 19.29120576022618}