{"name": "random-70-15.76-38.json", "solution": {"time": 0.005323055, "max_depth": 70, "is_feasible": true}, "AVD": 21.760323438466347}