{"name": "random-70-4.00-44.json", "solution": {"time": 0.015669258, "max_depth": 3, "is_feasible": false}, "AVD": 11.647305037932444}