{"name": "random-70-8.32-39.json", "solution": {"time": 0.01420888, "max_depth": 70, "is_feasible": true}, "AVD": 15.692643633010906}