{"name": "random-70-11.44-36.json", "solution": {"time": 0.004462456, "max_depth": 70, "is_feasible": true}, "AVD": 18.244974541331683}