{"name": "random-70-8.32-46.json", "solution": {"time": 0.009142574, "max_depth": 70, "is_feasible": true}, "AVD": 15.676969032101617}