{"name": "random-70-11.92-38.json", "solution": {"time": 0.004201448, "max_depth": 70, "is_feasible": true}, "AVD": 18.661046321025918}