{"name": "random-70-14.32-34.json", "solution": {"time": 0.005671404, "max_depth": 70, "is_feasible": true}, "AVD": 20.608314618488123}