{"name": "random-70-14.80-43.json", "solution": {"time": 0.004024338, "max_depth": 70, "is_feasible": true}, "AVD": 20.998113128368264}