{"name": "random-70-4.48-27.json", "solution": {"time": 0.013461887, "max_depth": 3, "is_feasible": false}, "AVD": 12.0909729709065}