{"name": "random-70-15.28-27.json", "solution": {"time": 0.004006928, "max_depth": 70, "is_feasible": true}, "AVD": 21.34725971081078}