{"name": "random-70-4.00-41.json", "solution": {"time": 0.013306665, "max_depth": 2, "is_feasible": false}, "AVD": 11.646278295400593}