{"name": "random-70-6.16-11.json", "solution": {"time": 0.015043337, "max_depth": 5, "is_feasible": false}, "AVD": 13.754070580213316}