{"name": "random-70-12.40-3.json", "solution": {"time": 0.003934576, "max_depth": 70, "is_feasible": true}, "AVD": 19.06965824425009}