{"name": "random-70-12.40-19.json", "solution": {"time": 0.005838105, "max_depth": 70, "is_feasible": true}, "AVD": 19.052493811177495}