{"name": "random-70-5.92-38.json", "solution": {"time": 0.013224268, "max_depth": 6, "is_feasible": false}, "AVD": 13.590705248266351}