{"name": "random-70-11.20-24.json", "solution": {"time": 0.004448109, "max_depth": 70, "is_feasible": true}, "AVD": 18.059125658921563}