{"name": "random-70-8.80-22.json", "solution": {"time": 0.006342913, "max_depth": 70, "is_feasible": true}, "AVD": 16.057825895193183}