{"name": "random-70-7.12-15.json", "solution": {"time": 0.020819858, "max_depth": 5, "is_feasible": false}, "AVD": 14.595869258858952}