{"name": "random-70-6.88-5.json", "solution": {"time": 0.035327746, "max_depth": 10, "is_feasible": false}, "AVD": 14.43106186330666}