{"name": "random-70-6.64-33.json", "solution": {"time": 0.019209013, "max_depth": 11, "is_feasible": false}, "AVD": 14.174060346682685}