{"name": "random-70-6.88-20.json", "solution": {"time": 0.054756743, "max_depth": 70, "is_feasible": true}, "AVD": 14.397213738642208}