{"name": "random-70-4.96-39.json", "solution": {"time": 0.013554833, "max_depth": 6, "is_feasible": false}, "AVD": 12.66702844660994}