{"name": "random-70-10.00-15.json", "solution": {"time": 0.00565369, "max_depth": 70, "is_feasible": true}, "AVD": 17.103628162087325}