{"name": "random-70-13.60-47.json", "solution": {"time": 0.004766633, "max_depth": 70, "is_feasible": true}, "AVD": 20.003791132903398}