{"name": "random-70-8.08-45.json", "solution": {"time": 0.00584875, "max_depth": 70, "is_feasible": true}, "AVD": 15.403152983071267}