{"name": "random-70-12.40-31.json", "solution": {"time": 0.004464912, "max_depth": 70, "is_feasible": true}, "AVD": 19.087751671231263}