{"name": "random-70-11.92-31.json", "solution": {"time": 0.004604436, "max_depth": 70, "is_feasible": true}, "AVD": 18.663061607326902}