{"name": "random-70-5.68-29.json", "solution": {"time": 0.017074864, "max_depth": 3, "is_feasible": false}, "AVD": 13.296513577125678}