{"name": "random-70-8.80-47.json", "solution": {"time": 0.012303701, "max_depth": 70, "is_feasible": true}, "AVD": 16.050039781080525}