{"name": "random-70-10.48-28.json", "solution": {"time": 0.004693247, "max_depth": 70, "is_feasible": true}, "AVD": 17.49217423506196}