{"name": "random-70-4.96-10.json", "solution": {"time": 0.013886023, "max_depth": 4, "is_feasible": false}, "AVD": 12.688312636343108}