{"name": "random-70-5.44-23.json", "solution": {"time": 0.018634004, "max_depth": 2, "is_feasible": false}, "AVD": 13.119799184941895}