{"name": "random-70-10.00-8.json", "solution": {"time": 0.004723814, "max_depth": 70, "is_feasible": true}, "AVD": 17.089264140621246}