{"name": "random-70-9.52-6.json", "solution": {"time": 0.005197306, "max_depth": 70, "is_feasible": true}, "AVD": 16.63000001472446}