{"name": "random-70-10.72-29.json", "solution": {"time": 0.004196998, "max_depth": 70, "is_feasible": true}, "AVD": 17.701836145713674}