{"name": "random-70-13.36-33.json", "solution": {"time": 0.00445404, "max_depth": 70, "is_feasible": true}, "AVD": 19.871826309744694}