{"name": "random-70-12.64-14.json", "solution": {"time": 0.004419099, "max_depth": 70, "is_feasible": true}, "AVD": 19.150253290926763}