{"name": "random-70-7.36-0.json", "solution": {"time": 0.032673819, "max_depth": 13, "is_feasible": false}, "AVD": 14.79912712684131}