{"name": "random-70-11.44-0.json", "solution": {"time": 0.004420787, "max_depth": 70, "is_feasible": true}, "AVD": 18.25381437836538}