{"name": "random-70-13.36-13.json", "solution": {"time": 0.004426389, "max_depth": 70, "is_feasible": true}, "AVD": 19.856755249285875}