{"name": "random-70-4.00-23.json", "solution": {"time": 0.011690041, "max_depth": 2, "is_feasible": false}, "AVD": 11.699972486696813}