{"name": "random-70-5.44-15.json", "solution": {"time": 0.014396024, "max_depth": 3, "is_feasible": false}, "AVD": 13.047184543347683}