{"name": "random-70-9.04-31.json", "solution": {"time": 0.004992383, "max_depth": 70, "is_feasible": true}, "AVD": 16.242328974879932}