{"name": "random-70-6.40-17.json", "solution": {"time": 0.020185886, "max_depth": 6, "is_feasible": false}, "AVD": 14.022168797189092}