{"name": "random-70-8.32-47.json", "solution": {"time": 0.009511863, "max_depth": 70, "is_feasible": true}, "AVD": 15.656491600236421}