{"name": "random-70-4.48-2.json", "solution": {"time": 0.011834161, "max_depth": 2, "is_feasible": false}, "AVD": 12.185012655145146}