{"name": "random-70-13.60-13.json", "solution": {"time": 0.007887428, "max_depth": 70, "is_feasible": true}, "AVD": 20.043846114203276}