{"name": "random-70-12.88-44.json", "solution": {"time": 0.00609465, "max_depth": 70, "is_feasible": true}, "AVD": 19.404067261536657}