{"name": "random-70-12.64-43.json", "solution": {"time": 0.004466054, "max_depth": 70, "is_feasible": true}, "AVD": 19.245537812527612}