{"name": "random-70-10.96-32.json", "solution": {"time": 0.00622721, "max_depth": 70, "is_feasible": true}, "AVD": 17.823155898523225}