{"name": "random-70-6.40-18.json", "solution": {"time": 0.014324645, "max_depth": 4, "is_feasible": false}, "AVD": 14.002125946615621}