{"name": "random-70-14.08-31.json", "solution": {"time": 0.004204353, "max_depth": 70, "is_feasible": true}, "AVD": 20.420328857083987}