{"name": "random-70-5.44-28.json", "solution": {"time": 0.016159678, "max_depth": 5, "is_feasible": false}, "AVD": 13.068009382907183}