{"name": "random-70-9.76-40.json", "solution": {"time": 0.006780317, "max_depth": 70, "is_feasible": true}, "AVD": 16.938299172482807}