{"name": "random-70-15.28-0.json", "solution": {"time": 0.009033902, "max_depth": 70, "is_feasible": true}, "AVD": 21.382494490770046}