{"name": "random-70-10.00-34.json", "solution": {"time": 0.004382395, "max_depth": 70, "is_feasible": true}, "AVD": 17.084802203465433}