{"name": "random-70-8.32-5.json", "solution": {"time": 0.006530036, "max_depth": 70, "is_feasible": true}, "AVD": 15.637554905411971}