{"name": "random-70-10.48-16.json", "solution": {"time": 0.005017768, "max_depth": 70, "is_feasible": true}, "AVD": 17.460491135848248}