{"name": "random-70-4.72-2.json", "solution": {"time": 0.013858018, "max_depth": 6, "is_feasible": false}, "AVD": 12.410027171241296}