{"name": "random-70-11.44-23.json", "solution": {"time": 0.004144896, "max_depth": 70, "is_feasible": true}, "AVD": 18.227387107223826}