{"name": "random-70-16.00-45.json", "solution": {"time": 0.00382019, "max_depth": 70, "is_feasible": true}, "AVD": 21.92493002915457}