{"name": "random-70-13.84-13.json", "solution": {"time": 0.009368899, "max_depth": 70, "is_feasible": true}, "AVD": 20.235020467061297}