{"name": "random-70-7.36-47.json", "solution": {"time": 0.030913709, "max_depth": 8, "is_feasible": false}, "AVD": 14.832533432553737}