{"name": "random-70-11.20-37.json", "solution": {"time": 0.004356601, "max_depth": 70, "is_feasible": true}, "AVD": 18.104677562800003}