{"name": "random-70-7.84-14.json", "solution": {"time": 0.00915793, "max_depth": 70, "is_feasible": true}, "AVD": 15.234608622669757}