{"name": "random-70-14.32-3.json", "solution": {"time": 0.010513745, "max_depth": 70, "is_feasible": true}, "AVD": 20.630302308802342}