{"name": "random-70-12.64-11.json", "solution": {"time": 0.004356732, "max_depth": 70, "is_feasible": true}, "AVD": 19.22452029036723}