{"name": "random-70-9.52-31.json", "solution": {"time": 0.005760833, "max_depth": 70, "is_feasible": true}, "AVD": 16.666292458108725}