{"name": "random-70-6.40-10.json", "solution": {"time": 0.019771498, "max_depth": 4, "is_feasible": false}, "AVD": 14.014235597735496}