{"name": "random-70-4.00-48.json", "solution": {"time": 0.01417992, "max_depth": 2, "is_feasible": false}, "AVD": 11.634163537709282}