{"name": "random-70-6.64-3.json", "solution": {"time": 0.026145, "max_depth": 8, "is_feasible": false}, "AVD": 14.253413491270535}