{"name": "random-70-9.52-17.json", "solution": {"time": 0.005149032, "max_depth": 70, "is_feasible": true}, "AVD": 16.70298635038428}