{"name": "random-70-4.48-30.json", "solution": {"time": 0.012914849, "max_depth": 0, "is_feasible": false}, "AVD": 12.1358333967618}