{"name": "random-70-10.72-6.json", "solution": {"time": 0.005380237, "max_depth": 70, "is_feasible": true}, "AVD": 17.625707217952083}