{"name": "random-70-10.24-10.json", "solution": {"time": 0.005870336, "max_depth": 70, "is_feasible": true}, "AVD": 17.305143281888146}