{"name": "random-70-13.12-27.json", "solution": {"time": 0.003565237, "max_depth": 70, "is_feasible": true}, "AVD": 19.629771446240856}