{"name": "random-70-10.00-28.json", "solution": {"time": 0.004286886, "max_depth": 70, "is_feasible": true}, "AVD": 17.095212371528653}