{"name": "random-70-12.64-34.json", "solution": {"time": 0.004293206, "max_depth": 70, "is_feasible": true}, "AVD": 19.288937477488513}