{"name": "random-70-13.36-47.json", "solution": {"time": 0.00455673, "max_depth": 70, "is_feasible": true}, "AVD": 19.82337990467584}