{"name": "random-70-14.56-35.json", "solution": {"time": 0.004315595, "max_depth": 70, "is_feasible": true}, "AVD": 20.79754445327918}