{"name": "random-70-10.48-26.json", "solution": {"time": 0.004240994, "max_depth": 70, "is_feasible": true}, "AVD": 17.529767205583493}