{"name": "random-70-14.08-24.json", "solution": {"time": 0.004720082, "max_depth": 70, "is_feasible": true}, "AVD": 20.347143887858206}