{"name": "random-70-5.68-5.json", "solution": {"time": 0.021944071, "max_depth": 6, "is_feasible": false}, "AVD": 13.35708708411756}