{"name": "random-70-13.36-46.json", "solution": {"time": 0.004280996, "max_depth": 70, "is_feasible": true}, "AVD": 19.817332759077676}