{"name": "random-70-4.96-20.json", "solution": {"time": 0.020570864, "max_depth": 4, "is_feasible": false}, "AVD": 12.643651447192111}