{"name": "random-70-11.68-17.json", "solution": {"time": 0.004358365, "max_depth": 70, "is_feasible": true}, "AVD": 18.447025650086875}