{"name": "random-70-14.08-43.json", "solution": {"time": 0.004354878, "max_depth": 70, "is_feasible": true}, "AVD": 20.405917469152186}