{"name": "random-70-8.80-16.json", "solution": {"time": 0.008879201, "max_depth": 70, "is_feasible": true}, "AVD": 16.07118368083157}