{"name": "random-70-7.36-4.json", "solution": {"time": 0.015216418, "max_depth": 70, "is_feasible": true}, "AVD": 14.833187556207855}