{"name": "random-70-13.60-26.json", "solution": {"time": 0.003533414, "max_depth": 70, "is_feasible": true}, "AVD": 20.0653602202786}