{"name": "random-70-6.88-40.json", "solution": {"time": 0.018758621, "max_depth": 5, "is_feasible": false}, "AVD": 14.451526669475538}