{"name": "random-70-12.40-30.json", "solution": {"time": 0.004516157, "max_depth": 70, "is_feasible": true}, "AVD": 19.02254445327916}