{"name": "random-70-14.80-14.json", "solution": {"time": 0.004311348, "max_depth": 70, "is_feasible": true}, "AVD": 20.9359920487676}