{"name": "random-70-15.52-6.json", "solution": {"time": 0.004342486, "max_depth": 70, "is_feasible": true}, "AVD": 21.509338428011944}