{"name": "random-70-9.28-14.json", "solution": {"time": 0.005939719, "max_depth": 70, "is_feasible": true}, "AVD": 16.47588891607254}