{"name": "random-70-14.80-23.json", "solution": {"time": 0.004488154, "max_depth": 70, "is_feasible": true}, "AVD": 20.979138395618026}