{"name": "random-70-15.52-29.json", "solution": {"time": 0.004043591, "max_depth": 70, "is_feasible": true}, "AVD": 21.57747496834236}