{"name": "random-70-4.24-2.json", "solution": {"time": 0.01167212, "max_depth": 2, "is_feasible": false}, "AVD": 11.949015632893017}