{"name": "random-70-6.88-24.json", "solution": {"time": 0.009766176, "max_depth": 70, "is_feasible": true}, "AVD": 14.397362512770567}