{"name": "random-70-10.96-34.json", "solution": {"time": 0.004499391, "max_depth": 70, "is_feasible": true}, "AVD": 17.891914153873323}