{"name": "random-70-10.48-18.json", "solution": {"time": 0.010518986, "max_depth": 70, "is_feasible": true}, "AVD": 17.47833992991133}