{"name": "random-70-15.76-31.json", "solution": {"time": 0.004238901, "max_depth": 70, "is_feasible": true}, "AVD": 21.767106252024654}