{"name": "random-70-8.08-49.json", "solution": {"time": 0.008467022, "max_depth": 70, "is_feasible": true}, "AVD": 15.460354222874543}