{"name": "random-70-4.48-5.json", "solution": {"time": 0.012894127, "max_depth": 3, "is_feasible": false}, "AVD": 12.181636367034157}