{"name": "random-70-15.28-33.json", "solution": {"time": 0.003963846, "max_depth": 70, "is_feasible": true}, "AVD": 21.37764541920669}