{"name": "random-70-7.12-5.json", "solution": {"time": 0.023078547, "max_depth": 70, "is_feasible": true}, "AVD": 14.636749735525148}