{"name": "random-70-9.28-33.json", "solution": {"time": 0.004778992, "max_depth": 70, "is_feasible": true}, "AVD": 16.502951895043676}