{"name": "random-70-12.16-11.json", "solution": {"time": 0.004377102, "max_depth": 70, "is_feasible": true}, "AVD": 18.81712702830049}