{"name": "random-70-8.80-3.json", "solution": {"time": 0.006793692, "max_depth": 70, "is_feasible": true}, "AVD": 16.110627602556125}