{"name": "random-70-15.52-41.json", "solution": {"time": 0.003933129, "max_depth": 70, "is_feasible": true}, "AVD": 21.626106737933316}