{"name": "random-70-8.80-21.json", "solution": {"time": 0.004846552, "max_depth": 70, "is_feasible": true}, "AVD": 16.05650445925949}