{"name": "random-70-12.16-1.json", "solution": {"time": 0.005403973, "max_depth": 70, "is_feasible": true}, "AVD": 18.8715045351474}