{"name": "random-70-15.76-13.json", "solution": {"time": 0.004201427, "max_depth": 70, "is_feasible": true}, "AVD": 21.76143683187565}