{"name": "random-70-11.68-43.json", "solution": {"time": 0.006768269, "max_depth": 70, "is_feasible": true}, "AVD": 18.46597529228141}