{"name": "random-70-10.96-29.json", "solution": {"time": 0.005120513, "max_depth": 70, "is_feasible": true}, "AVD": 17.906107768648557}