{"name": "random-70-10.72-18.json", "solution": {"time": 0.007637143, "max_depth": 70, "is_feasible": true}, "AVD": 17.673078187118982}