{"name": "random-70-7.12-31.json", "solution": {"time": 0.049178685, "max_depth": 13, "is_feasible": false}, "AVD": 14.61738754669357}