{"name": "random-70-15.52-20.json", "solution": {"time": 0.008885946, "max_depth": 70, "is_feasible": true}, "AVD": 21.578727405247857}