{"name": "random-70-12.40-13.json", "solution": {"time": 0.003932823, "max_depth": 70, "is_feasible": true}, "AVD": 19.10065344406162}