{"name": "random-70-12.64-47.json", "solution": {"time": 0.004437466, "max_depth": 70, "is_feasible": true}, "AVD": 19.24392815687715}