{"name": "random-70-15.28-36.json", "solution": {"time": 0.004329807, "max_depth": 70, "is_feasible": true}, "AVD": 21.324294534263966}