{"name": "random-70-5.20-4.json", "solution": {"time": 0.017755914, "max_depth": 9, "is_feasible": false}, "AVD": 12.866225424235482}