{"name": "random-70-13.12-33.json", "solution": {"time": 0.004098163, "max_depth": 70, "is_feasible": true}, "AVD": 19.646716980298624}