{"name": "random-70-13.60-5.json", "solution": {"time": 0.00426631, "max_depth": 70, "is_feasible": true}, "AVD": 19.990396957917394}