{"name": "random-70-5.68-32.json", "solution": {"time": 0.012544751, "max_depth": 4, "is_feasible": false}, "AVD": 13.340452447778842}