{"name": "random-70-4.96-27.json", "solution": {"time": 0.016430424, "max_depth": 5, "is_feasible": false}, "AVD": 12.577156609263618}