{"name": "random-70-8.32-11.json", "solution": {"time": 0.006293844, "max_depth": 70, "is_feasible": true}, "AVD": 15.652295285213576}