{"name": "random-70-9.76-38.json", "solution": {"time": 0.006914155, "max_depth": 70, "is_feasible": true}, "AVD": 16.872202928590642}