{"name": "random-70-6.40-49.json", "solution": {"time": 0.016086844, "max_depth": 5, "is_feasible": false}, "AVD": 13.969727766564379}