{"name": "random-70-14.56-22.json", "solution": {"time": 0.004453522, "max_depth": 70, "is_feasible": true}, "AVD": 20.783398928735696}