{"name": "random-70-9.28-12.json", "solution": {"time": 0.006510553, "max_depth": 70, "is_feasible": true}, "AVD": 16.472375514508105}