{"name": "random-70-10.24-42.json", "solution": {"time": 0.007016028, "max_depth": 70, "is_feasible": true}, "AVD": 17.283772401068266}