{"name": "random-70-11.92-18.json", "solution": {"time": 0.004265776, "max_depth": 70, "is_feasible": true}, "AVD": 18.65780827222663}