{"name": "random-70-5.20-23.json", "solution": {"time": 0.012816878, "max_depth": 2, "is_feasible": false}, "AVD": 12.897518413559084}