{"name": "random-70-14.80-26.json", "solution": {"time": 0.0045644, "max_depth": 70, "is_feasible": true}, "AVD": 21.018765792031136}