{"name": "random-70-6.88-29.json", "solution": {"time": 0.021053353, "max_depth": 70, "is_feasible": true}, "AVD": 14.416041386051475}