{"name": "random-70-10.00-4.json", "solution": {"time": 0.004626494, "max_depth": 70, "is_feasible": true}, "AVD": 17.10045798645795}