{"name": "random-70-8.32-41.json", "solution": {"time": 0.006841055, "max_depth": 70, "is_feasible": true}, "AVD": 15.650542404307657}