{"name": "random-70-7.84-43.json", "solution": {"time": 0.008099448, "max_depth": 70, "is_feasible": true}, "AVD": 15.276477763732782}