{"name": "random-70-11.20-22.json", "solution": {"time": 0.005001271, "max_depth": 70, "is_feasible": true}, "AVD": 18.024796873194813}