{"name": "random-70-8.80-41.json", "solution": {"time": 0.005852613, "max_depth": 70, "is_feasible": true}, "AVD": 16.076808991462006}