{"name": "random-70-11.44-18.json", "solution": {"time": 0.005834663, "max_depth": 70, "is_feasible": true}, "AVD": 18.26982673675529}