{"name": "random-70-12.88-4.json", "solution": {"time": 0.004414142, "max_depth": 70, "is_feasible": true}, "AVD": 19.445179182495526}