{"name": "random-70-8.32-48.json", "solution": {"time": 0.007697301, "max_depth": 70, "is_feasible": true}, "AVD": 15.60572544462333}