{"name": "random-70-10.96-17.json", "solution": {"time": 0.004530617, "max_depth": 70, "is_feasible": true}, "AVD": 17.86292587684423}