{"name": "random-70-12.64-10.json", "solution": {"time": 0.004290028, "max_depth": 70, "is_feasible": true}, "AVD": 19.297806667255664}