{"name": "random-70-8.32-23.json", "solution": {"time": 0.02137563, "max_depth": 70, "is_feasible": true}, "AVD": 15.675868505643942}