{"name": "random-70-9.04-2.json", "solution": {"time": 0.005329922, "max_depth": 70, "is_feasible": true}, "AVD": 16.243915952528145}