{"name": "random-70-12.88-0.json", "solution": {"time": 0.004485979, "max_depth": 70, "is_feasible": true}, "AVD": 19.456740299383164}