{"name": "random-70-11.92-3.json", "solution": {"time": 0.004817581, "max_depth": 70, "is_feasible": true}, "AVD": 18.678457075804015}