{"name": "random-70-13.60-45.json", "solution": {"time": 0.004036863, "max_depth": 70, "is_feasible": true}, "AVD": 20.03074779868659}