{"name": "random-70-14.80-11.json", "solution": {"time": 0.00403294, "max_depth": 70, "is_feasible": true}, "AVD": 20.930634169685224}