{"name": "random-70-9.76-31.json", "solution": {"time": 0.005394613, "max_depth": 70, "is_feasible": true}, "AVD": 16.87522987896452}