{"name": "random-70-14.80-40.json", "solution": {"time": 0.004269647, "max_depth": 70, "is_feasible": true}, "AVD": 20.99535525812061}