{"name": "random-70-14.80-37.json", "solution": {"time": 0.00430806, "max_depth": 70, "is_feasible": true}, "AVD": 21.0191233324499}