{"name": "random-70-10.96-40.json", "solution": {"time": 0.007805198, "max_depth": 70, "is_feasible": true}, "AVD": 17.90328299025236}