{"name": "random-70-15.28-8.json", "solution": {"time": 0.003887732, "max_depth": 70, "is_feasible": true}, "AVD": 21.36317548664493}