{"name": "random-70-5.68-37.json", "solution": {"time": 0.01693849, "max_depth": 5, "is_feasible": false}, "AVD": 13.308978758203118}