{"name": "random-70-15.04-48.json", "solution": {"time": 0.00355649, "max_depth": 70, "is_feasible": true}, "AVD": 21.131440481287463}