{"name": "random-70-8.08-18.json", "solution": {"time": 0.006578964, "max_depth": 70, "is_feasible": true}, "AVD": 15.46827069529102}