{"name": "random-70-10.00-38.json", "solution": {"time": 0.005245174, "max_depth": 70, "is_feasible": true}, "AVD": 17.076889912808248}