{"name": "random-70-6.88-9.json", "solution": {"time": 0.024241737, "max_depth": 7, "is_feasible": false}, "AVD": 14.38685093704469}