{"name": "random-70-11.92-39.json", "solution": {"time": 0.004726113, "max_depth": 70, "is_feasible": true}, "AVD": 18.673526459934635}