{"name": "random-70-7.84-37.json", "solution": {"time": 0.00503518, "max_depth": 70, "is_feasible": true}, "AVD": 15.31208576570813}