{"name": "random-70-4.96-41.json", "solution": {"time": 0.012985423, "max_depth": 3, "is_feasible": false}, "AVD": 12.620963875127005}