{"name": "random-70-7.12-9.json", "solution": {"time": 0.022948593, "max_depth": 7, "is_feasible": false}, "AVD": 14.605817262102855}