{"name": "random-70-4.96-26.json", "solution": {"time": 0.017075288, "max_depth": 3, "is_feasible": false}, "AVD": 12.589184917123536}