{"name": "random-70-7.12-37.json", "solution": {"time": 0.007388456, "max_depth": 70, "is_feasible": true}, "AVD": 14.661108161679483}