{"name": "random-70-12.88-25.json", "solution": {"time": 0.005942935, "max_depth": 70, "is_feasible": true}, "AVD": 19.43652921341698}