{"name": "random-70-14.32-15.json", "solution": {"time": 0.004661056, "max_depth": 70, "is_feasible": true}, "AVD": 20.640030126336285}