{"name": "random-70-5.92-4.json", "solution": {"time": 0.022326331, "max_depth": 9, "is_feasible": false}, "AVD": 13.574112027428214}