{"name": "random-70-10.48-32.json", "solution": {"time": 0.008353304, "max_depth": 70, "is_feasible": true}, "AVD": 17.416200675741464}