{"name": "random-70-14.32-42.json", "solution": {"time": 0.004481574, "max_depth": 70, "is_feasible": true}, "AVD": 20.58799263548246}