{"name": "random-70-9.76-15.json", "solution": {"time": 0.005306084, "max_depth": 70, "is_feasible": true}, "AVD": 16.899081588479508}