{"name": "random-70-10.00-40.json", "solution": {"time": 0.007348927, "max_depth": 70, "is_feasible": true}, "AVD": 17.12448050475598}