{"name": "random-70-11.68-26.json", "solution": {"time": 0.004498578, "max_depth": 70, "is_feasible": true}, "AVD": 18.49895682775273}