{"name": "random-70-4.00-10.json", "solution": {"time": 0.0138547, "max_depth": 4, "is_feasible": false}, "AVD": 11.736030751561197}