{"name": "random-70-15.28-20.json", "solution": {"time": 0.003897288, "max_depth": 70, "is_feasible": true}, "AVD": 21.405378846776845}