{"name": "random-70-6.16-35.json", "solution": {"time": 0.033548007, "max_depth": 11, "is_feasible": false}, "AVD": 13.747526770281759}