{"name": "random-70-8.08-38.json", "solution": {"time": 0.007657139, "max_depth": 70, "is_feasible": true}, "AVD": 15.475001880205884}