{"name": "random-70-10.96-41.json", "solution": {"time": 0.004430946, "max_depth": 70, "is_feasible": true}, "AVD": 17.868124849073812}