{"name": "random-70-6.16-2.json", "solution": {"time": 0.017447026, "max_depth": 9, "is_feasible": false}, "AVD": 13.73708668655593}