{"name": "random-70-10.48-2.json", "solution": {"time": 0.007128055, "max_depth": 70, "is_feasible": true}, "AVD": 17.424360735636224}