{"name": "random-70-5.68-34.json", "solution": {"time": 0.013194078, "max_depth": 4, "is_feasible": false}, "AVD": 13.351312878731116}