{"name": "random-70-12.88-31.json", "solution": {"time": 0.003945624, "max_depth": 70, "is_feasible": true}, "AVD": 19.462818888594413}