{"name": "random-70-6.16-27.json", "solution": {"time": 0.020927784, "max_depth": 70, "is_feasible": true}, "AVD": 13.730394585006716}