{"name": "random-70-8.32-34.json", "solution": {"time": 0.004328769, "max_depth": 70, "is_feasible": true}, "AVD": 15.685004282565439}