{"name": "random-70-13.12-26.json", "solution": {"time": 0.004041929, "max_depth": 70, "is_feasible": true}, "AVD": 19.68265711046324}