{"name": "random-70-15.76-48.json", "solution": {"time": 0.00396513, "max_depth": 70, "is_feasible": true}, "AVD": 21.76210486792125}