{"name": "random-70-13.36-40.json", "solution": {"time": 0.004160757, "max_depth": 70, "is_feasible": true}, "AVD": 19.827065803810726}