{"name": "random-70-7.84-39.json", "solution": {"time": 0.018508114, "max_depth": 70, "is_feasible": true}, "AVD": 15.260175818512467}