{"name": "random-70-6.64-46.json", "solution": {"time": 0.023550265, "max_depth": 10, "is_feasible": false}, "AVD": 14.222024482320284}