{"name": "random-70-10.24-29.json", "solution": {"time": 0.005097386, "max_depth": 70, "is_feasible": true}, "AVD": 17.304012839767907}