{"name": "random-70-9.04-17.json", "solution": {"time": 0.006339892, "max_depth": 70, "is_feasible": true}, "AVD": 16.298262096180416}