{"name": "random-70-11.44-38.json", "solution": {"time": 0.004804916, "max_depth": 70, "is_feasible": true}, "AVD": 18.27731795641999}