{"name": "random-70-14.32-32.json", "solution": {"time": 0.003669655, "max_depth": 70, "is_feasible": true}, "AVD": 20.543895662161002}