{"name": "random-70-5.92-33.json", "solution": {"time": 0.013982487, "max_depth": 4, "is_feasible": false}, "AVD": 13.545316111326182}