{"name": "random-70-15.28-14.json", "solution": {"time": 0.003803849, "max_depth": 70, "is_feasible": true}, "AVD": 21.330275495479615}