{"name": "random-70-10.72-28.json", "solution": {"time": 0.004729584, "max_depth": 70, "is_feasible": true}, "AVD": 17.68013804222985}