{"name": "random-70-15.28-31.json", "solution": {"time": 0.003965998, "max_depth": 70, "is_feasible": true}, "AVD": 21.38609570927942}