{"name": "random-70-4.72-39.json", "solution": {"time": 0.013657335, "max_depth": 6, "is_feasible": false}, "AVD": 12.426065022279165}