{"name": "random-70-12.88-21.json", "solution": {"time": 0.006926714, "max_depth": 70, "is_feasible": true}, "AVD": 19.404583708808214}