{"name": "random-70-8.32-7.json", "solution": {"time": 0.01437434, "max_depth": 70, "is_feasible": true}, "AVD": 15.66033463701823}