{"name": "random-70-11.44-22.json", "solution": {"time": 0.003723237, "max_depth": 70, "is_feasible": true}, "AVD": 18.239727800544102}