{"name": "random-70-9.52-37.json", "solution": {"time": 0.004719838, "max_depth": 70, "is_feasible": true}, "AVD": 16.73561243631647}