{"name": "random-70-12.40-41.json", "solution": {"time": 0.004866019, "max_depth": 70, "is_feasible": true}, "AVD": 19.04437428218041}