{"name": "random-70-13.36-14.json", "solution": {"time": 0.004434661, "max_depth": 70, "is_feasible": true}, "AVD": 19.773002974349936}