{"name": "random-70-8.80-39.json", "solution": {"time": 0.005871714, "max_depth": 70, "is_feasible": true}, "AVD": 16.096221039731184}