{"name": "random-70-16.00-36.json", "solution": {"time": 0.004273541, "max_depth": 70, "is_feasible": true}, "AVD": 21.9130402420709}