{"name": "random-70-12.88-33.json", "solution": {"time": 0.006135793, "max_depth": 70, "is_feasible": true}, "AVD": 19.45222021968961}