{"name": "random-70-13.36-49.json", "solution": {"time": 0.008420565, "max_depth": 70, "is_feasible": true}, "AVD": 19.880111420325722}