{"name": "random-70-11.68-32.json", "solution": {"time": 0.006690276, "max_depth": 70, "is_feasible": true}, "AVD": 18.40115207241737}