{"name": "random-70-4.96-30.json", "solution": {"time": 0.013165568, "max_depth": 2, "is_feasible": false}, "AVD": 12.605804032701835}