{"name": "random-70-5.92-17.json", "solution": {"time": 0.014285989, "max_depth": 6, "is_feasible": false}, "AVD": 13.577428242958721}