{"name": "random-70-4.48-18.json", "solution": {"time": 0.012048561, "max_depth": 2, "is_feasible": false}, "AVD": 12.164034658651833}