{"name": "random-70-8.80-36.json", "solution": {"time": 0.004892244, "max_depth": 70, "is_feasible": true}, "AVD": 16.051557438026766}