{"name": "random-70-5.20-6.json", "solution": {"time": 0.014301356, "max_depth": 6, "is_feasible": false}, "AVD": 12.840325135182143}