{"name": "random-70-8.80-4.json", "solution": {"time": 0.004757052, "max_depth": 70, "is_feasible": true}, "AVD": 16.09998671396623}