{"name": "random-70-6.40-1.json", "solution": {"time": 0.017990443, "max_depth": 8, "is_feasible": false}, "AVD": 13.979875408604883}