{"name": "random-70-12.88-13.json", "solution": {"time": 0.009080723, "max_depth": 70, "is_feasible": true}, "AVD": 19.476374061312846}