{"name": "random-70-15.76-49.json", "solution": {"time": 0.003546825, "max_depth": 70, "is_feasible": true}, "AVD": 21.855736549165172}