{"name": "random-70-11.44-16.json", "solution": {"time": 0.004092594, "max_depth": 70, "is_feasible": true}, "AVD": 18.235073180787445}