{"name": "random-70-7.36-42.json", "solution": {"time": 0.007726301, "max_depth": 70, "is_feasible": true}, "AVD": 14.836059057722212}