{"name": "random-70-10.48-48.json", "solution": {"time": 0.00404718, "max_depth": 70, "is_feasible": true}, "AVD": 17.38874396805005}