{"name": "random-70-13.36-5.json", "solution": {"time": 0.004305449, "max_depth": 70, "is_feasible": true}, "AVD": 19.793554230350175}