{"name": "random-70-13.36-1.json", "solution": {"time": 0.004415953, "max_depth": 70, "is_feasible": true}, "AVD": 19.822196145124746}