{"name": "random-70-10.72-8.json", "solution": {"time": 0.005531259, "max_depth": 70, "is_feasible": true}, "AVD": 17.693947578498577}