{"name": "random-70-9.52-5.json", "solution": {"time": 0.005295755, "max_depth": 70, "is_feasible": true}, "AVD": 16.648677118799526}