{"name": "random-70-8.80-11.json", "solution": {"time": 0.006923614, "max_depth": 70, "is_feasible": true}, "AVD": 16.048081028948314}