{"name": "random-70-6.40-28.json", "solution": {"time": 0.04694539, "max_depth": 16, "is_feasible": false}, "AVD": 13.983488569253742}