{"name": "random-70-15.76-12.json", "solution": {"time": 0.004176705, "max_depth": 70, "is_feasible": true}, "AVD": 21.780354387109547}