{"name": "random-70-12.64-24.json", "solution": {"time": 0.004847997, "max_depth": 70, "is_feasible": true}, "AVD": 19.21842328533146}