{"name": "random-70-8.32-13.json", "solution": {"time": 0.013172521, "max_depth": 70, "is_feasible": true}, "AVD": 15.703484522280366}