{"name": "random-70-13.36-17.json", "solution": {"time": 0.004316612, "max_depth": 70, "is_feasible": true}, "AVD": 19.835791044556377}