{"name": "random-70-11.44-48.json", "solution": {"time": 0.004330264, "max_depth": 70, "is_feasible": true}, "AVD": 18.173007831171073}