{"name": "random-70-13.60-23.json", "solution": {"time": 0.007555246, "max_depth": 70, "is_feasible": true}, "AVD": 19.981780442913124}