{"name": "random-70-16.00-33.json", "solution": {"time": 0.004245527, "max_depth": 70, "is_feasible": true}, "AVD": 21.967816061489582}