{"name": "random-70-10.96-10.json", "solution": {"time": 0.006781095, "max_depth": 70, "is_feasible": true}, "AVD": 17.911782415996694}