{"name": "random-70-15.04-45.json", "solution": {"time": 0.004173373, "max_depth": 70, "is_feasible": true}, "AVD": 21.133039682539717}