{"name": "random-70-10.00-36.json", "solution": {"time": 0.004521334, "max_depth": 70, "is_feasible": true}, "AVD": 17.068255705745464}