{"name": "random-70-6.40-15.json", "solution": {"time": 0.013618734, "max_depth": 4, "is_feasible": false}, "AVD": 13.941224573612216}