{"name": "random-70-6.40-8.json", "solution": {"time": 0.015545767, "max_depth": 6, "is_feasible": false}, "AVD": 14.022159709904493}