{"name": "random-70-15.28-25.json", "solution": {"time": 0.003820101, "max_depth": 70, "is_feasible": true}, "AVD": 21.37973525340877}