{"name": "random-70-11.92-29.json", "solution": {"time": 0.004309077, "max_depth": 70, "is_feasible": true}, "AVD": 18.683564773095384}