{"name": "random-70-14.80-13.json", "solution": {"time": 0.00403982, "max_depth": 70, "is_feasible": true}, "AVD": 21.012109476691137}