{"name": "random-70-11.68-16.json", "solution": {"time": 0.004667467, "max_depth": 70, "is_feasible": true}, "AVD": 18.413653120122497}