{"name": "random-70-8.32-10.json", "solution": {"time": 0.005607602, "max_depth": 70, "is_feasible": true}, "AVD": 15.702098912425374}