{"name": "random-70-13.60-16.json", "solution": {"time": 0.009558773, "max_depth": 70, "is_feasible": true}, "AVD": 19.9820689843037}