{"name": "random-70-16.00-6.json", "solution": {"time": 0.00353372, "max_depth": 70, "is_feasible": true}, "AVD": 21.89468650057431}