{"name": "random-70-13.12-19.json", "solution": {"time": 0.004801106, "max_depth": 70, "is_feasible": true}, "AVD": 19.622896955652077}