{"name": "random-70-6.64-18.json", "solution": {"time": 0.017074195, "max_depth": 4, "is_feasible": false}, "AVD": 14.219954833148602}