{"name": "random-70-14.80-8.json", "solution": {"time": 0.004475434, "max_depth": 70, "is_feasible": true}, "AVD": 20.99593965898052}