{"name": "random-70-14.08-21.json", "solution": {"time": 0.004721513, "max_depth": 70, "is_feasible": true}, "AVD": 20.396441602615102}