{"name": "random-70-12.88-9.json", "solution": {"time": 0.004108029, "max_depth": 70, "is_feasible": true}, "AVD": 19.39197988632684}