{"name": "random-70-8.56-20.json", "solution": {"time": 0.008740409, "max_depth": 70, "is_feasible": true}, "AVD": 15.862972317931433}