{"name": "random-70-14.08-46.json", "solution": {"time": 0.00376382, "max_depth": 70, "is_feasible": true}, "AVD": 20.4242712106488}