{"name": "random-70-8.56-26.json", "solution": {"time": 0.006647539, "max_depth": 70, "is_feasible": true}, "AVD": 15.887995241719663}