{"name": "random-70-5.92-24.json", "solution": {"time": 0.031281055, "max_depth": 9, "is_feasible": false}, "AVD": 13.520685227470807}