{"name": "random-70-14.80-19.json", "solution": {"time": 0.004527545, "max_depth": 70, "is_feasible": true}, "AVD": 20.998691256589257}