{"name": "random-70-9.04-19.json", "solution": {"time": 0.005374874, "max_depth": 70, "is_feasible": true}, "AVD": 16.242619928823967}