{"name": "random-70-5.92-49.json", "solution": {"time": 0.016669246, "max_depth": 5, "is_feasible": false}, "AVD": 13.5078404311107}