{"name": "random-70-4.72-47.json", "solution": {"time": 0.013448967, "max_depth": 4, "is_feasible": false}, "AVD": 12.424587092046112}