{"name": "random-70-5.68-24.json", "solution": {"time": 0.032456516, "max_depth": 9, "is_feasible": false}, "AVD": 13.298269996443324}