{"name": "random-70-9.28-9.json", "solution": {"time": 0.004225327, "max_depth": 70, "is_feasible": true}, "AVD": 16.45252229063447}