{"name": "random-70-10.24-8.json", "solution": {"time": 0.005256118, "max_depth": 70, "is_feasible": true}, "AVD": 17.29923863777943}