{"name": "random-70-6.40-46.json", "solution": {"time": 0.022777296, "max_depth": 10, "is_feasible": false}, "AVD": 13.987268879646306}