{"name": "random-70-15.28-19.json", "solution": {"time": 0.004642787, "max_depth": 70, "is_feasible": true}, "AVD": 21.392365211885675}