{"name": "random-70-9.52-38.json", "solution": {"time": 0.007896315, "max_depth": 70, "is_feasible": true}, "AVD": 16.677326673326625}