{"name": "random-70-6.40-11.json", "solution": {"time": 0.024109759, "max_depth": 9, "is_feasible": false}, "AVD": 13.9712007912721}