{"name": "random-70-11.20-25.json", "solution": {"time": 0.004072239, "max_depth": 70, "is_feasible": true}, "AVD": 18.049894425302558}