{"name": "random-70-15.04-38.json", "solution": {"time": 0.004493048, "max_depth": 70, "is_feasible": true}, "AVD": 21.181122596224686}