{"name": "random-70-4.00-0.json", "solution": {"time": 0.013025372, "max_depth": 2, "is_feasible": false}, "AVD": 11.650134279552484}