{"name": "random-70-5.20-24.json", "solution": {"time": 0.03058205, "max_depth": 9, "is_feasible": false}, "AVD": 12.827509410090885}