{"name": "random-70-4.72-35.json", "solution": {"time": 0.015099644, "max_depth": 4, "is_feasible": false}, "AVD": 12.341609327180599}