{"name": "random-70-10.24-5.json", "solution": {"time": 0.005666594, "max_depth": 70, "is_feasible": true}, "AVD": 17.24007687663807}