{"name": "random-70-9.52-34.json", "solution": {"time": 0.004854399, "max_depth": 70, "is_feasible": true}, "AVD": 16.696672215539515}