{"name": "random-70-16.00-1.json", "solution": {"time": 0.00399777, "max_depth": 70, "is_feasible": true}, "AVD": 21.925678564066374}