{"name": "random-70-12.88-43.json", "solution": {"time": 0.004063255, "max_depth": 70, "is_feasible": true}, "AVD": 19.432858674205622}