{"name": "random-70-15.28-38.json", "solution": {"time": 0.004593637, "max_depth": 70, "is_feasible": true}, "AVD": 21.38300225284924}