{"name": "random-70-6.40-43.json", "solution": {"time": 0.01030507, "max_depth": 70, "is_feasible": true}, "AVD": 14.027935121567651}