{"name": "random-70-11.20-40.json", "solution": {"time": 0.00491513, "max_depth": 70, "is_feasible": true}, "AVD": 18.09976817740081}