{"name": "random-70-9.76-18.json", "solution": {"time": 0.006434997, "max_depth": 70, "is_feasible": true}, "AVD": 16.874441617339535}