{"name": "random-70-4.72-5.json", "solution": {"time": 0.012730474, "max_depth": 3, "is_feasible": false}, "AVD": 12.422492111063379}