{"name": "random-70-12.64-17.json", "solution": {"time": 0.00894091, "max_depth": 70, "is_feasible": true}, "AVD": 19.21585777601085}