{"name": "random-70-11.92-35.json", "solution": {"time": 0.00502294, "max_depth": 70, "is_feasible": true}, "AVD": 18.678771431516324}