{"name": "random-70-13.84-28.json", "solution": {"time": 0.004420808, "max_depth": 70, "is_feasible": true}, "AVD": 20.19276620205194}