{"name": "random-70-4.00-45.json", "solution": {"time": 0.016323863, "max_depth": 2, "is_feasible": false}, "AVD": 11.633894779256867}