{"name": "random-70-9.76-45.json", "solution": {"time": 0.006724425, "max_depth": 70, "is_feasible": true}, "AVD": 16.86288146547326}