{"name": "random-70-7.60-4.json", "solution": {"time": 0.011694244, "max_depth": 70, "is_feasible": true}, "AVD": 15.054833343527122}