{"name": "random-70-4.24-44.json", "solution": {"time": 0.013103334, "max_depth": 3, "is_feasible": false}, "AVD": 11.889351537917728}