{"name": "random-70-5.44-9.json", "solution": {"time": 0.016161502, "max_depth": 4, "is_feasible": false}, "AVD": 13.120278639727491}