{"name": "random-70-7.60-23.json", "solution": {"time": 0.018868986, "max_depth": 14, "is_feasible": false}, "AVD": 15.049995048035772}