{"name": "random-70-5.92-32.json", "solution": {"time": 0.012111456, "max_depth": 4, "is_feasible": false}, "AVD": 13.55173969567834}