{"name": "random-70-13.60-22.json", "solution": {"time": 0.005920647, "max_depth": 70, "is_feasible": true}, "AVD": 20.011414801751563}