{"name": "random-70-11.68-12.json", "solution": {"time": 0.004686724, "max_depth": 70, "is_feasible": true}, "AVD": 18.443938385877154}