{"name": "random-70-6.16-16.json", "solution": {"time": 0.012805904, "max_depth": 2, "is_feasible": false}, "AVD": 13.76563230023931}