{"name": "random-70-4.00-21.json", "solution": {"time": 0.01485138, "max_depth": 6, "is_feasible": false}, "AVD": 11.654270924087088}