{"name": "random-70-15.52-47.json", "solution": {"time": 0.010831435, "max_depth": 70, "is_feasible": true}, "AVD": 21.56425015460734}