{"name": "random-70-8.56-9.json", "solution": {"time": 0.004617847, "max_depth": 70, "is_feasible": true}, "AVD": 15.843698911066173}