{"name": "random-70-5.92-0.json", "solution": {"time": 0.016912748, "max_depth": 4, "is_feasible": false}, "AVD": 13.51626321807431}