{"name": "random-70-13.60-12.json", "solution": {"time": 0.004620532, "max_depth": 70, "is_feasible": true}, "AVD": 20.025733467213087}