{"name": "random-70-12.88-32.json", "solution": {"time": 0.005285523, "max_depth": 70, "is_feasible": true}, "AVD": 19.360826825102347}