{"name": "random-70-13.84-30.json", "solution": {"time": 0.004494158, "max_depth": 70, "is_feasible": true}, "AVD": 20.19921833495306}