{"name": "random-70-10.72-42.json", "solution": {"time": 0.005190842, "max_depth": 70, "is_feasible": true}, "AVD": 17.68702153968476}