{"name": "random-70-11.44-20.json", "solution": {"time": 0.005251723, "max_depth": 70, "is_feasible": true}, "AVD": 18.3079016550343}