{"name": "random-70-7.84-24.json", "solution": {"time": 0.007754121, "max_depth": 70, "is_feasible": true}, "AVD": 15.265070567754151}