{"name": "random-70-15.76-18.json", "solution": {"time": 0.004291087, "max_depth": 70, "is_feasible": true}, "AVD": 21.72252556173989}