{"name": "random-70-7.12-25.json", "solution": {"time": 0.012558095, "max_depth": 70, "is_feasible": true}, "AVD": 14.616790520137359}