{"name": "random-70-13.60-1.json", "solution": {"time": 0.004411564, "max_depth": 70, "is_feasible": true}, "AVD": 20.00756203433757}