{"name": "random-70-4.72-8.json", "solution": {"time": 0.012460242, "max_depth": 3, "is_feasible": false}, "AVD": 12.450049502651392}