{"name": "random-70-11.68-3.json", "solution": {"time": 0.005133538, "max_depth": 70, "is_feasible": true}, "AVD": 18.481834936039018}