{"name": "random-70-4.24-37.json", "solution": {"time": 0.01328995, "max_depth": 4, "is_feasible": false}, "AVD": 11.921731422772083}