{"name": "random-70-15.28-28.json", "solution": {"time": 0.003518045, "max_depth": 70, "is_feasible": true}, "AVD": 21.386068849517866}