{"name": "random-70-7.36-16.json", "solution": {"time": 0.017289867, "max_depth": 5, "is_feasible": false}, "AVD": 14.840986014552234}