{"name": "random-70-10.48-29.json", "solution": {"time": 0.005059602, "max_depth": 70, "is_feasible": true}, "AVD": 17.488917690019697}