{"name": "random-70-11.20-33.json", "solution": {"time": 0.004302661, "max_depth": 70, "is_feasible": true}, "AVD": 18.099174367582503}