{"name": "random-70-14.56-3.json", "solution": {"time": 0.00434297, "max_depth": 70, "is_feasible": true}, "AVD": 20.815162205141842}