{"name": "random-70-4.00-43.json", "solution": {"time": 0.012476134, "max_depth": 2, "is_feasible": false}, "AVD": 11.707032956772277}