{"name": "random-70-8.32-22.json", "solution": {"time": 0.005974739, "max_depth": 70, "is_feasible": true}, "AVD": 15.673608988517085}