{"name": "random-70-14.56-38.json", "solution": {"time": 0.004512652, "max_depth": 70, "is_feasible": true}, "AVD": 20.78357215007219}