{"name": "random-70-5.68-39.json", "solution": {"time": 0.01394346, "max_depth": 6, "is_feasible": false}, "AVD": 13.362239333229017}