{"name": "random-70-8.32-28.json", "solution": {"time": 0.005692971, "max_depth": 70, "is_feasible": true}, "AVD": 15.694969414938717}