{"name": "random-70-5.44-6.json", "solution": {"time": 0.017534894, "max_depth": 6, "is_feasible": false}, "AVD": 13.059377910071658}