{"name": "random-70-12.40-11.json", "solution": {"time": 0.004021014, "max_depth": 70, "is_feasible": true}, "AVD": 19.015154239184845}