{"name": "random-70-11.20-23.json", "solution": {"time": 0.004575703, "max_depth": 70, "is_feasible": true}, "AVD": 18.043633286214902}