{"name": "random-70-5.68-15.json", "solution": {"time": 0.013790104, "max_depth": 3, "is_feasible": false}, "AVD": 13.267073670093955}