{"name": "random-70-14.56-45.json", "solution": {"time": 0.004375245, "max_depth": 70, "is_feasible": true}, "AVD": 20.78604461524873}