{"name": "random-70-14.80-5.json", "solution": {"time": 0.003997446, "max_depth": 70, "is_feasible": true}, "AVD": 20.94874432370354}