{"name": "random-70-4.00-20.json", "solution": {"time": 0.012187441, "max_depth": 2, "is_feasible": false}, "AVD": 11.713369154654696}