{"name": "random-70-4.24-19.json", "solution": {"time": 0.012182666, "max_depth": 3, "is_feasible": false}, "AVD": 11.947041251198973}