{"name": "random-70-4.72-9.json", "solution": {"time": 0.013746125, "max_depth": 3, "is_feasible": false}, "AVD": 12.422441929951997}