{"name": "random-70-4.96-1.json", "solution": {"time": 0.01365241, "max_depth": 5, "is_feasible": false}, "AVD": 12.657414863481057}