{"name": "random-70-9.52-4.json", "solution": {"time": 0.004985425, "max_depth": 70, "is_feasible": true}, "AVD": 16.69938127178938}