{"name": "random-70-15.28-44.json", "solution": {"time": 0.00404502, "max_depth": 70, "is_feasible": true}, "AVD": 21.347309891922176}