{"name": "random-70-15.04-39.json", "solution": {"time": 0.004333302, "max_depth": 70, "is_feasible": true}, "AVD": 21.157408884766074}