{"name": "random-70-4.24-41.json", "solution": {"time": 0.01162514, "max_depth": 2, "is_feasible": false}, "AVD": 11.90004240657287}