{"name": "random-70-6.16-32.json", "solution": {"time": 0.012120441, "max_depth": 4, "is_feasible": false}, "AVD": 13.773503617697372}