{"name": "random-70-10.72-5.json", "solution": {"time": 0.00549448, "max_depth": 70, "is_feasible": true}, "AVD": 17.63065528462465}