{"name": "random-70-4.24-16.json", "solution": {"time": 0.012458501, "max_depth": 2, "is_feasible": false}, "AVD": 11.918005902737754}