{"name": "random-70-14.08-22.json", "solution": {"time": 0.004728566, "max_depth": 70, "is_feasible": true}, "AVD": 20.397682861356362}