{"name": "random-70-8.56-30.json", "solution": {"time": 0.005765429, "max_depth": 70, "is_feasible": true}, "AVD": 15.861673881673811}