{"name": "random-70-15.04-13.json", "solution": {"time": 0.004252512, "max_depth": 70, "is_feasible": true}, "AVD": 21.195116853667905}