{"name": "random-70-14.80-36.json", "solution": {"time": 0.004134389, "max_depth": 70, "is_feasible": true}, "AVD": 20.92894160261511}