{"name": "random-70-5.44-5.json", "solution": {"time": 0.015990504, "max_depth": 3, "is_feasible": false}, "AVD": 13.126382239075976}