{"name": "random-70-12.40-47.json", "solution": {"time": 0.004166631, "max_depth": 70, "is_feasible": true}, "AVD": 19.058286271551584}