{"name": "random-70-4.96-49.json", "solution": {"time": 0.014097659, "max_depth": 4, "is_feasible": false}, "AVD": 12.61271508530137}