{"name": "random-70-14.08-5.json", "solution": {"time": 0.006393369, "max_depth": 70, "is_feasible": true}, "AVD": 20.37400646405751}