{"name": "random-70-10.96-7.json", "solution": {"time": 0.006163385, "max_depth": 70, "is_feasible": true}, "AVD": 17.87465844586248}