{"name": "random-70-10.24-45.json", "solution": {"time": 0.005094511, "max_depth": 70, "is_feasible": true}, "AVD": 17.256197880350907}