{"name": "random-70-5.20-34.json", "solution": {"time": 0.013625523, "max_depth": 4, "is_feasible": false}, "AVD": 12.89339664643732}