{"name": "random-70-14.32-12.json", "solution": {"time": 0.007537859, "max_depth": 70, "is_feasible": true}, "AVD": 20.591948901438737}