{"name": "random-70-5.68-2.json", "solution": {"time": 0.015522537, "max_depth": 7, "is_feasible": false}, "AVD": 13.310018781605068}