{"name": "random-70-11.92-47.json", "solution": {"time": 0.004078848, "max_depth": 70, "is_feasible": true}, "AVD": 18.6610254122295}