{"name": "random-70-11.68-9.json", "solution": {"time": 0.004657196, "max_depth": 70, "is_feasible": true}, "AVD": 18.416089316579107}