{"name": "random-70-8.32-18.json", "solution": {"time": 0.00594739, "max_depth": 70, "is_feasible": true}, "AVD": 15.677268751656428}