{"name": "random-70-12.64-26.json", "solution": {"time": 0.004727531, "max_depth": 70, "is_feasible": true}, "AVD": 19.29540111022764}