{"name": "random-70-10.96-18.json", "solution": {"time": 0.005157836, "max_depth": 70, "is_feasible": true}, "AVD": 17.878004255381782}