{"name": "random-70-11.44-26.json", "solution": {"time": 0.005047968, "max_depth": 70, "is_feasible": true}, "AVD": 18.291994242718705}