{"name": "random-70-12.88-41.json", "solution": {"time": 0.006151849, "max_depth": 70, "is_feasible": true}, "AVD": 19.45502095296995}