{"name": "random-70-8.56-10.json", "solution": {"time": 0.006811172, "max_depth": 70, "is_feasible": true}, "AVD": 15.91084501779394}