{"name": "random-70-7.36-45.json", "solution": {"time": 0.027011411, "max_depth": 7, "is_feasible": false}, "AVD": 14.791132970204291}