{"name": "random-70-6.88-12.json", "solution": {"time": 0.006356338, "max_depth": 70, "is_feasible": true}, "AVD": 14.42968554178237}