{"name": "random-70-11.44-46.json", "solution": {"time": 0.005088703, "max_depth": 70, "is_feasible": true}, "AVD": 18.24506581626988}