{"name": "random-70-9.52-12.json", "solution": {"time": 0.006014738, "max_depth": 70, "is_feasible": true}, "AVD": 16.678694108612422}