{"name": "random-70-7.84-1.json", "solution": {"time": 0.006329471, "max_depth": 70, "is_feasible": true}, "AVD": 15.249452822687438}