{"name": "random-70-11.68-45.json", "solution": {"time": 0.004820856, "max_depth": 70, "is_feasible": true}, "AVD": 18.441461819359773}