{"name": "random-70-10.96-30.json", "solution": {"time": 0.006604321, "max_depth": 70, "is_feasible": true}, "AVD": 17.854496495567904}