{"name": "random-70-7.36-2.json", "solution": {"time": 0.009740733, "max_depth": 70, "is_feasible": true}, "AVD": 14.799927933744161}