{"name": "random-70-12.40-48.json", "solution": {"time": 0.004376242, "max_depth": 70, "is_feasible": true}, "AVD": 18.97622447280611}