{"name": "random-70-7.60-32.json", "solution": {"time": 0.012896534, "max_depth": 6, "is_feasible": false}, "AVD": 15.016899559623967}