{"name": "random-70-9.52-48.json", "solution": {"time": 0.005322753, "max_depth": 70, "is_feasible": true}, "AVD": 16.602745720266075}