{"name": "random-70-14.56-9.json", "solution": {"time": 0.004177397, "max_depth": 70, "is_feasible": true}, "AVD": 20.758112554112593}