{"name": "random-70-8.80-23.json", "solution": {"time": 0.0096246, "max_depth": 70, "is_feasible": true}, "AVD": 16.066969311867208}