{"name": "random-70-5.44-16.json", "solution": {"time": 0.012757227, "max_depth": 2, "is_feasible": false}, "AVD": 13.099099689359448}