{"name": "random-70-8.56-37.json", "solution": {"time": 0.004614208, "max_depth": 70, "is_feasible": true}, "AVD": 15.937972492360174}