{"name": "random-70-15.76-30.json", "solution": {"time": 0.004207662, "max_depth": 70, "is_feasible": true}, "AVD": 21.739069646906426}