{"name": "random-70-5.20-11.json", "solution": {"time": 0.014159304, "max_depth": 5, "is_feasible": false}, "AVD": 12.848874018271822}