{"name": "random-70-16.00-10.json", "solution": {"time": 0.003609989, "max_depth": 70, "is_feasible": true}, "AVD": 22.001784492151895}