{"name": "random-70-8.56-34.json", "solution": {"time": 0.005315882, "max_depth": 70, "is_feasible": true}, "AVD": 15.871507610303466}