{"name": "random-70-5.92-23.json", "solution": {"time": 0.013198558, "max_depth": 3, "is_feasible": false}, "AVD": 13.567122297203799}