{"name": "random-70-9.28-16.json", "solution": {"time": 0.006586265, "max_depth": 70, "is_feasible": true}, "AVD": 16.46499458874452}