{"name": "random-70-9.52-13.json", "solution": {"time": 0.005189229, "max_depth": 70, "is_feasible": true}, "AVD": 16.688235194510646}