{"name": "random-70-11.92-9.json", "solution": {"time": 0.004030335, "max_depth": 70, "is_feasible": true}, "AVD": 18.615036514505903}