{"name": "random-70-9.52-26.json", "solution": {"time": 0.005966996, "max_depth": 70, "is_feasible": true}, "AVD": 16.716084665900937}