{"name": "random-70-11.20-36.json", "solution": {"time": 0.004549913, "max_depth": 70, "is_feasible": true}, "AVD": 18.04610888771092}