{"name": "random-70-11.68-6.json", "solution": {"time": 0.004938615, "max_depth": 70, "is_feasible": true}, "AVD": 18.43597326029978}