{"name": "random-70-6.40-41.json", "solution": {"time": 0.021178152, "max_depth": 11, "is_feasible": false}, "AVD": 13.956445775313034}