{"name": "random-70-9.76-3.json", "solution": {"time": 0.004770863, "max_depth": 70, "is_feasible": true}, "AVD": 16.918696452073974}