{"name": "random-70-14.08-3.json", "solution": {"time": 0.004481814, "max_depth": 70, "is_feasible": true}, "AVD": 20.45457328385903}