{"name": "random-70-10.24-36.json", "solution": {"time": 0.009485528, "max_depth": 70, "is_feasible": true}, "AVD": 17.26260192302026}