{"name": "random-70-10.48-30.json", "solution": {"time": 0.004989703, "max_depth": 70, "is_feasible": true}, "AVD": 17.448403760638428}