{"name": "random-70-7.36-35.json", "solution": {"time": 0.00507254, "max_depth": 70, "is_feasible": true}, "AVD": 14.842387828724473}