{"name": "random-70-12.16-44.json", "solution": {"time": 0.003928826, "max_depth": 70, "is_feasible": true}, "AVD": 18.8262944900904}