{"name": "random-70-6.64-28.json", "solution": {"time": 0.009279339, "max_depth": 70, "is_feasible": true}, "AVD": 14.219816513418422}