{"name": "random-70-13.12-13.json", "solution": {"time": 0.004372549, "max_depth": 70, "is_feasible": true}, "AVD": 19.667881909473763}