{"name": "random-70-14.32-20.json", "solution": {"time": 0.00419408, "max_depth": 70, "is_feasible": true}, "AVD": 20.66490532143598}