{"name": "random-70-11.68-39.json", "solution": {"time": 0.0044835, "max_depth": 70, "is_feasible": true}, "AVD": 18.461699443413735}