{"name": "random-70-10.00-22.json", "solution": {"time": 0.006265561, "max_depth": 70, "is_feasible": true}, "AVD": 17.070358406899174}