{"name": "random-70-6.40-40.json", "solution": {"time": 0.018182562, "max_depth": 5, "is_feasible": false}, "AVD": 14.025556987230337}