{"name": "random-70-12.88-14.json", "solution": {"time": 0.004516588, "max_depth": 70, "is_feasible": true}, "AVD": 19.356801881791682}