{"name": "random-70-5.92-41.json", "solution": {"time": 0.019455966, "max_depth": 4, "is_feasible": false}, "AVD": 13.508144453052507}