{"name": "random-70-14.80-21.json", "solution": {"time": 0.003689708, "max_depth": 70, "is_feasible": true}, "AVD": 20.969133536531533}