{"name": "random-70-11.68-20.json", "solution": {"time": 0.003991314, "max_depth": 70, "is_feasible": true}, "AVD": 18.503835895397117}