{"name": "random-70-4.00-11.json", "solution": {"time": 0.013138055, "max_depth": 2, "is_feasible": false}, "AVD": 11.631669238924163}