{"name": "random-70-12.40-24.json", "solution": {"time": 0.00436902, "max_depth": 70, "is_feasible": true}, "AVD": 19.018073107164952}