{"name": "random-70-12.64-40.json", "solution": {"time": 0.004385635, "max_depth": 70, "is_feasible": true}, "AVD": 19.2667602408929}