{"name": "random-70-12.88-7.json", "solution": {"time": 0.004596705, "max_depth": 70, "is_feasible": true}, "AVD": 19.4444759231698}