{"name": "random-70-7.60-17.json", "solution": {"time": 0.022373512, "max_depth": 12, "is_feasible": false}, "AVD": 15.064038843242841}