{"name": "random-70-14.56-0.json", "solution": {"time": 0.003824599, "max_depth": 70, "is_feasible": true}, "AVD": 20.798842165770772}