{"name": "random-70-14.56-48.json", "solution": {"time": 0.004072123, "max_depth": 70, "is_feasible": true}, "AVD": 20.769356581060695}