{"name": "random-70-4.48-17.json", "solution": {"time": 0.013001755, "max_depth": 3, "is_feasible": false}, "AVD": 12.206278429053777}