{"name": "random-70-11.68-23.json", "solution": {"time": 0.003672897, "max_depth": 70, "is_feasible": true}, "AVD": 18.440019112406862}