{"name": "random-70-7.60-29.json", "solution": {"time": 0.009184451, "max_depth": 70, "is_feasible": true}, "AVD": 15.046906818804672}