{"name": "random-70-13.36-32.json", "solution": {"time": 0.004617523, "max_depth": 70, "is_feasible": true}, "AVD": 19.763584607002997}