{"name": "random-70-14.08-14.json", "solution": {"time": 0.004429902, "max_depth": 70, "is_feasible": true}, "AVD": 20.370533512972322}