{"name": "random-70-9.28-13.json", "solution": {"time": 0.005040003, "max_depth": 70, "is_feasible": true}, "AVD": 16.50024557302102}