{"name": "random-70-8.32-14.json", "solution": {"time": 0.004581404, "max_depth": 70, "is_feasible": true}, "AVD": 15.645971017644408}