{"name": "random-70-14.56-27.json", "solution": {"time": 0.004629595, "max_depth": 70, "is_feasible": true}, "AVD": 20.796026474659175}