{"name": "random-70-10.96-5.json", "solution": {"time": 0.005340089, "max_depth": 70, "is_feasible": true}, "AVD": 17.818022145654776}