{"name": "random-70-7.36-29.json", "solution": {"time": 0.013826365, "max_depth": 70, "is_feasible": true}, "AVD": 14.827264094182354}