{"name": "random-70-11.44-47.json", "solution": {"time": 0.00901512, "max_depth": 70, "is_feasible": true}, "AVD": 18.271320991933223}