{"name": "random-70-5.92-9.json", "solution": {"time": 0.014714665, "max_depth": 4, "is_feasible": false}, "AVD": 13.55650995716289}