{"name": "random-70-9.52-47.json", "solution": {"time": 0.005753003, "max_depth": 70, "is_feasible": true}, "AVD": 16.663002056899966}