{"name": "random-70-12.64-46.json", "solution": {"time": 0.00439074, "max_depth": 70, "is_feasible": true}, "AVD": 19.237212975233387}