{"name": "random-70-5.68-49.json", "solution": {"time": 0.016790422, "max_depth": 5, "is_feasible": false}, "AVD": 13.307272893706122}