{"name": "random-70-8.56-43.json", "solution": {"time": 0.007538467, "max_depth": 70, "is_feasible": true}, "AVD": 15.89189786857127}