{"name": "random-70-9.76-14.json", "solution": {"time": 0.00684143, "max_depth": 70, "is_feasible": true}, "AVD": 16.868411842126086}