{"name": "random-70-8.56-5.json", "solution": {"time": 0.007385573, "max_depth": 70, "is_feasible": true}, "AVD": 15.844053315165489}