{"name": "random-70-8.32-36.json", "solution": {"time": 0.007488056, "max_depth": 70, "is_feasible": true}, "AVD": 15.653804176549011}