{"name": "random-70-14.80-28.json", "solution": {"time": 0.004143776, "max_depth": 70, "is_feasible": true}, "AVD": 20.96901572350555}