{"name": "random-70-10.96-33.json", "solution": {"time": 0.008501217, "max_depth": 70, "is_feasible": true}, "AVD": 17.896329770003213}