{"name": "random-70-7.60-48.json", "solution": {"time": 0.011364223, "max_depth": 70, "is_feasible": true}, "AVD": 14.997912281595866}