{"name": "random-70-7.84-36.json", "solution": {"time": 0.008814664, "max_depth": 70, "is_feasible": true}, "AVD": 15.234579993702372}