{"name": "random-70-8.08-12.json", "solution": {"time": 0.008950687, "max_depth": 70, "is_feasible": true}, "AVD": 15.4786560140539}