{"name": "random-70-13.84-14.json", "solution": {"time": 0.004944677, "max_depth": 70, "is_feasible": true}, "AVD": 20.156879067644404}