{"name": "random-70-12.16-22.json", "solution": {"time": 0.004558456, "max_depth": 70, "is_feasible": true}, "AVD": 18.848551180112402}