{"name": "random-70-5.68-18.json", "solution": {"time": 0.014936332, "max_depth": 4, "is_feasible": false}, "AVD": 13.330475413475266}