{"name": "random-70-4.96-9.json", "solution": {"time": 0.012496124, "max_depth": 3, "is_feasible": false}, "AVD": 12.657386113885979}