{"name": "random-70-5.68-7.json", "solution": {"time": 0.013308835, "max_depth": 5, "is_feasible": false}, "AVD": 13.305743334829634}