{"name": "random-70-10.00-29.json", "solution": {"time": 0.006003346, "max_depth": 70, "is_feasible": true}, "AVD": 17.101845687192586}