{"name": "random-70-7.12-36.json", "solution": {"time": 0.02949865, "max_depth": 12, "is_feasible": false}, "AVD": 14.620333917782807}