{"name": "random-70-5.92-35.json", "solution": {"time": 0.020543841, "max_depth": 6, "is_feasible": false}, "AVD": 13.519745940000927}