{"name": "random-70-4.00-30.json", "solution": {"time": 0.011672502, "max_depth": 0, "is_feasible": false}, "AVD": 11.623861653085969}