{"name": "random-70-10.96-39.json", "solution": {"time": 0.004421396, "max_depth": 70, "is_feasible": true}, "AVD": 17.869333377506834}