{"name": "random-70-15.04-22.json", "solution": {"time": 0.003925571, "max_depth": 70, "is_feasible": true}, "AVD": 21.158180419353933}