{"name": "random-70-16.00-14.json", "solution": {"time": 0.004360696, "max_depth": 70, "is_feasible": true}, "AVD": 21.88899512618906}