{"name": "random-70-15.52-5.json", "solution": {"time": 0.004271628, "max_depth": 70, "is_feasible": true}, "AVD": 21.493043157522788}