{"name": "random-70-13.60-21.json", "solution": {"time": 0.00427234, "max_depth": 70, "is_feasible": true}, "AVD": 19.987761404128772}