{"name": "random-70-4.48-24.json", "solution": {"time": 0.019297505, "max_depth": 8, "is_feasible": false}, "AVD": 12.1139796954078}