{"name": "random-70-4.72-26.json", "solution": {"time": 0.013436344, "max_depth": 3, "is_feasible": false}, "AVD": 12.366604426185905}