{"name": "random-70-8.32-16.json", "solution": {"time": 0.009493557, "max_depth": 70, "is_feasible": true}, "AVD": 15.64878449724871}