{"name": "random-70-9.04-15.json", "solution": {"time": 0.004620554, "max_depth": 70, "is_feasible": true}, "AVD": 16.28184555467203}