{"name": "random-70-9.04-41.json", "solution": {"time": 0.009164421, "max_depth": 70, "is_feasible": true}, "AVD": 16.2789050541295}