{"name": "random-70-8.08-47.json", "solution": {"time": 0.040635545, "max_depth": 11, "is_feasible": false}, "AVD": 15.438661668263617}