{"name": "random-70-5.44-4.json", "solution": {"time": 0.018254245, "max_depth": 9, "is_feasible": false}, "AVD": 13.1130765243825}