{"name": "random-70-14.32-9.json", "solution": {"time": 0.004394813, "max_depth": 70, "is_feasible": true}, "AVD": 20.563512294961306}