{"name": "random-70-12.16-13.json", "solution": {"time": 0.003794215, "max_depth": 70, "is_feasible": true}, "AVD": 18.88538797596961}