{"name": "random-70-14.32-13.json", "solution": {"time": 0.004547712, "max_depth": 70, "is_feasible": true}, "AVD": 20.624990429072085}