{"name": "random-70-6.16-13.json", "solution": {"time": 0.013816213, "max_depth": 4, "is_feasible": false}, "AVD": 13.789983448524142}