{"name": "random-70-11.68-41.json", "solution": {"time": 0.00647955, "max_depth": 70, "is_feasible": true}, "AVD": 18.47463780663781}