{"name": "random-70-13.12-17.json", "solution": {"time": 0.004323783, "max_depth": 70, "is_feasible": true}, "AVD": 19.62037607856998}