{"name": "random-70-6.88-31.json", "solution": {"time": 0.041071521, "max_depth": 9, "is_feasible": false}, "AVD": 14.409690339139212}