{"name": "random-70-11.92-2.json", "solution": {"time": 0.003850368, "max_depth": 70, "is_feasible": true}, "AVD": 18.59913400771565}