{"name": "random-70-13.12-1.json", "solution": {"time": 0.008316058, "max_depth": 70, "is_feasible": true}, "AVD": 19.630516844833195}