{"name": "random-70-14.80-32.json", "solution": {"time": 0.004562396, "max_depth": 70, "is_feasible": true}, "AVD": 20.922206879288556}