{"name": "random-70-7.36-37.json", "solution": {"time": 0.006377344, "max_depth": 70, "is_feasible": true}, "AVD": 14.867380756431677}