{"name": "random-70-12.88-40.json", "solution": {"time": 0.004599825, "max_depth": 70, "is_feasible": true}, "AVD": 19.446364711252482}