{"name": "random-70-4.72-23.json", "solution": {"time": 0.011560292, "max_depth": 2, "is_feasible": false}, "AVD": 12.429627237841368}