{"name": "random-70-13.60-43.json", "solution": {"time": 0.004164882, "max_depth": 70, "is_feasible": true}, "AVD": 20.029366772683122}