{"name": "random-70-7.84-16.json", "solution": {"time": 0.022460501, "max_depth": 5, "is_feasible": false}, "AVD": 15.246108259654092}