{"name": "random-70-10.48-17.json", "solution": {"time": 0.004333183, "max_depth": 70, "is_feasible": true}, "AVD": 17.463814589039057}