{"name": "random-70-13.12-28.json", "solution": {"time": 0.003766749, "max_depth": 70, "is_feasible": true}, "AVD": 19.611083164001542}