{
    "NAME": "random-15-11.00-0",
    "TYPE": "TSPSD",
    "COMMENT": "15 random locations, 11.0 goal degree after n/2 deletes",
    "EDGE_WEIGHT_TYPE": "EUC_2D",
    "DIMENSION": 15,
    "GROUPS": [
        4,
        3,
        4,
        5,
        3,
        4,
        3,
        2,
        0,
        2,
        3,
        7,
        2,
        2,
        6
    ],
    "GROUPS_SUM": 50,
    "EXP_DEGREE_HALF": 11.075555555555558,
    "EXP_DEGREES": [
        14.0,
        13.555555555555555,
        13.12,
        12.693333333333333,
        12.275555555555554,
        11.866666666666665,
        11.466666666666667,
        11.075555555555558,
        10.69333333333333,
        10.319999999999997,
        9.955555555555552,
        9.599999999999998,
        9.253333333333334,
        8.915555555555553,
        8.58666666666667,
        8.266666666666666
    ],
    "EXP_REMOVED_EDGES": [
        0.0,
        3.3333333333333366,
        6.600000000000007,
        9.799999999999999,
        12.933333333333346,
        16.000000000000007,
        19.0,
        21.933333333333312,
        24.80000000000003,
        27.600000000000023,
        30.333333333333353,
        33.00000000000001,
        35.6,
        38.13333333333335,
        40.59999999999997,
        43
    ],
    "NODE_COORDS": {
        "1": [
            86,
            55
        ],
        "2": [
            23,
            39
        ],
        "3": [
            1,
            33
        ],
        "4": [
            7,
            58
        ],
        "5": [
            11,
            46
        ],
        "6": [
            23,
            24
        ],
        "7": [
            60,
            0
        ],
        "8": [
            49,
            14
        ],
        "9": [
            85,
            63
        ],
        "10": [
            82,
            48
        ],
        "11": [
            97,
            53
        ],
        "12": [
            28,
            64
        ],
        "13": [
            51,
            21
        ],
        "14": [
            50,
            46
        ],
        "15": [
            76,
            2
        ]
    },
    "DELETE": {
        "1": [
            [
                "10",
                "15"
            ],
            [
                "9",
                "14"
            ],
            [
                "7",
                "8"
            ],
            [
                "3",
                "5"
            ]
        ],
        "2": [
            [
                "8",
                "12"
            ],
            [
                "10",
                "14"
            ],
            [
                "3",
                "15"
            ]
        ],
        "3": [
            [
                "2",
                "12"
            ],
            [
                "5",
                "11"
            ],
            [
                "5",
                "13"
            ],
            [
                "8",
                "11"
            ]
        ],
        "4": [
            [
                "10",
                "11"
            ],
            [
                "7",
                "9"
            ],
            [
                "3",
                "4"
            ],
            [
                "8",
                "15"
            ],
            [
                "6",
                "11"
            ]
        ],
        "5": [
            [
                "1",
                "9"
            ],
            [
                "9",
                "10"
            ],
            [
                "2",
                "15"
            ]
        ],
        "6": [
            [
                "13",
                "14"
            ],
            [
                "1",
                "12"
            ],
            [
                "6",
                "8"
            ],
            [
                "11",
                "15"
            ]
        ],
        "7": [
            [
                "10",
                "13"
            ],
            [
                "1",
                "9"
            ],
            [
                "4",
                "12"
            ]
        ],
        "8": [
            [
                "6",
                "8"
            ],
            [
                "4",
                "9"
            ]
        ],
        "9": [],
        "10": [
            [
                "6",
                "12"
            ],
            [
                "5",
                "15"
            ]
        ],
        "11": [
            [
                "5",
                "15"
            ],
            [
                "6",
                "12"
            ],
            [
                "12",
                "15"
            ]
        ],
        "12": [
            [
                "6",
                "11"
            ],
            [
                "5",
                "14"
            ],
            [
                "8",
                "9"
            ],
            [
                "8",
                "14"
            ],
            [
                "6",
                "10"
            ],
            [
                "2",
                "7"
            ],
            [
                "1",
                "5"
            ]
        ],
        "13": [
            [
                "1",
                "11"
            ],
            [
                "5",
                "7"
            ]
        ],
        "14": [
            [
                "6",
                "15"
            ],
            [
                "5",
                "6"
            ]
        ],
        "15": [
            [
                "4",
                "8"
            ],
            [
                "4",
                "6"
            ],
            [
                "12",
                "15"
            ],
            [
                "2",
                "15"
            ],
            [
                "3",
                "8"
            ],
            [
                "6",
                "14"
            ]
        ]
    }
}