{
    "NAME": "random-30-24.00-0",
    "TYPE": "TSPSD",
    "COMMENT": "30 random locations, 24 goal degree after n/2 deletes",
    "EDGE_WEIGHT_TYPE": "EUC_2D",
    "DIMENSION": 30,
    "GROUPS": [
        3,
        6,
        8,
        3,
        5,
        6,
        6,
        3,
        6,
        2,
        7,
        6,
        9,
        5,
        6,
        6,
        3,
        6,
        10,
        5,
        5,
        5,
        4,
        4,
        5,
        5,
        8,
        3,
        4,
        8
    ],
    "GROUPS_SUM": 162,
    "EXP_DEGREE_HALF": 24.05287356321839,
    "EXP_DEGREES": [
        29.0,
        28.64,
        28.284597701149426,
        27.933727422003287,
        27.587323481116588,
        27.245320197044332,
        26.907651888341547,
        26.574252873563214,
        26.24505747126437,
        25.920000000000005,
        25.599014778325117,
        25.282036124794743,
        24.968998357963883,
        24.65983579638753,
        24.354482758620684,
        24.05287356321839,
        23.75494252873564,
        23.46062397372742,
        23.169852216748776,
        22.882561576354668,
        22.598686371100158,
        22.31816091954022,
        22.040919540229883,
        21.76689655172414,
        21.496026272578007,
        21.22824302134648,
        20.96348111658459,
        20.701674876847274,
        20.442758620689652,
        20.18666666666666,
        19.933333333333334
    ],
    "EXP_REMOVED_EDGES": [
        0.0,
        5.399999999999994,
        10.731034482758604,
        15.994088669950708,
        21.190147783251202,
        26.320197044335004,
        31.385221674876806,
        36.386206896551776,
        41.324137931034436,
        46.19999999999992,
        51.01477832512324,
        55.76945812807888,
        60.46502463054174,
        65.10246305418706,
        69.68275862068974,
        74.20689655172416,
        78.67586206896543,
        83.09064039408871,
        87.45221674876835,
        91.76157635467997,
        96.01970443349767,
        100.22758620689673,
        104.38620689655177,
        108.49655172413789,
        112.5596059113299,
        116.5763546798028,
        120.54778325123117,
        124.47487684729087,
        128.35862068965525,
        132.20000000000013,
        136
    ],
    "NODE_COORDS": {
        "1": [
            81,
            1
        ],
        "2": [
            87,
            52
        ],
        "3": [
            98,
            36
        ],
        "4": [
            87,
            78
        ],
        "5": [
            9,
            59
        ],
        "6": [
            94,
            79
        ],
        "7": [
            75,
            64
        ],
        "8": [
            73,
            24
        ],
        "9": [
            44,
            48
        ],
        "10": [
            69,
            45
        ],
        "11": [
            6,
            14
        ],
        "12": [
            14,
            79
        ],
        "13": [
            76,
            75
        ],
        "14": [
            98,
            59
        ],
        "15": [
            100,
            53
        ],
        "16": [
            51,
            69
        ],
        "17": [
            90,
            41
        ],
        "18": [
            71,
            76
        ],
        "19": [
            63,
            34
        ],
        "20": [
            51,
            32
        ],
        "21": [
            68,
            8
        ],
        "22": [
            88,
            20
        ],
        "23": [
            73,
            83
        ],
        "24": [
            52,
            5
        ],
        "25": [
            33,
            42
        ],
        "26": [
            25,
            64
        ],
        "27": [
            20,
            18
        ],
        "28": [
            84,
            13
        ],
        "29": [
            94,
            22
        ],
        "30": [
            24,
            44
        ]
    },
    "DELETE": {
        "1": [
            [
                "12",
                "24"
            ],
            [
                "28",
                "30"
            ],
            [
                "7",
                "20"
            ]
        ],
        "2": [
            [
                "10",
                "28"
            ],
            [
                "5",
                "17"
            ],
            [
                "6",
                "17"
            ],
            [
                "10",
                "22"
            ],
            [
                "29",
                "30"
            ],
            [
                "15",
                "30"
            ]
        ],
        "3": [
            [
                "4",
                "20"
            ],
            [
                "24",
                "26"
            ],
            [
                "10",
                "25"
            ],
            [
                "8",
                "28"
            ],
            [
                "4",
                "19"
            ],
            [
                "8",
                "12"
            ],
            [
                "16",
                "19"
            ],
            [
                "8",
                "11"
            ]
        ],
        "4": [
            [
                "12",
                "14"
            ],
            [
                "25",
                "29"
            ],
            [
                "8",
                "30"
            ]
        ],
        "5": [
            [
                "5",
                "18"
            ],
            [
                "1",
                "9"
            ],
            [
                "3",
                "12"
            ],
            [
                "10",
                "29"
            ],
            [
                "15",
                "28"
            ]
        ],
        "6": [
            [
                "8",
                "24"
            ],
            [
                "4",
                "27"
            ],
            [
                "21",
                "23"
            ],
            [
                "6",
                "12"
            ],
            [
                "6",
                "22"
            ],
            [
                "4",
                "30"
            ]
        ],
        "7": [
            [
                "13",
                "28"
            ],
            [
                "4",
                "17"
            ],
            [
                "3",
                "14"
            ],
            [
                "11",
                "25"
            ],
            [
                "27",
                "28"
            ],
            [
                "20",
                "28"
            ]
        ],
        "8": [
            [
                "2",
                "27"
            ],
            [
                "22",
                "28"
            ],
            [
                "4",
                "11"
            ]
        ],
        "9": [
            [
                "14",
                "26"
            ],
            [
                "3",
                "29"
            ],
            [
                "1",
                "7"
            ],
            [
                "8",
                "25"
            ],
            [
                "6",
                "14"
            ],
            [
                "10",
                "26"
            ]
        ],
        "10": [
            [
                "10",
                "26"
            ],
            [
                "8",
                "25"
            ]
        ],