{
    "NAME": "random-30-25.00-0",
    "TYPE": "TSPSD",
    "COMMENT": "30 random locations, 25 goal degree after n/2 deletes",
    "EDGE_WEIGHT_TYPE": "EUC_2D",
    "DIMENSION": 30,
    "GROUPS": [
        2,
        5,
        5,
        3,
        4,
        3,
        5,
        3,
        6,
        2,
        7,
        5,
        9,
        4,
        5,
        4,
        3,
        5,
        8,
        3,
        3,
        4,
        1,
        2,
        3,
        5,
        5,
        3,
        3,
        6
    ],
    "GROUPS_SUM": 126,
    "EXP_DEGREE_HALF": 25.082183908045977,
    "EXP_DEGREES": [
        29.0,
        28.72,
        28.442758620689656,
        28.16825944170772,
        27.896486042692942,
        27.62742200328407,
        27.36105090311987,
        27.09735632183908,
        26.836321839080462,
        26.57793103448276,
        26.322167487684727,
        26.06901477832512,
        25.8184564860427,
        25.5704761904762,
        25.325057471264365,
        25.082183908045977,
        24.841839080459774,
        24.60400656814449,
        24.368669950738912,
        24.13581280788177,
        23.905418719211823,
        23.677471264367806,
        23.451954022988502,
        23.228850574712645,
        23.008144499178993,
        22.78981937602628,
        22.573858784893282,
        22.36024630541871,
        22.148965517241376,
        21.939999999999994,
        21.733333333333334
    ],
    "EXP_REMOVED_EDGES": [
        0.0,
        4.1999999999999975,
        8.358620689655163,
        12.476108374384218,
        16.552709359605895,
        20.58866995073893,
        24.584236453201928,
        28.539655172413823,
        32.45517241379307,
        36.33103448275862,
        40.16748768472908,
        43.964778325123184,
        47.72315270935951,
        51.44285714285703,
        55.12413793103453,
        58.76724137931035,
        62.372413793103384,
        65.93990147783265,
        69.4699507389163,
        72.96280788177347,
        76.41871921182266,
        79.8379310344829,
        83.22068965517248,
        86.5672413793103,
        89.87783251231512,
        93.1527093596058,
        96.39211822660076,
        99.59630541871935,
        102.76551724137936,
        105.9000000000001,
        109
    ],
    "NODE_COORDS": {
        "1": [
            81,
            1
        ],
        "2": [
            87,
            52
        ],
        "3": [
            98,
            36
        ],
        "4": [
            87,
            78
        ],
        "5": [
            9,
            59
        ],
        "6": [
            94,
            79
        ],
        "7": [
            75,
            64
        ],
        "8": [
            73,
            24
        ],
        "9": [
            44,
            48
        ],
        "10": [
            69,
            45
        ],
        "11": [
            6,
            14
        ],
        "12": [
            14,
            79
        ],
        "13": [
            76,
            75
        ],
        "14": [
            98,
            59
        ],
        "15": [
            100,
            53
        ],
        "16": [
            51,
            69
        ],
        "17": [
            90,
            41
        ],
        "18": [
            71,
            76
        ],
        "19": [
            63,
            34
        ],
        "20": [
            51,
            32
        ],
        "21": [
            68,
            8
        ],
        "22": [
            88,
            20
        ],
        "23": [
            73,
            83
        ],
        "24": [
            52,
            5
        ],
        "25": [
            33,
            42
        ],
        "26": [
            25,
            64
        ],
        "27": [
            20,
            18
        ],
        "28": [
            84,
            13
        ],
        "29": [
            94,
            22
        ],
        "30": [
            24,
            44
        ]
    },
    "DELETE": {
        "1": [
            [
                "12",
                "24"
            ],
            [
                "28",
                "30"
            ]
        ],
        "2": [
            [
                "10",
                "28"
            ],
            [
                "5",
                "17"
            ],
            [
                "6",
                "17"
            ],
            [
                "10",
                "22"
            ],
            [
                "29",
                "30"
            ]
        ],
        "3": [
            [
                "4",
                "20"
            ],
            [
                "24",
                "26"
            ],
            [
                "10",
                "25"
            ],
            [
                "8",
                "28"
            ],
            [
                "4",
                "19"
            ]
        ],
        "4": [
            [
                "12",
                "14"
            ],
            [
                "25",
                "29"
            ],
            [
                "8",
                "30"
            ]
        ],
        "5": [
            [
                "5",
                "18"
            ],
            [
                "1",
                "9"
            ],
            [
                "3",
                "12"
            ],
            [
                "10",
                "29"
            ]
        ],
        "6": [
            [
                "8",
                "24"
            ],
            [
                "4",
                "27"
            ],
            [
                "21",
                "23"
            ]
        ],
        "7": [
            [
                "13",
                "28"
            ],
            [
                "4",
                "17"
            ],
            [
                "3",
                "14"
            ],
            [
                "11",
                "25"
            ],
            [
                "27",
                "28"
            ]
        ],
        "8": [
            [
                "2",
                "27"
            ],
            [
                "22",
                "28"
            ],
            [
                "4",
                "11"
            ]
        ],
        "9": [
            [
                "14",
                "26"
            ],
            [
                "3",
                "29"
            ],
            [
                "1",
                "7"
            ],
            [
                "8",
                "25"
            ],
            [
                "6",
                "14"
            ],
            [
                "10",
                "26"
            ]
        ],
        "10": [
            [
                "10",
                "26"
            ],
            [
                "8",
                "25"
            ]
        ],
        "11": [
            [
                "2",
                "12"
            ],
            [
                "23",
                "30"
            ],
            [
                "17",
                "28"
            ],
            [
                "15",
                "26"
            ],
            [
                "1",
                "24"
            ],
            [
                "20",
                "24"
            ],
            [
                "1",
                "13"
            ]
        ],
        "12": [
            [
                "17",
                "28"
            ],
            [
                "16",
                "20"
            ],
            [
                "12",
                "19"
            ],
            [
                "7",
                "9"
            ],
            [
                "2",
                "4"
            ]
        ],