{
    "NAME": "random-30-27.00-0",
    "TYPE": "TSPSD",
    "COMMENT": "30 random locations, 27 goal degree after n/2 deletes",
    "EDGE_WEIGHT_TYPE": "EUC_2D",
    "DIMENSION": 30,
    "GROUPS": [
        1,
        2,
        4,
        1,
        3,
        1,
        3,
        2,
        2,
        2,
        3,
        2,
        8,
        2,
        1,
        3,
        0,
        3,
        4,
        1,
        0,
        2,
        0,
        1,
        1,
        1,
        3,
        1,
        1,
        2
    ],
    "GROUPS_SUM": 60,
    "EXP_DEGREE_HALF": 27.032183908045976,
    "EXP_DEGREES": [
        29.0,
        28.866666666666667,
        28.733639846743294,
        28.600919540229885,
        28.468505747126436,
        28.33639846743295,
        28.204597701149424,
        28.073103448275862,
        27.94191570881226,
        27.81103448275862,
        27.680459770114943,
        27.550191570881225,
        27.420229885057473,
        27.29057471264368,
        27.161226053639847,
        27.032183908045976,
        26.903448275862065,
        26.775019157088124,
        26.646896551724137,
        26.519080459770116,
        26.391570881226052,
        26.264367816091955,
        26.137471264367814,
        26.01088122605364,
        25.884597701149428,
        25.75862068965517,
        25.63295019157088,
        25.507586206896555,
        25.38252873563219,
        25.257777777777775,
        25.133333333333333
    ],
    "EXP_REMOVED_EDGES": [
        0.0,
        2.000000000000002,
        3.9954022988505797,
        5.98620689655172,
        7.972413793103459,
        9.954022988505747,
        11.931034482758612,
        13.903448275862052,
        15.871264367816112,
        17.83448275862071,
        19.79310344827586,
        21.74712643678162,
        23.69655172413791,
        25.64137931034484,
        27.58160919540227,
        29.51724137931034,
        31.448275862069007,
        33.37471264367816,
        35.29655172413797,
        37.21379310344825,
        39.12643678160919,
        41.034482758620705,
        42.93793103448278,
        44.836781609195384,
        46.73103448275859,
        48.62068965517244,
        50.5057471264368,
        52.38620689655167,
        54.26206896551718,
        56.13333333333335,
        58
    ],
    "NODE_COORDS": {
        "1": [
            81,
            1
        ],
        "2": [
            87,
            52
        ],
        "3": [
            98,
            36
        ],
        "4": [
            87,
            78
        ],
        "5": [
            9,
            59
        ],
        "6": [
            94,
            79
        ],
        "7": [
            75,
            64
        ],
        "8": [
            73,
            24
        ],
        "9": [
            44,
            48
        ],
        "10": [
            69,
            45
        ],
        "11": [
            6,
            14
        ],
        "12": [
            14,
            79
        ],
        "13": [
            76,
            75
        ],
        "14": [
            98,
            59
        ],
        "15": [
            100,
            53
        ],
        "16": [
            51,
            69
        ],
        "17": [
            90,
            41
        ],
        "18": [
            71,
            76
        ],
        "19": [
            63,
            34
        ],
        "20": [
            51,
            32
        ],
        "21": [
            68,
            8
        ],
        "22": [
            88,
            20
        ],
        "23": [
            73,
            83
        ],
        "24": [
            52,
            5
        ],
        "25": [
            33,
            42
        ],
        "26": [
            25,
            64
        ],
        "27": [
            20,
            18
        ],
        "28": [
            84,
            13
        ],
        "29": [
            94,
            22
        ],
        "30": [
            24,
            44
        ]
    },
    "DELETE": {
        "1": [
            [
                "12",
                "24"
            ]
        ],
        "2": [
            [
                "10",
                "28"
            ],
            [
                "5",
                "17"
            ]
        ],
        "3": [
            [
                "4",
                "20"
            ],
            [
                "24",
                "26"
            ],
            [
                "10",
                "25"
            ],
            [
                "8",
                "28"
            ]
        ],
        "4": [
            [
                "12",
                "14"
            ]
        ],
        "5": [
            [
                "5",
                "18"
            ],
            [
                "1",
                "9"
            ],
            [
                "3",
                "12"
            ]
        ],
        "6": [
            [
                "8",
                "24"
            ]
        ],
        "7": [
            [
                "13",
                "28"
            ],
            [
                "4",
                "17"
            ],
            [
                "3",
                "14"
            ]
        ],
        "8": [
            [
                "2",
                "27"
            ],
            [
                "22",
                "28"
            ]
        ],
        "9": [
            [
                "14",
                "26"
            ],
            [
                "3",
                "29"
            ]
        ],
        "10": [
            [
                "10",
                "26"
            ],
            [
                "8",
                "25"
            ]
        ],
        "11": [
            [
                "2",
                "12"
            ],
            [
                "23",
                "30"
            ],
            [
                "17",
                "28"
            ]
        ],
        "12": [
            [
                "17",
                "28"
            ],
            [
                "16",
                "20"
            ]
        ],
        "13": [
            [
                "3",
                "24"
            ],
            [
                "14",
                "24"
            ],
            [
                "17",
                "20"
            ],
            [
                "4",
                "23"
            ],
            [
                "20",
                "21"
            ],
            [
                "8",
                "11"
            ],
            [
                "23",
                "29"
            ],
            [
                "9",
                "28"
            ]
        ],
        "14": [
            [
                "7",
                "18"
            ],
            [
                "16",
                "29"
            ]
        ],
        "15": [
            [
                "20",
                "26"
            ]
        ],
        "16": [
            [
                "3",
                "16"
            ],
            [
                "15",
                "20"
            ],
            [
                "7",
                "27"
            ]
        ],
        "17": [],
        "18": [
            [
                "10",
                "22"
            ],
            [
                "21",
                "22"
            ],
            [
                "20",
                "28"
            ]
        ],
        "19": [
            [
                "9",
                "25"
            ],
            [
                "17",
                "21"
            ],
            [
                "6",
                "29"
            ],
            [
                "9",
                "24"
            ]
        ],