{
    "NAME": "random-30-28.00-0",
    "TYPE": "TSPSD",
    "COMMENT": "30 random locations, 28 goal degree after n/2 deletes",
    "EDGE_WEIGHT_TYPE": "EUC_2D",
    "DIMENSION": 30,
    "GROUPS": [
        0,
        2,
        2,
        1,
        2,
        1,
        1,
        0,
        1,
        0,
        1,
        2,
        3,
        1,
        1,
        2,
        0,
        0,
        3,
        1,
        0,
        2,
        0,
        1,
        1,
        1,
        1,
        0,
        0,
        0
    ],
    "GROUPS_SUM": 30,
    "EXP_DEGREE_HALF": 28.0,
    "EXP_DEGREES": [
        29.0,
        28.933333333333334,
        28.866666666666667,
        28.8,
        28.733333333333334,
        28.666666666666668,
        28.6,
        28.533333333333335,
        28.466666666666665,
        28.4,
        28.333333333333332,
        28.266666666666666,
        28.2,
        28.133333333333333,
        28.066666666666666,
        28.0,
        27.933333333333334,
        27.866666666666667,
        27.8,
        27.733333333333334,
        27.666666666666668,
        27.6,
        27.533333333333335,
        27.466666666666665,
        27.4,
        27.333333333333332,
        27.266666666666666,
        27.2,
        27.133333333333333,
        27.066666666666666,
        27.0
    ],
    "EXP_REMOVED_EDGES": [
        0.0,
        0.9999999999999999,
        1.9999999999999998,
        3.0000000000000013,
        3.9999999999999996,
        5.0,
        6.000000000000003,
        7.000000000000001,
        7.999999999999999,
        9.0,
        10.0,
        11.0,
        12.000000000000005,
        13.000000000000005,
        14.000000000000002,
        15.0,
        15.999999999999998,
        16.999999999999996,
        18.0,
        18.99999999999999,
        20.0,
        20.99999999999999,
        22.0,
        23.0,
        24.00000000000001,
        24.999999999999993,
        26.00000000000001,
        26.999999999999986,
        28.000000000000004,
        28.99999999999998,
        30
    ],
    "NODE_COORDS": {
        "1": [
            81,
            1
        ],
        "2": [
            87,
            52
        ],
        "3": [
            98,
            36
        ],
        "4": [
            87,
            78
        ],
        "5": [
            9,
            59
        ],
        "6": [
            94,
            79
        ],
        "7": [
            75,
            64
        ],
        "8": [
            73,
            24
        ],
        "9": [
            44,
            48
        ],
        "10": [
            69,
            45
        ],
        "11": [
            6,
            14
        ],
        "12": [
            14,
            79
        ],
        "13": [
            76,
            75
        ],
        "14": [
            98,
            59
        ],
        "15": [
            100,
            53
        ],
        "16": [
            51,
            69
        ],
        "17": [
            90,
            41
        ],
        "18": [
            71,
            76
        ],
        "19": [
            63,
            34
        ],
        "20": [
            51,
            32
        ],
        "21": [
            68,
            8
        ],
        "22": [
            88,
            20
        ],
        "23": [
            73,
            83
        ],
        "24": [
            52,
            5
        ],
        "25": [
            33,
            42
        ],
        "26": [
            25,
            64
        ],
        "27": [
            20,
            18
        ],
        "28": [
            84,
            13
        ],
        "29": [
            94,
            22
        ],
        "30": [
            24,
            44
        ]
    },
    "DELETE": {
        "1": [],
        "2": [
            [
                "10",
                "28"
            ],
            [
                "5",
                "17"
            ]
        ],
        "3": [
            [
                "4",
                "20"
            ],
            [
                "24",
                "26"
            ]
        ],
        "4": [
            [
                "12",
                "14"
            ]
        ],
        "5": [
            [
                "5",
                "18"
            ],
            [
                "1",
                "9"
            ]
        ],
        "6": [
            [
                "8",
                "24"
            ]
        ],
        "7": [
            [
                "13",
                "28"
            ]
        ],
        "8": [],
        "9": [
            [
                "14",
                "26"
            ]
        ],
        "10": [],
        "11": [
            [
                "2",
                "12"
            ]
        ],
        "12": [
            [
                "17",
                "28"
            ],
            [
                "16",
                "20"
            ]
        ],
        "13": [
            [
                "3",
                "24"
            ],
            [
                "14",
                "24"
            ],
            [
                "17",
                "20"
            ]
        ],
        "14": [
            [
                "7",
                "18"
            ]
        ],
        "15": [
            [
                "20",
                "26"
            ]
        ],
        "16": [
            [
                "3",
                "16"
            ],
            [
                "15",
                "20"
            ]
        ],
        "17": [],
        "18": [],
        "19": [
            [
                "9",
                "25"
            ],
            [
                "17",
                "21"
            ],
            [
                "6",
                "29"
            ]
        ],
        "20": [
            [
                "16",
                "28"
            ]
        ],
        "21": [],
        "22": [
            [
                "7",
                "8"
            ],
            [
                "6",
                "30"
            ]
        ],
        "23": [],
        "24": [
            [
                "5",
                "28"
            ]
        ],
        "25": [
            [
                "19",
                "29"
            ]
        ],
        "26": [
            [
                "5",
                "12"
            ]
        ],
        "27": [
            [
                "15",
                "24"
            ]
        ],
        "28": [],
        "29": [],
        "30": []
    }
}