{
    "NAME": "random-25-21.00-0",
    "TYPE": "TSPSD",
    "COMMENT": "25 random locations, 21.0 goal degree after n/2 deletes",
    "EDGE_WEIGHT_TYPE": "EUC_2D",
    "DIMENSION": 25,
    "GROUPS": [
        2,
        3,
        6,
        0,
        2,
        1,
        3,
        5,
        2,
        1,
        2,
        3,
        5,
        3,
        3,
        3,
        5,
        2,
        5,
        4,
        3,
        4,
        6,
        3,
        6
    ],
    "GROUPS_SUM": 82,
    "EXP_DEGREE_HALF": 21.062400000000004,
    "EXP_DEGREES": [
        24.0,
        23.7376,
        23.4784,
        23.2224,
        22.9696,
        22.720000000000002,
        22.4736,
        22.2304,
        21.9904,
        21.753600000000002,
        21.520000000000003,
        21.2896,
        21.062400000000004,
        20.838399999999996,
        20.6176,
        20.399999999999995,
        20.185599999999997,
        19.974400000000003,
        19.766400000000004,
        19.561600000000002,
        19.360000000000003,
        19.161599999999996,
        18.966399999999993,
        18.774399999999993,
        18.5856,
        18.4
    ],
    "EXP_REMOVED_EDGES": [
        0.0,
        3.280000000000002,
        6.520000000000001,
        9.719999999999997,
        12.880000000000008,
        15.999999999999988,
        19.079999999999988,
        22.12000000000001,
        25.12000000000001,
        28.079999999999984,
        30.99999999999996,
        33.88,
        36.71999999999997,
        39.52000000000003,
        42.28000000000002,
        45.00000000000006,
        47.680000000000035,
        50.319999999999986,
        52.91999999999996,
        55.47999999999998,
        57.99999999999995,
        60.48000000000006,
        62.92000000000007,
        65.32000000000009,
        67.68000000000002,
        70
    ],
    "NODE_COORDS": {
        "1": [
            71,
            95
        ],
        "2": [
            34,
            96
        ],
        "3": [
            22,
            20
        ],
        "4": [
            42,
            22
        ],
        "5": [
            57,
            51
        ],
        "6": [
            27,
            65
        ],
        "7": [
            18,
            6
        ],
        "8": [
            23,
            67
        ],
        "9": [
            33,
            39
        ],
        "10": [
            62,
            9
        ],
        "11": [
            2,
            13
        ],
        "12": [
            14,
            24
        ],
        "13": [
            3,
            45
        ],
        "14": [
            81,
            64
        ],
        "15": [
            8,
            34
        ],
        "16": [
            27,
            80
        ],
        "17": [
            40,
            67
        ],
        "18": [
            48,
            28
        ],
        "19": [
            83,
            3
        ],
        "20": [
            97,
            38
        ],
        "21": [
            81,
            90
        ],
        "22": [
            56,
            20
        ],
        "23": [
            30,
            78
        ],
        "24": [
            11,
            80
        ],
        "25": [
            5,
            22
        ]
    },
    "DELETE": {
        "1": [
            [
                "2",
                "3"
            ],
            [
                "8",
                "12"
            ]
        ],
        "2": [
            [
                "19",
                "25"
            ],
            [
                "1",
                "4"
            ],
            [
                "17",
                "19"
            ]
        ],
        "3": [
            [
                "4",
                "10"
            ],
            [
                "10",
                "15"
            ],
            [
                "4",
                "19"
            ],
            [
                "12",
                "18"
            ],
            [
                "17",
                "21"
            ],
            [
                "5",
                "22"
            ]
        ],
        "4": [],
        "5": [
            [
                "1",
                "8"
            ],
            [
                "4",
                "12"
            ]
        ],
        "6": [
            [
                "2",
                "15"
            ]
        ],
        "7": [
            [
                "1",
                "14"
            ],
            [
                "11",
                "20"
            ],
            [
                "13",
                "22"
            ]
        ],
        "8": [
            [
                "10",
                "23"
            ],
            [
                "9",
                "10"
            ],
            [
                "13",
                "24"
            ],
            [
                "6",
                "22"
            ],
            [
                "1",
                "10"
            ]
        ],
        "9": [
            [
                "16",
                "21"
            ],
            [
                "9",
                "22"
            ]
        ],
        "10": [
            [
                "5",
                "9"
            ]
        ],
        "11": [
            [
                "10",
                "13"
            ],
            [
                "13",
                "22"
            ]
        ],
        "12": [
            [
                "15",
                "18"
            ],
            [
                "2",
                "8"
            ],
            [
                "16",
                "24"
            ]
        ],
        "13": [
            [
                "9",
                "21"
            ],
            [
                "17",
                "25"
            ],
            [
                "13",
                "16"
            ],
            [
                "6",
                "14"
            ],
            [
                "8",
                "10"
            ]
        ],
        "14": [
            [
                "5",
                "12"
            ],
            [
                "10",
                "12"
            ],
            [
                "2",
                "11"
            ]
        ],
        "15": [
            [
                "7",
                "8"
            ],
            [
                "5",
                "24"
            ],
            [
                "1",
                "18"
            ]
        ],
        "16": [
            [
                "6",
                "21"
            ],
            [
                "7",
                "22"
            ],
            [
                "9",
                "14"
            ]
        ],
        "17": [
            [
                "5",
                "20"
            ],
            [
                "9",
                "10"
            ],
            [
                "15",
                "18"
            ],
            [
                "8",
                "10"
            ],
            [
                "5",
                "9"
            ]
        ],
        "18": [
            [
                "1",
                "24"
            ],
            [
                "9",
                "13"
            ]
        ],
        "19": [
            [
                "11",
                "20"
            ],
            [
                "4",
                "22"
            ],
            [
                "17",
                "24"
            ],
            [
                "20",
                "21"
            ],
            [
                "19",
                "24"
            ]
        ],