{
    "NAME": "random-25-22.00-0",
    "TYPE": "TSPSD",
    "COMMENT": "25 random locations, 22.0 goal degree after n/2 deletes",
    "EDGE_WEIGHT_TYPE": "EUC_2D",
    "DIMENSION": 25,
    "GROUPS": [
        1,
        2,
        6,
        0,
        1,
        1,
        2,
        3,
        2,
        1,
        2,
        3,
        3,
        3,
        2,
        1,
        3,
        2,
        1,
        2,
        2,
        1,
        1,
        3,
        5
    ],
    "GROUPS_SUM": 53,
    "EXP_DEGREE_HALF": 22.0704,
    "EXP_DEGREES": [
        24.0,
        23.8304,
        23.662399999999998,
        23.496,
        23.3312,
        23.168,
        23.0064,
        22.8464,
        22.688,
        22.531200000000002,
        22.376,
        22.2224,
        22.0704,
        21.92,
        21.7712,
        21.624,
        21.4784,
        21.334400000000002,
        21.192,
        21.0512,
        20.912,
        20.774399999999996,
        20.638399999999997,
        20.503999999999998,
        20.371199999999998,
        20.240000000000002
    ],
    "EXP_REMOVED_EDGES": [
        0.0,
        2.1200000000000014,
        4.220000000000002,
        6.300000000000004,
        8.360000000000003,
        10.399999999999995,
        12.420000000000005,
        14.419999999999995,
        16.40000000000001,
        18.35999999999999,
        20.299999999999994,
        22.220000000000013,
        24.12000000000001,
        25.99999999999999,
        27.859999999999985,
        29.700000000000024,
        31.52000000000001,
        33.31999999999999,
        35.09999999999998,
        36.86000000000001,
        38.59999999999999,
        40.32000000000003,
        42.02000000000002,
        43.70000000000004,
        45.36000000000003,
        47
    ],
    "NODE_COORDS": {
        "1": [
            71,
            95
        ],
        "2": [
            34,
            96
        ],
        "3": [
            22,
            20
        ],
        "4": [
            42,
            22
        ],
        "5": [
            57,
            51
        ],
        "6": [
            27,
            65
        ],
        "7": [
            18,
            6
        ],
        "8": [
            23,
            67
        ],
        "9": [
            33,
            39
        ],
        "10": [
            62,
            9
        ],
        "11": [
            2,
            13
        ],
        "12": [
            14,
            24
        ],
        "13": [
            3,
            45
        ],
        "14": [
            81,
            64
        ],
        "15": [
            8,
            34
        ],
        "16": [
            27,
            80
        ],
        "17": [
            40,
            67
        ],
        "18": [
            48,
            28
        ],
        "19": [
            83,
            3
        ],
        "20": [
            97,
            38
        ],
        "21": [
            81,
            90
        ],
        "22": [
            56,
            20
        ],
        "23": [
            30,
            78
        ],
        "24": [
            11,
            80
        ],
        "25": [
            5,
            22
        ]
    },
    "DELETE": {
        "1": [
            [
                "2",
                "3"
            ]
        ],
        "2": [
            [
                "19",
                "25"
            ],
            [
                "1",
                "4"
            ]
        ],
        "3": [
            [
                "4",
                "10"
            ],
            [
                "10",
                "15"
            ],
            [
                "4",
                "19"
            ],
            [
                "12",
                "18"
            ],
            [
                "17",
                "21"
            ],
            [
                "5",
                "22"
            ]
        ],
        "4": [],
        "5": [
            [
                "1",
                "8"
            ]
        ],
        "6": [
            [
                "2",
                "15"
            ]
        ],
        "7": [
            [
                "1",
                "14"
            ],
            [
                "11",
                "20"
            ]
        ],
        "8": [
            [
                "10",
                "23"
            ],
            [
                "9",
                "10"
            ],
            [
                "13",
                "24"
            ]
        ],
        "9": [
            [
                "16",
                "21"
            ],
            [
                "9",
                "22"
            ]
        ],
        "10": [
            [
                "5",
                "9"
            ]
        ],
        "11": [
            [
                "10",
                "13"
            ],
            [
                "13",
                "22"
            ]
        ],
        "12": [
            [
                "15",
                "18"
            ],
            [
                "2",
                "8"
            ],
            [
                "16",
                "24"
            ]
        ],
        "13": [
            [
                "9",
                "21"
            ],
            [
                "17",
                "25"
            ],
            [
                "13",
                "16"
            ]
        ],
        "14": [
            [
                "5",
                "12"
            ],
            [
                "10",
                "12"
            ],
            [
                "2",
                "11"
            ]
        ],
        "15": [
            [
                "7",
                "8"
            ],
            [
                "5",
                "24"
            ]
        ],
        "16": [
            [
                "6",
                "21"
            ]
        ],
        "17": [
            [
                "5",
                "20"
            ],
            [
                "9",
                "10"
            ],
            [
                "15",
                "18"
            ]
        ],
        "18": [
            [
                "1",
                "24"
            ],
            [
                "9",
                "13"
            ]
        ],
        "19": [
            [
                "11",
                "20"
            ]
        ],
        "20": [
            [
                "10",
                "23"
            ],
            [
                "2",
                "16"
            ]
        ],
        "21": [
            [
                "7",
                "10"
            ],
            [
                "4",
                "23"
            ]
        ],
        "22": [
            [
                "9",
                "14"
            ]
        ],
        "23": [
            [
                "9",
                "21"
            ]
        ],
        "24": [
            [
                "1",
                "9"
            ],
            [
                "18",
                "22"
            ],
            [
                "12",
                "14"
            ]
        ],
        "25": [
            [
                "14",
                "17"
            ],
            [
                "16",
                "19"
            ],
            [
                "4",
                "10"
            ],
            [
                "5",
                "8"
            ],
            [
                "9",
                "17"
            ]
        ]
    }
}