{
    "NAME": "random-10-6.00-0",
    "TYPE": "TSPSD",
    "COMMENT": "10 random locations, 6.0 goal degree after n/2 deletes",
    "EDGE_WEIGHT_TYPE": "EUC_2D",
    "DIMENSION": 10,
    "GROUPS": [
        5,
        6,
        4,
        3,
        2,
        3,
        1,
        3,
        4,
        4
    ],
    "GROUPS_SUM": 35,
    "EXP_DEGREE_HALF": 6.044444444444444,
    "EXP_DEGREES": [
        9.0,
        8.299999999999999,
        7.657777777777778,
        7.07,
        6.533333333333333,
        6.044444444444444,
        5.6,
        5.196666666666667,
        4.8311111111111105,
        4.500000000000001,
        4.2
    ],
    "EXP_REMOVED_EDGES": [
        0.0,
        3.5000000000000013,
        6.711111111111113,
        9.649999999999999,
        12.333333333333336,
        14.77777777777778,
        17.0,
        19.016666666666662,
        20.84444444444445,
        22.499999999999996,
        24
    ],
    "NODE_COORDS": {
        "1": [
            39,
            16
        ],
        "2": [
            87,
            48
        ],
        "3": [
            25,
            68
        ],
        "4": [
            84,
            15
        ],
        "5": [
            68,
            83
        ],
        "6": [
            44,
            38
        ],
        "7": [
            54,
            4
        ],
        "8": [
            61,
            15
        ],
        "9": [
            37,
            9
        ],
        "10": [
            68,
            39
        ]
    },
    "DELETE": {
        "1": [
            [
                "8",
                "9"
            ],
            [
                "2",
                "10"
            ],
            [
                "8",
                "10"
            ],
            [
                "3",
                "6"
            ],
            [
                "7",
                "8"
            ]
        ],
        "2": [
            [
                "2",
                "6"
            ],
            [
                "3",
                "9"
            ],
            [
                "4",
                "10"
            ],
            [
                "2",
                "3"
            ],
            [
                "3",
                "5"
            ],
            [
                "5",
                "8"
            ]
        ],
        "3": [
            [
                "2",
                "5"
            ],
            [
                "3",
                "7"
            ],
            [
                "5",
                "10"
            ],
            [
                "4",
                "9"
            ]
        ],
        "4": [
            [
                "8",
                "9"
            ],
            [
                "2",
                "10"
            ],
            [
                "5",
                "7"
            ]
        ],
        "5": [
            [
                "5",
                "10"
            ],
            [
                "1",
                "5"
            ]
        ],
        "6": [
            [
                "4",
                "6"
            ],
            [
                "1",
                "10"
            ],
            [
                "3",
                "6"
            ]
        ],
        "7": [
            [
                "2",
                "8"
            ]
        ],
        "8": [
            [
                "2",
                "8"
            ],
            [
                "6",
                "10"
            ],
            [
                "1",
                "5"
            ]
        ],
        "9": [
            [
                "2",
                "7"
            ],
            [
                "6",
                "9"
            ],
            [
                "4",
                "9"
            ],
            [
                "7",
                "8"
            ]
        ],
        "10": [
            [
                "4",
                "10"
            ],
            [
                "5",
                "9"
            ],
            [
                "2",
                "8"
            ],
            [
                "1",
                "5"
            ]
        ]
    }
}