{
    "NAME": "random-10-5.00-0",
    "TYPE": "TSPSD",
    "COMMENT": "10 random locations, 5.0 goal degree after n/2 deletes",
    "EDGE_WEIGHT_TYPE": "EUC_2D",
    "DIMENSION": 10,
    "GROUPS": [
        8,
        9,
        6,
        8,
        3,
        5,
        2,
        3,
        6,
        4
    ],
    "GROUPS_SUM": 54,
    "EXP_DEGREE_HALF": 5.092063492063492,
    "EXP_DEGREES": [
        9.0,
        7.92,
        7.017777777777778,
        6.263333333333333,
        5.629523809523809,
        5.092063492063492,
        4.62952380952381,
        4.2233333333333345,
        3.857777777777777,
        3.5200000000000014,
        3.2
    ],
    "EXP_REMOVED_EDGES": [
        0.0,
        5.3999999999999995,
        9.91111111111111,
        13.683333333333337,
        16.852380952380955,
        19.53968253968254,
        21.85238095238095,
        23.88333333333333,
        25.711111111111116,
        27.399999999999995,
        29
    ],
    "NODE_COORDS": {
        "1": [
            39,
            16
        ],
        "2": [
            87,
            48
        ],
        "3": [
            25,
            68
        ],
        "4": [
            84,
            15
        ],
        "5": [
            68,
            83
        ],
        "6": [
            44,
            38
        ],
        "7": [
            54,
            4
        ],
        "8": [
            61,
            15
        ],
        "9": [
            37,
            9
        ],
        "10": [
            68,
            39
        ]
    },
    "DELETE": {
        "1": [
            [
                "8",
                "9"
            ],
            [
                "2",
                "10"
            ],
            [
                "8",
                "10"
            ],
            [
                "3",
                "6"
            ],
            [
                "7",
                "8"
            ],
            [
                "5",
                "10"
            ],
            [
                "2",
                "9"
            ],
            [
                "6",
                "10"
            ]
        ],
        "2": [
            [
                "2",
                "6"
            ],
            [
                "3",
                "9"
            ],
            [
                "4",
                "10"
            ],
            [
                "2",
                "3"
            ],
            [
                "3",
                "5"
            ],
            [
                "5",
                "8"
            ],
            [
                "2",
                "10"
            ],
            [
                "3",
                "4"
            ],
            [
                "6",
                "8"
            ]
        ],
        "3": [
            [
                "2",
                "5"
            ],
            [
                "3",
                "7"
            ],
            [
                "5",
                "10"
            ],
            [
                "4",
                "9"
            ],
            [
                "4",
                "10"
            ],
            [
                "2",
                "8"
            ]
        ],
        "4": [
            [
                "8",
                "9"
            ],
            [
                "2",
                "10"
            ],
            [
                "5",
                "7"
            ],
            [
                "5",
                "6"
            ],
            [
                "7",
                "8"
            ],
            [
                "3",
                "6"
            ],
            [
                "2",
                "4"
            ],
            [
                "5",
                "8"
            ]
        ],
        "5": [
            [
                "5",
                "10"
            ],
            [
                "1",
                "5"
            ],
            [
                "5",
                "8"
            ]
        ],
        "6": [
            [
                "4",
                "6"
            ],
            [
                "1",
                "10"
            ],
            [
                "3",
                "6"
            ],
            [
                "2",
                "3"
            ],
            [
                "1",
                "5"
            ]
        ],
        "7": [
            [
                "2",
                "8"
            ],
            [
                "2",
                "3"
            ]
        ],
        "8": [
            [
                "2",
                "8"
            ],
            [
                "6",
                "10"
            ],
            [
                "1",
                "5"
            ]
        ],
        "9": [
            [
                "2",
                "7"
            ],
            [
                "6",
                "9"
            ],
            [
                "4",
                "9"
            ],
            [
                "7",
                "8"
            ],
            [
                "6",
                "8"
            ],
            [
                "2",
                "10"
            ]
        ],
        "10": [
            [
                "4",
                "10"
            ],
            [
                "5",
                "9"
            ],
            [
                "2",
                "8"
            ],
            [
                "1",
                "5"
            ]
        ]
    }
}