{
    "NAME": "random-10-7.00-0",
    "TYPE": "TSPSD",
    "COMMENT": "10 random locations, 7.0 goal degree after n/2 deletes",
    "EDGE_WEIGHT_TYPE": "EUC_2D",
    "DIMENSION": 10,
    "GROUPS": [
        2,
        3,
        2,
        1,
        1,
        3,
        1,
        3,
        3,
        2
    ],
    "GROUPS_SUM": 21,
    "EXP_DEGREE_HALF": 7.033333333333333,
    "EXP_DEGREES": [
        9.0,
        8.58,
        8.173333333333334,
        7.78,
        7.3999999999999995,
        7.033333333333333,
        6.680000000000001,
        6.34,
        6.013333333333333,
        5.699999999999999,
        5.4
    ],
    "EXP_REMOVED_EDGES": [
        0.0,
        2.1000000000000005,
        4.133333333333335,
        6.099999999999998,
        8.000000000000002,
        9.833333333333334,
        11.599999999999998,
        13.299999999999999,
        14.933333333333337,
        16.500000000000004,
        18
    ],
    "NODE_COORDS": {
        "1": [
            39,
            16
        ],
        "2": [
            87,
            48
        ],
        "3": [
            25,
            68
        ],
        "4": [
            84,
            15
        ],
        "5": [
            68,
            83
        ],
        "6": [
            44,
            38
        ],
        "7": [
            54,
            4
        ],
        "8": [
            61,
            15
        ],
        "9": [
            37,
            9
        ],
        "10": [
            68,
            39
        ]
    },
    "DELETE": {
        "1": [
            [
                "8",
                "9"
            ],
            [
                "2",
                "10"
            ]
        ],
        "2": [
            [
                "2",
                "6"
            ],
            [
                "3",
                "9"
            ],
            [
                "4",
                "10"
            ]
        ],
        "3": [
            [
                "2",
                "5"
            ],
            [
                "3",
                "7"
            ]
        ],
        "4": [
            [
                "8",
                "9"
            ]
        ],
        "5": [
            [
                "5",
                "10"
            ]
        ],
        "6": [
            [
                "4",
                "6"
            ],
            [
                "1",
                "10"
            ],
            [
                "3",
                "6"
            ]
        ],
        "7": [
            [
                "2",
                "8"
            ]
        ],
        "8": [
            [
                "2",
                "8"
            ],
            [
                "6",
                "10"
            ],
            [
                "1",
                "5"
            ]
        ],
        "9": [
            [
                "2",
                "7"
            ],
            [
                "6",
                "9"
            ],
            [
                "4",
                "9"
            ]
        ],
        "10": [
            [
                "4",
                "10"
            ],
            [
                "5",
                "9"
            ]
        ]
    }
}