{"name": "random-100-9.96-48.json", "solution": {"time": 0.021602366, "max_depth": 100, "is_feasible": true}, "AVD": 20.886896923631618}