{"name": "random-100-21.48-14.json", "solution": {"time": 0.012108329, "max_depth": 100, "is_feasible": true}, "AVD": 30.47903564935026}