{"name": "random-100-15.36-43.json", "solution": {"time": 0.012332239, "max_depth": 100, "is_feasible": true}, "AVD": 25.524229466644154}