{"name": "random-100-8.88-49.json", "solution": {"time": 0.017077595, "max_depth": 100, "is_feasible": true}, "AVD": 19.969833235652928}