{"name": "random-100-15.72-17.json", "solution": {"time": 0.011828097, "max_depth": 100, "is_feasible": true}, "AVD": 25.806795044399706}