{"name": "random-100-12.48-47.json", "solution": {"time": 0.013010123, "max_depth": 100, "is_feasible": true}, "AVD": 23.11215316183786}