{"name": "random-100-12.12-29.json", "solution": {"time": 0.018248027, "max_depth": 100, "is_feasible": true}, "AVD": 22.803578934953652}