{"name": "random-100-6.36-16.json", "solution": {"time": 0.051260334, "max_depth": 5, "is_feasible": false}, "AVD": 17.5049962304359}