{"name": "random-100-23.28-45.json", "solution": {"time": 0.014217435, "max_depth": 100, "is_feasible": true}, "AVD": 31.89866279220741}