{"name": "random-100-13.92-21.json", "solution": {"time": 0.012748001, "max_depth": 100, "is_feasible": true}, "AVD": 24.364546603396285}