{"name": "random-100-13.56-35.json", "solution": {"time": 0.020415309, "max_depth": 100, "is_feasible": true}, "AVD": 24.01827428626898}