{"name": "random-100-9.60-20.json", "solution": {"time": 0.017557968, "max_depth": 100, "is_feasible": true}, "AVD": 20.600110344100028}