{"name": "random-100-22.92-8.json", "solution": {"time": 0.01760134, "max_depth": 100, "is_feasible": true}, "AVD": 31.6423051953598}