{"name": "random-100-23.28-10.json", "solution": {"time": 0.016084799, "max_depth": 100, "is_feasible": true}, "AVD": 31.88069411976872}