{"name": "random-100-11.04-34.json", "solution": {"time": 0.013464342, "max_depth": 100, "is_feasible": true}, "AVD": 21.894454829059494}