{"name": "random-100-15.36-45.json", "solution": {"time": 0.012741253, "max_depth": 100, "is_feasible": true}, "AVD": 25.493001082805762}