{"name": "random-100-21.48-21.json", "solution": {"time": 0.011142234, "max_depth": 100, "is_feasible": true}, "AVD": 30.50691777056238}