{"name": "random-100-9.24-35.json", "solution": {"time": 0.058174029, "max_depth": 12, "is_feasible": false}, "AVD": 20.29237047694103}