{"name": "random-100-20.76-29.json", "solution": {"time": 0.016443009, "max_depth": 100, "is_feasible": true}, "AVD": 29.85385439393903}