{"name": "random-100-21.48-37.json", "solution": {"time": 0.011153777, "max_depth": 100, "is_feasible": true}, "AVD": 30.45834158008621}