{"name": "random-100-21.12-7.json", "solution": {"time": 0.014463201, "max_depth": 100, "is_feasible": true}, "AVD": 30.15275777833241}