{"name": "random-100-19.68-36.json", "solution": {"time": 0.012773703, "max_depth": 100, "is_feasible": true}, "AVD": 28.998467467532112}