{"name": "random-100-16.44-17.json", "solution": {"time": 0.017785665, "max_depth": 100, "is_feasible": true}, "AVD": 26.39223337717803}