{"name": "random-100-18.24-10.json", "solution": {"time": 0.011908228, "max_depth": 100, "is_feasible": true}, "AVD": 27.87160332611797}