{"name": "random-100-16.80-29.json", "solution": {"time": 0.011643213, "max_depth": 100, "is_feasible": true}, "AVD": 26.65737149406117}