{"name": "random-100-12.12-44.json", "solution": {"time": 0.013713051, "max_depth": 100, "is_feasible": true}, "AVD": 22.826602035741722}