{"name": "random-100-17.16-28.json", "solution": {"time": 0.011895596, "max_depth": 100, "is_feasible": true}, "AVD": 26.938275880230545}