{"name": "random-100-18.60-1.json", "solution": {"time": 0.017824544, "max_depth": 100, "is_feasible": true}, "AVD": 28.204775296369963}