{"name": "random-100-8.88-25.json", "solution": {"time": 0.073876687, "max_depth": 10, "is_feasible": false}, "AVD": 19.91610838827807}