{"name": "random-100-12.48-30.json", "solution": {"time": 0.020191767, "max_depth": 100, "is_feasible": true}, "AVD": 23.150672122321794}