{"name": "random-100-21.84-9.json", "solution": {"time": 0.014515626, "max_depth": 100, "is_feasible": true}, "AVD": 30.812361378620977}