{"name": "random-100-9.24-31.json", "solution": {"time": 0.032573782, "max_depth": 100, "is_feasible": true}, "AVD": 20.29927255577724}