{"name": "random-100-16.08-16.json", "solution": {"time": 0.011672319, "max_depth": 100, "is_feasible": true}, "AVD": 26.09998826839795}