{"name": "random-100-13.56-8.json", "solution": {"time": 0.014021708, "max_depth": 100, "is_feasible": true}, "AVD": 24.01099194971663}