{"name": "random-100-14.28-34.json", "solution": {"time": 0.018064558, "max_depth": 100, "is_feasible": true}, "AVD": 24.6470002392049}