{"name": "random-100-13.92-32.json", "solution": {"time": 0.012362064, "max_depth": 100, "is_feasible": true}, "AVD": 24.325235360750035}