{"name": "random-100-22.20-38.json", "solution": {"time": 0.011621725, "max_depth": 100, "is_feasible": true}, "AVD": 31.03152459595922}