{"name": "random-100-20.76-35.json", "solution": {"time": 0.011144663, "max_depth": 100, "is_feasible": true}, "AVD": 29.88729078643541}