{"name": "random-100-15.00-32.json", "solution": {"time": 0.017913884, "max_depth": 100, "is_feasible": true}, "AVD": 25.244583124097808}