{"name": "random-100-11.76-43.json", "solution": {"time": 0.015678428, "max_depth": 100, "is_feasible": true}, "AVD": 22.5034056232653}