{"name": "random-100-10.32-12.json", "solution": {"time": 0.01573011, "max_depth": 100, "is_feasible": true}, "AVD": 21.256849923409614}