{"name": "random-100-20.04-9.json", "solution": {"time": 0.011790785, "max_depth": 100, "is_feasible": true}, "AVD": 29.34581805971768}