{"name": "random-100-9.96-31.json", "solution": {"time": 0.022883365, "max_depth": 100, "is_feasible": true}, "AVD": 20.93609067266037}