{"name": "random-100-13.92-8.json", "solution": {"time": 0.012946887, "max_depth": 100, "is_feasible": true}, "AVD": 24.311761855366527}