{"name": "random-100-16.44-46.json", "solution": {"time": 0.018242195, "max_depth": 100, "is_feasible": true}, "AVD": 26.40955203518671}