{"name": "random-100-13.56-46.json", "solution": {"time": 0.012143575, "max_depth": 100, "is_feasible": true}, "AVD": 24.048041819291484}