{"name": "random-100-12.48-17.json", "solution": {"time": 0.014477595, "max_depth": 100, "is_feasible": true}, "AVD": 23.138271790986447}