{"name": "random-100-21.12-17.json", "solution": {"time": 0.011653262, "max_depth": 100, "is_feasible": true}, "AVD": 30.17610341991303}