{"name": "random-100-12.48-33.json", "solution": {"time": 0.015796437, "max_depth": 100, "is_feasible": true}, "AVD": 23.123817938727612}