{"name": "random-100-13.56-36.json", "solution": {"time": 0.012285292, "max_depth": 100, "is_feasible": true}, "AVD": 24.001142908202574}