{"name": "random-100-8.16-42.json", "solution": {"time": 0.049152042, "max_depth": 5, "is_feasible": false}, "AVD": 19.250775204517378}