{"name": "random-100-14.28-3.json", "solution": {"time": 0.0125345, "max_depth": 100, "is_feasible": true}, "AVD": 24.65129119769088}