{"name": "random-100-15.00-15.json", "solution": {"time": 0.013425381, "max_depth": 100, "is_feasible": true}, "AVD": 25.19108636474605}