{"name": "random-100-6.72-11.json", "solution": {"time": 0.047909466, "max_depth": 4, "is_feasible": false}, "AVD": 17.96212770701488}