{"name": "random-100-13.92-28.json", "solution": {"time": 0.018256177, "max_depth": 100, "is_feasible": true}, "AVD": 24.317510693750346}