{"name": "random-100-10.68-23.json", "solution": {"time": 0.032302695, "max_depth": 100, "is_feasible": true}, "AVD": 21.570223976578653}