{"name": "random-100-19.32-24.json", "solution": {"time": 0.011517371, "max_depth": 100, "is_feasible": true}, "AVD": 28.718881103895754}