{"name": "random-100-13.20-35.json", "solution": {"time": 0.01531145, "max_depth": 100, "is_feasible": true}, "AVD": 23.715303799255988}