{"name": "random-100-22.56-15.json", "solution": {"time": 0.011773457, "max_depth": 100, "is_feasible": true}, "AVD": 31.281977857697473}