{"name": "random-100-15.00-35.json", "solution": {"time": 0.012655624, "max_depth": 100, "is_feasible": true}, "AVD": 25.213046717726407}