{"name": "random-100-6.36-6.json", "solution": {"time": 0.046057892, "max_depth": 3, "is_feasible": false}, "AVD": 17.596251983849122}