{"name": "random-100-10.32-16.json", "solution": {"time": 0.014814386, "max_depth": 100, "is_feasible": true}, "AVD": 21.256964051503722}