{"name": "random-100-6.36-17.json", "solution": {"time": 0.04424832, "max_depth": 2, "is_feasible": false}, "AVD": 17.6172204706401}