{"name": "random-100-19.32-3.json", "solution": {"time": 0.011718692, "max_depth": 100, "is_feasible": true}, "AVD": 28.73023085137049}