{"name": "random-100-21.84-25.json", "solution": {"time": 0.011611205, "max_depth": 100, "is_feasible": true}, "AVD": 30.707506976911596}