{"name": "random-100-13.92-33.json", "solution": {"time": 0.012363313, "max_depth": 100, "is_feasible": true}, "AVD": 24.330270954600646}