{"name": "random-100-23.28-26.json", "solution": {"time": 0.011159401, "max_depth": 100, "is_feasible": true}, "AVD": 31.92330358585818}