{"name": "random-100-20.76-27.json", "solution": {"time": 0.017009691, "max_depth": 100, "is_feasible": true}, "AVD": 29.91943443722906}