{"name": "random-100-11.40-45.json", "solution": {"time": 0.013204804, "max_depth": 100, "is_feasible": true}, "AVD": 22.160650088244793}