{"name": "random-100-10.68-31.json", "solution": {"time": 0.017347504, "max_depth": 100, "is_feasible": true}, "AVD": 21.57038210789181}