{"name": "random-100-21.48-43.json", "solution": {"time": 0.016199281, "max_depth": 100, "is_feasible": true}, "AVD": 30.472800757575357}