{"name": "random-100-20.40-44.json", "solution": {"time": 0.017273399, "max_depth": 100, "is_feasible": true}, "AVD": 29.67377780663745}