{"name": "random-100-19.68-24.json", "solution": {"time": 0.013161924, "max_depth": 100, "is_feasible": true}, "AVD": 29.021792929292573}