{"name": "random-100-15.72-14.json", "solution": {"time": 0.018235213, "max_depth": 100, "is_feasible": true}, "AVD": 25.864495036074715}