{"name": "random-100-14.64-48.json", "solution": {"time": 0.013116518, "max_depth": 100, "is_feasible": true}, "AVD": 24.90377925796395}