{"name": "random-100-23.64-2.json", "solution": {"time": 0.011963204, "max_depth": 100, "is_feasible": true}, "AVD": 32.21011953823916}