{"name": "random-100-24.00-26.json", "solution": {"time": 0.011833523, "max_depth": 100, "is_feasible": true}, "AVD": 32.51017698412658}