{"name": "random-100-12.84-32.json", "solution": {"time": 0.01874174, "max_depth": 100, "is_feasible": true}, "AVD": 23.399705901875585}