{"name": "random-100-13.92-41.json", "solution": {"time": 0.013149795, "max_depth": 100, "is_feasible": true}, "AVD": 24.338814473859138}