{"name": "random-100-16.80-26.json", "solution": {"time": 0.011689264, "max_depth": 100, "is_feasible": true}, "AVD": 26.711299877344555}