{"name": "random-100-9.60-33.json", "solution": {"time": 0.017321628, "max_depth": 100, "is_feasible": true}, "AVD": 20.641398928848584}