{"name": "random-100-11.04-3.json", "solution": {"time": 0.017979468, "max_depth": 100, "is_feasible": true}, "AVD": 21.886565304139996}