{"name": "random-100-10.32-26.json", "solution": {"time": 0.020080116, "max_depth": 100, "is_feasible": true}, "AVD": 21.27916443223412}