{"name": "random-100-8.52-0.json", "solution": {"time": 0.131532819, "max_depth": 18, "is_feasible": false}, "AVD": 19.684882291041937}