{"name": "random-100-16.80-40.json", "solution": {"time": 0.012123056, "max_depth": 100, "is_feasible": true}, "AVD": 26.680717584082263}