{"name": "random-100-14.64-22.json", "solution": {"time": 0.01903639, "max_depth": 100, "is_feasible": true}, "AVD": 24.92339168886638}