{"name": "random-100-23.28-21.json", "solution": {"time": 0.017226324, "max_depth": 100, "is_feasible": true}, "AVD": 31.952587756132356}