{"name": "random-100-13.20-6.json", "solution": {"time": 0.012479602, "max_depth": 100, "is_feasible": true}, "AVD": 23.73669852869321}