{"name": "random-100-24.00-46.json", "solution": {"time": 0.015771779, "max_depth": 100, "is_feasible": true}, "AVD": 32.45962378787839}