{"name": "random-100-14.64-42.json", "solution": {"time": 0.017485171, "max_depth": 100, "is_feasible": true}, "AVD": 24.90623816905285}