{"name": "random-100-20.40-3.json", "solution": {"time": 0.011810406, "max_depth": 100, "is_feasible": true}, "AVD": 29.61322663059125}