{"name": "random-100-6.00-6.json", "solution": {"time": 0.046652753, "max_depth": 3, "is_feasible": false}, "AVD": 17.214910446497594}