{"name": "random-100-12.84-17.json", "solution": {"time": 0.014423282, "max_depth": 100, "is_feasible": true}, "AVD": 23.431723428793088}