{"name": "random-100-9.60-27.json", "solution": {"time": 0.019194433, "max_depth": 100, "is_feasible": true}, "AVD": 20.624748783438463}