{"name": "random-100-18.60-31.json", "solution": {"time": 0.012136689, "max_depth": 100, "is_feasible": true}, "AVD": 28.150703860583523}