{"name": "random-100-17.52-8.json", "solution": {"time": 0.017824919, "max_depth": 100, "is_feasible": true}, "AVD": 27.280081674436325}