{"name": "random-100-18.24-6.json", "solution": {"time": 0.012254362, "max_depth": 100, "is_feasible": true}, "AVD": 27.851028037517693}