{"name": "random-100-9.96-34.json", "solution": {"time": 0.018150345, "max_depth": 100, "is_feasible": true}, "AVD": 20.958172609057275}