{"name": "random-100-10.68-2.json", "solution": {"time": 0.014214059, "max_depth": 100, "is_feasible": true}, "AVD": 21.57571092574061}