{"name": "random-100-19.68-38.json", "solution": {"time": 0.014099621, "max_depth": 100, "is_feasible": true}, "AVD": 29.02565680430645}