{"name": "random-100-13.20-36.json", "solution": {"time": 0.017721091, "max_depth": 100, "is_feasible": true}, "AVD": 23.701247237206907}