{"name": "random-100-8.16-43.json", "solution": {"time": 0.057624916, "max_depth": 8, "is_feasible": false}, "AVD": 19.334416831501493}