{"name": "random-100-14.28-15.json", "solution": {"time": 0.013589719, "max_depth": 100, "is_feasible": true}, "AVD": 24.580055815850507}