{"name": "random-100-23.28-38.json", "solution": {"time": 0.01101761, "max_depth": 100, "is_feasible": true}, "AVD": 31.906849184703805}