{"name": "random-100-20.04-4.json", "solution": {"time": 0.011861923, "max_depth": 100, "is_feasible": true}, "AVD": 29.342553413253025}