{"name": "random-100-20.04-6.json", "solution": {"time": 0.01215992, "max_depth": 100, "is_feasible": true}, "AVD": 29.307943564213204}