{"name": "random-100-6.72-20.json", "solution": {"time": 0.051886826, "max_depth": 7, "is_feasible": false}, "AVD": 17.90683071151039}