{"name": "random-100-9.24-32.json", "solution": {"time": 0.094045933, "max_depth": 100, "is_feasible": true}, "AVD": 20.246089872904562}