{"name": "random-100-23.64-30.json", "solution": {"time": 0.011051918, "max_depth": 100, "is_feasible": true}, "AVD": 32.12306715728678}