{"name": "random-100-15.00-13.json", "solution": {"time": 0.012414682, "max_depth": 100, "is_feasible": true}, "AVD": 25.23333685425653}