{"name": "random-100-8.88-33.json", "solution": {"time": 0.114357851, "max_depth": 13, "is_feasible": false}, "AVD": 19.998341491841142}