{"name": "random-100-17.16-42.json", "solution": {"time": 0.011871145, "max_depth": 100, "is_feasible": true}, "AVD": 27.02202813186778}