{"name": "random-100-9.24-41.json", "solution": {"time": 0.110985433, "max_depth": 10, "is_feasible": false}, "AVD": 20.295437717282365}