{"name": "random-100-21.48-48.json", "solution": {"time": 0.01145518, "max_depth": 100, "is_feasible": true}, "AVD": 30.474410490620134}