{"name": "random-100-21.84-6.json", "solution": {"time": 0.011016395, "max_depth": 100, "is_feasible": true}, "AVD": 30.70741880230842}