{"name": "random-100-17.88-9.json", "solution": {"time": 0.012155881, "max_depth": 100, "is_feasible": true}, "AVD": 27.604793255077894}