{"name": "random-100-9.96-10.json", "solution": {"time": 0.05590571, "max_depth": 100, "is_feasible": true}, "AVD": 20.937004285991474}