{"name": "random-100-8.52-46.json", "solution": {"time": 0.022154942, "max_depth": 100, "is_feasible": true}, "AVD": 19.606153729799267}