{"name": "random-100-17.88-6.json", "solution": {"time": 0.012086149, "max_depth": 100, "is_feasible": true}, "AVD": 27.53144319624785}