{"name": "random-100-16.44-33.json", "solution": {"time": 0.01238245, "max_depth": 100, "is_feasible": true}, "AVD": 26.43643945942913}