{"name": "random-100-6.72-34.json", "solution": {"time": 0.052153228, "max_depth": 5, "is_feasible": false}, "AVD": 17.941955070125587}