{"name": "random-100-15.72-8.json", "solution": {"time": 0.012710852, "max_depth": 100, "is_feasible": true}, "AVD": 25.814816018425667}