{"name": "random-100-18.96-27.json", "solution": {"time": 0.011793265, "max_depth": 100, "is_feasible": true}, "AVD": 28.44578103896069}