{"name": "random-100-19.68-39.json", "solution": {"time": 0.017078183, "max_depth": 100, "is_feasible": true}, "AVD": 29.013760295814937}