{"name": "random-100-21.48-33.json", "solution": {"time": 0.011558825, "max_depth": 100, "is_feasible": true}, "AVD": 30.54409393217853}