{"name": "random-100-18.96-32.json", "solution": {"time": 0.011873906, "max_depth": 100, "is_feasible": true}, "AVD": 28.489841602286248}