{"name": "random-100-20.40-12.json", "solution": {"time": 0.019946215, "max_depth": 100, "is_feasible": true}, "AVD": 29.59125512265474}