{"name": "random-100-9.60-36.json", "solution": {"time": 0.025756782, "max_depth": 100, "is_feasible": true}, "AVD": 20.578584810189486}