{"name": "random-100-11.04-2.json", "solution": {"time": 0.01465178, "max_depth": 100, "is_feasible": true}, "AVD": 21.89087806804275}