{"name": "random-100-7.44-29.json", "solution": {"time": 0.042666781, "max_depth": 4, "is_feasible": false}, "AVD": 18.599196333943507}