{"name": "random-100-22.56-26.json", "solution": {"time": 0.011647246, "max_depth": 100, "is_feasible": true}, "AVD": 31.33711080808041}