{"name": "random-100-10.68-18.json", "solution": {"time": 0.014053152, "max_depth": 100, "is_feasible": true}, "AVD": 21.58880112665081}