{"name": "random-100-12.48-5.json", "solution": {"time": 0.014318343, "max_depth": 100, "is_feasible": true}, "AVD": 23.09354327561297}