{"name": "random-100-20.04-25.json", "solution": {"time": 0.011864101, "max_depth": 100, "is_feasible": true}, "AVD": 29.282461832611467}