{"name": "random-100-13.56-30.json", "solution": {"time": 0.014476324, "max_depth": 100, "is_feasible": true}, "AVD": 24.04052388333856}