{"name": "random-100-23.64-16.json", "solution": {"time": 0.011476596, "max_depth": 100, "is_feasible": true}, "AVD": 32.16082920634883}