{"name": "random-100-7.44-18.json", "solution": {"time": 0.046470589, "max_depth": 5, "is_feasible": false}, "AVD": 18.644902029081678}