{"name": "random-100-22.56-18.json", "solution": {"time": 0.011236049, "max_depth": 100, "is_feasible": true}, "AVD": 31.34193636363599}