{"name": "random-100-14.28-45.json", "solution": {"time": 0.012127718, "max_depth": 100, "is_feasible": true}, "AVD": 24.591266378621068}