{"name": "random-100-9.24-28.json", "solution": {"time": 0.021089073, "max_depth": 100, "is_feasible": true}, "AVD": 20.324453327782948}