{"name": "random-100-17.16-8.json", "solution": {"time": 0.012068899, "max_depth": 100, "is_feasible": true}, "AVD": 26.989443608058256}