{"name": "random-100-10.68-4.json", "solution": {"time": 0.018595361, "max_depth": 100, "is_feasible": true}, "AVD": 21.56987713591931}