{"name": "random-100-12.12-22.json", "solution": {"time": 0.019134925, "max_depth": 100, "is_feasible": true}, "AVD": 22.834880975135672}