{"name": "random-100-7.44-38.json", "solution": {"time": 0.050190645, "max_depth": 6, "is_feasible": false}, "AVD": 18.593844617604265}