{"name": "random-100-7.44-1.json", "solution": {"time": 0.075544508, "max_depth": 6, "is_feasible": false}, "AVD": 18.62692682622898}