{"name": "random-100-13.56-29.json", "solution": {"time": 0.013265472, "max_depth": 100, "is_feasible": true}, "AVD": 23.98708570152041}