{"name": "random-100-23.28-17.json", "solution": {"time": 0.011269796, "max_depth": 100, "is_feasible": true}, "AVD": 31.917599199133807}