{"name": "random-100-21.12-43.json", "solution": {"time": 0.011203043, "max_depth": 100, "is_feasible": true}, "AVD": 30.180719105338717}