{"name": "random-100-11.04-43.json", "solution": {"time": 0.014727646, "max_depth": 100, "is_feasible": true}, "AVD": 21.89587750638217}