{"name": "random-100-17.88-47.json", "solution": {"time": 0.011650138, "max_depth": 100, "is_feasible": true}, "AVD": 27.529687720057396}