{"name": "random-100-20.04-29.json", "solution": {"time": 0.011431741, "max_depth": 100, "is_feasible": true}, "AVD": 29.27720924963889}