{"name": "random-100-23.28-37.json", "solution": {"time": 0.01101152, "max_depth": 100, "is_feasible": true}, "AVD": 31.89036126262588}