{"name": "random-100-22.56-49.json", "solution": {"time": 0.011854938, "max_depth": 100, "is_feasible": true}, "AVD": 31.383596313130912}