{"name": "random-100-20.76-38.json", "solution": {"time": 0.011645449, "max_depth": 100, "is_feasible": true}, "AVD": 29.90715434398898}