{"name": "random-100-8.88-17.json", "solution": {"time": 0.045959826, "max_depth": 4, "is_feasible": false}, "AVD": 19.98233822177787}