{"name": "random-100-22.56-24.json", "solution": {"time": 0.011145781, "max_depth": 100, "is_feasible": true}, "AVD": 31.322043881673515}