{"name": "random-100-8.52-29.json", "solution": {"time": 0.065628971, "max_depth": 8, "is_feasible": false}, "AVD": 19.62539470362938}