{"name": "random-100-10.68-35.json", "solution": {"time": 0.042516307, "max_depth": 100, "is_feasible": true}, "AVD": 21.57505035317592}