{"name": "random-100-11.76-33.json", "solution": {"time": 0.016987783, "max_depth": 100, "is_feasible": true}, "AVD": 22.53475716006183}