{"name": "random-100-13.92-13.json", "solution": {"time": 0.013968661, "max_depth": 100, "is_feasible": true}, "AVD": 24.34048956709926}