{"name": "random-100-6.72-5.json", "solution": {"time": 0.048655543, "max_depth": 9, "is_feasible": false}, "AVD": 17.889233459873136}