{"name": "random-100-15.36-34.json", "solution": {"time": 0.017703254, "max_depth": 100, "is_feasible": true}, "AVD": 25.551668752913407}