{"name": "random-100-18.24-2.json", "solution": {"time": 0.011661274, "max_depth": 100, "is_feasible": true}, "AVD": 27.876674458874128}