{"name": "random-100-16.08-48.json", "solution": {"time": 0.013507877, "max_depth": 100, "is_feasible": true}, "AVD": 26.104540275279984}