{"name": "random-100-7.08-32.json", "solution": {"time": 0.046021636, "max_depth": 5, "is_feasible": false}, "AVD": 18.22958283161249}