{"name": "random-100-18.60-10.json", "solution": {"time": 0.012640851, "max_depth": 100, "is_feasible": true}, "AVD": 28.15163784992749}