{"name": "random-100-8.88-2.json", "solution": {"time": 0.019346121, "max_depth": 100, "is_feasible": true}, "AVD": 19.95172078199545}