{"name": "random-100-17.88-3.json", "solution": {"time": 0.011785531, "max_depth": 100, "is_feasible": true}, "AVD": 27.574335404040053}