{"name": "random-100-12.12-16.json", "solution": {"time": 0.018169737, "max_depth": 100, "is_feasible": true}, "AVD": 22.81575000110969}