{"name": "random-100-6.36-5.json", "solution": {"time": 0.049212925, "max_depth": 9, "is_feasible": false}, "AVD": 17.538938800088463}