{"name": "random-100-8.16-46.json", "solution": {"time": 0.109647581, "max_depth": 11, "is_feasible": false}, "AVD": 19.280293132618663}