{"name": "random-100-16.44-3.json", "solution": {"time": 0.012018112, "max_depth": 100, "is_feasible": true}, "AVD": 26.418553636363303}