{"name": "random-100-24.00-31.json", "solution": {"time": 0.011290466, "max_depth": 100, "is_feasible": true}, "AVD": 32.46883256854217}