{"name": "random-100-20.40-15.json", "solution": {"time": 0.0117424, "max_depth": 100, "is_feasible": true}, "AVD": 29.553597504162152}