{"name": "random-100-18.96-26.json", "solution": {"time": 0.011853583, "max_depth": 100, "is_feasible": true}, "AVD": 28.466375274169913}