{"name": "random-100-7.44-8.json", "solution": {"time": 0.055391809, "max_depth": 7, "is_feasible": false}, "AVD": 18.63352949522663}