{"name": "random-100-19.68-15.json", "solution": {"time": 0.012754061, "max_depth": 100, "is_feasible": true}, "AVD": 28.987663752358408}