{"name": "random-100-19.68-9.json", "solution": {"time": 0.011866569, "max_depth": 100, "is_feasible": true}, "AVD": 29.059786934176557}