{"name": "random-100-15.36-6.json", "solution": {"time": 0.012176948, "max_depth": 100, "is_feasible": true}, "AVD": 25.503525699855388}