{"name": "random-100-12.12-31.json", "solution": {"time": 0.01359862, "max_depth": 100, "is_feasible": true}, "AVD": 22.810075267509983}