{"name": "random-100-15.36-12.json", "solution": {"time": 0.012744743, "max_depth": 100, "is_feasible": true}, "AVD": 25.48992932178901}