{"name": "random-100-12.48-23.json", "solution": {"time": 0.013237544, "max_depth": 100, "is_feasible": true}, "AVD": 23.102415613830303}