{"name": "random-100-8.52-15.json", "solution": {"time": 0.056951221, "max_depth": 7, "is_feasible": false}, "AVD": 19.59938241092208}