{"name": "random-100-8.88-7.json", "solution": {"time": 0.050984164, "max_depth": 6, "is_feasible": false}, "AVD": 19.88813798035267}