{"name": "random-100-11.76-0.json", "solution": {"time": 0.016823961, "max_depth": 100, "is_feasible": true}, "AVD": 22.52562175546642}