{"name": "random-100-10.32-45.json", "solution": {"time": 0.013353882, "max_depth": 100, "is_feasible": true}, "AVD": 21.222561381951078}