{"name": "random-100-14.64-6.json", "solution": {"time": 0.017429669, "max_depth": 100, "is_feasible": true}, "AVD": 24.915884235208928}