{"name": "random-100-7.08-22.json", "solution": {"time": 0.067569566, "max_depth": 8, "is_feasible": false}, "AVD": 18.306901364191017}