{"name": "random-100-17.88-23.json", "solution": {"time": 0.012012541, "max_depth": 100, "is_feasible": true}, "AVD": 27.60889256132722}