{"name": "random-100-13.56-14.json", "solution": {"time": 0.01268323, "max_depth": 100, "is_feasible": true}, "AVD": 24.03337568653537}