{"name": "random-100-22.20-5.json", "solution": {"time": 0.017059432, "max_depth": 100, "is_feasible": true}, "AVD": 31.067480158729772}