{"name": "random-100-13.56-12.json", "solution": {"time": 0.01286153, "max_depth": 100, "is_feasible": true}, "AVD": 24.010737683982367}