{"name": "random-100-22.20-32.json", "solution": {"time": 0.011663296, "max_depth": 100, "is_feasible": true}, "AVD": 31.087273535353155}