{"name": "random-100-9.60-15.json", "solution": {"time": 0.063783358, "max_depth": 7, "is_feasible": false}, "AVD": 20.58947765290233}