{"name": "random-100-14.64-44.json", "solution": {"time": 0.011938811, "max_depth": 100, "is_feasible": true}, "AVD": 24.964656450216122}