{"name": "random-100-16.80-27.json", "solution": {"time": 0.012170287, "max_depth": 100, "is_feasible": true}, "AVD": 26.704703542568208}