{"name": "random-100-21.12-16.json", "solution": {"time": 0.013187741, "max_depth": 100, "is_feasible": true}, "AVD": 30.13179677489139}