{"name": "random-100-13.20-41.json", "solution": {"time": 0.014059769, "max_depth": 100, "is_feasible": true}, "AVD": 23.7427308374955}