{"name": "random-100-12.12-43.json", "solution": {"time": 0.019383726, "max_depth": 100, "is_feasible": true}, "AVD": 22.818363848373533}