{"name": "random-100-12.48-20.json", "solution": {"time": 0.019013204, "max_depth": 100, "is_feasible": true}, "AVD": 23.118109964479657}