{"name": "random-100-22.56-10.json", "solution": {"time": 0.011634636, "max_depth": 100, "is_feasible": true}, "AVD": 31.31596784992745}