{"name": "random-100-22.56-17.json", "solution": {"time": 0.011709655, "max_depth": 100, "is_feasible": true}, "AVD": 31.335270800865416}