{"name": "random-100-21.48-19.json", "solution": {"time": 0.017240801, "max_depth": 100, "is_feasible": true}, "AVD": 30.47768169552633}