{"name": "random-100-10.32-23.json", "solution": {"time": 0.05625337, "max_depth": 100, "is_feasible": true}, "AVD": 21.242801068930746}