{"name": "random-100-10.32-44.json", "solution": {"time": 0.023531102, "max_depth": 100, "is_feasible": true}, "AVD": 21.25694174159141}