{"name": "random-100-19.68-31.json", "solution": {"time": 0.01681904, "max_depth": 100, "is_feasible": true}, "AVD": 29.0093311616158}