{"name": "random-100-12.84-44.json", "solution": {"time": 0.013126692, "max_depth": 100, "is_feasible": true}, "AVD": 23.449911949161624}