{"name": "random-100-7.44-47.json", "solution": {"time": 0.06818093, "max_depth": 8, "is_feasible": false}, "AVD": 18.63616795066014}