{"name": "random-100-15.36-21.json", "solution": {"time": 0.012363519, "max_depth": 100, "is_feasible": true}, "AVD": 25.540572374292054}