{"name": "random-100-10.32-49.json", "solution": {"time": 0.020421212, "max_depth": 100, "is_feasible": true}, "AVD": 21.2719868065265}