{"name": "random-100-21.12-45.json", "solution": {"time": 0.012265908, "max_depth": 100, "is_feasible": true}, "AVD": 30.162639892329484}