{"name": "random-100-7.44-24.json", "solution": {"time": 0.042876165, "max_depth": 4, "is_feasible": false}, "AVD": 18.63991378196933}