{"name": "random-100-15.36-36.json", "solution": {"time": 0.017858141, "max_depth": 100, "is_feasible": true}, "AVD": 25.496080411255083}