{"name": "random-100-12.48-45.json", "solution": {"time": 0.017670531, "max_depth": 100, "is_feasible": true}, "AVD": 23.079895607170315}