{"name": "random-100-18.24-17.json", "solution": {"time": 0.016501872, "max_depth": 100, "is_feasible": true}, "AVD": 27.854720664335314}