{"name": "random-100-23.28-12.json", "solution": {"time": 0.016578158, "max_depth": 100, "is_feasible": true}, "AVD": 31.893421139970734}