{"name": "random-100-11.04-14.json", "solution": {"time": 0.019946307, "max_depth": 100, "is_feasible": true}, "AVD": 21.876125162059846}