{"name": "random-100-21.12-42.json", "solution": {"time": 0.011375867, "max_depth": 100, "is_feasible": true}, "AVD": 30.16383840548303}