{"name": "random-100-15.36-18.json", "solution": {"time": 0.012038278, "max_depth": 100, "is_feasible": true}, "AVD": 25.545670189254878}