{"name": "random-100-9.24-36.json", "solution": {"time": 0.126769646, "max_depth": 12, "is_feasible": false}, "AVD": 20.26769304306771}