{"name": "random-100-19.68-1.json", "solution": {"time": 0.012953197, "max_depth": 100, "is_feasible": true}, "AVD": 29.076086623376277}