{"name": "random-100-18.96-1.json", "solution": {"time": 0.012333295, "max_depth": 100, "is_feasible": true}, "AVD": 28.48771279942248}