{"name": "random-100-7.80-36.json", "solution": {"time": 0.046912276, "max_depth": 5, "is_feasible": false}, "AVD": 18.950907364857006}