{"name": "random-100-22.56-19.json", "solution": {"time": 0.011800644, "max_depth": 100, "is_feasible": true}, "AVD": 31.329086919191546}