{"name": "random-100-22.56-4.json", "solution": {"time": 0.017170987, "max_depth": 100, "is_feasible": true}, "AVD": 31.370595295814887}