{"name": "random-100-8.88-24.json", "solution": {"time": 0.052454379, "max_depth": 7, "is_feasible": false}, "AVD": 19.962722856228428}