{"name": "random-100-22.92-38.json", "solution": {"time": 0.011265655, "max_depth": 100, "is_feasible": true}, "AVD": 31.6136292784989}