{"name": "random-100-7.44-49.json", "solution": {"time": 0.064054374, "max_depth": 7, "is_feasible": false}, "AVD": 18.629171971361632}