{"name": "random-100-13.92-39.json", "solution": {"time": 0.013114088, "max_depth": 100, "is_feasible": true}, "AVD": 24.269179351759025}