{"name": "random-100-12.84-25.json", "solution": {"time": 0.012653114, "max_depth": 100, "is_feasible": true}, "AVD": 23.383504084803775}