{"name": "random-100-16.08-6.json", "solution": {"time": 0.012342316, "max_depth": 100, "is_feasible": true}, "AVD": 26.100722813852503}