{"name": "random-100-9.24-24.json", "solution": {"time": 0.061201474, "max_depth": 11, "is_feasible": false}, "AVD": 20.283300208320778}