{"name": "random-100-10.32-32.json", "solution": {"time": 0.020858523, "max_depth": 100, "is_feasible": true}, "AVD": 21.20374336330305}