{"name": "random-100-12.84-13.json", "solution": {"time": 0.013580755, "max_depth": 100, "is_feasible": true}, "AVD": 23.44758930791402}