{"name": "random-100-8.88-44.json", "solution": {"time": 0.017153129, "max_depth": 100, "is_feasible": true}, "AVD": 19.975368924686073}