{"name": "random-100-10.68-43.json", "solution": {"time": 0.015320628, "max_depth": 100, "is_feasible": true}, "AVD": 21.57640561605028}