{"name": "random-100-21.84-36.json", "solution": {"time": 0.013356323, "max_depth": 100, "is_feasible": true}, "AVD": 30.733197849927475}