{"name": "random-100-15.72-46.json", "solution": {"time": 0.011596641, "max_depth": 100, "is_feasible": true}, "AVD": 25.816553052502723}