{"name": "random-100-17.16-49.json", "solution": {"time": 0.012041222, "max_depth": 100, "is_feasible": true}, "AVD": 26.9957890404037}