{"name": "random-100-7.44-12.json", "solution": {"time": 0.049812507, "max_depth": 5, "is_feasible": false}, "AVD": 18.645527351259535}