{"name": "random-100-22.56-14.json", "solution": {"time": 0.011959919, "max_depth": 100, "is_feasible": true}, "AVD": 31.337703253967856}