{"name": "random-100-16.08-1.json", "solution": {"time": 0.011852018, "max_depth": 100, "is_feasible": true}, "AVD": 26.129851207125903}