{"name": "random-100-6.36-15.json", "solution": {"time": 0.04151087, "max_depth": 4, "is_feasible": false}, "AVD": 17.545976792651462}