{"name": "random-100-21.48-29.json", "solution": {"time": 0.011066669, "max_depth": 100, "is_feasible": true}, "AVD": 30.41310509379473}