{"name": "random-100-16.44-0.json", "solution": {"time": 0.011885088, "max_depth": 100, "is_feasible": true}, "AVD": 26.445449524919162}