{"name": "random-100-18.24-39.json", "solution": {"time": 0.011904844, "max_depth": 100, "is_feasible": true}, "AVD": 27.84385988511454}