{"name": "random-100-19.32-17.json", "solution": {"time": 0.011813006, "max_depth": 100, "is_feasible": true}, "AVD": 28.743586248750884}