{"name": "random-100-9.96-25.json", "solution": {"time": 0.020059607, "max_depth": 100, "is_feasible": true}, "AVD": 20.883032880452564}