{"name": "random-100-19.68-7.json", "solution": {"time": 0.011952017, "max_depth": 100, "is_feasible": true}, "AVD": 29.015682872127517}