{"name": "random-100-24.00-23.json", "solution": {"time": 0.011123235, "max_depth": 100, "is_feasible": true}, "AVD": 32.522635108224705}