{"name": "random-100-16.08-36.json", "solution": {"time": 0.01248051, "max_depth": 100, "is_feasible": true}, "AVD": 26.093086601731258}