{"name": "random-100-9.96-20.json", "solution": {"time": 0.025505153, "max_depth": 100, "is_feasible": true}, "AVD": 20.90562592685061}