{"name": "random-100-6.72-46.json", "solution": {"time": 0.048508767, "max_depth": 4, "is_feasible": false}, "AVD": 17.902551821348222}