{"name": "random-100-17.52-19.json", "solution": {"time": 0.011715304, "max_depth": 100, "is_feasible": true}, "AVD": 27.282204199133872}