{"name": "random-100-9.60-10.json", "solution": {"time": 0.058192282, "max_depth": 100, "is_feasible": true}, "AVD": 20.621220930458115}