{"name": "random-100-13.56-15.json", "solution": {"time": 0.014797871, "max_depth": 100, "is_feasible": true}, "AVD": 23.964716090575777}