{"name": "random-100-20.40-37.json", "solution": {"time": 0.017349438, "max_depth": 100, "is_feasible": true}, "AVD": 29.58812455988419}