{"name": "random-100-14.64-18.json", "solution": {"time": 0.013476791, "max_depth": 100, "is_feasible": true}, "AVD": 24.93939961149931}