{"name": "random-100-7.44-23.json", "solution": {"time": 0.050044327, "max_depth": 5, "is_feasible": false}, "AVD": 18.648616853701512}