{"name": "random-100-21.84-20.json", "solution": {"time": 0.011167649, "max_depth": 100, "is_feasible": true}, "AVD": 30.77004536074998}