{"name": "random-100-14.64-13.json", "solution": {"time": 0.013053699, "max_depth": 100, "is_feasible": true}, "AVD": 24.945142171716856}