{"name": "random-100-8.16-30.json", "solution": {"time": 0.172213438, "max_depth": 100, "is_feasible": true}, "AVD": 19.357391621074672}