{"name": "random-100-10.32-48.json", "solution": {"time": 0.014887031, "max_depth": 100, "is_feasible": true}, "AVD": 21.220643402153097}