{"name": "random-100-21.12-19.json", "solution": {"time": 0.011622634, "max_depth": 100, "is_feasible": true}, "AVD": 30.180845901875536}