{"name": "random-100-16.80-18.json", "solution": {"time": 0.012141828, "max_depth": 100, "is_feasible": true}, "AVD": 26.728557771672463}