{"name": "random-100-14.64-38.json", "solution": {"time": 0.011996273, "max_depth": 100, "is_feasible": true}, "AVD": 24.928402562437235}