{"name": "random-100-22.92-43.json", "solution": {"time": 0.011309566, "max_depth": 100, "is_feasible": true}, "AVD": 31.631639487734088}