{"name": "random-100-11.40-23.json", "solution": {"time": 0.024472677, "max_depth": 100, "is_feasible": true}, "AVD": 22.18901489954458}