{"name": "random-100-16.80-31.json", "solution": {"time": 0.018374294, "max_depth": 100, "is_feasible": true}, "AVD": 26.69996638583607}