{"name": "random-100-11.04-15.json", "solution": {"time": 0.014888883, "max_depth": 100, "is_feasible": true}, "AVD": 21.85237026251496}