{"name": "random-100-17.52-20.json", "solution": {"time": 0.011712417, "max_depth": 100, "is_feasible": true}, "AVD": 27.294952352092015}