{"name": "random-100-9.60-22.json", "solution": {"time": 0.017747836, "max_depth": 100, "is_feasible": true}, "AVD": 20.655605241979917}