{"name": "random-100-16.80-12.json", "solution": {"time": 0.017363509, "max_depth": 100, "is_feasible": true}, "AVD": 26.683915468975144}