{"name": "random-100-17.16-6.json", "solution": {"time": 0.012210808, "max_depth": 100, "is_feasible": true}, "AVD": 26.970020194804864}