{"name": "random-100-6.00-49.json", "solution": {"time": 0.0404107, "max_depth": 3, "is_feasible": false}, "AVD": 17.229290081862235}