{"name": "random-100-11.04-45.json", "solution": {"time": 0.014063528, "max_depth": 100, "is_feasible": true}, "AVD": 21.853846920856622}