{"name": "random-100-6.00-45.json", "solution": {"time": 0.044286715, "max_depth": 3, "is_feasible": false}, "AVD": 17.2059032678429}