{"name": "random-100-20.76-39.json", "solution": {"time": 0.011160048, "max_depth": 100, "is_feasible": true}, "AVD": 29.870304422799055}