{"name": "random-100-7.80-21.json", "solution": {"time": 0.092033949, "max_depth": 11, "is_feasible": false}, "AVD": 19.00196878427095}