{"name": "random-100-6.00-28.json", "solution": {"time": 0.046292335, "max_depth": 6, "is_feasible": false}, "AVD": 17.25551255300218}