{"name": "random-100-10.68-15.json", "solution": {"time": 0.029762271, "max_depth": 100, "is_feasible": true}, "AVD": 21.545468942723634}