{"name": "random-100-12.12-18.json", "solution": {"time": 0.013876097, "max_depth": 100, "is_feasible": true}, "AVD": 22.821791783216486}