{"name": "random-100-23.28-33.json", "solution": {"time": 0.011088486, "max_depth": 100, "is_feasible": true}, "AVD": 31.95640112554072}