{"name": "random-100-16.44-27.json", "solution": {"time": 0.012565065, "max_depth": 100, "is_feasible": true}, "AVD": 26.3962600360747}