{"name": "random-100-22.56-31.json", "solution": {"time": 0.011603509, "max_depth": 100, "is_feasible": true}, "AVD": 31.308046709956315}