{"name": "random-100-16.44-37.json", "solution": {"time": 0.012133579, "max_depth": 100, "is_feasible": true}, "AVD": 26.390233052502722}