{"name": "random-100-9.60-17.json", "solution": {"time": 0.063734191, "max_depth": 100, "is_feasible": true}, "AVD": 20.63795501831467}