{"name": "random-100-11.40-18.json", "solution": {"time": 0.013480639, "max_depth": 100, "is_feasible": true}, "AVD": 22.214400664890356}