{"name": "random-100-11.04-41.json", "solution": {"time": 0.016110285, "max_depth": 100, "is_feasible": true}, "AVD": 21.89667909368375}