{"name": "random-100-16.44-25.json", "solution": {"time": 0.012595352, "max_depth": 100, "is_feasible": true}, "AVD": 26.38075005050471}