{"name": "random-100-14.64-29.json", "solution": {"time": 0.012643845, "max_depth": 100, "is_feasible": true}, "AVD": 24.881729553224258}