{"name": "random-100-14.28-19.json", "solution": {"time": 0.011737766, "max_depth": 100, "is_feasible": true}, "AVD": 24.62069214396684}