{"name": "random-100-8.16-5.json", "solution": {"time": 0.063587543, "max_depth": 10, "is_feasible": false}, "AVD": 19.260193939393616}