{"name": "random-100-20.76-41.json", "solution": {"time": 0.011566792, "max_depth": 100, "is_feasible": true}, "AVD": 29.94601580086542}