{"name": "random-100-22.92-31.json", "solution": {"time": 0.016677867, "max_depth": 100, "is_feasible": true}, "AVD": 31.59295488455949}