{"name": "random-100-8.88-12.json", "solution": {"time": 0.020486536, "max_depth": 100, "is_feasible": true}, "AVD": 19.97446736319205}