{"name": "random-100-20.40-13.json", "solution": {"time": 0.011747626, "max_depth": 100, "is_feasible": true}, "AVD": 29.5877470851367}