{"name": "random-100-11.40-41.json", "solution": {"time": 0.014584686, "max_depth": 100, "is_feasible": true}, "AVD": 22.209977080141748}