{"name": "random-100-7.80-5.json", "solution": {"time": 0.055975747, "max_depth": 10, "is_feasible": false}, "AVD": 18.936538940503613}