{"name": "random-100-15.72-22.json", "solution": {"time": 0.013160513, "max_depth": 100, "is_feasible": true}, "AVD": 25.82120932178899}