{"name": "random-100-9.24-11.json", "solution": {"time": 0.051058484, "max_depth": 100, "is_feasible": true}, "AVD": 20.31860415084883}