{"name": "random-100-8.52-39.json", "solution": {"time": 0.052581335, "max_depth": 10, "is_feasible": false}, "AVD": 19.56701566100534}