{"name": "random-100-21.12-20.json", "solution": {"time": 0.011671438, "max_depth": 100, "is_feasible": true}, "AVD": 30.20369186868649}