{"name": "random-100-8.52-16.json", "solution": {"time": 0.045416657, "max_depth": 100, "is_feasible": true}, "AVD": 19.59105431124397}