{"name": "random-100-24.00-49.json", "solution": {"time": 0.012382154, "max_depth": 100, "is_feasible": true}, "AVD": 32.52268976190436}