{"name": "random-100-13.20-12.json", "solution": {"time": 0.012812285, "max_depth": 100, "is_feasible": true}, "AVD": 23.714749835164522}