{"name": "random-100-15.72-18.json", "solution": {"time": 0.012029175, "max_depth": 100, "is_feasible": true}, "AVD": 25.865184120878798}