{"name": "random-100-6.36-41.json", "solution": {"time": 0.039948791, "max_depth": 3, "is_feasible": false}, "AVD": 17.515767069319214}