{"name": "random-100-6.00-35.json", "solution": {"time": 0.039525854, "max_depth": 3, "is_feasible": false}, "AVD": 17.2589143558631}