{"name": "random-100-21.12-1.json", "solution": {"time": 0.016176154, "max_depth": 100, "is_feasible": true}, "AVD": 30.22197097402562}