{"name": "random-100-23.64-28.json", "solution": {"time": 0.011399744, "max_depth": 100, "is_feasible": true}, "AVD": 32.11541126984087}