{"name": "random-100-8.16-25.json", "solution": {"time": 0.067527113, "max_depth": 8, "is_feasible": false}, "AVD": 19.26277146298112}