{"name": "random-100-22.92-46.json", "solution": {"time": 0.011627703, "max_depth": 100, "is_feasible": true}, "AVD": 31.59863085137046}