{"name": "random-100-20.40-29.json", "solution": {"time": 0.011287128, "max_depth": 100, "is_feasible": true}, "AVD": 29.573163297257924}