{"name": "random-100-16.08-19.json", "solution": {"time": 0.012068675, "max_depth": 100, "is_feasible": true}, "AVD": 26.105300606060283}