{"name": "random-100-17.52-35.json", "solution": {"time": 0.018005046, "max_depth": 100, "is_feasible": true}, "AVD": 27.273759112553762}