{"name": "random-100-22.20-12.json", "solution": {"time": 0.01623986, "max_depth": 100, "is_feasible": true}, "AVD": 31.04568718614679}