{"name": "random-100-21.12-15.json", "solution": {"time": 0.011797842, "max_depth": 100, "is_feasible": true}, "AVD": 30.125191919746552}