{"name": "random-100-22.92-26.json", "solution": {"time": 0.016058727, "max_depth": 100, "is_feasible": true}, "AVD": 31.63239953823914}