{"name": "random-100-17.88-15.json", "solution": {"time": 0.011845324, "max_depth": 100, "is_feasible": true}, "AVD": 27.53641399045366}