{"name": "random-100-9.96-44.json", "solution": {"time": 0.016722185, "max_depth": 100, "is_feasible": true}, "AVD": 20.952021799866476}