{"name": "random-100-15.00-18.json", "solution": {"time": 0.011948477, "max_depth": 100, "is_feasible": true}, "AVD": 25.262220903540598}