{"name": "random-100-9.24-12.json", "solution": {"time": 0.026714638, "max_depth": 100, "is_feasible": true}, "AVD": 20.30709330114299}