{"name": "random-100-19.32-27.json", "solution": {"time": 0.012205501, "max_depth": 100, "is_feasible": true}, "AVD": 28.75332603896069}