{"name": "random-100-15.72-7.json", "solution": {"time": 0.016591083, "max_depth": 100, "is_feasible": true}, "AVD": 25.767206833721513}