{"name": "random-100-8.52-40.json", "solution": {"time": 0.067985934, "max_depth": 6, "is_feasible": false}, "AVD": 19.61992543983762}