{"name": "random-100-18.24-14.json", "solution": {"time": 0.011680083, "max_depth": 100, "is_feasible": true}, "AVD": 27.91199531024497}