{"name": "random-100-16.80-43.json", "solution": {"time": 0.01719857, "max_depth": 100, "is_feasible": true}, "AVD": 26.70918536852004}