{"name": "random-100-6.36-14.json", "solution": {"time": 0.049656116, "max_depth": 4, "is_feasible": false}, "AVD": 17.57537680894235}