{"name": "random-100-13.56-24.json", "solution": {"time": 0.014360477, "max_depth": 100, "is_feasible": true}, "AVD": 23.974894791874462}