{"name": "random-100-18.24-47.json", "solution": {"time": 0.011609257, "max_depth": 100, "is_feasible": true}, "AVD": 27.82968978354945}