{"name": "random-100-14.64-37.json", "solution": {"time": 0.012599492, "max_depth": 100, "is_feasible": true}, "AVD": 24.92640834776302}