{"name": "random-100-20.04-24.json", "solution": {"time": 0.011772098, "max_depth": 100, "is_feasible": true}, "AVD": 29.298997849927492}