{"name": "random-100-20.04-28.json", "solution": {"time": 0.01187152, "max_depth": 100, "is_feasible": true}, "AVD": 29.252521089465695}