{"name": "random-100-21.48-44.json", "solution": {"time": 0.012010497, "max_depth": 100, "is_feasible": true}, "AVD": 30.524975346319984}