{"name": "random-100-9.96-45.json", "solution": {"time": 0.022004398, "max_depth": 100, "is_feasible": true}, "AVD": 20.90916552336522}