{"name": "random-100-14.64-47.json", "solution": {"time": 0.012373717, "max_depth": 100, "is_feasible": true}, "AVD": 24.904811119435813}