{"name": "random-100-11.40-47.json", "solution": {"time": 0.014038458, "max_depth": 100, "is_feasible": true}, "AVD": 22.183834907869606}