{"name": "random-100-8.88-37.json", "solution": {"time": 0.015165511, "max_depth": 100, "is_feasible": true}, "AVD": 19.937359504661675}