{"name": "random-100-12.48-31.json", "solution": {"time": 0.013305873, "max_depth": 100, "is_feasible": true}, "AVD": 23.116266313686022}