{"name": "random-100-6.36-34.json", "solution": {"time": 0.050214334, "max_depth": 5, "is_feasible": false}, "AVD": 17.595692674743205}