{"name": "random-100-17.52-28.json", "solution": {"time": 0.012545949, "max_depth": 100, "is_feasible": true}, "AVD": 27.230678896103555}