{"name": "random-100-12.48-8.json", "solution": {"time": 0.012977105, "max_depth": 100, "is_feasible": true}, "AVD": 23.09974845820814}