{"name": "random-100-20.40-30.json", "solution": {"time": 0.011702448, "max_depth": 100, "is_feasible": true}, "AVD": 29.57367558441523}