{"name": "random-100-15.36-22.json", "solution": {"time": 0.018629384, "max_depth": 100, "is_feasible": true}, "AVD": 25.522095786990466}