{"name": "random-100-22.20-42.json", "solution": {"time": 0.016069573, "max_depth": 100, "is_feasible": true}, "AVD": 31.04425307359271}