{"name": "random-100-20.04-27.json", "solution": {"time": 0.012054018, "max_depth": 100, "is_feasible": true}, "AVD": 29.333706580086215}