{"name": "random-100-6.00-46.json", "solution": {"time": 0.043854799, "max_depth": 3, "is_feasible": false}, "AVD": 17.189393436481463}