{"name": "random-100-11.76-2.json", "solution": {"time": 0.019126627, "max_depth": 100, "is_feasible": true}, "AVD": 22.5115726207123}