{"name": "random-100-24.00-28.json", "solution": {"time": 0.010706674, "max_depth": 100, "is_feasible": true}, "AVD": 32.405233174602785}