{"name": "random-100-12.48-37.json", "solution": {"time": 0.018016799, "max_depth": 100, "is_feasible": true}, "AVD": 23.11308883283351}