{"name": "random-100-15.72-5.json", "solution": {"time": 0.017399858, "max_depth": 100, "is_feasible": true}, "AVD": 25.806856032300725}