{"name": "random-100-7.08-24.json", "solution": {"time": 0.043146085, "max_depth": 4, "is_feasible": false}, "AVD": 18.296744728800274}