{"name": "random-100-7.44-20.json", "solution": {"time": 0.057202526, "max_depth": 7, "is_feasible": false}, "AVD": 18.610403393273067}