{"name": "random-100-10.32-22.json", "solution": {"time": 0.017119736, "max_depth": 100, "is_feasible": true}, "AVD": 21.28881503884973}