{"name": "random-100-14.64-4.json", "solution": {"time": 0.012740454, "max_depth": 100, "is_feasible": true}, "AVD": 24.97163048396015}