{"name": "random-100-21.12-34.json", "solution": {"time": 0.017306923, "max_depth": 100, "is_feasible": true}, "AVD": 30.245847569097187}