{"name": "random-100-22.20-34.json", "solution": {"time": 0.012177267, "max_depth": 100, "is_feasible": true}, "AVD": 31.106421494061106}