{"name": "random-100-10.32-27.json", "solution": {"time": 0.018876961, "max_depth": 100, "is_feasible": true}, "AVD": 21.25806934509903}