{"name": "random-100-11.04-26.json", "solution": {"time": 0.014248838, "max_depth": 100, "is_feasible": true}, "AVD": 21.91110233988203}