{"name": "random-100-11.76-1.json", "solution": {"time": 0.013731204, "max_depth": 100, "is_feasible": true}, "AVD": 22.53515700077667}