{"name": "random-100-21.84-13.json", "solution": {"time": 0.011344717, "max_depth": 100, "is_feasible": true}, "AVD": 30.762125678210285}