{"name": "random-100-6.36-20.json", "solution": {"time": 0.051638406, "max_depth": 7, "is_feasible": false}, "AVD": 17.54324085747554}