{"name": "random-100-11.76-9.json", "solution": {"time": 0.01854715, "max_depth": 100, "is_feasible": true}, "AVD": 22.55372809690277}