{"name": "random-100-19.32-39.json", "solution": {"time": 0.01716083, "max_depth": 100, "is_feasible": true}, "AVD": 28.72454759740224}