{"name": "random-100-13.20-21.json", "solution": {"time": 0.013603168, "max_depth": 100, "is_feasible": true}, "AVD": 23.74777618492587}