{"name": "random-100-13.20-3.json", "solution": {"time": 0.013310304, "max_depth": 100, "is_feasible": true}, "AVD": 23.759872193361893}