{"name": "random-100-6.72-9.json", "solution": {"time": 0.03644021, "max_depth": 2, "is_feasible": false}, "AVD": 17.940713974913628}