{"name": "random-100-8.16-33.json", "solution": {"time": 0.080323167, "max_depth": 8, "is_feasible": false}, "AVD": 19.350464160838815}