{"name": "random-100-24.00-12.json", "solution": {"time": 0.01145477, "max_depth": 100, "is_feasible": true}, "AVD": 32.44990636363596}