{"name": "random-100-13.92-18.json", "solution": {"time": 0.017747678, "max_depth": 100, "is_feasible": true}, "AVD": 24.34679727439196}