{"name": "random-100-16.08-26.json", "solution": {"time": 0.012933527, "max_depth": 100, "is_feasible": true}, "AVD": 26.121478095237773}