{"name": "random-100-18.60-34.json", "solution": {"time": 0.01236302, "max_depth": 100, "is_feasible": true}, "AVD": 28.203107266066908}