{"name": "random-100-15.72-0.json", "solution": {"time": 0.011985015, "max_depth": 100, "is_feasible": true}, "AVD": 25.863698269507914}