{"name": "random-100-13.20-27.json", "solution": {"time": 0.014046164, "max_depth": 100, "is_feasible": true}, "AVD": 23.722951530691233}