{"name": "random-100-6.72-49.json", "solution": {"time": 0.049017078, "max_depth": 7, "is_feasible": false}, "AVD": 17.93930575979541}