{"name": "random-100-17.52-9.json", "solution": {"time": 0.012544357, "max_depth": 100, "is_feasible": true}, "AVD": 27.313368175712814}