{"name": "random-100-19.32-26.json", "solution": {"time": 0.011456766, "max_depth": 100, "is_feasible": true}, "AVD": 28.749358181817826}