{"name": "random-100-10.68-0.json", "solution": {"time": 0.017166402, "max_depth": 100, "is_feasible": true}, "AVD": 21.60179721112187}