{"name": "random-100-6.72-14.json", "solution": {"time": 0.052840593, "max_depth": 4, "is_feasible": false}, "AVD": 17.927828046871085}