{"name": "random-100-13.56-9.json", "solution": {"time": 0.018122886, "max_depth": 100, "is_feasible": true}, "AVD": 24.055726855366526}