{"name": "random-100-22.56-7.json", "solution": {"time": 0.011533585, "max_depth": 100, "is_feasible": true}, "AVD": 31.313062684537304}