{"name": "random-100-16.44-30.json", "solution": {"time": 0.017677364, "max_depth": 100, "is_feasible": true}, "AVD": 26.393718499833188}