{"name": "random-100-12.84-48.json", "solution": {"time": 0.013933272, "max_depth": 100, "is_feasible": true}, "AVD": 23.402824244643938}