{"name": "random-100-9.60-41.json", "solution": {"time": 0.019828862, "max_depth": 100, "is_feasible": true}, "AVD": 20.616059521034177}