{"name": "random-100-19.68-40.json", "solution": {"time": 0.016409896, "max_depth": 100, "is_feasible": true}, "AVD": 28.996863059717715}