{"name": "random-100-7.80-9.json", "solution": {"time": 0.037679211, "max_depth": 3, "is_feasible": false}, "AVD": 18.992746774613916}