{"name": "random-100-12.48-22.json", "solution": {"time": 0.019575642, "max_depth": 100, "is_feasible": true}, "AVD": 23.121325282494976}