{"name": "random-100-12.84-47.json", "solution": {"time": 0.017668847, "max_depth": 100, "is_feasible": true}, "AVD": 23.414903941058643}