{"name": "random-100-17.52-34.json", "solution": {"time": 0.013441643, "max_depth": 100, "is_feasible": true}, "AVD": 27.33612669663634}