{"name": "random-100-21.84-45.json", "solution": {"time": 0.012944506, "max_depth": 100, "is_feasible": true}, "AVD": 30.72182842712802}