{"name": "random-100-7.80-3.json", "solution": {"time": 0.09202937, "max_depth": 16, "is_feasible": false}, "AVD": 18.96030538739006}