{"name": "random-100-9.24-26.json", "solution": {"time": 0.024708623, "max_depth": 100, "is_feasible": true}, "AVD": 20.308617550227208}