{"name": "random-100-11.76-19.json", "solution": {"time": 0.01409185, "max_depth": 100, "is_feasible": true}, "AVD": 22.489402173381862}