{"name": "random-100-18.96-22.json", "solution": {"time": 0.01245952, "max_depth": 100, "is_feasible": true}, "AVD": 28.430222229436882}