{"name": "random-100-20.04-17.json", "solution": {"time": 0.011261426, "max_depth": 100, "is_feasible": true}, "AVD": 29.313868023087657}