{"name": "random-100-22.20-7.json", "solution": {"time": 0.016652238, "max_depth": 100, "is_feasible": true}, "AVD": 31.013541573426206}