{"name": "random-100-21.84-23.json", "solution": {"time": 0.011640941, "max_depth": 100, "is_feasible": true}, "AVD": 30.804578470418072}