{"name": "random-100-20.76-25.json", "solution": {"time": 0.016590594, "max_depth": 100, "is_feasible": true}, "AVD": 29.869912373736994}