{"name": "random-100-23.64-20.json", "solution": {"time": 0.011667624, "max_depth": 100, "is_feasible": true}, "AVD": 32.21205136363597}