{"name": "random-100-18.24-19.json", "solution": {"time": 0.017288583, "max_depth": 100, "is_feasible": true}, "AVD": 27.84499937229404}