{"name": "random-100-13.92-46.json", "solution": {"time": 0.012490284, "max_depth": 100, "is_feasible": true}, "AVD": 24.342272958707625}