{"name": "random-100-18.60-22.json", "solution": {"time": 0.012473038, "max_depth": 100, "is_feasible": true}, "AVD": 28.13412389610356}