{"name": "random-100-21.84-46.json", "solution": {"time": 0.011254628, "max_depth": 100, "is_feasible": true}, "AVD": 30.759152518037137}