{"name": "random-100-7.44-22.json", "solution": {"time": 0.077741398, "max_depth": 10, "is_feasible": false}, "AVD": 18.65284777722244}