{"name": "random-100-10.32-4.json", "solution": {"time": 0.018933698, "max_depth": 100, "is_feasible": true}, "AVD": 21.263848088855262}