{"name": "random-100-19.68-6.json", "solution": {"time": 0.012060698, "max_depth": 100, "is_feasible": true}, "AVD": 29.01927667388132}