{"name": "random-100-8.52-41.json", "solution": {"time": 0.082737087, "max_depth": 7, "is_feasible": false}, "AVD": 19.63467714063679}