{"name": "random-100-11.40-26.json", "solution": {"time": 0.014204602, "max_depth": 100, "is_feasible": true}, "AVD": 22.202182736707424}