{"name": "random-100-16.08-28.json", "solution": {"time": 0.012164008, "max_depth": 100, "is_feasible": true}, "AVD": 26.060997604617274}