{"name": "random-100-14.64-19.json", "solution": {"time": 0.01753201, "max_depth": 100, "is_feasible": true}, "AVD": 24.91413116938586}