{"name": "random-100-18.96-37.json", "solution": {"time": 0.017138745, "max_depth": 100, "is_feasible": true}, "AVD": 28.457301305915934}