{"name": "random-100-22.56-23.json", "solution": {"time": 0.010965485, "max_depth": 100, "is_feasible": true}, "AVD": 31.36351582251043}