{"name": "random-100-19.32-28.json", "solution": {"time": 0.011259396, "max_depth": 100, "is_feasible": true}, "AVD": 28.666433246752874}