{"name": "random-100-15.00-25.json", "solution": {"time": 0.012380356, "max_depth": 100, "is_feasible": true}, "AVD": 25.189704999999684}