{"name": "random-100-8.16-18.json", "solution": {"time": 0.05605297, "max_depth": 7, "is_feasible": false}, "AVD": 19.305043701853354}