{"name": "random-100-7.80-29.json", "solution": {"time": 0.049658261, "max_depth": 6, "is_feasible": false}, "AVD": 18.940148493728156}