{"name": "random-100-15.36-16.json", "solution": {"time": 0.01183048, "max_depth": 100, "is_feasible": true}, "AVD": 25.520842900432584}