{"name": "random-100-21.84-29.json", "solution": {"time": 0.011268734, "max_depth": 100, "is_feasible": true}, "AVD": 30.72207691919154}