{"name": "random-100-6.00-14.json", "solution": {"time": 0.051038646, "max_depth": 4, "is_feasible": false}, "AVD": 17.209519684514504}