{"name": "random-100-19.32-13.json", "solution": {"time": 0.012102704, "max_depth": 100, "is_feasible": true}, "AVD": 28.741030418470054}