{"name": "random-100-22.92-14.json", "solution": {"time": 0.011234457, "max_depth": 100, "is_feasible": true}, "AVD": 31.624439047618647}