{"name": "random-100-12.48-26.json", "solution": {"time": 0.013980695, "max_depth": 100, "is_feasible": true}, "AVD": 23.13954922965891}