{"name": "random-100-11.40-35.json", "solution": {"time": 0.016447223, "max_depth": 100, "is_feasible": true}, "AVD": 22.179749371379934}