{"name": "random-100-15.72-35.json", "solution": {"time": 0.012474321, "max_depth": 100, "is_feasible": true}, "AVD": 25.80218860805828}