{"name": "random-100-10.68-3.json", "solution": {"time": 0.017484938, "max_depth": 100, "is_feasible": true}, "AVD": 21.58362483460952}