{"name": "random-100-22.20-3.json", "solution": {"time": 0.015220507, "max_depth": 100, "is_feasible": true}, "AVD": 31.04746670995631}