{"name": "random-100-16.80-34.json", "solution": {"time": 0.012280468, "max_depth": 100, "is_feasible": true}, "AVD": 26.72016419968886}