{"name": "random-100-13.92-40.json", "solution": {"time": 0.012816667, "max_depth": 100, "is_feasible": true}, "AVD": 24.308468284492978}