{"name": "random-100-8.52-37.json", "solution": {"time": 0.024028498, "max_depth": 100, "is_feasible": true}, "AVD": 19.617582282439454}