{"name": "random-100-16.08-40.json", "solution": {"time": 0.012308822, "max_depth": 100, "is_feasible": true}, "AVD": 26.09827769230737}