{"name": "random-100-12.12-24.json", "solution": {"time": 0.015029938, "max_depth": 100, "is_feasible": true}, "AVD": 22.763670145409833}