{"name": "random-100-11.76-10.json", "solution": {"time": 0.013380891, "max_depth": 100, "is_feasible": true}, "AVD": 22.518194460539167}