{"name": "random-100-20.40-33.json", "solution": {"time": 0.011471723, "max_depth": 100, "is_feasible": true}, "AVD": 29.698275772005385}