{"name": "random-100-8.52-35.json", "solution": {"time": 0.042214252, "max_depth": 4, "is_feasible": false}, "AVD": 19.654403475413133}