{"name": "random-100-13.92-26.json", "solution": {"time": 0.012416137, "max_depth": 100, "is_feasible": true}, "AVD": 24.346776421911112}