{"name": "random-100-18.60-20.json", "solution": {"time": 0.011752822, "max_depth": 100, "is_feasible": true}, "AVD": 28.19096518037483}