{"name": "random-100-7.08-40.json", "solution": {"time": 0.049008832, "max_depth": 4, "is_feasible": false}, "AVD": 18.272256348846906}