{"name": "random-100-17.88-24.json", "solution": {"time": 0.017121026, "max_depth": 100, "is_feasible": true}, "AVD": 27.529229582084255}