{"name": "random-100-11.76-29.json", "solution": {"time": 0.01342907, "max_depth": 100, "is_feasible": true}, "AVD": 22.48623343711816}