{"name": "random-100-15.36-19.json", "solution": {"time": 0.017105578, "max_depth": 100, "is_feasible": true}, "AVD": 25.509900729270413}