{"name": "random-100-10.68-5.json", "solution": {"time": 0.015070444, "max_depth": 100, "is_feasible": true}, "AVD": 21.534269590964286}