{"name": "random-100-21.12-0.json", "solution": {"time": 0.011949472, "max_depth": 100, "is_feasible": true}, "AVD": 30.21034526750988}