{"name": "random-100-7.08-23.json", "solution": {"time": 0.048360274, "max_depth": 5, "is_feasible": false}, "AVD": 18.289740389055048}