{"name": "random-100-15.72-39.json", "solution": {"time": 0.012952391, "max_depth": 100, "is_feasible": true}, "AVD": 25.781104900099564}