{"name": "random-100-12.84-9.json", "solution": {"time": 0.012151957, "max_depth": 100, "is_feasible": true}, "AVD": 23.443515506715183}