{"name": "random-100-17.88-10.json", "solution": {"time": 0.017565209, "max_depth": 100, "is_feasible": true}, "AVD": 27.58375332611796}