{"name": "random-100-17.16-39.json", "solution": {"time": 0.013697822, "max_depth": 100, "is_feasible": true}, "AVD": 26.966812612387265}