{"name": "random-100-11.76-28.json", "solution": {"time": 0.013097791, "max_depth": 100, "is_feasible": true}, "AVD": 22.491506199910845}