{"name": "random-100-16.44-45.json", "solution": {"time": 0.012451931, "max_depth": 100, "is_feasible": true}, "AVD": 26.404249899544556}