{"name": "random-100-18.24-29.json", "solution": {"time": 0.011893776, "max_depth": 100, "is_feasible": true}, "AVD": 27.825308744588398}