{"name": "random-100-7.08-10.json", "solution": {"time": 0.058508416, "max_depth": 10, "is_feasible": false}, "AVD": 18.31684774530992}