{"name": "random-100-17.88-38.json", "solution": {"time": 0.012389662, "max_depth": 100, "is_feasible": true}, "AVD": 27.594919156953825}