{"name": "random-100-24.00-36.json", "solution": {"time": 0.011660697, "max_depth": 100, "is_feasible": true}, "AVD": 32.4355739826836}