{"name": "random-100-10.68-24.json", "solution": {"time": 0.036202945, "max_depth": 100, "is_feasible": true}, "AVD": 21.525349662004356}