{"name": "random-100-21.48-49.json", "solution": {"time": 0.016676425, "max_depth": 100, "is_feasible": true}, "AVD": 30.513248852813447}