{"name": "random-100-22.56-29.json", "solution": {"time": 0.011226041, "max_depth": 100, "is_feasible": true}, "AVD": 31.298835743145364}