{"name": "random-100-8.88-31.json", "solution": {"time": 0.060367817, "max_depth": 100, "is_feasible": true}, "AVD": 19.966318919968604}