{"name": "random-100-8.88-30.json", "solution": {"time": 0.023302497, "max_depth": 100, "is_feasible": true}, "AVD": 20.026115679042856}