{"name": "random-100-16.80-25.json", "solution": {"time": 0.012347592, "max_depth": 100, "is_feasible": true}, "AVD": 26.654652431457095}