{"name": "random-100-19.68-13.json", "solution": {"time": 0.012176339, "max_depth": 100, "is_feasible": true}, "AVD": 29.014868672438308}