{"name": "random-100-8.88-42.json", "solution": {"time": 0.056632872, "max_depth": 8, "is_feasible": false}, "AVD": 19.911358254800422}