{"name": "random-100-21.12-36.json", "solution": {"time": 0.016503831, "max_depth": 100, "is_feasible": true}, "AVD": 30.142573023087653}