{"name": "random-100-8.16-13.json", "solution": {"time": 0.050181572, "max_depth": 6, "is_feasible": false}, "AVD": 19.289359385059043}