{"name": "random-100-13.92-47.json", "solution": {"time": 0.012488875, "max_depth": 100, "is_feasible": true}, "AVD": 24.300279201353895}