{"name": "random-100-21.12-25.json", "solution": {"time": 0.018026064, "max_depth": 100, "is_feasible": true}, "AVD": 30.149353722943346}