{"name": "random-100-12.12-40.json", "solution": {"time": 0.013783649, "max_depth": 100, "is_feasible": true}, "AVD": 22.792224142523846}