{"name": "random-100-11.04-25.json", "solution": {"time": 0.013978118, "max_depth": 100, "is_feasible": true}, "AVD": 21.850064662004346}