{"name": "random-100-22.20-2.json", "solution": {"time": 0.016730428, "max_depth": 100, "is_feasible": true}, "AVD": 31.035090202019834}