{"name": "random-100-14.28-8.json", "solution": {"time": 0.012470527, "max_depth": 100, "is_feasible": true}, "AVD": 24.609198839493516}