{"name": "random-100-15.36-17.json", "solution": {"time": 0.011659233, "max_depth": 100, "is_feasible": true}, "AVD": 25.52667307470273}