{"name": "random-100-12.84-49.json", "solution": {"time": 0.012456705, "max_depth": 100, "is_feasible": true}, "AVD": 23.468703846153545}