{"name": "random-100-12.84-30.json", "solution": {"time": 0.019468413, "max_depth": 100, "is_feasible": true}, "AVD": 23.441036415806103}