{"name": "random-100-7.08-13.json", "solution": {"time": 0.048727098, "max_depth": 6, "is_feasible": false}, "AVD": 18.2732290359637}