{"name": "random-100-18.96-14.json", "solution": {"time": 0.017068334, "max_depth": 100, "is_feasible": true}, "AVD": 28.496081370851034}