{"name": "random-100-15.00-29.json", "solution": {"time": 0.018229354, "max_depth": 100, "is_feasible": true}, "AVD": 25.18636333388803}