{"name": "random-100-14.64-28.json", "solution": {"time": 0.012365878, "max_depth": 100, "is_feasible": true}, "AVD": 24.904311220445866}