{"name": "random-100-17.16-10.json", "solution": {"time": 0.011864187, "max_depth": 100, "is_feasible": true}, "AVD": 27.004726963036614}