{"name": "random-100-22.92-47.json", "solution": {"time": 0.010897226, "max_depth": 100, "is_feasible": true}, "AVD": 31.58314928571391}