{"name": "random-100-14.64-16.json", "solution": {"time": 0.012056338, "max_depth": 100, "is_feasible": true}, "AVD": 24.928646962481658}