{"name": "random-100-10.68-37.json", "solution": {"time": 0.015503943, "max_depth": 100, "is_feasible": true}, "AVD": 21.53676538628008}