{"name": "random-100-17.52-10.json", "solution": {"time": 0.01169558, "max_depth": 100, "is_feasible": true}, "AVD": 27.30291794372259}