{"name": "random-100-17.88-8.json", "solution": {"time": 0.012563159, "max_depth": 100, "is_feasible": true}, "AVD": 27.568884105893755}