{"name": "random-100-12.12-27.json", "solution": {"time": 0.013386441, "max_depth": 100, "is_feasible": true}, "AVD": 22.81375842102312}