{"name": "random-100-16.08-39.json", "solution": {"time": 0.012495381, "max_depth": 100, "is_feasible": true}, "AVD": 26.07989583805049}