{"name": "random-100-24.00-0.json", "solution": {"time": 0.016872581, "max_depth": 100, "is_feasible": true}, "AVD": 32.49279806693268}