{"name": "random-100-22.20-26.json", "solution": {"time": 0.011418888, "max_depth": 100, "is_feasible": true}, "AVD": 31.043505411255026}