{"name": "random-100-8.52-26.json", "solution": {"time": 0.131167476, "max_depth": 19, "is_feasible": false}, "AVD": 19.645385618270282}