{"name": "random-100-11.40-49.json", "solution": {"time": 0.014767634, "max_depth": 100, "is_feasible": true}, "AVD": 22.219392816072503}