{"name": "random-100-6.36-28.json", "solution": {"time": 0.045873147, "max_depth": 6, "is_feasible": false}, "AVD": 17.62019133255596}