{"name": "random-100-14.28-48.json", "solution": {"time": 0.01308706, "max_depth": 100, "is_feasible": true}, "AVD": 24.605428464313164}