{"name": "random-100-6.00-9.json", "solution": {"time": 0.036130858, "max_depth": 0, "is_feasible": false}, "AVD": 17.23290995746049}