{"name": "random-100-22.92-4.json", "solution": {"time": 0.012642284, "max_depth": 100, "is_feasible": true}, "AVD": 31.652592979797564}