{"name": "random-100-22.92-36.json", "solution": {"time": 0.011992388, "max_depth": 100, "is_feasible": true}, "AVD": 31.549035187589798}