{"name": "random-100-6.72-28.json", "solution": {"time": 0.049390941, "max_depth": 6, "is_feasible": false}, "AVD": 17.980839136973767}