{"name": "random-100-9.60-48.json", "solution": {"time": 0.025906946, "max_depth": 100, "is_feasible": true}, "AVD": 20.563758864468547}