{"name": "random-100-18.60-29.json", "solution": {"time": 0.017048834, "max_depth": 100, "is_feasible": true}, "AVD": 28.12172698412663}