{"name": "random-100-12.84-42.json", "solution": {"time": 0.012976069, "max_depth": 100, "is_feasible": true}, "AVD": 23.428938053057735}