{"name": "random-100-8.16-0.json", "solution": {"time": 0.119826012, "max_depth": 18, "is_feasible": false}, "AVD": 19.355355581085213}