{"name": "random-100-17.88-45.json", "solution": {"time": 0.017436805, "max_depth": 100, "is_feasible": true}, "AVD": 27.56309300199764}