{"name": "random-100-19.32-10.json", "solution": {"time": 0.016662862, "max_depth": 100, "is_feasible": true}, "AVD": 28.725806818181436}