{"name": "random-100-6.36-49.json", "solution": {"time": 0.043269921, "max_depth": 3, "is_feasible": false}, "AVD": 17.577094860139507}