{"name": "random-100-16.08-4.json", "solution": {"time": 0.012329229, "max_depth": 100, "is_feasible": true}, "AVD": 26.15924401209868}