{"name": "random-100-9.60-34.json", "solution": {"time": 0.037915771, "max_depth": 100, "is_feasible": true}, "AVD": 20.640941519591173}