{"name": "random-100-7.80-39.json", "solution": {"time": 0.048593147, "max_depth": 10, "is_feasible": false}, "AVD": 18.901084201631377}