{"name": "random-100-14.28-2.json", "solution": {"time": 0.012760196, "max_depth": 100, "is_feasible": true}, "AVD": 24.633337323787018}