{"name": "random-100-7.44-40.json", "solution": {"time": 0.043941223, "max_depth": 4, "is_feasible": false}, "AVD": 18.618303100428655}