{"name": "random-100-23.64-4.json", "solution": {"time": 0.016890801, "max_depth": 100, "is_feasible": true}, "AVD": 32.2288140115436}