{"name": "random-100-11.40-42.json", "solution": {"time": 0.014424695, "max_depth": 100, "is_feasible": true}, "AVD": 22.153616664168844}