{"name": "random-100-11.40-20.json", "solution": {"time": 0.022936644, "max_depth": 100, "is_feasible": true}, "AVD": 22.182654892884578}