{"name": "random-100-19.32-22.json", "solution": {"time": 0.012042281, "max_depth": 100, "is_feasible": true}, "AVD": 28.715795721500363}