{"name": "random-100-6.00-25.json", "solution": {"time": 0.037899612, "max_depth": 2, "is_feasible": false}, "AVD": 17.16153765290232}