{"name": "random-100-8.16-2.json", "solution": {"time": 0.090299946, "max_depth": 9, "is_feasible": false}, "AVD": 19.25889934787402}