{"name": "random-100-7.44-28.json", "solution": {"time": 0.055142959, "max_depth": 6, "is_feasible": false}, "AVD": 18.666153397713018}