{"name": "random-100-19.68-29.json", "solution": {"time": 0.011383887, "max_depth": 100, "is_feasible": true}, "AVD": 28.993816075035717}