{"name": "random-100-10.68-14.json", "solution": {"time": 0.035703077, "max_depth": 100, "is_feasible": true}, "AVD": 21.564895046619732}