{"name": "random-100-10.68-11.json", "solution": {"time": 0.016344885, "max_depth": 100, "is_feasible": true}, "AVD": 21.600744721389397}