{"name": "random-100-21.12-26.json", "solution": {"time": 0.012259441, "max_depth": 100, "is_feasible": true}, "AVD": 30.19561041125504}