{"name": "random-100-9.96-27.json", "solution": {"time": 0.019041935, "max_depth": 100, "is_feasible": true}, "AVD": 20.946265730380404}