{"name": "random-100-12.48-1.json", "solution": {"time": 0.013438696, "max_depth": 100, "is_feasible": true}, "AVD": 23.13852319791288}