{"name": "random-100-21.84-21.json", "solution": {"time": 0.011664525, "max_depth": 100, "is_feasible": true}, "AVD": 30.813476818181424}