{"name": "random-100-16.80-5.json", "solution": {"time": 0.012093759, "max_depth": 100, "is_feasible": true}, "AVD": 26.701360194804874}