{"name": "random-100-22.20-43.json", "solution": {"time": 0.011536384, "max_depth": 100, "is_feasible": true}, "AVD": 31.046745281384883}