{"name": "random-100-16.80-37.json", "solution": {"time": 0.012235687, "max_depth": 100, "is_feasible": true}, "AVD": 26.69751207126174}