{"name": "random-100-14.64-1.json", "solution": {"time": 0.012368809, "max_depth": 100, "is_feasible": true}, "AVD": 24.957581068930754}