{"name": "random-100-20.76-15.json", "solution": {"time": 0.012318427, "max_depth": 100, "is_feasible": true}, "AVD": 29.84051693417657}