{"name": "random-100-16.44-6.json", "solution": {"time": 0.012491698, "max_depth": 100, "is_feasible": true}, "AVD": 26.376428037517726}