{"name": "random-100-15.72-30.json", "solution": {"time": 0.013006404, "max_depth": 100, "is_feasible": true}, "AVD": 25.811893868353557}