{"name": "random-100-17.88-42.json", "solution": {"time": 0.014445671, "max_depth": 100, "is_feasible": true}, "AVD": 27.589414942834598}