{"name": "random-100-15.72-41.json", "solution": {"time": 0.01245032, "max_depth": 100, "is_feasible": true}, "AVD": 25.84306154456622}