{"name": "random-100-17.16-11.json", "solution": {"time": 0.012012756, "max_depth": 100, "is_feasible": true}, "AVD": 26.990801934176613}