{"name": "random-100-11.76-20.json", "solution": {"time": 0.01783922, "max_depth": 100, "is_feasible": true}, "AVD": 22.49714309634779}