{"name": "random-100-13.92-35.json", "solution": {"time": 0.012915209, "max_depth": 100, "is_feasible": true}, "AVD": 24.31957346375815}