{"name": "random-100-23.28-39.json", "solution": {"time": 0.011009109, "max_depth": 100, "is_feasible": true}, "AVD": 31.935424314573932}