{"name": "random-100-19.32-37.json", "solution": {"time": 0.017549934, "max_depth": 100, "is_feasible": true}, "AVD": 28.748727113996747}