{"name": "random-100-20.04-20.json", "solution": {"time": 0.013428036, "max_depth": 100, "is_feasible": true}, "AVD": 29.332623708513346}