{"name": "random-100-20.04-31.json", "solution": {"time": 0.012927457, "max_depth": 100, "is_feasible": true}, "AVD": 29.301933116882747}