{"name": "random-100-7.80-49.json", "solution": {"time": 0.062014199, "max_depth": 12, "is_feasible": false}, "AVD": 18.974872639027307}