{"name": "random-100-10.32-2.json", "solution": {"time": 0.015073822, "max_depth": 100, "is_feasible": true}, "AVD": 21.25443086746554}