{"name": "random-100-9.96-32.json", "solution": {"time": 0.028428644, "max_depth": 100, "is_feasible": true}, "AVD": 20.88123171939141}