{"name": "random-100-8.16-27.json", "solution": {"time": 0.063879184, "max_depth": 8, "is_feasible": false}, "AVD": 19.338068790375956}