{"name": "random-100-20.04-40.json", "solution": {"time": 0.017087091, "max_depth": 100, "is_feasible": true}, "AVD": 29.281916753246406}