{"name": "random-100-17.16-5.json", "solution": {"time": 0.018346463, "max_depth": 100, "is_feasible": true}, "AVD": 26.990211450216126}