{"name": "random-100-6.72-37.json", "solution": {"time": 0.048356107, "max_depth": 3, "is_feasible": false}, "AVD": 17.90446768259485}