{"name": "random-100-7.80-43.json", "solution": {"time": 0.047461245, "max_depth": 6, "is_feasible": false}, "AVD": 18.99760610334077}