{"name": "random-100-19.32-18.json", "solution": {"time": 0.016563968, "max_depth": 100, "is_feasible": true}, "AVD": 28.745605520035184}