{"name": "random-100-22.92-29.json", "solution": {"time": 0.011387464, "max_depth": 100, "is_feasible": true}, "AVD": 31.573611125540733}