{"name": "random-100-7.80-38.json", "solution": {"time": 0.059383018, "max_depth": 6, "is_feasible": false}, "AVD": 18.928615894660545}