{"name": "random-100-23.28-15.json", "solution": {"time": 0.013562067, "max_depth": 100, "is_feasible": true}, "AVD": 31.899031522366126}