{"name": "random-100-6.00-3.json", "solution": {"time": 0.042707176, "max_depth": 4, "is_feasible": false}, "AVD": 17.192191584526267}