{"name": "random-100-15.00-27.json", "solution": {"time": 0.01246631, "max_depth": 100, "is_feasible": true}, "AVD": 25.221521457431155}