{"name": "random-100-22.92-25.json", "solution": {"time": 0.011364914, "max_depth": 100, "is_feasible": true}, "AVD": 31.58597233044694}