{"name": "random-100-8.16-28.json", "solution": {"time": 0.131951717, "max_depth": 17, "is_feasible": false}, "AVD": 19.347782711177327}