{"name": "random-100-15.00-34.json", "solution": {"time": 0.012325733, "max_depth": 100, "is_feasible": true}, "AVD": 25.24762741813707}