{"name": "random-100-13.20-42.json", "solution": {"time": 0.012891274, "max_depth": 100, "is_feasible": true}, "AVD": 23.716968774558467}