{"name": "random-100-7.80-28.json", "solution": {"time": 0.070670135, "max_depth": 9, "is_feasible": false}, "AVD": 19.00110713397676}