{"name": "random-100-16.08-49.json", "solution": {"time": 0.016970409, "max_depth": 100, "is_feasible": true}, "AVD": 26.137925209234886}