{"name": "random-100-23.64-41.json", "solution": {"time": 0.016416499, "max_depth": 100, "is_feasible": true}, "AVD": 32.23335099567058}