{"name": "random-100-19.32-45.json", "solution": {"time": 0.011910389, "max_depth": 100, "is_feasible": true}, "AVD": 28.712601255965875}