{"name": "random-100-14.28-47.json", "solution": {"time": 0.012667253, "max_depth": 100, "is_feasible": true}, "AVD": 24.59749757076226}