{"name": "random-100-13.56-23.json", "solution": {"time": 0.01255469, "max_depth": 100, "is_feasible": true}, "AVD": 24.036597114551796}