{"name": "random-100-9.96-12.json", "solution": {"time": 0.014531499, "max_depth": 100, "is_feasible": true}, "AVD": 20.93990471472941}