{"name": "random-100-16.44-9.json", "solution": {"time": 0.011922229, "max_depth": 100, "is_feasible": true}, "AVD": 26.420318529803176}