{"name": "random-100-15.36-47.json", "solution": {"time": 0.012119579, "max_depth": 100, "is_feasible": true}, "AVD": 25.484882460872154}