{"name": "random-100-8.52-3.json", "solution": {"time": 0.023722938, "max_depth": 100, "is_feasible": true}, "AVD": 19.637704281828963}