{"name": "random-100-16.44-5.json", "solution": {"time": 0.012408772, "max_depth": 100, "is_feasible": true}, "AVD": 26.410842590742277}