{"name": "random-100-24.00-34.json", "solution": {"time": 0.014004943, "max_depth": 100, "is_feasible": true}, "AVD": 32.50456733044693}