{"name": "random-100-23.28-32.json", "solution": {"time": 0.011155299, "max_depth": 100, "is_feasible": true}, "AVD": 31.955904870129483}