{"name": "random-100-7.08-8.json", "solution": {"time": 0.058756385, "max_depth": 7, "is_feasible": false}, "AVD": 18.285553076367716}