{"name": "random-100-19.68-44.json", "solution": {"time": 0.012142046, "max_depth": 100, "is_feasible": true}, "AVD": 29.10155669552634}