{"name": "random-100-10.32-46.json", "solution": {"time": 0.020769441, "max_depth": 100, "is_feasible": true}, "AVD": 21.23156015234734}