{"name": "random-100-7.44-33.json", "solution": {"time": 0.060979553, "max_depth": 8, "is_feasible": false}, "AVD": 18.676531318680958}