{"name": "random-100-18.24-20.json", "solution": {"time": 0.012023545, "max_depth": 100, "is_feasible": true}, "AVD": 27.895820735930393}