{"name": "random-100-13.20-24.json", "solution": {"time": 0.013745824, "max_depth": 100, "is_feasible": true}, "AVD": 23.67399713675182}