{"name": "random-100-8.52-12.json", "solution": {"time": 0.019074449, "max_depth": 100, "is_feasible": true}, "AVD": 19.63466402375371}