{"name": "random-100-16.44-16.json", "solution": {"time": 0.01241147, "max_depth": 100, "is_feasible": true}, "AVD": 26.397664999999673}