{"name": "random-100-10.68-10.json", "solution": {"time": 0.014297345, "max_depth": 100, "is_feasible": true}, "AVD": 21.576946098900784}