{"name": "random-100-7.80-35.json", "solution": {"time": 0.041893019, "max_depth": 4, "is_feasible": false}, "AVD": 18.98744135975102}