{"name": "random-100-8.16-45.json", "solution": {"time": 0.052987568, "max_depth": 4, "is_feasible": false}, "AVD": 19.274671615051282}