{"name": "random-100-14.64-35.json", "solution": {"time": 0.012935858, "max_depth": 100, "is_feasible": true}, "AVD": 24.92604712898182}