{"name": "random-100-20.04-12.json", "solution": {"time": 0.016975388, "max_depth": 100, "is_feasible": true}, "AVD": 29.303318405483022}