{"name": "random-100-23.64-26.json", "solution": {"time": 0.011208633, "max_depth": 100, "is_feasible": true}, "AVD": 32.20051652236612}