{"name": "random-100-8.88-8.json", "solution": {"time": 0.027786491, "max_depth": 100, "is_feasible": true}, "AVD": 19.954232328781977}