{"name": "random-100-6.72-22.json", "solution": {"time": 0.064639558, "max_depth": 8, "is_feasible": false}, "AVD": 17.96077664002629}