{"name": "random-100-9.24-34.json", "solution": {"time": 0.056140289, "max_depth": 100, "is_feasible": true}, "AVD": 20.325464448884098}