{"name": "random-100-20.76-26.json", "solution": {"time": 0.012522188, "max_depth": 100, "is_feasible": true}, "AVD": 29.90843374458836}