{"name": "random-100-14.64-2.json", "solution": {"time": 0.013298885, "max_depth": 100, "is_feasible": true}, "AVD": 24.915823247307944}