{"name": "random-100-8.16-4.json", "solution": {"time": 0.094919963, "max_depth": 12, "is_feasible": false}, "AVD": 19.29033973193439}