{"name": "random-100-14.28-4.json", "solution": {"time": 0.012892948, "max_depth": 100, "is_feasible": true}, "AVD": 24.664065079919755}