{"name": "random-100-13.56-16.json", "solution": {"time": 0.013987629, "max_depth": 100, "is_feasible": true}, "AVD": 24.038553492063187}