{"name": "random-100-18.96-13.json", "solution": {"time": 0.012546122, "max_depth": 100, "is_feasible": true}, "AVD": 28.448763672438318}