{"name": "random-100-17.52-7.json", "solution": {"time": 0.011832609, "max_depth": 100, "is_feasible": true}, "AVD": 27.259923939948614}