{"name": "random-100-11.04-30.json", "solution": {"time": 0.014495315, "max_depth": 100, "is_feasible": true}, "AVD": 21.918731489066186}