{"name": "random-100-20.76-1.json", "solution": {"time": 0.011929279, "max_depth": 100, "is_feasible": true}, "AVD": 29.939194292928942}