{"name": "random-100-18.60-44.json", "solution": {"time": 0.017004396, "max_depth": 100, "is_feasible": true}, "AVD": 28.223659740259404}