{"name": "random-100-8.88-40.json", "solution": {"time": 0.089040955, "max_depth": 20, "is_feasible": false}, "AVD": 19.949101413308608}