{"name": "random-100-16.80-33.json", "solution": {"time": 0.01719606, "max_depth": 100, "is_feasible": true}, "AVD": 26.740546378621037}