{"name": "random-100-12.84-45.json", "solution": {"time": 0.01247032, "max_depth": 100, "is_feasible": true}, "AVD": 23.387871782661477}