{"name": "random-100-16.80-41.json", "solution": {"time": 0.011832007, "max_depth": 100, "is_feasible": true}, "AVD": 26.7133995315792}