{"name": "random-100-9.96-5.json", "solution": {"time": 0.019544187, "max_depth": 100, "is_feasible": true}, "AVD": 20.892169742479435}