{"name": "random-100-13.56-49.json", "solution": {"time": 0.012564232, "max_depth": 100, "is_feasible": true}, "AVD": 24.050446132755837}