{"name": "random-100-14.64-30.json", "solution": {"time": 0.019116961, "max_depth": 100, "is_feasible": true}, "AVD": 24.948866357531053}