{"name": "random-100-16.80-6.json", "solution": {"time": 0.012152674, "max_depth": 100, "is_feasible": true}, "AVD": 26.66333216450184}