{"name": "random-100-15.36-33.json", "solution": {"time": 0.012154183, "max_depth": 100, "is_feasible": true}, "AVD": 25.5473841286488}