{"name": "random-100-6.36-1.json", "solution": {"time": 0.0470945, "max_depth": 5, "is_feasible": false}, "AVD": 17.534431861471532}