{"name": "random-100-16.80-45.json", "solution": {"time": 0.017787461, "max_depth": 100, "is_feasible": true}, "AVD": 26.683721854811505}