{"name": "random-100-14.28-27.json", "solution": {"time": 0.012854964, "max_depth": 100, "is_feasible": true}, "AVD": 24.606607526362225}