{"name": "random-100-9.24-17.json", "solution": {"time": 0.051431032, "max_depth": 100, "is_feasible": true}, "AVD": 20.304498344432997}