{"name": "random-100-6.72-0.json", "solution": {"time": 0.069793906, "max_depth": 8, "is_feasible": false}, "AVD": 17.954913953823574}