{"name": "random-100-13.20-39.json", "solution": {"time": 0.013354592, "max_depth": 100, "is_feasible": true}, "AVD": 23.668088485403164}