{"name": "random-100-20.76-14.json", "solution": {"time": 0.012518493, "max_depth": 100, "is_feasible": true}, "AVD": 29.914823124097744}