{"name": "random-100-21.48-45.json", "solution": {"time": 0.01797912, "max_depth": 100, "is_feasible": true}, "AVD": 30.43587818903278}