{"name": "random-100-20.04-18.json", "solution": {"time": 0.016253848, "max_depth": 100, "is_feasible": true}, "AVD": 29.319533283382935}