{"name": "random-100-18.96-9.json", "solution": {"time": 0.011781154, "max_depth": 100, "is_feasible": true}, "AVD": 28.471380542235174}