{"name": "random-100-13.92-25.json", "solution": {"time": 0.012862407, "max_depth": 100, "is_feasible": true}, "AVD": 24.30137816072785}