{"name": "random-100-15.00-48.json", "solution": {"time": 0.012980652, "max_depth": 100, "is_feasible": true}, "AVD": 25.196405989565687}