{"name": "random-100-14.28-12.json", "solution": {"time": 0.018057583, "max_depth": 100, "is_feasible": true}, "AVD": 24.596387568542244}