{"name": "random-100-7.08-11.json", "solution": {"time": 0.042266106, "max_depth": 4, "is_feasible": false}, "AVD": 18.312108514540686}