{"name": "random-100-18.24-44.json", "solution": {"time": 0.011519937, "max_depth": 100, "is_feasible": true}, "AVD": 27.931674278498946}