{"name": "random-100-16.08-38.json", "solution": {"time": 0.012069418, "max_depth": 100, "is_feasible": true}, "AVD": 26.142828681318356}