{"name": "random-100-13.92-0.json", "solution": {"time": 0.014449507, "max_depth": 100, "is_feasible": true}, "AVD": 24.360798594183258}