{"name": "random-100-21.84-40.json", "solution": {"time": 0.01134434, "max_depth": 100, "is_feasible": true}, "AVD": 30.737757424242037}