{"name": "random-100-15.36-30.json", "solution": {"time": 0.013205767, "max_depth": 100, "is_feasible": true}, "AVD": 25.532692995337687}