{"name": "random-100-9.60-28.json", "solution": {"time": 0.013667443, "max_depth": 100, "is_feasible": true}, "AVD": 20.63379119269582}