{"name": "random-100-19.68-25.json", "solution": {"time": 0.012538281, "max_depth": 100, "is_feasible": true}, "AVD": 28.989426291485934}