{"name": "random-100-6.72-15.json", "solution": {"time": 0.040905589, "max_depth": 4, "is_feasible": false}, "AVD": 17.91295388555855}