{"name": "random-100-13.56-6.json", "solution": {"time": 0.012454037, "max_depth": 100, "is_feasible": true}, "AVD": 24.022575895215574}