{"name": "random-100-21.12-39.json", "solution": {"time": 0.011659288, "max_depth": 100, "is_feasible": true}, "AVD": 30.1764626767673}