{"name": "random-100-22.20-8.json", "solution": {"time": 0.012285036, "max_depth": 100, "is_feasible": true}, "AVD": 31.059246623931223}