{"name": "random-100-6.36-3.json", "solution": {"time": 0.048559986, "max_depth": 5, "is_feasible": false}, "AVD": 17.56646309385026}