{"name": "random-100-7.08-26.json", "solution": {"time": 0.049996606, "max_depth": 4, "is_feasible": false}, "AVD": 18.25511918886636}