{"name": "random-100-15.36-20.json", "solution": {"time": 0.018240935, "max_depth": 100, "is_feasible": true}, "AVD": 25.520515707070395}