{"name": "random-100-20.40-11.json", "solution": {"time": 0.012151841, "max_depth": 100, "is_feasible": true}, "AVD": 29.604240108224737}