{"name": "random-100-15.00-30.json", "solution": {"time": 0.019023969, "max_depth": 100, "is_feasible": true}, "AVD": 25.2283711050058}