{"name": "random-100-12.48-36.json", "solution": {"time": 0.01374902, "max_depth": 100, "is_feasible": true}, "AVD": 23.088834034298703}