{"name": "random-100-12.12-21.json", "solution": {"time": 0.013663237, "max_depth": 100, "is_feasible": true}, "AVD": 22.844402318792003}