{"name": "random-100-23.64-23.json", "solution": {"time": 0.011747505, "max_depth": 100, "is_feasible": true}, "AVD": 32.192862092351696}