{"name": "random-100-11.76-38.json", "solution": {"time": 0.015441289, "max_depth": 100, "is_feasible": true}, "AVD": 22.45596527638996}