{"name": "random-100-7.44-44.json", "solution": {"time": 0.083713815, "max_depth": 12, "is_feasible": false}, "AVD": 18.613329439171583}