{"name": "random-100-16.80-14.json", "solution": {"time": 0.016522631, "max_depth": 100, "is_feasible": true}, "AVD": 26.749708521478187}