{"name": "random-100-14.64-34.json", "solution": {"time": 0.013093507, "max_depth": 100, "is_feasible": true}, "AVD": 24.94010792318758}