{"name": "random-100-20.04-2.json", "solution": {"time": 0.011912012, "max_depth": 100, "is_feasible": true}, "AVD": 29.315173881673523}