{"name": "random-100-12.48-27.json", "solution": {"time": 0.014661912, "max_depth": 100, "is_feasible": true}, "AVD": 23.114775585525276}