{"name": "random-100-16.44-4.json", "solution": {"time": 0.012491809, "max_depth": 100, "is_feasible": true}, "AVD": 26.45236772782739}