{"name": "random-100-12.12-13.json", "solution": {"time": 0.016427743, "max_depth": 100, "is_feasible": true}, "AVD": 22.825443601953303}