{"name": "random-100-13.92-3.json", "solution": {"time": 0.018350131, "max_depth": 100, "is_feasible": true}, "AVD": 24.363385815295516}