{"name": "random-100-17.52-32.json", "solution": {"time": 0.01220908, "max_depth": 100, "is_feasible": true}, "AVD": 27.333274279053953}