{"name": "random-100-22.92-15.json", "solution": {"time": 0.013628123, "max_depth": 100, "is_feasible": true}, "AVD": 31.596344365633982}