{"name": "random-100-15.36-4.json", "solution": {"time": 0.012801303, "max_depth": 100, "is_feasible": true}, "AVD": 25.56012331279799}