{"name": "random-100-22.92-7.json", "solution": {"time": 0.011311468, "max_depth": 100, "is_feasible": true}, "AVD": 31.613505621045228}