{"name": "random-100-22.20-48.json", "solution": {"time": 0.016353432, "max_depth": 100, "is_feasible": true}, "AVD": 31.031891139970785}