{"name": "random-100-22.92-0.json", "solution": {"time": 0.011932548, "max_depth": 100, "is_feasible": true}, "AVD": 31.635004921189545}