{"name": "random-100-18.60-21.json", "solution": {"time": 0.017117722, "max_depth": 100, "is_feasible": true}, "AVD": 28.195078780663422}