{"name": "random-100-22.56-8.json", "solution": {"time": 0.011621828, "max_depth": 100, "is_feasible": true}, "AVD": 31.34627098901059}