{"name": "random-100-13.92-36.json", "solution": {"time": 0.011897022, "max_depth": 100, "is_feasible": true}, "AVD": 24.30884603951571}