{"name": "random-100-12.84-23.json", "solution": {"time": 0.013364247, "max_depth": 100, "is_feasible": true}, "AVD": 23.40333950271918}