{"name": "random-100-12.48-49.json", "solution": {"time": 0.013552129, "max_depth": 100, "is_feasible": true}, "AVD": 23.145096942501645}