{"name": "random-100-12.12-11.json", "solution": {"time": 0.014385209, "max_depth": 100, "is_feasible": true}, "AVD": 22.829164928959614}