{"name": "random-100-16.80-49.json", "solution": {"time": 0.017430797, "max_depth": 100, "is_feasible": true}, "AVD": 26.727802373737045}