{"name": "random-100-13.20-7.json", "solution": {"time": 0.013084888, "max_depth": 100, "is_feasible": true}, "AVD": 23.68572312576283}