{"name": "random-100-21.12-4.json", "solution": {"time": 0.011666402, "max_depth": 100, "is_feasible": true}, "AVD": 30.224756125540726}