{"name": "random-100-20.40-38.json", "solution": {"time": 0.011998216, "max_depth": 100, "is_feasible": true}, "AVD": 29.619031804306438}