{"name": "random-100-17.52-40.json", "solution": {"time": 0.012777252, "max_depth": 100, "is_feasible": true}, "AVD": 27.259304531579204}