{"name": "random-100-21.12-47.json", "solution": {"time": 0.011481071, "max_depth": 100, "is_feasible": true}, "AVD": 30.15788917027382}