{"name": "random-100-8.16-10.json", "solution": {"time": 0.067209297, "max_depth": 10, "is_feasible": false}, "AVD": 19.310485498667685}