{"name": "random-100-9.96-11.json", "solution": {"time": 0.059168534, "max_depth": 100, "is_feasible": true}, "AVD": 20.95968015373483}