{"name": "random-100-15.36-2.json", "solution": {"time": 0.012650857, "max_depth": 100, "is_feasible": true}, "AVD": 25.51511250416219}