{"name": "random-100-18.96-48.json", "solution": {"time": 0.011967684, "max_depth": 100, "is_feasible": true}, "AVD": 28.458861486291166}