{"name": "random-100-6.36-13.json", "solution": {"time": 0.049758528, "max_depth": 6, "is_feasible": false}, "AVD": 17.57478303751769}