{"name": "random-100-21.84-15.json", "solution": {"time": 0.013282675, "max_depth": 100, "is_feasible": true}, "AVD": 30.716194221333854}