{"name": "random-100-6.72-45.json", "solution": {"time": 0.040716235, "max_depth": 3, "is_feasible": false}, "AVD": 17.919122183926834}