{"name": "random-100-19.32-8.json", "solution": {"time": 0.011845687, "max_depth": 100, "is_feasible": true}, "AVD": 28.722616724941346}