{"name": "random-100-6.00-43.json", "solution": {"time": 0.038316686, "max_depth": 3, "is_feasible": false}, "AVD": 17.268287808579966}