{"name": "random-100-22.56-42.json", "solution": {"time": 0.011034362, "max_depth": 100, "is_feasible": true}, "AVD": 31.31739248917712}