{"name": "random-100-23.64-5.json", "solution": {"time": 0.012173122, "max_depth": 100, "is_feasible": true}, "AVD": 32.2010127777774}