{"name": "random-100-17.88-1.json", "solution": {"time": 0.011937959, "max_depth": 100, "is_feasible": true}, "AVD": 27.601925758685454}