{"name": "random-100-8.88-34.json", "solution": {"time": 0.030199423, "max_depth": 100, "is_feasible": true}, "AVD": 19.980227076256725}