{"name": "random-100-8.16-38.json", "solution": {"time": 0.075019563, "max_depth": 9, "is_feasible": false}, "AVD": 19.26759046009511}