{"name": "random-100-15.36-35.json", "solution": {"time": 0.01286352, "max_depth": 100, "is_feasible": true}, "AVD": 25.50769344932813}