{"name": "random-100-9.60-3.json", "solution": {"time": 0.017772734, "max_depth": 100, "is_feasible": true}, "AVD": 20.63250624264593}