{"name": "random-100-16.44-41.json", "solution": {"time": 0.011777101, "max_depth": 100, "is_feasible": true}, "AVD": 26.43110453157921}