{"name": "random-100-12.48-14.json", "solution": {"time": 0.01802041, "max_depth": 100, "is_feasible": true}, "AVD": 23.105793659673346}