{"name": "random-100-14.28-11.json", "solution": {"time": 0.013299912, "max_depth": 100, "is_feasible": true}, "AVD": 24.649674625929315}