{"name": "random-100-17.52-24.json", "solution": {"time": 0.012199709, "max_depth": 100, "is_feasible": true}, "AVD": 27.259882403152073}