{"name": "random-100-7.80-24.json", "solution": {"time": 0.048721962, "max_depth": 7, "is_feasible": false}, "AVD": 18.96395281404837}