{"name": "random-100-18.24-46.json", "solution": {"time": 0.012126287, "max_depth": 100, "is_feasible": true}, "AVD": 27.85882893939359}