{"name": "random-100-22.92-13.json", "solution": {"time": 0.011199675, "max_depth": 100, "is_feasible": true}, "AVD": 31.60472947330409}