{"name": "random-100-8.88-35.json", "solution": {"time": 0.057280776, "max_depth": 12, "is_feasible": false}, "AVD": 19.98870910311877}