{"name": "random-100-16.08-41.json", "solution": {"time": 0.012650568, "max_depth": 100, "is_feasible": true}, "AVD": 26.136940209789888}