{"name": "random-100-6.72-25.json", "solution": {"time": 0.042238529, "max_depth": 5, "is_feasible": false}, "AVD": 17.871009905094567}