{"name": "random-100-17.16-25.json", "solution": {"time": 0.012528307, "max_depth": 100, "is_feasible": true}, "AVD": 26.954446810966466}