{"name": "random-100-24.00-8.json", "solution": {"time": 0.011532193, "max_depth": 100, "is_feasible": true}, "AVD": 32.46634495726455}