{"name": "random-100-8.52-8.json", "solution": {"time": 0.024022569, "max_depth": 100, "is_feasible": true}, "AVD": 19.63642303141267}