{"name": "random-100-23.28-36.json", "solution": {"time": 0.011292938, "max_depth": 100, "is_feasible": true}, "AVD": 31.854808679653296}