{"name": "random-100-10.68-29.json", "solution": {"time": 0.019366188, "max_depth": 100, "is_feasible": true}, "AVD": 21.553224664224363}