{"name": "random-100-17.52-1.json", "solution": {"time": 0.01173838, "max_depth": 100, "is_feasible": true}, "AVD": 27.310205549450234}