{"name": "random-100-7.44-6.json", "solution": {"time": 0.049063659, "max_depth": 4, "is_feasible": false}, "AVD": 18.655966232100877}