{"name": "random-100-16.08-5.json", "solution": {"time": 0.012482742, "max_depth": 100, "is_feasible": true}, "AVD": 26.100684416139117}