{"name": "random-100-16.08-14.json", "solution": {"time": 0.011990084, "max_depth": 100, "is_feasible": true}, "AVD": 26.147351875901542}