{"name": "random-100-12.12-46.json", "solution": {"time": 0.012514607, "max_depth": 100, "is_feasible": true}, "AVD": 22.82191129259595}