{"name": "random-100-7.44-25.json", "solution": {"time": 0.055484863, "max_depth": 7, "is_feasible": false}, "AVD": 18.567105627150287}