{"name": "random-100-21.84-7.json", "solution": {"time": 0.011293458, "max_depth": 100, "is_feasible": true}, "AVD": 30.743751335330963}