{"name": "random-100-12.12-41.json", "solution": {"time": 0.014507418, "max_depth": 100, "is_feasible": true}, "AVD": 22.83105157398125}