{"name": "random-100-20.40-32.json", "solution": {"time": 0.011606215, "max_depth": 100, "is_feasible": true}, "AVD": 29.645553413253033}