{"name": "random-100-13.56-41.json", "solution": {"time": 0.01370898, "max_depth": 100, "is_feasible": true}, "AVD": 24.05462772782739}