{"name": "random-100-22.92-44.json", "solution": {"time": 0.011643153, "max_depth": 100, "is_feasible": true}, "AVD": 31.64282818903282}