{"name": "random-100-19.32-6.json", "solution": {"time": 0.011630484, "max_depth": 100, "is_feasible": true}, "AVD": 28.72825311688276}