{"name": "random-100-17.88-12.json", "solution": {"time": 0.012035116, "max_depth": 100, "is_feasible": true}, "AVD": 27.553993304472947}