{"name": "random-100-8.16-40.json", "solution": {"time": 0.05531969, "max_depth": 6, "is_feasible": false}, "AVD": 19.285067389554573}