{"name": "random-100-14.64-39.json", "solution": {"time": 0.012475721, "max_depth": 100, "is_feasible": true}, "AVD": 24.878650224774898}