{"name": "random-100-15.72-29.json", "solution": {"time": 0.012200918, "max_depth": 100, "is_feasible": true}, "AVD": 25.777046457986145}