{"name": "random-100-20.76-18.json", "solution": {"time": 0.017496779, "max_depth": 100, "is_feasible": true}, "AVD": 29.904563759573403}