{"name": "random-100-6.00-27.json", "solution": {"time": 0.041141244, "max_depth": 3, "is_feasible": false}, "AVD": 17.25303372258427}