{"name": "random-100-6.36-42.json", "solution": {"time": 0.044989585, "max_depth": 2, "is_feasible": false}, "AVD": 17.531298860305995}