{"name": "random-100-9.96-33.json", "solution": {"time": 0.017939169, "max_depth": 100, "is_feasible": true}, "AVD": 20.952790090464756}