{"name": "random-100-13.56-42.json", "solution": {"time": 0.012859272, "max_depth": 100, "is_feasible": true}, "AVD": 24.036711242645925}