{"name": "random-100-14.64-45.json", "solution": {"time": 0.012299975, "max_depth": 100, "is_feasible": true}, "AVD": 24.895891414696095}