{"name": "random-100-7.08-39.json", "solution": {"time": 0.038851, "max_depth": 4, "is_feasible": false}, "AVD": 18.23052859251826}