{"name": "random-100-17.88-11.json", "solution": {"time": 0.011750413, "max_depth": 100, "is_feasible": true}, "AVD": 27.598411667221345}