{"name": "random-100-15.36-3.json", "solution": {"time": 0.012087978, "max_depth": 100, "is_feasible": true}, "AVD": 25.521822294371976}