{"name": "random-100-19.68-45.json", "solution": {"time": 0.011666181, "max_depth": 100, "is_feasible": true}, "AVD": 28.992420079919693}