{"name": "random-100-15.72-3.json", "solution": {"time": 0.012270345, "max_depth": 100, "is_feasible": true}, "AVD": 25.813079040403718}