{"name": "random-100-22.20-29.json", "solution": {"time": 0.011584398, "max_depth": 100, "is_feasible": true}, "AVD": 31.01197169552631}