{"name": "random-100-7.08-35.json", "solution": {"time": 0.046000154, "max_depth": 3, "is_feasible": false}, "AVD": 18.31262967609842}