{"name": "random-100-22.56-27.json", "solution": {"time": 0.012271006, "max_depth": 100, "is_feasible": true}, "AVD": 31.384494090908696}