{"name": "random-100-14.64-8.json", "solution": {"time": 0.017955134, "max_depth": 100, "is_feasible": true}, "AVD": 24.916373651903314}