{"name": "random-100-22.92-28.json", "solution": {"time": 0.016462115, "max_depth": 100, "is_feasible": true}, "AVD": 31.55333023809484}