{"name": "random-100-8.16-12.json", "solution": {"time": 0.080561348, "max_depth": 10, "is_feasible": false}, "AVD": 19.308360283327474}