{"name": "random-100-9.60-29.json", "solution": {"time": 0.078011703, "max_depth": 100, "is_feasible": true}, "AVD": 20.596783532578225}