{"name": "random-100-16.44-34.json", "solution": {"time": 0.012360927, "max_depth": 100, "is_feasible": true}, "AVD": 26.42533310300776}