{"name": "random-100-22.20-39.json", "solution": {"time": 0.011507731, "max_depth": 100, "is_feasible": true}, "AVD": 31.049591645021266}