{"name": "random-100-7.08-36.json", "solution": {"time": 0.04355091, "max_depth": 4, "is_feasible": false}, "AVD": 18.277867143411783}