{"name": "random-100-13.56-0.json", "solution": {"time": 0.019034883, "max_depth": 100, "is_feasible": true}, "AVD": 24.05142597513564}