{"name": "random-100-7.08-38.json", "solution": {"time": 0.054813498, "max_depth": 6, "is_feasible": false}, "AVD": 18.246819573400092}