{"name": "random-100-9.96-15.json", "solution": {"time": 0.037639334, "max_depth": 100, "is_feasible": true}, "AVD": 20.910529903429577}