{"name": "random-100-8.88-11.json", "solution": {"time": 0.04709981, "max_depth": 100, "is_feasible": true}, "AVD": 19.990334475524154}