{"name": "random-100-16.44-10.json", "solution": {"time": 0.012076909, "max_depth": 100, "is_feasible": true}, "AVD": 26.427743694638362}