{"name": "random-100-8.16-16.json", "solution": {"time": 0.029111793, "max_depth": 100, "is_feasible": true}, "AVD": 19.25462929792395}