{"name": "random-100-22.92-18.json", "solution": {"time": 0.011938057, "max_depth": 100, "is_feasible": true}, "AVD": 31.604752063491684}