{"name": "random-100-10.68-19.json", "solution": {"time": 0.023942077, "max_depth": 100, "is_feasible": true}, "AVD": 21.543198264512945}