{"name": "random-100-8.52-47.json", "solution": {"time": 0.114439209, "max_depth": 10, "is_feasible": false}, "AVD": 19.644928237040425}