{"name": "random-100-17.52-43.json", "solution": {"time": 0.012447028, "max_depth": 100, "is_feasible": true}, "AVD": 27.305094113108773}