{"name": "random-100-11.40-7.json", "solution": {"time": 0.01319252, "max_depth": 100, "is_feasible": true}, "AVD": 22.126709424464135}