{"name": "random-100-7.80-7.json", "solution": {"time": 0.046305951, "max_depth": 6, "is_feasible": false}, "AVD": 18.906901062825735}