{"name": "random-100-12.84-2.json", "solution": {"time": 0.013969538, "max_depth": 100, "is_feasible": true}, "AVD": 23.424877424797106}