{"name": "random-100-7.80-44.json", "solution": {"time": 0.050003827, "max_depth": 100, "is_feasible": true}, "AVD": 18.964990889388034}