{"name": "random-100-20.04-39.json", "solution": {"time": 0.017287373, "max_depth": 100, "is_feasible": true}, "AVD": 29.29942269119733}