{"name": "random-100-15.00-8.json", "solution": {"time": 0.017855332, "max_depth": 100, "is_feasible": true}, "AVD": 25.211567424797096}