{"name": "random-100-17.88-7.json", "solution": {"time": 0.011910678, "max_depth": 100, "is_feasible": true}, "AVD": 27.550553261737928}