{"name": "random-100-14.64-49.json", "solution": {"time": 0.011886518, "max_depth": 100, "is_feasible": true}, "AVD": 24.97202085137055}