{"name": "random-100-20.76-40.json", "solution": {"time": 0.01134137, "max_depth": 100, "is_feasible": true}, "AVD": 29.87112422799386}