{"name": "random-100-13.92-34.json", "solution": {"time": 0.012563486, "max_depth": 100, "is_feasible": true}, "AVD": 24.35098352203318}