{"name": "random-100-18.60-16.json", "solution": {"time": 0.012477815, "max_depth": 100, "is_feasible": true}, "AVD": 28.153931118325758}