{"name": "random-100-13.20-2.json", "solution": {"time": 0.018363222, "max_depth": 100, "is_feasible": true}, "AVD": 23.720382359307045}