{"name": "random-100-15.72-38.json", "solution": {"time": 0.017421594, "max_depth": 100, "is_feasible": true}, "AVD": 25.834988327228004}