{"name": "random-100-8.52-10.json", "solution": {"time": 0.08374112, "max_depth": 10, "is_feasible": false}, "AVD": 19.648895029137215}