{"name": "random-100-18.96-36.json", "solution": {"time": 0.012304978, "max_depth": 100, "is_feasible": true}, "AVD": 28.409999639249286}