{"name": "random-100-7.80-41.json", "solution": {"time": 0.054635514, "max_depth": 5, "is_feasible": false}, "AVD": 18.96431122183336}