{"name": "random-100-17.88-17.json", "solution": {"time": 0.011936428, "max_depth": 100, "is_feasible": true}, "AVD": 27.562422583527226}