{"name": "random-100-8.16-15.json", "solution": {"time": 0.05587188, "max_depth": 7, "is_feasible": false}, "AVD": 19.26437474969441}