{"name": "random-100-7.08-20.json", "solution": {"time": 0.061077153, "max_depth": 7, "is_feasible": false}, "AVD": 18.264306136085814}