{"name": "random-100-16.08-32.json", "solution": {"time": 0.0121483, "max_depth": 100, "is_feasible": true}, "AVD": 26.174861623376287}