{"name": "random-100-7.80-48.json", "solution": {"time": 0.056050095, "max_depth": 9, "is_feasible": false}, "AVD": 18.919722816072486}