{"name": "random-100-21.48-8.json", "solution": {"time": 0.011263432, "max_depth": 100, "is_feasible": true}, "AVD": 30.47299044788506}