{"name": "random-100-21.84-34.json", "solution": {"time": 0.011288802, "max_depth": 100, "is_feasible": true}, "AVD": 30.810836176600798}