{"name": "random-100-6.00-1.json", "solution": {"time": 0.040320316, "max_depth": 3, "is_feasible": false}, "AVD": 17.165637864275908}