{"name": "random-100-23.28-25.json", "solution": {"time": 0.016753909, "max_depth": 100, "is_feasible": true}, "AVD": 31.855978997113603}