{"name": "random-100-15.72-49.json", "solution": {"time": 0.011963963, "max_depth": 100, "is_feasible": true}, "AVD": 25.838180382395066}