{"name": "random-100-17.52-23.json", "solution": {"time": 0.012274752, "max_depth": 100, "is_feasible": true}, "AVD": 27.31039165223631}