{"name": "random-100-20.40-10.json", "solution": {"time": 0.017386337, "max_depth": 100, "is_feasible": true}, "AVD": 29.581486688311298}