{"name": "random-100-21.84-32.json", "solution": {"time": 0.011479833, "max_depth": 100, "is_feasible": true}, "AVD": 30.79883036074998}