{"name": "random-100-16.08-24.json", "solution": {"time": 0.012488909, "max_depth": 100, "is_feasible": true}, "AVD": 26.072459069818752}