{"name": "random-100-21.48-46.json", "solution": {"time": 0.011288777, "max_depth": 100, "is_feasible": true}, "AVD": 30.485330295814904}