{"name": "random-100-23.28-4.json", "solution": {"time": 0.011928976, "max_depth": 100, "is_feasible": true}, "AVD": 31.938887900432483}