{"name": "random-100-16.44-2.json", "solution": {"time": 0.012038226, "max_depth": 100, "is_feasible": true}, "AVD": 26.402925094349772}