{"name": "random-100-17.52-44.json", "solution": {"time": 0.012012599, "max_depth": 100, "is_feasible": true}, "AVD": 27.344376767676437}