{"name": "random-100-11.76-4.json", "solution": {"time": 0.016228027, "max_depth": 100, "is_feasible": true}, "AVD": 22.5281165137637}