{"name": "random-100-24.00-5.json", "solution": {"time": 0.016441493, "max_depth": 100, "is_feasible": true}, "AVD": 32.49606103174565}