{"name": "random-100-6.36-18.json", "solution": {"time": 0.039131662, "max_depth": 2, "is_feasible": false}, "AVD": 17.587937925962578}