{"name": "random-100-6.72-1.json", "solution": {"time": 0.048938874, "max_depth": 5, "is_feasible": false}, "AVD": 17.903774113386277}