{"name": "random-100-15.00-49.json", "solution": {"time": 0.012356006, "max_depth": 100, "is_feasible": true}, "AVD": 25.256030519480213}