{"name": "random-100-19.68-12.json", "solution": {"time": 0.018167453, "max_depth": 100, "is_feasible": true}, "AVD": 29.01073976911939}