{"name": "random-100-13.20-46.json", "solution": {"time": 0.017608907, "max_depth": 100, "is_feasible": true}, "AVD": 23.733179055943733}