{"name": "random-100-6.36-39.json", "solution": {"time": 0.038225306, "max_depth": 3, "is_feasible": false}, "AVD": 17.52386425843731}