{"name": "random-100-19.32-11.json", "solution": {"time": 0.012017336, "max_depth": 100, "is_feasible": true}, "AVD": 28.757810779775436}