{"name": "random-100-11.40-12.json", "solution": {"time": 0.016810024, "max_depth": 100, "is_feasible": true}, "AVD": 22.18959955377924}