{"name": "random-100-9.24-5.json", "solution": {"time": 0.017667707, "max_depth": 100, "is_feasible": true}, "AVD": 20.251769203018885}