{"name": "random-100-24.00-20.json", "solution": {"time": 0.012029097, "max_depth": 100, "is_feasible": true}, "AVD": 32.48767715728677}