{"name": "random-100-6.00-8.json", "solution": {"time": 0.043871266, "max_depth": 6, "is_feasible": false}, "AVD": 17.211987007159163}