{"name": "random-100-13.92-1.json", "solution": {"time": 0.018660276, "max_depth": 100, "is_feasible": true}, "AVD": 24.36753215173685}