{"name": "random-100-10.32-19.json", "solution": {"time": 0.031731495, "max_depth": 100, "is_feasible": true}, "AVD": 21.22563460039927}