{"name": "random-100-16.08-2.json", "solution": {"time": 0.017018286, "max_depth": 100, "is_feasible": true}, "AVD": 26.105776681651363}