{"name": "random-100-17.16-15.json", "solution": {"time": 0.018163377, "max_depth": 100, "is_feasible": true}, "AVD": 26.946165180929857}