{"name": "random-100-15.00-5.json", "solution": {"time": 0.012108739, "max_depth": 100, "is_feasible": true}, "AVD": 25.201410584970294}