{"name": "random-100-16.08-42.json", "solution": {"time": 0.012228245, "max_depth": 100, "is_feasible": true}, "AVD": 26.120036695526366}