{"name": "random-100-7.08-5.json", "solution": {"time": 0.053421171, "max_depth": 9, "is_feasible": false}, "AVD": 18.247745174269856}