{"name": "random-100-18.60-35.json", "solution": {"time": 0.011600964, "max_depth": 100, "is_feasible": true}, "AVD": 28.167069358419006}