{"name": "random-100-18.60-27.json", "solution": {"time": 0.01672717, "max_depth": 100, "is_feasible": true}, "AVD": 28.175517864357527}