{"name": "random-100-8.52-7.json", "solution": {"time": 0.046793901, "max_depth": 6, "is_feasible": false}, "AVD": 19.552206587856258}