{"name": "random-100-12.12-42.json", "solution": {"time": 0.014243702, "max_depth": 100, "is_feasible": true}, "AVD": 22.789659791874463}