{"name": "random-100-16.80-30.json", "solution": {"time": 0.012583531, "max_depth": 100, "is_feasible": true}, "AVD": 26.69145207126176}