{"name": "random-100-20.40-19.json", "solution": {"time": 0.01288066, "max_depth": 100, "is_feasible": true}, "AVD": 29.59674526695491}