{"name": "random-100-21.84-28.json", "solution": {"time": 0.016403327, "max_depth": 100, "is_feasible": true}, "AVD": 30.67867096681057}