{"name": "random-100-8.88-27.json", "solution": {"time": 0.070139724, "max_depth": 8, "is_feasible": false}, "AVD": 19.984800608280274}