{"name": "random-100-10.32-42.json", "solution": {"time": 0.024738407, "max_depth": 100, "is_feasible": true}, "AVD": 21.198746419413595}