{"name": "random-100-23.64-34.json", "solution": {"time": 0.011732381, "max_depth": 100, "is_feasible": true}, "AVD": 32.24259133533095}