{"name": "random-100-20.76-43.json", "solution": {"time": 0.011898095, "max_depth": 100, "is_feasible": true}, "AVD": 29.88623341991304}