{"name": "random-100-11.40-36.json", "solution": {"time": 0.014197719, "max_depth": 100, "is_feasible": true}, "AVD": 22.1518780325227}