{"name": "random-100-16.44-32.json", "solution": {"time": 0.017863327, "max_depth": 100, "is_feasible": true}, "AVD": 26.457316940836606}