{"name": "random-100-10.32-30.json", "solution": {"time": 0.021393669, "max_depth": 100, "is_feasible": true}, "AVD": 21.31586956321425}