{"name": "random-100-24.00-15.json", "solution": {"time": 0.011239682, "max_depth": 100, "is_feasible": true}, "AVD": 32.465961428571035}