{"name": "random-100-8.16-32.json", "solution": {"time": 0.061203611, "max_depth": 8, "is_feasible": false}, "AVD": 19.263248491508154}