{"name": "random-100-23.64-24.json", "solution": {"time": 0.011427535, "max_depth": 100, "is_feasible": true}, "AVD": 32.166546709956336}