{"name": "random-100-19.32-14.json", "solution": {"time": 0.016782212, "max_depth": 100, "is_feasible": true}, "AVD": 28.769998326117975}