{"name": "random-100-6.36-10.json", "solution": {"time": 0.048497538, "max_depth": 4, "is_feasible": false}, "AVD": 17.602362321289508}