{"name": "random-100-9.24-0.json", "solution": {"time": 0.028225272, "max_depth": 100, "is_feasible": true}, "AVD": 20.339802155066806}