{"name": "random-100-23.64-45.json", "solution": {"time": 0.016401535, "max_depth": 100, "is_feasible": true}, "AVD": 32.177903744588356}