{"name": "random-100-21.84-47.json", "solution": {"time": 0.011024582, "max_depth": 100, "is_feasible": true}, "AVD": 30.7464779653676}