{"name": "random-100-6.36-25.json", "solution": {"time": 0.038119122, "max_depth": 2, "is_feasible": false}, "AVD": 17.536112504162173}