{"name": "random-100-21.48-10.json", "solution": {"time": 0.011873533, "max_depth": 100, "is_feasible": true}, "AVD": 30.45166435786396}