{"name": "random-100-11.40-32.json", "solution": {"time": 0.015573569, "max_depth": 100, "is_feasible": true}, "AVD": 22.164871090020775}