{"name": "random-100-15.00-22.json", "solution": {"time": 0.012759823, "max_depth": 100, "is_feasible": true}, "AVD": 25.213277720612417}