{"name": "random-100-15.72-19.json", "solution": {"time": 0.012038641, "max_depth": 100, "is_feasible": true}, "AVD": 25.8191509240756}