{"name": "random-100-12.12-20.json", "solution": {"time": 0.014046264, "max_depth": 100, "is_feasible": true}, "AVD": 22.807981162725856}