{"name": "random-100-9.96-0.json", "solution": {"time": 0.014546808, "max_depth": 100, "is_feasible": true}, "AVD": 20.965158302252952}