{"name": "random-100-7.44-2.json", "solution": {"time": 0.065339665, "max_depth": 9, "is_feasible": false}, "AVD": 18.597422107336765}