{"name": "random-100-16.08-37.json", "solution": {"time": 0.012070912, "max_depth": 100, "is_feasible": true}, "AVD": 26.096549458874136}