{"name": "random-100-11.04-44.json", "solution": {"time": 0.019512564, "max_depth": 100, "is_feasible": true}, "AVD": 21.882461401376073}