{"name": "random-100-20.04-10.json", "solution": {"time": 0.016498614, "max_depth": 100, "is_feasible": true}, "AVD": 29.313587467532084}