{"name": "random-100-14.64-0.json", "solution": {"time": 0.019105366, "max_depth": 100, "is_feasible": true}, "AVD": 24.954882634587293}