{"name": "random-100-13.20-45.json", "solution": {"time": 0.012819797, "max_depth": 100, "is_feasible": true}, "AVD": 23.681050152069847}