{"name": "random-100-20.76-49.json", "solution": {"time": 0.01128781, "max_depth": 100, "is_feasible": true}, "AVD": 29.931424725829334}