{"name": "random-100-10.32-17.json", "solution": {"time": 0.025124198, "max_depth": 100, "is_feasible": true}, "AVD": 21.275030652125302}