{"name": "random-100-21.12-18.json", "solution": {"time": 0.012913856, "max_depth": 100, "is_feasible": true}, "AVD": 30.190514502164145}