{"name": "random-100-23.28-19.json", "solution": {"time": 0.014646919, "max_depth": 100, "is_feasible": true}, "AVD": 31.903287950937575}