{"name": "random-100-13.20-5.json", "solution": {"time": 0.013879486, "max_depth": 100, "is_feasible": true}, "AVD": 23.712630281384985}