{"name": "random-100-23.64-40.json", "solution": {"time": 0.011295289, "max_depth": 100, "is_feasible": true}, "AVD": 32.154273679653286}