{"name": "random-100-10.32-6.json", "solution": {"time": 0.014685807, "max_depth": 100, "is_feasible": true}, "AVD": 21.291507195026888}