{"name": "random-100-20.40-36.json", "solution": {"time": 0.01191793, "max_depth": 100, "is_feasible": true}, "AVD": 29.581477215006853}