{"name": "random-100-18.60-43.json", "solution": {"time": 0.012665462, "max_depth": 100, "is_feasible": true}, "AVD": 28.166848333332986}