{"name": "random-100-13.20-25.json", "solution": {"time": 0.012830453, "max_depth": 100, "is_feasible": true}, "AVD": 23.69923256243725}