{"name": "random-100-15.00-40.json", "solution": {"time": 0.017582491, "max_depth": 100, "is_feasible": true}, "AVD": 25.197294742479425}