{"name": "random-100-23.28-42.json", "solution": {"time": 0.010882845, "max_depth": 100, "is_feasible": true}, "AVD": 31.90709549062012}