{"name": "random-100-7.08-7.json", "solution": {"time": 0.045520446, "max_depth": 6, "is_feasible": false}, "AVD": 18.238782363192023}