{"name": "random-100-10.32-10.json", "solution": {"time": 0.028530275, "max_depth": 100, "is_feasible": true}, "AVD": 21.25272903596372}