{"name": "random-100-12.84-15.json", "solution": {"time": 0.015605143, "max_depth": 100, "is_feasible": true}, "AVD": 23.350350658230344}