{"name": "random-100-7.80-15.json", "solution": {"time": 0.048838478, "max_depth": 7, "is_feasible": false}, "AVD": 18.93176680541647}