{"name": "random-100-8.88-29.json", "solution": {"time": 0.068447339, "max_depth": 8, "is_feasible": false}, "AVD": 19.955943073037755}