{"name": "random-100-11.04-1.json", "solution": {"time": 0.01398525, "max_depth": 100, "is_feasible": true}, "AVD": 21.910763487068152}