{"name": "random-100-16.44-38.json", "solution": {"time": 0.012760169, "max_depth": 100, "is_feasible": true}, "AVD": 26.435591682761352}