{"name": "random-100-12.84-43.json", "solution": {"time": 0.014558245, "max_depth": 100, "is_feasible": true}, "AVD": 23.426842490842176}