{"name": "random-100-11.76-23.json", "solution": {"time": 0.017871432, "max_depth": 100, "is_feasible": true}, "AVD": 22.492489797979474}