{"name": "random-100-9.60-32.json", "solution": {"time": 0.057577238, "max_depth": 100, "is_feasible": true}, "AVD": 20.564766734376434}