{"name": "random-100-18.60-37.json", "solution": {"time": 0.012204766, "max_depth": 100, "is_feasible": true}, "AVD": 28.169395194804842}