{"name": "random-100-18.96-4.json", "solution": {"time": 0.011658198, "max_depth": 100, "is_feasible": true}, "AVD": 28.50986452436415}