{"name": "random-100-18.96-12.json", "solution": {"time": 0.011468174, "max_depth": 100, "is_feasible": true}, "AVD": 28.43498438672402}