{"name": "random-100-15.00-6.json", "solution": {"time": 0.012133286, "max_depth": 100, "is_feasible": true}, "AVD": 25.2035484126981}