{"name": "random-100-24.00-4.json", "solution": {"time": 0.011081331, "max_depth": 100, "is_feasible": true}, "AVD": 32.5122713131309}