{"name": "random-100-10.68-12.json", "solution": {"time": 0.022214437, "max_depth": 100, "is_feasible": true}, "AVD": 21.56520917915386}