{"name": "random-100-6.36-29.json", "solution": {"time": 0.039209129, "max_depth": 3, "is_feasible": false}, "AVD": 17.528475179183243}