{"name": "random-100-20.40-48.json", "solution": {"time": 0.011940682, "max_depth": 100, "is_feasible": true}, "AVD": 29.612608679653334}