{"name": "random-100-17.16-31.json", "solution": {"time": 0.012431106, "max_depth": 100, "is_feasible": true}, "AVD": 26.99616018092986}