{"name": "random-100-18.96-20.json", "solution": {"time": 0.012320103, "max_depth": 100, "is_feasible": true}, "AVD": 28.47621002164468}