{"name": "random-100-22.92-2.json", "solution": {"time": 0.011367219, "max_depth": 100, "is_feasible": true}, "AVD": 31.600472316016944}