{"name": "random-100-12.48-32.json", "solution": {"time": 0.014812323, "max_depth": 100, "is_feasible": true}, "AVD": 23.0947114069261}