{"name": "random-100-18.60-17.json", "solution": {"time": 0.011829822, "max_depth": 100, "is_feasible": true}, "AVD": 28.150394885114533}