{"name": "random-100-7.44-7.json", "solution": {"time": 0.046232552, "max_depth": 6, "is_feasible": false}, "AVD": 18.58226717449184}