{"name": "random-100-20.40-26.json", "solution": {"time": 0.012122273, "max_depth": 100, "is_feasible": true}, "AVD": 29.6138037734484}