{"name": "random-100-21.84-41.json", "solution": {"time": 0.011297692, "max_depth": 100, "is_feasible": true}, "AVD": 30.801202554667167}