{"name": "random-100-16.44-49.json", "solution": {"time": 0.012074066, "max_depth": 100, "is_feasible": true}, "AVD": 26.433267864357546}