{"name": "random-100-20.04-47.json", "solution": {"time": 0.011772852, "max_depth": 100, "is_feasible": true}, "AVD": 29.30452005771971}