{"name": "random-100-14.28-39.json", "solution": {"time": 0.013745817, "max_depth": 100, "is_feasible": true}, "AVD": 24.5785206360303}