{"name": "random-100-8.88-18.json", "solution": {"time": 0.100412932, "max_depth": 100, "is_feasible": true}, "AVD": 19.967417262736923}