{"name": "random-100-20.04-34.json", "solution": {"time": 0.012171653, "max_depth": 100, "is_feasible": true}, "AVD": 29.38438096736559}