{"name": "random-100-19.68-48.json", "solution": {"time": 0.011916508, "max_depth": 100, "is_feasible": true}, "AVD": 29.035401695526367}