{"name": "random-100-22.56-0.json", "solution": {"time": 0.012681073, "max_depth": 100, "is_feasible": true}, "AVD": 31.345825014984626}