{"name": "random-100-6.72-36.json", "solution": {"time": 0.042971741, "max_depth": 4, "is_feasible": false}, "AVD": 17.918061005660647}