{"name": "random-100-13.92-12.json", "solution": {"time": 0.013312999, "max_depth": 100, "is_feasible": true}, "AVD": 24.311173333333024}