{"name": "random-100-22.20-44.json", "solution": {"time": 0.016530736, "max_depth": 100, "is_feasible": true}, "AVD": 31.097012092351733}