{"name": "random-100-11.04-38.json", "solution": {"time": 0.023546457, "max_depth": 100, "is_feasible": true}, "AVD": 21.840858291707967}