{"name": "random-100-17.16-1.json", "solution": {"time": 0.01168514, "max_depth": 100, "is_feasible": true}, "AVD": 27.024424373404063}