{"name": "random-100-9.24-3.json", "solution": {"time": 0.017194632, "max_depth": 100, "is_feasible": true}, "AVD": 20.29327617826587}