{"name": "random-100-13.92-14.json", "solution": {"time": 0.012358361, "max_depth": 100, "is_feasible": true}, "AVD": 24.350434070373748}