{"name": "random-100-11.76-12.json", "solution": {"time": 0.01733291, "max_depth": 100, "is_feasible": true}, "AVD": 22.486556314241007}