{"name": "random-100-15.36-31.json", "solution": {"time": 0.012301682, "max_depth": 100, "is_feasible": true}, "AVD": 25.51415424297894}