{"name": "random-100-11.76-45.json", "solution": {"time": 0.013047021, "max_depth": 100, "is_feasible": true}, "AVD": 22.462798724053425}