{"name": "random-100-24.00-11.json", "solution": {"time": 0.011029616, "max_depth": 100, "is_feasible": true}, "AVD": 32.459148665223275}