{"name": "random-100-17.88-26.json", "solution": {"time": 0.017567124, "max_depth": 100, "is_feasible": true}, "AVD": 27.587450829725483}