{"name": "random-100-11.04-37.json", "solution": {"time": 0.014597413, "max_depth": 100, "is_feasible": true}, "AVD": 21.83867477910946}