{"name": "random-100-20.04-43.json", "solution": {"time": 0.012327632, "max_depth": 100, "is_feasible": true}, "AVD": 29.320443225107848}