{"name": "random-100-20.76-10.json", "solution": {"time": 0.012340591, "max_depth": 100, "is_feasible": true}, "AVD": 29.853175959595564}