{"name": "random-100-15.72-11.json", "solution": {"time": 0.013210877, "max_depth": 100, "is_feasible": true}, "AVD": 25.818881747696427}