{"name": "random-100-16.08-47.json", "solution": {"time": 0.016640499, "max_depth": 100, "is_feasible": true}, "AVD": 26.07448904761873}