{"name": "random-100-20.40-45.json", "solution": {"time": 0.012984789, "max_depth": 100, "is_feasible": true}, "AVD": 29.59130125596586}