{"name": "random-100-15.36-11.json", "solution": {"time": 0.012672673, "max_depth": 100, "is_feasible": true}, "AVD": 25.530480838605516}