{"name": "random-100-17.88-36.json", "solution": {"time": 0.011951727, "max_depth": 100, "is_feasible": true}, "AVD": 27.549599148628804}