{"name": "random-100-16.44-14.json", "solution": {"time": 0.012367162, "max_depth": 100, "is_feasible": true}, "AVD": 26.44871518037485}