{"name": "random-100-21.84-26.json", "solution": {"time": 0.016583749, "max_depth": 100, "is_feasible": true}, "AVD": 30.75906215728678}