{"name": "random-100-11.76-41.json", "solution": {"time": 0.01487584, "max_depth": 100, "is_feasible": true}, "AVD": 22.53218580253048}