{"name": "random-100-7.44-17.json", "solution": {"time": 0.041109289, "max_depth": 3, "is_feasible": false}, "AVD": 18.67608652181115}