{"name": "random-100-21.12-5.json", "solution": {"time": 0.011883607, "max_depth": 100, "is_feasible": true}, "AVD": 30.181584090908714}