{"name": "random-100-9.60-7.json", "solution": {"time": 0.075231094, "max_depth": 100, "is_feasible": true}, "AVD": 20.52259881396351}