{"name": "random-100-18.60-25.json", "solution": {"time": 0.017261903, "max_depth": 100, "is_feasible": true}, "AVD": 28.10952536796502}