{"name": "random-100-10.68-8.json", "solution": {"time": 0.015707417, "max_depth": 100, "is_feasible": true}, "AVD": 21.54627002552969}