{"name": "random-100-19.68-30.json", "solution": {"time": 0.01182302, "max_depth": 100, "is_feasible": true}, "AVD": 29.003217460872115}