{"name": "random-100-11.76-48.json", "solution": {"time": 0.015211517, "max_depth": 100, "is_feasible": true}, "AVD": 22.473176588966275}