{"name": "random-100-22.92-39.json", "solution": {"time": 0.012030704, "max_depth": 100, "is_feasible": true}, "AVD": 31.62425686868648}