{"name": "random-100-13.92-37.json", "solution": {"time": 0.013617682, "max_depth": 100, "is_feasible": true}, "AVD": 24.32538861527329}