{"name": "random-100-23.64-12.json", "solution": {"time": 0.011210558, "max_depth": 100, "is_feasible": true}, "AVD": 32.19143453823913}