{"name": "random-100-18.60-19.json", "solution": {"time": 0.011807765, "max_depth": 100, "is_feasible": true}, "AVD": 28.141416883116545}