{"name": "random-100-9.60-12.json", "solution": {"time": 0.01910077, "max_depth": 100, "is_feasible": true}, "AVD": 20.620762203906896}