{"name": "random-100-6.72-10.json", "solution": {"time": 0.048432494, "max_depth": 4, "is_feasible": false}, "AVD": 17.966001503773686}