{"name": "random-100-18.24-41.json", "solution": {"time": 0.011876575, "max_depth": 100, "is_feasible": true}, "AVD": 27.91819982017947}