{"name": "random-100-14.28-36.json", "solution": {"time": 0.019034769, "max_depth": 100, "is_feasible": true}, "AVD": 24.6106429298476}