{"name": "random-100-8.52-30.json", "solution": {"time": 0.037642298, "max_depth": 100, "is_feasible": true}, "AVD": 19.689619027361204}