{"name": "random-100-9.24-48.json", "solution": {"time": 0.099764655, "max_depth": 11, "is_feasible": false}, "AVD": 20.243392111221787}