{"name": "random-100-9.96-43.json", "solution": {"time": 0.02230836, "max_depth": 100, "is_feasible": true}, "AVD": 20.935714319013996}