{"name": "random-100-15.36-25.json", "solution": {"time": 0.012360564, "max_depth": 100, "is_feasible": true}, "AVD": 25.499187655122338}