{"name": "random-100-15.36-37.json", "solution": {"time": 0.01214762, "max_depth": 100, "is_feasible": true}, "AVD": 25.525939538239214}