{"name": "random-100-7.80-31.json", "solution": {"time": 0.084516889, "max_depth": 8, "is_feasible": false}, "AVD": 18.966801607836295}