{"name": "random-100-22.20-17.json", "solution": {"time": 0.0117273, "max_depth": 100, "is_feasible": true}, "AVD": 31.04493588023049}