{"name": "random-100-8.16-41.json", "solution": {"time": 0.082711833, "max_depth": 7, "is_feasible": false}, "AVD": 19.30014642385356}