{"name": "random-100-6.00-5.json", "solution": {"time": 0.044515096, "max_depth": 6, "is_feasible": false}, "AVD": 17.16003980574947}