{"name": "random-100-21.48-40.json", "solution": {"time": 0.01133167, "max_depth": 100, "is_feasible": true}, "AVD": 30.449860786435412}