{"name": "random-100-23.28-20.json", "solution": {"time": 0.011818189, "max_depth": 100, "is_feasible": true}, "AVD": 31.914181522366135}