{"name": "random-100-10.68-13.json", "solution": {"time": 0.046834309, "max_depth": 100, "is_feasible": true}, "AVD": 21.566051798756472}