{"name": "random-100-8.88-39.json", "solution": {"time": 0.057158729, "max_depth": 10, "is_feasible": false}, "AVD": 19.907322262736947}