{"name": "random-100-15.36-1.json", "solution": {"time": 0.012314491, "max_depth": 100, "is_feasible": true}, "AVD": 25.558706689421385}