{"name": "random-100-9.24-44.json", "solution": {"time": 0.022222549, "max_depth": 100, "is_feasible": true}, "AVD": 20.295437997557666}