{"name": "random-100-18.60-11.json", "solution": {"time": 0.012056713, "max_depth": 100, "is_feasible": true}, "AVD": 28.17125801642768}