{"name": "random-100-16.44-1.json", "solution": {"time": 0.011766849, "max_depth": 100, "is_feasible": true}, "AVD": 26.41944261349731}