{"name": "random-100-6.36-35.json", "solution": {"time": 0.039186888, "max_depth": 3, "is_feasible": false}, "AVD": 17.61505768808643}