{"name": "random-100-11.04-18.json", "solution": {"time": 0.013995963, "max_depth": 100, "is_feasible": true}, "AVD": 21.89550883227851}