{"name": "random-100-8.88-9.json", "solution": {"time": 0.038869034, "max_depth": 3, "is_feasible": false}, "AVD": 19.96911186313651}