{"name": "random-100-16.80-9.json", "solution": {"time": 0.011737833, "max_depth": 100, "is_feasible": true}, "AVD": 26.72004127095091}