{"name": "random-100-6.72-29.json", "solution": {"time": 0.039204324, "max_depth": 3, "is_feasible": false}, "AVD": 17.895598791763472}