{"name": "random-100-23.28-16.json", "solution": {"time": 0.016178253, "max_depth": 100, "is_feasible": true}, "AVD": 31.862646746031373}