{"name": "random-100-17.52-29.json", "solution": {"time": 0.012250178, "max_depth": 100, "is_feasible": true}, "AVD": 27.24120687645655}