{"name": "random-100-12.48-39.json", "solution": {"time": 0.01314577, "max_depth": 100, "is_feasible": true}, "AVD": 23.069986306470973}