{"name": "random-100-10.68-27.json", "solution": {"time": 0.017788993, "max_depth": 100, "is_feasible": true}, "AVD": 21.571608984903676}