{"name": "random-100-9.24-49.json", "solution": {"time": 0.016617134, "max_depth": 100, "is_feasible": true}, "AVD": 20.312132874902566}