{"name": "random-100-7.80-16.json", "solution": {"time": 0.074164641, "max_depth": 7, "is_feasible": false}, "AVD": 18.914673656898316}