{"name": "random-100-13.92-17.json", "solution": {"time": 0.015417561, "max_depth": 100, "is_feasible": true}, "AVD": 24.32067281551748}