{"name": "random-100-20.76-48.json", "solution": {"time": 0.016387415, "max_depth": 100, "is_feasible": true}, "AVD": 29.8978695526692}