{"name": "random-100-10.32-21.json", "solution": {"time": 0.01402645, "max_depth": 100, "is_feasible": true}, "AVD": 21.27571542069011}