{"name": "random-100-9.96-23.json", "solution": {"time": 0.050888044, "max_depth": 100, "is_feasible": true}, "AVD": 20.910926212675896}