{"name": "random-100-14.28-20.json", "solution": {"time": 0.012591739, "max_depth": 100, "is_feasible": true}, "AVD": 24.62391065712034}