{"name": "random-100-17.88-20.json", "solution": {"time": 0.011798236, "max_depth": 100, "is_feasible": true}, "AVD": 27.593943686868357}