{"name": "random-100-9.96-47.json", "solution": {"time": 0.016366321, "max_depth": 100, "is_feasible": true}, "AVD": 20.94098926795397}