{"name": "random-100-14.28-0.json", "solution": {"time": 0.013039352, "max_depth": 100, "is_feasible": true}, "AVD": 24.669080325784986}