{"name": "random-100-14.64-41.json", "solution": {"time": 0.01287629, "max_depth": 100, "is_feasible": true}, "AVD": 24.94160885336853}