{"name": "random-100-9.60-18.json", "solution": {"time": 0.018071368, "max_depth": 100, "is_feasible": true}, "AVD": 20.629661336441004}