{"name": "random-100-8.88-20.json", "solution": {"time": 0.09224791, "max_depth": 14, "is_feasible": false}, "AVD": 19.9659889238536}