{"name": "random-100-14.28-38.json", "solution": {"time": 0.012458209, "max_depth": 100, "is_feasible": true}, "AVD": 24.61209694194662}