{"name": "random-100-20.40-16.json", "solution": {"time": 0.017297205, "max_depth": 100, "is_feasible": true}, "AVD": 29.576297503607126}