{"name": "random-100-14.28-10.json", "solution": {"time": 0.012837763, "max_depth": 100, "is_feasible": true}, "AVD": 24.62814253357723}