{"name": "random-100-18.60-36.json", "solution": {"time": 0.012578421, "max_depth": 100, "is_feasible": true}, "AVD": 28.10645455988421}