{"name": "random-100-23.28-22.json", "solution": {"time": 0.010918807, "max_depth": 100, "is_feasible": true}, "AVD": 31.9193605050501}