{"name": "random-100-16.08-15.json", "solution": {"time": 0.012371638, "max_depth": 100, "is_feasible": true}, "AVD": 26.090206436896118}