{"name": "random-100-19.68-43.json", "solution": {"time": 0.012035307, "max_depth": 100, "is_feasible": true}, "AVD": 29.021595447330082}