{"name": "random-100-21.84-0.json", "solution": {"time": 0.011342618, "max_depth": 100, "is_feasible": true}, "AVD": 30.762790491175096}