{"name": "random-100-23.64-11.json", "solution": {"time": 0.016142774, "max_depth": 100, "is_feasible": true}, "AVD": 32.16707430014392}