{"name": "random-100-8.52-18.json", "solution": {"time": 0.065155336, "max_depth": 8, "is_feasible": false}, "AVD": 19.623834803529466}