{"name": "random-100-21.48-15.json", "solution": {"time": 0.019917111, "max_depth": 100, "is_feasible": true}, "AVD": 30.43322588800052}