{"name": "random-100-21.84-5.json", "solution": {"time": 0.014295717, "max_depth": 100, "is_feasible": true}, "AVD": 30.77518207792169}