{"name": "random-100-9.60-14.json", "solution": {"time": 0.075829053, "max_depth": 100, "is_feasible": true}, "AVD": 20.600375876900554}