{"name": "random-100-17.16-36.json", "solution": {"time": 0.016721038, "max_depth": 100, "is_feasible": true}, "AVD": 26.968945339104994}