{"name": "random-100-7.80-40.json", "solution": {"time": 0.048009044, "max_depth": 4, "is_feasible": false}, "AVD": 18.95781932586988}