{"name": "random-100-8.88-38.json", "solution": {"time": 0.068951528, "max_depth": 100, "is_feasible": true}, "AVD": 19.93601034354501}