{"name": "random-100-23.64-14.json", "solution": {"time": 0.011224518, "max_depth": 100, "is_feasible": true}, "AVD": 32.210976507936095}