{"name": "random-100-15.72-10.json", "solution": {"time": 0.017849967, "max_depth": 100, "is_feasible": true}, "AVD": 25.82116728049695}