{"name": "random-100-11.76-17.json", "solution": {"time": 0.016755181, "max_depth": 100, "is_feasible": true}, "AVD": 22.533059028193676}