{"name": "random-100-8.88-43.json", "solution": {"time": 0.041016964, "max_depth": 100, "is_feasible": true}, "AVD": 19.98083118159586}