{"name": "random-100-18.24-3.json", "solution": {"time": 0.012196005, "max_depth": 100, "is_feasible": true}, "AVD": 27.86591278499244}