{"name": "random-100-18.24-32.json", "solution": {"time": 0.017252923, "max_depth": 100, "is_feasible": true}, "AVD": 27.8913466455763}