{"name": "random-100-12.84-38.json", "solution": {"time": 0.013297235, "max_depth": 100, "is_feasible": true}, "AVD": 23.394209647574325}