{"name": "random-100-23.64-9.json", "solution": {"time": 0.010999842, "max_depth": 100, "is_feasible": true}, "AVD": 32.246281327560915}