{"name": "random-100-7.80-45.json", "solution": {"time": 0.044150803, "max_depth": 3, "is_feasible": false}, "AVD": 18.95325909867876}