{"name": "random-100-12.12-10.json", "solution": {"time": 0.013440411, "max_depth": 100, "is_feasible": true}, "AVD": 22.8279661915859}