{"name": "random-100-12.48-11.json", "solution": {"time": 0.014679161, "max_depth": 100, "is_feasible": true}, "AVD": 23.13623626373594}