{"name": "random-100-11.04-24.json", "solution": {"time": 0.032297849, "max_depth": 100, "is_feasible": true}, "AVD": 21.83580369519339}