{"name": "random-100-9.96-24.json", "solution": {"time": 0.050865102, "max_depth": 100, "is_feasible": true}, "AVD": 20.90795445387914}