{"name": "random-100-18.96-6.json", "solution": {"time": 0.01149254, "max_depth": 100, "is_feasible": true}, "AVD": 28.433293037517693}