{"name": "random-100-14.64-36.json", "solution": {"time": 0.013956524, "max_depth": 100, "is_feasible": true}, "AVD": 24.908735533910207}