{"name": "random-100-11.04-23.json", "solution": {"time": 0.025228045, "max_depth": 100, "is_feasible": true}, "AVD": 21.887362519147192}