{"name": "random-100-17.88-22.json", "solution": {"time": 0.017915813, "max_depth": 100, "is_feasible": true}, "AVD": 27.558696435786096}