{"name": "random-100-22.20-19.json", "solution": {"time": 0.012251805, "max_depth": 100, "is_feasible": true}, "AVD": 31.032203030302657}