{"name": "random-100-8.52-21.json", "solution": {"time": 0.107151108, "max_depth": 100, "is_feasible": true}, "AVD": 19.665276362526026}