{"name": "random-100-15.00-28.json", "solution": {"time": 0.012011305, "max_depth": 100, "is_feasible": true}, "AVD": 25.188988672438327}