{"name": "random-100-15.36-23.json", "solution": {"time": 0.012421662, "max_depth": 100, "is_feasible": true}, "AVD": 25.533684553224216}