{"name": "random-100-15.00-17.json", "solution": {"time": 0.016964658, "max_depth": 100, "is_feasible": true}, "AVD": 25.220251025640685}