{"name": "random-100-12.12-1.json", "solution": {"time": 0.018943598, "max_depth": 100, "is_feasible": true}, "AVD": 22.83387484293452}