{"name": "random-100-9.60-35.json", "solution": {"time": 0.075753245, "max_depth": 12, "is_feasible": false}, "AVD": 20.624482446083007}