{"name": "random-100-8.88-4.json", "solution": {"time": 0.017796013, "max_depth": 100, "is_feasible": true}, "AVD": 19.953726375846035}