{"name": "random-100-11.40-39.json", "solution": {"time": 0.018484641, "max_depth": 100, "is_feasible": true}, "AVD": 22.129682360417036}