{"name": "random-100-15.72-44.json", "solution": {"time": 0.012176844, "max_depth": 100, "is_feasible": true}, "AVD": 25.876970649350334}