{"name": "random-100-17.88-28.json", "solution": {"time": 0.016807759, "max_depth": 100, "is_feasible": true}, "AVD": 27.515138181817818}