{"name": "random-100-22.20-27.json", "solution": {"time": 0.011414064, "max_depth": 100, "is_feasible": true}, "AVD": 31.078776709956323}