{"name": "random-100-16.44-47.json", "solution": {"time": 0.012570871, "max_depth": 100, "is_feasible": true}, "AVD": 26.36911173160141}