{"name": "random-100-9.24-42.json", "solution": {"time": 0.024654256, "max_depth": 100, "is_feasible": true}, "AVD": 20.239843629980793}