{"name": "random-100-15.72-25.json", "solution": {"time": 0.012740441, "max_depth": 100, "is_feasible": true}, "AVD": 25.794460353535015}