{"name": "random-100-11.40-25.json", "solution": {"time": 0.015284742, "max_depth": 100, "is_feasible": true}, "AVD": 22.15231189865659}