{"name": "random-100-18.60-38.json", "solution": {"time": 0.012352147, "max_depth": 100, "is_feasible": true}, "AVD": 28.178089950604615}