{"name": "random-100-10.68-38.json", "solution": {"time": 0.020228594, "max_depth": 100, "is_feasible": true}, "AVD": 21.526619533244215}