{"name": "random-100-17.52-38.json", "solution": {"time": 0.012101999, "max_depth": 100, "is_feasible": true}, "AVD": 27.299694553779222}