{"name": "random-100-13.20-28.json", "solution": {"time": 0.018155402, "max_depth": 100, "is_feasible": true}, "AVD": 23.722928940503586}