{"name": "random-100-19.68-14.json", "solution": {"time": 0.017494317, "max_depth": 100, "is_feasible": true}, "AVD": 29.05891297979763}