{"name": "random-100-22.56-47.json", "solution": {"time": 0.011466352, "max_depth": 100, "is_feasible": true}, "AVD": 31.292405555555177}