{"name": "random-100-19.68-8.json", "solution": {"time": 0.012232911, "max_depth": 100, "is_feasible": true}, "AVD": 29.015829343988955}