{"name": "random-100-9.96-39.json", "solution": {"time": 0.050340702, "max_depth": 100, "is_feasible": true}, "AVD": 20.892663811743496}