{"name": "random-100-13.20-10.json", "solution": {"time": 0.013610158, "max_depth": 100, "is_feasible": true}, "AVD": 23.72542311022281}