{"name": "random-100-23.28-44.json", "solution": {"time": 0.016499629, "max_depth": 100, "is_feasible": true}, "AVD": 31.921612236651868}