{"name": "random-100-17.16-24.json", "solution": {"time": 0.011906124, "max_depth": 100, "is_feasible": true}, "AVD": 26.968080577755256}