{"name": "random-100-17.16-30.json", "solution": {"time": 0.017544477, "max_depth": 100, "is_feasible": true}, "AVD": 26.996263658563336}