{"name": "random-100-18.96-34.json", "solution": {"time": 0.012358675, "max_depth": 100, "is_feasible": true}, "AVD": 28.492383362747997}