{"name": "random-100-23.64-47.json", "solution": {"time": 0.017541552, "max_depth": 100, "is_feasible": true}, "AVD": 32.17164261904724}