{"name": "random-100-22.92-1.json", "solution": {"time": 0.012023643, "max_depth": 100, "is_feasible": true}, "AVD": 31.661674963924593}