{"name": "random-100-6.72-38.json", "solution": {"time": 0.043768409, "max_depth": 5, "is_feasible": false}, "AVD": 17.90101001878804}