{"name": "random-100-9.24-25.json", "solution": {"time": 0.06070367, "max_depth": 100, "is_feasible": true}, "AVD": 20.240423603618293}