{"name": "random-100-17.88-4.json", "solution": {"time": 0.017299436, "max_depth": 100, "is_feasible": true}, "AVD": 27.64280502941467}