{"name": "random-100-6.72-35.json", "solution": {"time": 0.039392744, "max_depth": 3, "is_feasible": false}, "AVD": 17.978059300363043}