{"name": "random-100-6.36-45.json", "solution": {"time": 0.047099834, "max_depth": 3, "is_feasible": false}, "AVD": 17.558177792207427}