{"name": "random-100-6.00-21.json", "solution": {"time": 0.046168314, "max_depth": 3, "is_feasible": false}, "AVD": 17.22818359132664}