{"name": "random-100-15.36-41.json", "solution": {"time": 0.012881918, "max_depth": 100, "is_feasible": true}, "AVD": 25.555084019313686}