{"name": "random-100-16.44-12.json", "solution": {"time": 0.012606171, "max_depth": 100, "is_feasible": true}, "AVD": 26.37504930735898}