{"name": "random-100-20.40-6.json", "solution": {"time": 0.012700145, "max_depth": 100, "is_feasible": true}, "AVD": 29.603929675324316}