{"name": "random-100-16.80-2.json", "solution": {"time": 0.012476235, "max_depth": 100, "is_feasible": true}, "AVD": 26.68842571484039}