{"name": "random-100-8.16-19.json", "solution": {"time": 0.042436219, "max_depth": 4, "is_feasible": false}, "AVD": 19.287529299588954}