{"name": "random-100-7.44-27.json", "solution": {"time": 0.062772889, "max_depth": 8, "is_feasible": false}, "AVD": 18.667883284770458}