{"name": "random-100-7.80-1.json", "solution": {"time": 0.1340772, "max_depth": 11, "is_feasible": false}, "AVD": 18.970909070096223}