{"name": "random-100-23.64-39.json", "solution": {"time": 0.011244591, "max_depth": 100, "is_feasible": true}, "AVD": 32.222985014429625}