{"name": "random-100-11.04-28.json", "solution": {"time": 0.014486966, "max_depth": 100, "is_feasible": true}, "AVD": 21.89166143745107}