{"name": "random-100-14.28-26.json", "solution": {"time": 0.01757996, "max_depth": 100, "is_feasible": true}, "AVD": 24.63122769175237}