{"name": "random-100-22.20-21.json", "solution": {"time": 0.017748673, "max_depth": 100, "is_feasible": true}, "AVD": 31.09770291486252}