{"name": "random-100-17.16-19.json", "solution": {"time": 0.016942619, "max_depth": 100, "is_feasible": true}, "AVD": 26.98496834054801}