{"name": "random-100-21.48-6.json", "solution": {"time": 0.016789309, "max_depth": 100, "is_feasible": true}, "AVD": 30.445203564213188}