{"name": "random-100-18.24-34.json", "solution": {"time": 0.017471584, "max_depth": 100, "is_feasible": true}, "AVD": 27.901438629703264}