{"name": "random-100-11.40-30.json", "solution": {"time": 0.014552527, "max_depth": 100, "is_feasible": true}, "AVD": 22.219482448107147}