{"name": "random-100-7.08-28.json", "solution": {"time": 0.049059306, "max_depth": 6, "is_feasible": false}, "AVD": 18.330319148628764}