{"name": "random-100-21.12-37.json", "solution": {"time": 0.011141916, "max_depth": 100, "is_feasible": true}, "AVD": 30.17068468975431}