{"name": "random-100-15.72-37.json", "solution": {"time": 0.012338179, "max_depth": 100, "is_feasible": true}, "AVD": 25.815327857142535}