{"name": "random-100-6.36-30.json", "solution": {"time": 0.038402596, "max_depth": 3, "is_feasible": false}, "AVD": 17.633902051395957}