{"name": "random-100-13.92-30.json", "solution": {"time": 0.013862618, "max_depth": 100, "is_feasible": true}, "AVD": 24.349921054500737}