{"name": "random-100-11.04-47.json", "solution": {"time": 0.014452343, "max_depth": 100, "is_feasible": true}, "AVD": 21.87751801809272}