{"name": "random-100-19.32-34.json", "solution": {"time": 0.012178526, "max_depth": 100, "is_feasible": true}, "AVD": 28.77440509434972}