{"name": "random-100-6.72-19.json", "solution": {"time": 0.04295813, "max_depth": 4, "is_feasible": false}, "AVD": 17.928807376512026}