{"name": "random-100-6.00-4.json", "solution": {"time": 0.056091318, "max_depth": 5, "is_feasible": false}, "AVD": 17.190689036992072}