{"name": "random-100-22.20-22.json", "solution": {"time": 0.011235345, "max_depth": 100, "is_feasible": true}, "AVD": 31.058416392495992}