{"name": "random-100-20.76-3.json", "solution": {"time": 0.011262286, "max_depth": 100, "is_feasible": true}, "AVD": 29.89443875901837}