{"name": "random-100-11.04-17.json", "solution": {"time": 0.023118726, "max_depth": 100, "is_feasible": true}, "AVD": 21.893198018647663}