{"name": "random-100-11.04-12.json", "solution": {"time": 0.016760088, "max_depth": 100, "is_feasible": true}, "AVD": 21.886161819846507}