{"name": "random-100-8.88-5.json", "solution": {"time": 0.022839506, "max_depth": 100, "is_feasible": true}, "AVD": 19.925460725940404}