{"name": "random-100-13.20-38.json", "solution": {"time": 0.013124637, "max_depth": 100, "is_feasible": true}, "AVD": 23.70305198579167}