{"name": "random-100-18.60-42.json", "solution": {"time": 0.017166576, "max_depth": 100, "is_feasible": true}, "AVD": 28.18737698412662}