{"name": "random-100-12.48-46.json", "solution": {"time": 0.012594909, "max_depth": 100, "is_feasible": true}, "AVD": 23.13221762071229}