{"name": "random-100-21.84-48.json", "solution": {"time": 0.011244234, "max_depth": 100, "is_feasible": true}, "AVD": 30.746726457431105}