{"name": "random-100-11.40-44.json", "solution": {"time": 0.014150103, "max_depth": 100, "is_feasible": true}, "AVD": 22.20641539793507}