{"name": "random-100-11.40-21.json", "solution": {"time": 0.01564351, "max_depth": 100, "is_feasible": true}, "AVD": 22.21210784493254}