{"name": "random-100-15.36-9.json", "solution": {"time": 0.01214492, "max_depth": 100, "is_feasible": true}, "AVD": 25.528088969363626}