{"name": "random-100-22.20-14.json", "solution": {"time": 0.016973858, "max_depth": 100, "is_feasible": true}, "AVD": 31.030005952380563}