{"name": "random-100-15.72-2.json", "solution": {"time": 0.012123635, "max_depth": 100, "is_feasible": true}, "AVD": 25.810504711954394}