{"name": "random-100-15.00-0.json", "solution": {"time": 0.018290185, "max_depth": 100, "is_feasible": true}, "AVD": 25.255051573981238}