{"name": "random-100-17.16-22.json", "solution": {"time": 0.012398438, "max_depth": 100, "is_feasible": true}, "AVD": 26.984719119768794}