{"name": "random-100-19.68-18.json", "solution": {"time": 0.016638645, "max_depth": 100, "is_feasible": true}, "AVD": 29.041158774003428}