{"name": "random-100-9.60-8.json", "solution": {"time": 0.022023418, "max_depth": 100, "is_feasible": true}, "AVD": 20.59277946386912}