{"name": "random-100-17.16-13.json", "solution": {"time": 0.019041047, "max_depth": 100, "is_feasible": true}, "AVD": 26.994517431457098}