{"name": "random-100-22.92-27.json", "solution": {"time": 0.011689838, "max_depth": 100, "is_feasible": true}, "AVD": 31.660848600288205}