{"name": "random-100-12.48-6.json", "solution": {"time": 0.0122276, "max_depth": 100, "is_feasible": true}, "AVD": 23.13948611166579}