{"name": "random-100-13.56-11.json", "solution": {"time": 0.01425429, "max_depth": 100, "is_feasible": true}, "AVD": 24.044076877011562}