{"name": "random-100-17.88-48.json", "solution": {"time": 0.01153411, "max_depth": 100, "is_feasible": true}, "AVD": 27.569413658008347}