{"name": "random-100-6.36-32.json", "solution": {"time": 0.039899186, "max_depth": 3, "is_feasible": false}, "AVD": 17.522037415917076}