{"name": "random-100-6.00-44.json", "solution": {"time": 0.045939642, "max_depth": 5, "is_feasible": false}, "AVD": 17.18004352897067}