{"name": "random-100-16.08-35.json", "solution": {"time": 0.017802507, "max_depth": 100, "is_feasible": true}, "AVD": 26.100765079364756}