{"name": "random-100-8.16-48.json", "solution": {"time": 0.071681193, "max_depth": 10, "is_feasible": false}, "AVD": 19.263104149738822}