{"name": "random-100-20.40-40.json", "solution": {"time": 0.02774308, "max_depth": 100, "is_feasible": true}, "AVD": 29.571410735930375}