{"name": "random-100-13.56-13.json", "solution": {"time": 0.013659799, "max_depth": 100, "is_feasible": true}, "AVD": 24.044344091463785}