{"name": "random-100-20.40-1.json", "solution": {"time": 0.012699806, "max_depth": 100, "is_feasible": true}, "AVD": 29.62985446608911}