{"name": "random-100-11.04-40.json", "solution": {"time": 0.015506349, "max_depth": 100, "is_feasible": true}, "AVD": 21.86938117826588}