{"name": "random-100-19.32-25.json", "solution": {"time": 0.011918612, "max_depth": 100, "is_feasible": true}, "AVD": 28.68254733766199}