{"name": "random-100-15.36-42.json", "solution": {"time": 0.012328932, "max_depth": 100, "is_feasible": true}, "AVD": 25.525779444999124}