{"name": "random-100-20.76-16.json", "solution": {"time": 0.017150008, "max_depth": 100, "is_feasible": true}, "AVD": 29.85395860028822}