{"name": "random-100-21.84-1.json", "solution": {"time": 0.011127179, "max_depth": 100, "is_feasible": true}, "AVD": 30.803584502164153}