{"name": "random-100-10.68-44.json", "solution": {"time": 0.018632033, "max_depth": 100, "is_feasible": true}, "AVD": 21.582931041180718}