{"name": "random-100-18.96-40.json", "solution": {"time": 0.017111893, "max_depth": 100, "is_feasible": true}, "AVD": 28.436216140525808}