{"name": "random-100-12.84-11.json", "solution": {"time": 0.014555427, "max_depth": 100, "is_feasible": true}, "AVD": 23.441015058829738}