{"name": "random-100-15.36-40.json", "solution": {"time": 0.012346552, "max_depth": 100, "is_feasible": true}, "AVD": 25.487903436008132}