{"name": "random-100-9.96-40.json", "solution": {"time": 0.01611968, "max_depth": 100, "is_feasible": true}, "AVD": 20.90373395659866}