{"name": "random-100-11.04-4.json", "solution": {"time": 0.012963054, "max_depth": 100, "is_feasible": true}, "AVD": 21.898951089188273}