{"name": "random-100-23.64-21.json", "solution": {"time": 0.0134625, "max_depth": 100, "is_feasible": true}, "AVD": 32.27766347041808}