{"name": "random-100-16.80-11.json", "solution": {"time": 0.013103324, "max_depth": 100, "is_feasible": true}, "AVD": 26.725646328116003}