{"name": "random-100-13.56-2.json", "solution": {"time": 0.01449811, "max_depth": 100, "is_feasible": true}, "AVD": 24.03033212121181}