{"name": "random-100-11.04-20.json", "solution": {"time": 0.01769176, "max_depth": 100, "is_feasible": true}, "AVD": 21.878622751137435}