{"name": "random-100-18.96-38.json", "solution": {"time": 0.012360497, "max_depth": 100, "is_feasible": true}, "AVD": 28.467824913974574}