{"name": "random-100-19.68-10.json", "solution": {"time": 0.017034297, "max_depth": 100, "is_feasible": true}, "AVD": 29.01405032467494}