{"name": "random-100-7.44-41.json", "solution": {"time": 0.046941411, "max_depth": 4, "is_feasible": false}, "AVD": 18.606928568375704}