{"name": "random-100-14.28-24.json", "solution": {"time": 0.017589936, "max_depth": 100, "is_feasible": true}, "AVD": 24.57848638639106}