{"name": "random-100-7.80-18.json", "solution": {"time": 0.049377187, "max_depth": 7, "is_feasible": false}, "AVD": 18.96842075813042}