{"name": "random-100-23.64-44.json", "solution": {"time": 0.011172752, "max_depth": 100, "is_feasible": true}, "AVD": 32.228740411255046}