{"name": "random-100-13.92-48.json", "solution": {"time": 0.018386508, "max_depth": 100, "is_feasible": true}, "AVD": 24.320119496059203}