{"name": "random-100-12.48-2.json", "solution": {"time": 0.013871793, "max_depth": 100, "is_feasible": true}, "AVD": 23.10061204240172}