{"name": "random-100-13.56-10.json", "solution": {"time": 0.013618847, "max_depth": 100, "is_feasible": true}, "AVD": 24.02159140026609}