{"name": "random-100-20.04-11.json", "solution": {"time": 0.012389011, "max_depth": 100, "is_feasible": true}, "AVD": 29.314498362193003}