{"name": "random-100-20.76-7.json", "solution": {"time": 0.017226254, "max_depth": 100, "is_feasible": true}, "AVD": 29.85217055611019}