{"name": "random-100-8.16-37.json", "solution": {"time": 0.054836253, "max_depth": 11, "is_feasible": false}, "AVD": 19.283678849761017}