{"name": "random-100-14.64-20.json", "solution": {"time": 0.017379092, "max_depth": 100, "is_feasible": true}, "AVD": 24.917844704739395}