{"name": "random-100-21.12-2.json", "solution": {"time": 0.01190187, "max_depth": 100, "is_feasible": true}, "AVD": 30.191251233765865}