{"name": "random-100-13.56-32.json", "solution": {"time": 0.012767423, "max_depth": 100, "is_feasible": true}, "AVD": 24.016332034631713}