{"name": "random-100-11.40-48.json", "solution": {"time": 0.014647641, "max_depth": 100, "is_feasible": true}, "AVD": 22.168189381174066}