{"name": "random-100-19.68-5.json", "solution": {"time": 0.011365369, "max_depth": 100, "is_feasible": true}, "AVD": 29.023974704184344}