{"name": "random-100-7.44-21.json", "solution": {"time": 0.069585659, "max_depth": 7, "is_feasible": false}, "AVD": 18.671163626650785}