{"name": "random-100-8.52-5.json", "solution": {"time": 0.071020773, "max_depth": 10, "is_feasible": false}, "AVD": 19.612862755022437}