{"name": "random-100-10.32-3.json", "solution": {"time": 0.01807204, "max_depth": 100, "is_feasible": true}, "AVD": 21.274597851037537}