{"name": "random-100-7.08-1.json", "solution": {"time": 0.064027908, "max_depth": 6, "is_feasible": false}, "AVD": 18.271928362470522}