{"name": "random-100-22.92-35.json", "solution": {"time": 0.011610339, "max_depth": 100, "is_feasible": true}, "AVD": 31.607873152957783}