{"name": "random-100-22.92-40.json", "solution": {"time": 0.011823037, "max_depth": 100, "is_feasible": true}, "AVD": 31.575126854256467}