{"name": "random-100-21.12-40.json", "solution": {"time": 0.011177484, "max_depth": 100, "is_feasible": true}, "AVD": 30.13466135642099}