{"name": "random-100-15.36-0.json", "solution": {"time": 0.016896948, "max_depth": 100, "is_feasible": true}, "AVD": 25.55402833444298}