{"name": "random-100-22.20-41.json", "solution": {"time": 0.011493931, "max_depth": 100, "is_feasible": true}, "AVD": 31.096940173714785}