{"name": "random-100-6.72-17.json", "solution": {"time": 0.04363815, "max_depth": 2, "is_feasible": false}, "AVD": 17.983215030524658}