{"name": "random-100-16.08-33.json", "solution": {"time": 0.017558754, "max_depth": 100, "is_feasible": true}, "AVD": 26.139764207458885}