{"name": "random-100-10.68-6.json", "solution": {"time": 0.021852475, "max_depth": 100, "is_feasible": true}, "AVD": 21.611626689421364}