{"name": "random-100-20.40-7.json", "solution": {"time": 0.012454427, "max_depth": 100, "is_feasible": true}, "AVD": 29.590733586413236}