{"name": "random-100-20.04-5.json", "solution": {"time": 0.011537949, "max_depth": 100, "is_feasible": true}, "AVD": 29.327991991341623}