{"name": "random-100-11.40-2.json", "solution": {"time": 0.013982677, "max_depth": 100, "is_feasible": true}, "AVD": 22.188091840936533}