{"name": "random-100-13.92-20.json", "solution": {"time": 0.015131108, "max_depth": 100, "is_feasible": true}, "AVD": 24.325198420468112}