{"name": "random-100-20.76-28.json", "solution": {"time": 0.011570155, "max_depth": 100, "is_feasible": true}, "AVD": 29.813150519480136}