{"name": "random-100-13.56-27.json", "solution": {"time": 0.018355088, "max_depth": 100, "is_feasible": true}, "AVD": 24.024897807747507}