{"name": "random-100-12.12-45.json", "solution": {"time": 0.017512227, "max_depth": 100, "is_feasible": true}, "AVD": 22.773244741369446}