{"name": "random-100-6.72-16.json", "solution": {"time": 0.062773732, "max_depth": 7, "is_feasible": false}, "AVD": 17.854082175046837}