{"name": "random-100-10.32-18.json", "solution": {"time": 0.017830727, "max_depth": 100, "is_feasible": true}, "AVD": 21.276824077588753}