{"name": "random-100-22.20-0.json", "solution": {"time": 0.015985868, "max_depth": 100, "is_feasible": true}, "AVD": 31.04876477688939}