{"name": "random-100-11.76-15.json", "solution": {"time": 0.014851079, "max_depth": 100, "is_feasible": true}, "AVD": 22.45345726107196}