{"name": "random-100-21.12-11.json", "solution": {"time": 0.011808803, "max_depth": 100, "is_feasible": true}, "AVD": 30.18164748917712}