{"name": "random-100-10.68-39.json", "solution": {"time": 0.020288066, "max_depth": 100, "is_feasible": true}, "AVD": 21.51134615606584}