{"name": "random-100-10.68-1.json", "solution": {"time": 0.014351081, "max_depth": 100, "is_feasible": true}, "AVD": 21.602747232211904}