{"name": "random-100-14.64-25.json", "solution": {"time": 0.013138094, "max_depth": 100, "is_feasible": true}, "AVD": 24.897019971139652}