{"name": "random-100-12.48-43.json", "solution": {"time": 0.020049955, "max_depth": 100, "is_feasible": true}, "AVD": 23.113903032522703}