{"name": "random-100-23.64-25.json", "solution": {"time": 0.013753877, "max_depth": 100, "is_feasible": true}, "AVD": 32.17467407647868}