{"name": "random-100-15.72-45.json", "solution": {"time": 0.012168078, "max_depth": 100, "is_feasible": true}, "AVD": 25.80095416361384}