{"name": "random-100-10.32-39.json", "solution": {"time": 0.021104899, "max_depth": 100, "is_feasible": true}, "AVD": 21.195081567876244}