{"name": "random-100-24.00-42.json", "solution": {"time": 0.015700558, "max_depth": 100, "is_feasible": true}, "AVD": 32.4930878715725}