{"name": "random-100-22.56-39.json", "solution": {"time": 0.011498198, "max_depth": 100, "is_feasible": true}, "AVD": 31.340462900432517}