{"name": "random-100-8.52-48.json", "solution": {"time": 0.083982652, "max_depth": 11, "is_feasible": false}, "AVD": 19.590011631146307}