{"name": "random-100-20.76-12.json", "solution": {"time": 0.012071415, "max_depth": 100, "is_feasible": true}, "AVD": 29.890270505050108}