{"name": "random-100-17.16-3.json", "solution": {"time": 0.011706747, "max_depth": 100, "is_feasible": true}, "AVD": 27.000817907647562}