{"name": "random-100-12.12-8.json", "solution": {"time": 0.013341076, "max_depth": 100, "is_feasible": true}, "AVD": 22.791147549117227}