{"name": "random-100-22.56-45.json", "solution": {"time": 0.018005801, "max_depth": 100, "is_feasible": true}, "AVD": 31.27820288600249}