{"name": "random-100-8.52-43.json", "solution": {"time": 0.061205191, "max_depth": 100, "is_feasible": true}, "AVD": 19.66579789876757}