{"name": "random-100-24.00-45.json", "solution": {"time": 0.012363195, "max_depth": 100, "is_feasible": true}, "AVD": 32.47314365079326}