{"name": "random-100-10.68-32.json", "solution": {"time": 0.02071422, "max_depth": 100, "is_feasible": true}, "AVD": 21.52972778610248}