{"name": "random-100-15.36-48.json", "solution": {"time": 0.018588904, "max_depth": 100, "is_feasible": true}, "AVD": 25.49894908480378}