{"name": "random-100-22.92-10.json", "solution": {"time": 0.011388304, "max_depth": 100, "is_feasible": true}, "AVD": 31.576082929292532}