{"name": "random-100-15.00-26.json", "solution": {"time": 0.012178792, "max_depth": 100, "is_feasible": true}, "AVD": 25.212045462315135}