{"name": "random-100-22.56-40.json", "solution": {"time": 0.01328498, "max_depth": 100, "is_feasible": true}, "AVD": 31.30203480519442}