{"name": "random-100-6.00-47.json", "solution": {"time": 0.043064656, "max_depth": 5, "is_feasible": false}, "AVD": 17.212993007466068}