{"name": "random-100-22.20-49.json", "solution": {"time": 0.011402064, "max_depth": 100, "is_feasible": true}, "AVD": 31.097749552669143}