{"name": "random-100-7.80-37.json", "solution": {"time": 0.05115684, "max_depth": 5, "is_feasible": false}, "AVD": 18.946215192307367}