{"name": "random-100-8.52-28.json", "solution": {"time": 0.036231929, "max_depth": 100, "is_feasible": true}, "AVD": 19.665940278609902}