{"name": "random-100-8.88-1.json", "solution": {"time": 0.023384642, "max_depth": 100, "is_feasible": true}, "AVD": 19.984643962426112}