{"name": "random-100-19.68-4.json", "solution": {"time": 0.011874099, "max_depth": 100, "is_feasible": true}, "AVD": 29.054446905316528}