{"name": "random-100-21.48-4.json", "solution": {"time": 0.016287783, "max_depth": 100, "is_feasible": true}, "AVD": 30.520982712842315}