{"name": "random-100-22.56-30.json", "solution": {"time": 0.016105289, "max_depth": 100, "is_feasible": true}, "AVD": 31.26766930014393}