{"name": "random-100-20.04-7.json", "solution": {"time": 0.011717332, "max_depth": 100, "is_feasible": true}, "AVD": 29.303308427683074}