{"name": "random-100-20.76-46.json", "solution": {"time": 0.017707742, "max_depth": 100, "is_feasible": true}, "AVD": 29.9064727705624}