{"name": "random-100-23.64-46.json", "solution": {"time": 0.011428407, "max_depth": 100, "is_feasible": true}, "AVD": 32.15398656565616}