{"name": "random-100-21.48-23.json", "solution": {"time": 0.011207253, "max_depth": 100, "is_feasible": true}, "AVD": 30.50776672438634}