{"name": "random-100-7.08-6.json", "solution": {"time": 0.048976314, "max_depth": 4, "is_feasible": false}, "AVD": 18.30412131368595}