{"name": "random-100-11.04-31.json", "solution": {"time": 0.021493968, "max_depth": 100, "is_feasible": true}, "AVD": 21.880087021311734}