{"name": "random-100-17.52-11.json", "solution": {"time": 0.012112534, "max_depth": 100, "is_feasible": true}, "AVD": 27.29733547674516}