{"name": "random-100-21.48-2.json", "solution": {"time": 0.011288524, "max_depth": 100, "is_feasible": true}, "AVD": 30.45941424963889}