{"name": "random-100-13.92-38.json", "solution": {"time": 0.018241305, "max_depth": 100, "is_feasible": true}, "AVD": 24.317105023309704}