{"name": "random-100-21.84-42.json", "solution": {"time": 0.011364713, "max_depth": 100, "is_feasible": true}, "AVD": 30.757741724386356}