{"name": "random-100-15.36-28.json", "solution": {"time": 0.012314423, "max_depth": 100, "is_feasible": true}, "AVD": 25.477790375180028}