{"name": "random-100-20.40-25.json", "solution": {"time": 0.012598104, "max_depth": 100, "is_feasible": true}, "AVD": 29.56998245310209}