{"name": "random-100-8.88-6.json", "solution": {"time": 0.04463162, "max_depth": 100, "is_feasible": true}, "AVD": 19.993763251192927}