{"name": "random-100-20.04-26.json", "solution": {"time": 0.011421372, "max_depth": 100, "is_feasible": true}, "AVD": 29.336390440115064}