{"name": "random-100-8.88-3.json", "solution": {"time": 0.023272091, "max_depth": 100, "is_feasible": true}, "AVD": 19.975076121100802}