{"name": "random-100-23.64-31.json", "solution": {"time": 0.011579355, "max_depth": 100, "is_feasible": true}, "AVD": 32.183716709956315}