{"name": "random-100-11.04-48.json", "solution": {"time": 0.014211921, "max_depth": 100, "is_feasible": true}, "AVD": 21.856270853590544}