{"name": "random-100-17.52-45.json", "solution": {"time": 0.011658421, "max_depth": 100, "is_feasible": true}, "AVD": 27.269199762459408}