{"name": "random-100-21.48-11.json", "solution": {"time": 0.016456912, "max_depth": 100, "is_feasible": true}, "AVD": 30.459197092351737}