{"name": "random-100-11.40-40.json", "solution": {"time": 0.014063214, "max_depth": 100, "is_feasible": true}, "AVD": 22.17970163225634}