{"name": "random-100-17.16-43.json", "solution": {"time": 0.011946735, "max_depth": 100, "is_feasible": true}, "AVD": 26.994646638361306}