{"name": "random-100-9.96-36.json", "solution": {"time": 0.02755298, "max_depth": 100, "is_feasible": true}, "AVD": 20.895899477744152}