{"name": "random-100-12.84-18.json", "solution": {"time": 0.013113985, "max_depth": 100, "is_feasible": true}, "AVD": 23.440661127205818}