{"name": "random-100-15.36-5.json", "solution": {"time": 0.012755796, "max_depth": 100, "is_feasible": true}, "AVD": 25.502486046730752}