{"name": "random-100-19.32-9.json", "solution": {"time": 0.01312485, "max_depth": 100, "is_feasible": true}, "AVD": 28.76618832001295}