{"name": "random-100-9.60-49.json", "solution": {"time": 0.015563504, "max_depth": 100, "is_feasible": true}, "AVD": 20.63862857586826}