{"name": "random-100-6.00-42.json", "solution": {"time": 0.045510806, "max_depth": 2, "is_feasible": false}, "AVD": 17.181086265123405}