{"name": "random-100-14.28-31.json", "solution": {"time": 0.013100424, "max_depth": 100, "is_feasible": true}, "AVD": 24.619362013541718}