{"name": "random-100-23.64-43.json", "solution": {"time": 0.015861295, "max_depth": 100, "is_feasible": true}, "AVD": 32.182674646464235}