{"name": "random-100-17.16-45.json", "solution": {"time": 0.012080603, "max_depth": 100, "is_feasible": true}, "AVD": 26.99247579420545}