{"name": "random-100-9.24-10.json", "solution": {"time": 0.042486569, "max_depth": 100, "is_feasible": true}, "AVD": 20.313647006049194}