{"name": "random-100-17.88-40.json", "solution": {"time": 0.013073843, "max_depth": 100, "is_feasible": true}, "AVD": 27.544076436341097}