{"name": "random-100-20.04-35.json", "solution": {"time": 0.017383571, "max_depth": 100, "is_feasible": true}, "AVD": 29.31869234543197}