{"name": "random-100-7.44-5.json", "solution": {"time": 0.052555975, "max_depth": 9, "is_feasible": false}, "AVD": 18.603804423909096}