{"name": "random-100-12.84-19.json", "solution": {"time": 0.013297035, "max_depth": 100, "is_feasible": true}, "AVD": 23.392716004550707}