{"name": "random-100-24.00-32.json", "solution": {"time": 0.011391779, "max_depth": 100, "is_feasible": true}, "AVD": 32.536173917748535}