{"name": "random-100-16.08-23.json", "solution": {"time": 0.01206921, "max_depth": 100, "is_feasible": true}, "AVD": 26.14514992118958}