{"name": "random-100-24.00-18.json", "solution": {"time": 0.011308584, "max_depth": 100, "is_feasible": true}, "AVD": 32.44621104617567}