{"name": "random-100-15.00-39.json", "solution": {"time": 0.012631681, "max_depth": 100, "is_feasible": true}, "AVD": 25.17717591020057}