{"name": "random-100-16.80-32.json", "solution": {"time": 0.012071605, "max_depth": 100, "is_feasible": true}, "AVD": 26.762183910533587}