{"name": "random-100-20.40-20.json", "solution": {"time": 0.011528986, "max_depth": 100, "is_feasible": true}, "AVD": 29.63785940836903}