{"name": "random-100-21.12-8.json", "solution": {"time": 0.011558991, "max_depth": 100, "is_feasible": true}, "AVD": 30.199280447885048}