{"name": "random-100-18.60-45.json", "solution": {"time": 0.011982629, "max_depth": 100, "is_feasible": true}, "AVD": 28.12870903374367}