{"name": "random-100-14.28-14.json", "solution": {"time": 0.017295885, "max_depth": 100, "is_feasible": true}, "AVD": 24.65856596681064}