{"name": "random-100-9.96-1.json", "solution": {"time": 0.01565104, "max_depth": 100, "is_feasible": true}, "AVD": 20.957681090298248}