{"name": "random-100-6.36-31.json", "solution": {"time": 0.067927164, "max_depth": 8, "is_feasible": false}, "AVD": 17.57557688922157}