{"name": "random-100-11.40-13.json", "solution": {"time": 0.016827475, "max_depth": 100, "is_feasible": true}, "AVD": 22.196371733266414}