{"name": "random-100-19.32-33.json", "solution": {"time": 0.016662619, "max_depth": 100, "is_feasible": true}, "AVD": 28.80941310245273}