{"name": "random-100-10.68-40.json", "solution": {"time": 0.015170528, "max_depth": 100, "is_feasible": true}, "AVD": 21.54157883394354}