{"name": "random-100-11.40-15.json", "solution": {"time": 0.015070361, "max_depth": 100, "is_feasible": true}, "AVD": 22.15402432456402}