{"name": "random-100-19.32-46.json", "solution": {"time": 0.012016474, "max_depth": 100, "is_feasible": true}, "AVD": 28.763002655122303}