{"name": "random-100-21.48-22.json", "solution": {"time": 0.01117986, "max_depth": 100, "is_feasible": true}, "AVD": 30.470925043289654}