{"name": "random-100-17.88-30.json", "solution": {"time": 0.011934936, "max_depth": 100, "is_feasible": true}, "AVD": 27.571320202574874}