{"name": "random-100-20.40-24.json", "solution": {"time": 0.011805381, "max_depth": 100, "is_feasible": true}, "AVD": 29.608818629148264}