{"name": "random-100-20.40-23.json", "solution": {"time": 0.012104574, "max_depth": 100, "is_feasible": true}, "AVD": 29.638999848484474}