{"name": "random-100-17.52-3.json", "solution": {"time": 0.012533227, "max_depth": 100, "is_feasible": true}, "AVD": 27.279088210677866}