{"name": "random-100-21.48-41.json", "solution": {"time": 0.016613741, "max_depth": 100, "is_feasible": true}, "AVD": 30.52374331224293}