{"name": "random-100-23.64-32.json", "solution": {"time": 0.01232879, "max_depth": 100, "is_feasible": true}, "AVD": 32.253782727272345}