{"name": "random-100-14.28-6.json", "solution": {"time": 0.012067775, "max_depth": 100, "is_feasible": true}, "AVD": 24.639580007214693}