{"name": "random-100-7.08-29.json", "solution": {"time": 0.041890994, "max_depth": 3, "is_feasible": false}, "AVD": 18.25340258685726}