{"name": "random-100-15.72-31.json", "solution": {"time": 0.012800157, "max_depth": 100, "is_feasible": true}, "AVD": 25.815743449328142}