{"name": "random-100-6.72-27.json", "solution": {"time": 0.043281706, "max_depth": 3, "is_feasible": false}, "AVD": 17.99449742784958}