{"name": "random-100-9.96-42.json", "solution": {"time": 0.024547228, "max_depth": 100, "is_feasible": true}, "AVD": 20.89769814435532}