{"name": "random-100-16.44-43.json", "solution": {"time": 0.012571768, "max_depth": 100, "is_feasible": true}, "AVD": 26.415574870684544}