{"name": "random-100-10.68-20.json", "solution": {"time": 0.01611214, "max_depth": 100, "is_feasible": true}, "AVD": 21.56546882617351}