{"name": "random-100-15.00-3.json", "solution": {"time": 0.012391535, "max_depth": 100, "is_feasible": true}, "AVD": 25.226373975468654}