{"name": "random-100-9.24-19.json", "solution": {"time": 0.058318419, "max_depth": 5, "is_feasible": false}, "AVD": 20.281658823953485}