{"name": "random-100-24.00-25.json", "solution": {"time": 0.011141266, "max_depth": 100, "is_feasible": true}, "AVD": 32.45082891774853}