{"name": "random-100-7.44-37.json", "solution": {"time": 0.045470247, "max_depth": 4, "is_feasible": false}, "AVD": 18.597560647407814}