{"name": "random-100-12.12-33.json", "solution": {"time": 0.015403736, "max_depth": 100, "is_feasible": true}, "AVD": 22.827038984903663}