{"name": "random-100-24.00-9.json", "solution": {"time": 0.011370455, "max_depth": 100, "is_feasible": true}, "AVD": 32.543325533910114}