{"name": "random-100-13.92-23.json", "solution": {"time": 0.012784232, "max_depth": 100, "is_feasible": true}, "AVD": 24.328342828837503}