{"name": "random-100-9.96-16.json", "solution": {"time": 0.023484258, "max_depth": 100, "is_feasible": true}, "AVD": 20.94368204073671}