{"name": "random-100-10.32-1.json", "solution": {"time": 0.016069674, "max_depth": 100, "is_feasible": true}, "AVD": 21.28831827894295}