{"name": "random-100-22.20-25.json", "solution": {"time": 0.011272383, "max_depth": 100, "is_feasible": true}, "AVD": 30.9946996753243}