{"name": "random-100-6.00-32.json", "solution": {"time": 0.03950783, "max_depth": 3, "is_feasible": false}, "AVD": 17.149738792318452}