{"name": "random-100-21.12-46.json", "solution": {"time": 0.011335051, "max_depth": 100, "is_feasible": true}, "AVD": 30.19366474025937}