{"name": "random-100-15.72-36.json", "solution": {"time": 0.012194639, "max_depth": 100, "is_feasible": true}, "AVD": 25.797324206348872}