{"name": "random-100-20.76-0.json", "solution": {"time": 0.012949846, "max_depth": 100, "is_feasible": true}, "AVD": 29.91302050560513}