{"name": "random-100-12.48-3.json", "solution": {"time": 0.014159044, "max_depth": 100, "is_feasible": true}, "AVD": 23.140799257408958}