{"name": "random-100-14.64-3.json", "solution": {"time": 0.012591284, "max_depth": 100, "is_feasible": true}, "AVD": 24.938171277055968}