{"name": "random-100-14.64-10.json", "solution": {"time": 0.018325111, "max_depth": 100, "is_feasible": true}, "AVD": 24.929883312798}