{"name": "random-100-7.08-33.json", "solution": {"time": 0.056608553, "max_depth": 7, "is_feasible": false}, "AVD": 18.31977098845562}