{"name": "random-100-17.88-5.json", "solution": {"time": 0.012702598, "max_depth": 100, "is_feasible": true}, "AVD": 27.575282734487395}