{"name": "random-100-13.56-37.json", "solution": {"time": 0.018625086, "max_depth": 100, "is_feasible": true}, "AVD": 24.02116313963781}