{"name": "random-100-7.08-43.json", "solution": {"time": 0.051023401, "max_depth": 6, "is_feasible": false}, "AVD": 18.32356019813487}