{"name": "random-100-10.68-25.json", "solution": {"time": 0.014565311, "max_depth": 100, "is_feasible": true}, "AVD": 21.52604267066236}