{"name": "random-100-15.00-31.json", "solution": {"time": 0.012478684, "max_depth": 100, "is_feasible": true}, "AVD": 25.215419416139117}