{"name": "random-100-18.96-18.json", "solution": {"time": 0.023126258, "max_depth": 100, "is_feasible": true}, "AVD": 28.455094250193916}