{"name": "random-100-7.08-47.json", "solution": {"time": 0.055408593, "max_depth": 8, "is_feasible": false}, "AVD": 18.287643705738393}