{"name": "random-100-19.32-49.json", "solution": {"time": 0.012237992, "max_depth": 100, "is_feasible": true}, "AVD": 28.772337503607133}