{"name": "random-100-18.24-26.json", "solution": {"time": 0.011822016, "max_depth": 100, "is_feasible": true}, "AVD": 27.887597178931827}