{"name": "random-100-7.08-16.json", "solution": {"time": 0.070845799, "max_depth": 7, "is_feasible": false}, "AVD": 18.21186780830247}