{"name": "random-100-7.08-21.json", "solution": {"time": 0.061808, "max_depth": 7, "is_feasible": false}, "AVD": 18.296744832667}