{"name": "random-100-19.32-0.json", "solution": {"time": 0.011658287, "max_depth": 100, "is_feasible": true}, "AVD": 28.77197578033039}