{"name": "random-100-20.40-18.json", "solution": {"time": 0.016660148, "max_depth": 100, "is_feasible": true}, "AVD": 29.616673680208322}