{"name": "random-100-21.12-22.json", "solution": {"time": 0.011970853, "max_depth": 100, "is_feasible": true}, "AVD": 30.17646194805156}