{"name": "random-100-17.52-17.json", "solution": {"time": 0.012378153, "max_depth": 100, "is_feasible": true}, "AVD": 27.261097900987544}