{"name": "random-100-21.84-39.json", "solution": {"time": 0.016859722, "max_depth": 100, "is_feasible": true}, "AVD": 30.762447041846663}