{"name": "random-100-19.68-23.json", "solution": {"time": 0.01201518, "max_depth": 100, "is_feasible": true}, "AVD": 29.040406515151144}