{"name": "random-100-12.12-36.json", "solution": {"time": 0.013115938, "max_depth": 100, "is_feasible": true}, "AVD": 22.79477049950016}