{"name": "random-100-13.92-16.json", "solution": {"time": 0.01311922, "max_depth": 100, "is_feasible": true}, "AVD": 24.34101569985539}