{"name": "random-100-8.52-13.json", "solution": {"time": 0.069738784, "max_depth": 100, "is_feasible": true}, "AVD": 19.624024269618932}