{"name": "random-100-13.20-37.json", "solution": {"time": 0.014136134, "max_depth": 100, "is_feasible": true}, "AVD": 23.706828695193373}