{"name": "random-100-9.24-16.json", "solution": {"time": 0.023509692, "max_depth": 100, "is_feasible": true}, "AVD": 20.266408597513266}