{"name": "random-100-18.96-28.json", "solution": {"time": 0.011481566, "max_depth": 100, "is_feasible": true}, "AVD": 28.36942984848448}