{"name": "random-100-23.28-49.json", "solution": {"time": 0.011963776, "max_depth": 100, "is_feasible": true}, "AVD": 31.953924220778816}