{"name": "random-100-12.12-15.json", "solution": {"time": 0.016033601, "max_depth": 100, "is_feasible": true}, "AVD": 22.761085110444796}