{"name": "random-100-12.48-10.json", "solution": {"time": 0.013195164, "max_depth": 100, "is_feasible": true}, "AVD": 23.12865010877981}