{"name": "random-100-23.28-27.json", "solution": {"time": 0.011338216, "max_depth": 100, "is_feasible": true}, "AVD": 31.93376502885963}