{"name": "random-100-10.68-45.json", "solution": {"time": 0.013779494, "max_depth": 100, "is_feasible": true}, "AVD": 21.55010990897961}