{"name": "random-100-21.12-9.json", "solution": {"time": 0.016355468, "max_depth": 100, "is_feasible": true}, "AVD": 30.217512186701796}