{"name": "random-100-6.72-23.json", "solution": {"time": 0.044962416, "max_depth": 4, "is_feasible": false}, "AVD": 17.952153634698302}