{"name": "random-100-21.84-35.json", "solution": {"time": 0.016718297, "max_depth": 100, "is_feasible": true}, "AVD": 30.724396421356065}