{"name": "random-100-10.68-26.json", "solution": {"time": 0.019804828, "max_depth": 100, "is_feasible": true}, "AVD": 21.581521704961393}