{"name": "random-100-6.00-10.json", "solution": {"time": 0.045056936, "max_depth": 3, "is_feasible": false}, "AVD": 17.22954319846788}