{"name": "random-100-21.48-24.json", "solution": {"time": 0.012061558, "max_depth": 100, "is_feasible": true}, "AVD": 30.453892770562398}