{"name": "random-100-9.60-43.json", "solution": {"time": 0.046664914, "max_depth": 100, "is_feasible": true}, "AVD": 20.62349141247608}