{"name": "random-100-21.48-47.json", "solution": {"time": 0.016144018, "max_depth": 100, "is_feasible": true}, "AVD": 30.433963852813495}