{"name": "random-100-11.76-35.json", "solution": {"time": 0.016253229, "max_depth": 100, "is_feasible": true}, "AVD": 22.49635987532044}