{"name": "random-100-24.00-33.json", "solution": {"time": 0.016331906, "max_depth": 100, "is_feasible": true}, "AVD": 32.52105525252484}