{"name": "random-100-23.28-34.json", "solution": {"time": 0.011315005, "max_depth": 100, "is_feasible": true}, "AVD": 31.965017684537298}