{"name": "random-100-14.28-35.json", "solution": {"time": 0.015456769, "max_depth": 100, "is_feasible": true}, "AVD": 24.617291732156424}