{"name": "random-100-23.64-17.json", "solution": {"time": 0.011545537, "max_depth": 100, "is_feasible": true}, "AVD": 32.19304864357825}