{"name": "random-100-6.72-48.json", "solution": {"time": 0.050793478, "max_depth": 8, "is_feasible": false}, "AVD": 17.88377692057909}