{"name": "random-100-13.20-48.json", "solution": {"time": 0.013718043, "max_depth": 100, "is_feasible": true}, "AVD": 23.711555369630062}