{"name": "random-100-17.16-20.json", "solution": {"time": 0.012635064, "max_depth": 100, "is_feasible": true}, "AVD": 26.997274891774563}