{"name": "random-100-12.84-1.json", "solution": {"time": 0.012576937, "max_depth": 100, "is_feasible": true}, "AVD": 23.458583890553573}