{"name": "random-100-23.64-22.json", "solution": {"time": 0.012057171, "max_depth": 100, "is_feasible": true}, "AVD": 32.22034852092311}