{"name": "random-100-13.56-31.json", "solution": {"time": 0.012564571, "max_depth": 100, "is_feasible": true}, "AVD": 24.033862244421943}