{"name": "random-100-13.20-44.json", "solution": {"time": 0.018498337, "max_depth": 100, "is_feasible": true}, "AVD": 23.751363428238115}