{"name": "random-100-9.24-30.json", "solution": {"time": 0.017824092, "max_depth": 100, "is_feasible": true}, "AVD": 20.353320196192385}