{"name": "random-100-9.24-38.json", "solution": {"time": 0.064492285, "max_depth": 100, "is_feasible": true}, "AVD": 20.258997558552238}