{"name": "random-100-19.68-37.json", "solution": {"time": 0.017105381, "max_depth": 100, "is_feasible": true}, "AVD": 29.027584033188667}