{"name": "random-100-9.96-7.json", "solution": {"time": 0.017142107, "max_depth": 100, "is_feasible": true}, "AVD": 20.854311727161427}