{"name": "random-100-13.20-1.json", "solution": {"time": 0.018163548, "max_depth": 100, "is_feasible": true}, "AVD": 23.75681371739341}