{"name": "random-100-9.24-15.json", "solution": {"time": 0.060812167, "max_depth": 7, "is_feasible": false}, "AVD": 20.259313260627934}