{"name": "random-100-16.08-45.json", "solution": {"time": 0.017646345, "max_depth": 100, "is_feasible": true}, "AVD": 26.10006500776967}