{"name": "random-100-16.80-28.json", "solution": {"time": 0.016862464, "max_depth": 100, "is_feasible": true}, "AVD": 26.654810562770226}