{"name": "random-100-9.60-38.json", "solution": {"time": 0.030484201, "max_depth": 100, "is_feasible": true}, "AVD": 20.56858273837242}