{"name": "random-100-20.76-42.json", "solution": {"time": 0.012307512, "max_depth": 100, "is_feasible": true}, "AVD": 29.894256580086207}