{"name": "random-100-7.80-47.json", "solution": {"time": 0.068167324, "max_depth": 8, "is_feasible": false}, "AVD": 18.961090354367542}