{"name": "random-100-23.64-13.json", "solution": {"time": 0.01680856, "max_depth": 100, "is_feasible": true}, "AVD": 32.163731681096294}