{"name": "random-100-12.84-12.json", "solution": {"time": 0.017966452, "max_depth": 100, "is_feasible": true}, "AVD": 23.39486840659309}