{"name": "random-100-13.92-27.json", "solution": {"time": 0.01312225, "max_depth": 100, "is_feasible": true}, "AVD": 24.321099114218818}