{"name": "random-100-19.32-12.json", "solution": {"time": 0.016792217, "max_depth": 100, "is_feasible": true}, "AVD": 28.719266594516224}