{"name": "random-100-17.16-41.json", "solution": {"time": 0.012148817, "max_depth": 100, "is_feasible": true}, "AVD": 27.02722678987646}