{"name": "random-100-9.24-13.json", "solution": {"time": 0.075735543, "max_depth": 100, "is_feasible": true}, "AVD": 20.279846620046285}