{"name": "random-100-15.36-24.json", "solution": {"time": 0.012464944, "max_depth": 100, "is_feasible": true}, "AVD": 25.48476900543868}