{"name": "random-100-22.92-16.json", "solution": {"time": 0.012367695, "max_depth": 100, "is_feasible": true}, "AVD": 31.552336269840893}