{"name": "random-100-19.68-49.json", "solution": {"time": 0.011225278, "max_depth": 100, "is_feasible": true}, "AVD": 29.04439623376586}