{"name": "random-100-11.40-46.json", "solution": {"time": 0.022744424, "max_depth": 100, "is_feasible": true}, "AVD": 22.205716559551234}