{"name": "random-100-10.32-7.json", "solution": {"time": 0.016965455, "max_depth": 100, "is_feasible": true}, "AVD": 21.15381052836023}