{"name": "random-100-23.28-35.json", "solution": {"time": 0.010899672, "max_depth": 100, "is_feasible": true}, "AVD": 31.893238232322854}