{"name": "random-100-6.00-15.json", "solution": {"time": 0.04164982, "max_depth": 3, "is_feasible": false}, "AVD": 17.193345954323117}