{"name": "random-100-9.60-31.json", "solution": {"time": 0.0160061, "max_depth": 100, "is_feasible": true}, "AVD": 20.618534575979265}