{"name": "random-100-9.96-38.json", "solution": {"time": 0.019244064, "max_depth": 100, "is_feasible": true}, "AVD": 20.901172969252652}