{"name": "random-100-7.44-35.json", "solution": {"time": 0.042309582, "max_depth": 4, "is_feasible": false}, "AVD": 18.646168610774854}