{"name": "random-100-19.68-28.json", "solution": {"time": 0.011596724, "max_depth": 100, "is_feasible": true}, "AVD": 28.945136406926032}