{"name": "random-100-7.80-12.json", "solution": {"time": 0.07061669, "max_depth": 10, "is_feasible": false}, "AVD": 18.963250604117793}