{"name": "random-100-17.16-26.json", "solution": {"time": 0.011791323, "max_depth": 100, "is_feasible": true}, "AVD": 26.99325748196215}