{"name": "random-100-16.44-21.json", "solution": {"time": 0.012489535, "max_depth": 100, "is_feasible": true}, "AVD": 26.43898850704818}