{"name": "random-100-11.76-3.json", "solution": {"time": 0.013086981, "max_depth": 100, "is_feasible": true}, "AVD": 22.499322236651928}