{"name": "random-100-20.76-30.json", "solution": {"time": 0.011867918, "max_depth": 100, "is_feasible": true}, "AVD": 29.855714076478716}