{"name": "random-100-19.68-46.json", "solution": {"time": 0.011894284, "max_depth": 100, "is_feasible": true}, "AVD": 29.056127099566737}