{"name": "random-100-21.84-4.json", "solution": {"time": 0.01146685, "max_depth": 100, "is_feasible": true}, "AVD": 30.802990598845195}