{"name": "random-100-19.68-21.json", "solution": {"time": 0.011962151, "max_depth": 100, "is_feasible": true}, "AVD": 29.073232243866872}