{"name": "random-100-21.48-7.json", "solution": {"time": 0.011425968, "max_depth": 100, "is_feasible": true}, "AVD": 30.45702428626892}