{"name": "random-100-7.08-18.json", "solution": {"time": 0.048072769, "max_depth": 4, "is_feasible": false}, "AVD": 18.28899070873536}