{"name": "random-100-15.72-47.json", "solution": {"time": 0.011856031, "max_depth": 100, "is_feasible": true}, "AVD": 25.784811652791344}