{"name": "random-100-18.96-33.json", "solution": {"time": 0.012798997, "max_depth": 100, "is_feasible": true}, "AVD": 28.49959086580049}