{"name": "random-100-9.60-2.json", "solution": {"time": 0.024461269, "max_depth": 100, "is_feasible": true}, "AVD": 20.601633472083137}