{"name": "random-100-12.84-34.json", "solution": {"time": 0.012893935, "max_depth": 100, "is_feasible": true}, "AVD": 23.443820614385277}