{"name": "random-100-9.96-46.json", "solution": {"time": 0.021083691, "max_depth": 100, "is_feasible": true}, "AVD": 20.910056378343548}