{"name": "random-100-23.28-0.json", "solution": {"time": 0.016938848, "max_depth": 100, "is_feasible": true}, "AVD": 31.915536429126043}