{"name": "random-100-22.56-9.json", "solution": {"time": 0.010979894, "max_depth": 100, "is_feasible": true}, "AVD": 31.4072526118322}