{"name": "random-100-6.72-2.json", "solution": {"time": 0.049680012, "max_depth": 4, "is_feasible": false}, "AVD": 17.896768240370392}