{"name": "random-100-7.08-45.json", "solution": {"time": 0.040978307, "max_depth": 3, "is_feasible": false}, "AVD": 18.27072292651758}