{"name": "random-100-8.52-11.json", "solution": {"time": 0.08840749, "max_depth": 16, "is_feasible": false}, "AVD": 19.676921492118666}