{"name": "random-100-6.00-36.json", "solution": {"time": 0.041284402, "max_depth": 4, "is_feasible": false}, "AVD": 17.185854364246506}