{"name": "random-100-9.24-43.json", "solution": {"time": 0.040392052, "max_depth": 100, "is_feasible": true}, "AVD": 20.318603310022972}