{"name": "random-100-14.28-13.json", "solution": {"time": 0.01351031, "max_depth": 100, "is_feasible": true}, "AVD": 24.640868376623065}