{"name": "random-100-7.44-31.json", "solution": {"time": 0.078879832, "max_depth": 8, "is_feasible": false}, "AVD": 18.624919186368878}