{"name": "random-100-11.76-40.json", "solution": {"time": 0.020363231, "max_depth": 100, "is_feasible": true}, "AVD": 22.475774965034667}