{"name": "random-100-21.84-38.json", "solution": {"time": 0.01179451, "max_depth": 100, "is_feasible": true}, "AVD": 30.770423059717686}