{"name": "random-100-18.60-15.json", "solution": {"time": 0.01205164, "max_depth": 100, "is_feasible": true}, "AVD": 28.13010160950127}