{"name": "random-100-7.44-30.json", "solution": {"time": 0.058808056, "max_depth": 14, "is_feasible": false}, "AVD": 18.679195651766204}