{"name": "random-100-19.68-47.json", "solution": {"time": 0.011671748, "max_depth": 100, "is_feasible": true}, "AVD": 29.019628643578297}