{"name": "random-100-16.80-17.json", "solution": {"time": 0.012099473, "max_depth": 100, "is_feasible": true}, "AVD": 26.68631171051136}