{"name": "random-100-7.80-34.json", "solution": {"time": 0.068254169, "max_depth": 7, "is_feasible": false}, "AVD": 18.979382744754886}