{"name": "random-100-17.52-37.json", "solution": {"time": 0.017746356, "max_depth": 100, "is_feasible": true}, "AVD": 27.287891096680752}