{"name": "random-100-7.80-8.json", "solution": {"time": 0.099014537, "max_depth": 13, "is_feasible": false}, "AVD": 18.9701396583968}