{"name": "random-100-12.12-49.json", "solution": {"time": 0.015843455, "max_depth": 100, "is_feasible": true}, "AVD": 22.84357040570511}