{"name": "random-100-9.24-45.json", "solution": {"time": 0.066029865, "max_depth": 9, "is_feasible": false}, "AVD": 20.259830704850387}