{"name": "random-100-6.36-0.json", "solution": {"time": 0.053976296, "max_depth": 8, "is_feasible": false}, "AVD": 17.595721674991303}