{"name": "random-100-18.24-36.json", "solution": {"time": 0.017792775, "max_depth": 100, "is_feasible": true}, "AVD": 27.84705216450183}