{"name": "random-100-18.96-8.json", "solution": {"time": 0.012052468, "max_depth": 100, "is_feasible": true}, "AVD": 28.45458925019388}