{"name": "random-100-24.00-35.json", "solution": {"time": 0.016063275, "max_depth": 100, "is_feasible": true}, "AVD": 32.462725202019826}