{"name": "random-100-18.24-1.json", "solution": {"time": 0.011670804, "max_depth": 100, "is_feasible": true}, "AVD": 27.898425390165077}