{"name": "random-100-12.84-31.json", "solution": {"time": 0.013404984, "max_depth": 100, "is_feasible": true}, "AVD": 23.434317208346915}