{"name": "random-100-22.20-10.json", "solution": {"time": 0.017614736, "max_depth": 100, "is_feasible": true}, "AVD": 31.013721341990944}