{"name": "random-100-18.24-43.json", "solution": {"time": 0.012430189, "max_depth": 100, "is_feasible": true}, "AVD": 27.888353585858244}