{"name": "random-100-16.80-19.json", "solution": {"time": 0.011716918, "max_depth": 100, "is_feasible": true}, "AVD": 26.688638275612956}