{"name": "random-100-16.08-20.json", "solution": {"time": 0.012273597, "max_depth": 100, "is_feasible": true}, "AVD": 26.101263520923204}