{"name": "random-100-9.24-4.json", "solution": {"time": 0.019158037, "max_depth": 100, "is_feasible": true}, "AVD": 20.2830235403482}