{"name": "random-100-18.60-5.json", "solution": {"time": 0.011686816, "max_depth": 100, "is_feasible": true}, "AVD": 28.18547430735896}