{"name": "random-60-12.40-6.json", "solution": {"time": 0.003340703, "max_depth": 60, "is_feasible": true}, "AVD": 17.684713203463204}