{"name": "random-60-7.40-12.json", "solution": {"time": 0.003512019, "max_depth": 60, "is_feasible": true}, "AVD": 13.583782327240634}