{"name": "random-60-7.60-5.json", "solution": {"time": 0.003503219, "max_depth": 60, "is_feasible": true}, "AVD": 13.743094336219313}