{"name": "random-60-8.40-39.json", "solution": {"time": 0.003812408, "max_depth": 60, "is_feasible": true}, "AVD": 14.48978441157607}