{"name": "random-60-4.80-34.json", "solution": {"time": 0.014199076, "max_depth": 6, "is_feasible": false}, "AVD": 11.236019332519296}