{"name": "random-60-12.80-40.json", "solution": {"time": 0.003349724, "max_depth": 60, "is_feasible": true}, "AVD": 18.008524470899474}