{"name": "random-60-12.20-6.json", "solution": {"time": 0.003280269, "max_depth": 60, "is_feasible": true}, "AVD": 17.521737233445567}