{"name": "random-60-8.40-4.json", "solution": {"time": 0.00434303, "max_depth": 60, "is_feasible": true}, "AVD": 14.398934804393123}