{"name": "random-60-6.60-45.json", "solution": {"time": 0.009427898, "max_depth": 60, "is_feasible": true}, "AVD": 12.899593910718893}