{"name": "random-60-13.40-31.json", "solution": {"time": 0.00340854, "max_depth": 60, "is_feasible": true}, "AVD": 18.45612798621132}