{"name": "random-60-4.20-31.json", "solution": {"time": 0.008295115, "max_depth": 2, "is_feasible": false}, "AVD": 10.7075193078526}