{"name": "random-60-11.00-2.json", "solution": {"time": 0.003158654, "max_depth": 60, "is_feasible": true}, "AVD": 16.573815375982036}