{"name": "random-60-12.20-13.json", "solution": {"time": 0.005980127, "max_depth": 60, "is_feasible": true}, "AVD": 17.495554032387368}