{"name": "random-60-7.80-37.json", "solution": {"time": 0.00692896, "max_depth": 60, "is_feasible": true}, "AVD": 13.905548280423261}