{"name": "random-60-9.60-7.json", "solution": {"time": 0.003553392, "max_depth": 60, "is_feasible": true}, "AVD": 15.41274927849927}