{"name": "random-60-13.00-32.json", "solution": {"time": 0.005277919, "max_depth": 60, "is_feasible": true}, "AVD": 18.195639550264556}