{"name": "random-60-5.00-29.json", "solution": {"time": 0.01017693, "max_depth": 3, "is_feasible": false}, "AVD": 11.507624068832373}