{"name": "random-60-14.00-30.json", "solution": {"time": 0.00360171, "max_depth": 60, "is_feasible": true}, "AVD": 18.92694025573193}