{"name": "random-60-12.40-21.json", "solution": {"time": 0.003249957, "max_depth": 60, "is_feasible": true}, "AVD": 17.688505531505538}