{"name": "random-60-11.40-13.json", "solution": {"time": 0.003153204, "max_depth": 60, "is_feasible": true}, "AVD": 16.870370049703386}