{"name": "random-60-13.00-18.json", "solution": {"time": 0.00340283, "max_depth": 60, "is_feasible": true}, "AVD": 18.252739638447977}