{"name": "random-60-10.40-0.json", "solution": {"time": 0.003698904, "max_depth": 60, "is_feasible": true}, "AVD": 16.04789331810164}