{"name": "random-60-6.20-30.json", "solution": {"time": 0.011973692, "max_depth": 3, "is_feasible": false}, "AVD": 12.539902467131615}