{"name": "random-60-10.00-2.json", "solution": {"time": 0.003151491, "max_depth": 60, "is_feasible": true}, "AVD": 15.741279561487882}