{"name": "random-60-9.00-23.json", "solution": {"time": 0.003683478, "max_depth": 60, "is_feasible": true}, "AVD": 14.924664076664065}