{"name": "random-60-11.80-45.json", "solution": {"time": 0.003148939, "max_depth": 60, "is_feasible": true}, "AVD": 17.20161926807761}