{"name": "random-60-13.00-0.json", "solution": {"time": 0.006526508, "max_depth": 60, "is_feasible": true}, "AVD": 18.15798645181979}