{"name": "random-60-13.20-31.json", "solution": {"time": 0.003781864, "max_depth": 60, "is_feasible": true}, "AVD": 18.288727633477638}