{"name": "random-60-13.60-43.json", "solution": {"time": 0.003402423, "max_depth": 60, "is_feasible": true}, "AVD": 18.6592987213404}