{"name": "random-60-6.40-11.json", "solution": {"time": 0.011764895, "max_depth": 6, "is_feasible": false}, "AVD": 12.689852853936163}