{"name": "random-60-6.80-35.json", "solution": {"time": 0.016412573, "max_depth": 5, "is_feasible": false}, "AVD": 13.073574835658155}