{"name": "random-60-11.80-8.json", "solution": {"time": 0.005803436, "max_depth": 60, "is_feasible": true}, "AVD": 17.192946548821546}