{"name": "random-60-13.80-17.json", "solution": {"time": 0.003273754, "max_depth": 60, "is_feasible": true}, "AVD": 18.798377645502658}