{"name": "random-60-13.20-33.json", "solution": {"time": 0.003491513, "max_depth": 60, "is_feasible": true}, "AVD": 18.328831930415273}