{"name": "random-60-6.60-33.json", "solution": {"time": 0.019945631, "max_depth": 9, "is_feasible": false}, "AVD": 12.95134626715875}