{"name": "random-60-10.60-39.json", "solution": {"time": 0.003327294, "max_depth": 60, "is_feasible": true}, "AVD": 16.269057439474107}