{"name": "random-60-4.60-5.json", "solution": {"time": 0.009455511, "max_depth": 3, "is_feasible": false}, "AVD": 11.051202868890334}