{"name": "random-60-13.80-24.json", "solution": {"time": 0.003358886, "max_depth": 60, "is_feasible": true}, "AVD": 18.814072651114326}