{"name": "random-60-7.00-4.json", "solution": {"time": 0.003932625, "max_depth": 60, "is_feasible": true}, "AVD": 13.226968514510157}