{"name": "random-60-11.60-15.json", "solution": {"time": 0.003323732, "max_depth": 60, "is_feasible": true}, "AVD": 17.005924382716053}