{"name": "random-60-14.00-14.json", "solution": {"time": 0.00341405, "max_depth": 60, "is_feasible": true}, "AVD": 18.988102853936187}