{"name": "random-60-9.60-16.json", "solution": {"time": 0.003637107, "max_depth": 60, "is_feasible": true}, "AVD": 15.395612894821216}