{"name": "random-60-9.40-45.json", "solution": {"time": 0.003747741, "max_depth": 60, "is_feasible": true}, "AVD": 15.246056778098433}