{"name": "random-60-12.60-47.json", "solution": {"time": 0.005079371, "max_depth": 60, "is_feasible": true}, "AVD": 17.826802028218697}