{"name": "random-60-9.60-20.json", "solution": {"time": 0.0044145, "max_depth": 60, "is_feasible": true}, "AVD": 15.394255872214186}