{"name": "random-60-10.60-27.json", "solution": {"time": 0.003466778, "max_depth": 60, "is_feasible": true}, "AVD": 16.255878427128415}