{"name": "random-60-6.20-13.json", "solution": {"time": 0.040676793, "max_depth": 60, "is_feasible": true}, "AVD": 12.532950006783318}