{"name": "random-60-13.20-5.json", "solution": {"time": 0.00364287, "max_depth": 60, "is_feasible": true}, "AVD": 18.29801895943563}