{"name": "random-60-7.00-32.json", "solution": {"time": 0.01669536, "max_depth": 60, "is_feasible": true}, "AVD": 13.286979477312787}