{"name": "random-60-5.00-4.json", "solution": {"time": 0.010315872, "max_depth": 3, "is_feasible": false}, "AVD": 11.446463539546837}