{"name": "random-60-8.60-5.json", "solution": {"time": 0.003658226, "max_depth": 60, "is_feasible": true}, "AVD": 14.609088704505355}