{"name": "random-60-13.60-26.json", "solution": {"time": 0.003809437, "max_depth": 60, "is_feasible": true}, "AVD": 18.67297530864197}