{"name": "random-60-13.40-32.json", "solution": {"time": 0.006062417, "max_depth": 60, "is_feasible": true}, "AVD": 18.513374779541454}