{"name": "random-60-6.80-22.json", "solution": {"time": 0.017031342, "max_depth": 60, "is_feasible": true}, "AVD": 13.051684358851007}