{"name": "random-60-10.80-31.json", "solution": {"time": 0.003653412, "max_depth": 60, "is_feasible": true}, "AVD": 16.373469937469928}