{"name": "random-60-7.40-36.json", "solution": {"time": 0.0063066, "max_depth": 60, "is_feasible": true}, "AVD": 13.581273669231981}