{"name": "random-60-4.60-30.json", "solution": {"time": 0.008614848, "max_depth": 0, "is_feasible": false}, "AVD": 11.125112028403674}