{"name": "random-60-5.60-47.json", "solution": {"time": 0.020833878, "max_depth": 7, "is_feasible": false}, "AVD": 12.011927148468788}