{"name": "random-60-4.40-47.json", "solution": {"time": 0.010256234, "max_depth": 4, "is_feasible": false}, "AVD": 10.901777799361103}