{"name": "random-60-5.60-32.json", "solution": {"time": 0.017116029, "max_depth": 6, "is_feasible": false}, "AVD": 12.076768754393724}