{"name": "random-60-7.20-45.json", "solution": {"time": 0.004485982, "max_depth": 60, "is_feasible": true}, "AVD": 13.422517917267896}