{"name": "random-60-4.40-33.json", "solution": {"time": 0.013505691, "max_depth": 4, "is_feasible": false}, "AVD": 10.901299173819961}