{"name": "random-60-5.00-39.json", "solution": {"time": 0.008143767, "max_depth": 2, "is_feasible": false}, "AVD": 11.498176257384563}