{"name": "random-60-8.80-38.json", "solution": {"time": 0.003553176, "max_depth": 60, "is_feasible": true}, "AVD": 14.794248937790586}