{"name": "random-60-10.00-8.json", "solution": {"time": 0.003748692, "max_depth": 60, "is_feasible": true}, "AVD": 15.76638241079907}