{"name": "random-60-11.20-20.json", "solution": {"time": 0.002980783, "max_depth": 60, "is_feasible": true}, "AVD": 16.693893538560193}