{"name": "random-60-8.40-36.json", "solution": {"time": 0.003969825, "max_depth": 60, "is_feasible": true}, "AVD": 14.428146244187898}