{"name": "random-60-10.80-17.json", "solution": {"time": 0.005831692, "max_depth": 60, "is_feasible": true}, "AVD": 16.39290225669392}