{"name": "random-60-7.80-1.json", "solution": {"time": 0.016120686, "max_depth": 60, "is_feasible": true}, "AVD": 13.918503567420208}