{"name": "random-60-13.00-39.json", "solution": {"time": 0.003383228, "max_depth": 60, "is_feasible": true}, "AVD": 18.153332231040572}