{"name": "random-60-11.20-13.json", "solution": {"time": 0.003342188, "max_depth": 60, "is_feasible": true}, "AVD": 16.690772386564056}