{"name": "random-60-5.80-44.json", "solution": {"time": 0.016365559, "max_depth": 9, "is_feasible": false}, "AVD": 12.20586683840848}