{"name": "random-60-12.80-6.json", "solution": {"time": 0.003144612, "max_depth": 60, "is_feasible": true}, "AVD": 17.9764119368286}