{"name": "random-60-14.00-11.json", "solution": {"time": 0.003302365, "max_depth": 60, "is_feasible": true}, "AVD": 18.94448985890653}