{"name": "random-60-8.40-13.json", "solution": {"time": 0.005702059, "max_depth": 60, "is_feasible": true}, "AVD": 14.419829661079653}