{"name": "random-60-10.80-8.json", "solution": {"time": 0.00586888, "max_depth": 60, "is_feasible": true}, "AVD": 16.400859788359785}