{"name": "random-60-4.00-39.json", "solution": {"time": 0.008431528, "max_depth": 0, "is_feasible": false}, "AVD": 10.541195263070229}