{"name": "random-60-6.00-34.json", "solution": {"time": 0.007970222, "max_depth": 60, "is_feasible": true}, "AVD": 12.352753673795315}