{"name": "random-60-8.00-34.json", "solution": {"time": 0.004046738, "max_depth": 60, "is_feasible": true}, "AVD": 14.083834531209508}