{"name": "random-60-9.20-20.json", "solution": {"time": 0.011283523, "max_depth": 60, "is_feasible": true}, "AVD": 15.090917919272073}