{"name": "random-60-6.20-49.json", "solution": {"time": 0.015027328, "max_depth": 60, "is_feasible": true}, "AVD": 12.550539577706212}