{"name": "random-60-9.00-35.json", "solution": {"time": 0.007363227, "max_depth": 60, "is_feasible": true}, "AVD": 14.922448452781776}