{"name": "random-60-5.20-22.json", "solution": {"time": 0.01089902, "max_depth": 4, "is_feasible": false}, "AVD": 11.656129645046294}