{"name": "random-60-8.80-21.json", "solution": {"time": 0.003407037, "max_depth": 60, "is_feasible": true}, "AVD": 14.765378587461903}