{"name": "random-60-5.60-20.json", "solution": {"time": 0.011779552, "max_depth": 2, "is_feasible": false}, "AVD": 12.044491788304263}