{"name": "random-60-4.60-19.json", "solution": {"time": 0.009976855, "max_depth": 4, "is_feasible": false}, "AVD": 11.133223036223}