{"name": "random-60-5.80-34.json", "solution": {"time": 0.007769572, "max_depth": 60, "is_feasible": true}, "AVD": 12.169865771574083}