{"name": "random-60-10.80-30.json", "solution": {"time": 0.003856154, "max_depth": 60, "is_feasible": true}, "AVD": 16.353849346641006}