{"name": "random-60-11.60-33.json", "solution": {"time": 0.003605702, "max_depth": 60, "is_feasible": true}, "AVD": 17.05585707810708}