{"name": "random-60-7.80-45.json", "solution": {"time": 0.004195981, "max_depth": 60, "is_feasible": true}, "AVD": 13.917631894340207}