{"name": "random-60-6.20-8.json", "solution": {"time": 0.015982466, "max_depth": 5, "is_feasible": false}, "AVD": 12.538261203302847}