{"name": "random-60-12.00-32.json", "solution": {"time": 0.005203131, "max_depth": 60, "is_feasible": true}, "AVD": 17.363546296296303}