{"name": "random-60-13.60-41.json", "solution": {"time": 0.003442689, "max_depth": 60, "is_feasible": true}, "AVD": 18.64995238095239}