{"name": "random-60-9.00-43.json", "solution": {"time": 0.004148125, "max_depth": 60, "is_feasible": true}, "AVD": 14.901121568246554}