{"name": "random-60-11.20-21.json", "solution": {"time": 0.003174948, "max_depth": 60, "is_feasible": true}, "AVD": 16.71355325076158}