{"name": "random-60-4.00-46.json", "solution": {"time": 0.008889038, "max_depth": 0, "is_feasible": false}, "AVD": 10.489847709389343}