{"name": "random-60-9.00-46.json", "solution": {"time": 0.007742431, "max_depth": 60, "is_feasible": true}, "AVD": 14.929938973063956}