{"name": "random-60-12.00-48.json", "solution": {"time": 0.002859017, "max_depth": 60, "is_feasible": true}, "AVD": 17.376039462081128}