{"name": "random-60-4.20-25.json", "solution": {"time": 0.008498758, "max_depth": 2, "is_feasible": false}, "AVD": 10.68807513936677}