{"name": "random-60-4.20-33.json", "solution": {"time": 0.01165443, "max_depth": 3, "is_feasible": false}, "AVD": 10.715788070725528}