{"name": "random-60-10.60-8.json", "solution": {"time": 0.003771332, "max_depth": 60, "is_feasible": true}, "AVD": 16.233647707231036}