{"name": "random-60-11.00-28.json", "solution": {"time": 0.003353527, "max_depth": 60, "is_feasible": true}, "AVD": 16.588445922904253}