{"name": "random-60-4.00-45.json", "solution": {"time": 0.009233783, "max_depth": 3, "is_feasible": false}, "AVD": 10.52787170853836}