{"name": "random-60-7.40-34.json", "solution": {"time": 0.003719765, "max_depth": 60, "is_feasible": true}, "AVD": 13.561828278203253}