{"name": "random-60-13.00-23.json", "solution": {"time": 0.00562362, "max_depth": 60, "is_feasible": true}, "AVD": 18.169875681417356}