{"name": "random-60-14.00-18.json", "solution": {"time": 0.003241924, "max_depth": 60, "is_feasible": true}, "AVD": 19.04391071428572}