{"name": "random-60-6.80-23.json", "solution": {"time": 0.020070166, "max_depth": 60, "is_feasible": true}, "AVD": 13.087894856686507}