{"name": "random-60-9.80-27.json", "solution": {"time": 0.003770603, "max_depth": 60, "is_feasible": true}, "AVD": 15.580078723745373}