{"name": "random-60-11.00-9.json", "solution": {"time": 0.00341992, "max_depth": 60, "is_feasible": true}, "AVD": 16.5992320426487}