{"name": "random-60-12.00-4.json", "solution": {"time": 0.003446036, "max_depth": 60, "is_feasible": true}, "AVD": 17.356178030303035}