{"name": "random-60-12.00-31.json", "solution": {"time": 0.003469593, "max_depth": 60, "is_feasible": true}, "AVD": 17.3478427328844}