{"name": "random-60-12.80-29.json", "solution": {"time": 0.009550953, "max_depth": 60, "is_feasible": true}, "AVD": 17.991406425364755}