{"name": "random-60-10.00-36.json", "solution": {"time": 0.003786746, "max_depth": 60, "is_feasible": true}, "AVD": 15.774229537437858}