{"name": "random-60-5.20-42.json", "solution": {"time": 0.009288939, "max_depth": 2, "is_feasible": false}, "AVD": 11.623061364561325}