{"name": "random-60-4.80-4.json", "solution": {"time": 0.010313246, "max_depth": 3, "is_feasible": false}, "AVD": 11.271934539226171}