{"name": "random-60-8.40-31.json", "solution": {"time": 0.003853246, "max_depth": 60, "is_feasible": true}, "AVD": 14.390343995510646}