{"name": "random-60-5.00-11.json", "solution": {"time": 0.008225967, "max_depth": 2, "is_feasible": false}, "AVD": 11.48314838402335}