{"name": "random-60-12.00-40.json", "solution": {"time": 0.003137342, "max_depth": 60, "is_feasible": true}, "AVD": 17.398808100849767}