{"name": "random-60-5.40-35.json", "solution": {"time": 0.01098922, "max_depth": 4, "is_feasible": false}, "AVD": 11.846971411304718}