{"name": "random-60-8.60-37.json", "solution": {"time": 0.013883546, "max_depth": 60, "is_feasible": true}, "AVD": 14.57401883918549}