{"name": "random-60-7.00-46.json", "solution": {"time": 0.019486126, "max_depth": 9, "is_feasible": false}, "AVD": 13.233305330471975}