{"name": "random-60-8.40-1.json", "solution": {"time": 0.006138806, "max_depth": 60, "is_feasible": true}, "AVD": 14.42356904361069}