{"name": "random-60-11.80-21.json", "solution": {"time": 0.003603952, "max_depth": 60, "is_feasible": true}, "AVD": 17.212649050024048}