{"name": "random-60-9.00-31.json", "solution": {"time": 0.004944291, "max_depth": 60, "is_feasible": true}, "AVD": 14.909998075998061}