{"name": "random-60-4.00-35.json", "solution": {"time": 0.00891034, "max_depth": 3, "is_feasible": false}, "AVD": 10.527243603618574}