{"name": "random-60-5.20-3.json", "solution": {"time": 0.009738795, "max_depth": 5, "is_feasible": false}, "AVD": 11.634180486180462}