{"name": "random-60-7.80-47.json", "solution": {"time": 0.005155234, "max_depth": 60, "is_feasible": true}, "AVD": 13.897389029180676}