{"name": "random-60-9.80-21.json", "solution": {"time": 0.003629058, "max_depth": 60, "is_feasible": true}, "AVD": 15.60515919111751}