{"name": "random-60-10.00-34.json", "solution": {"time": 0.00331238, "max_depth": 60, "is_feasible": true}, "AVD": 15.779339766714752}