{"name": "random-60-7.60-26.json", "solution": {"time": 0.00576916, "max_depth": 60, "is_feasible": true}, "AVD": 13.78765433177931}