{"name": "random-60-12.40-22.json", "solution": {"time": 0.00309501, "max_depth": 60, "is_feasible": true}, "AVD": 17.680409852493185}