{"name": "random-60-5.20-17.json", "solution": {"time": 0.00977258, "max_depth": 6, "is_feasible": false}, "AVD": 11.663827527410819}