{"name": "random-60-10.20-27.json", "solution": {"time": 0.003304556, "max_depth": 60, "is_feasible": true}, "AVD": 15.911503988295642}