{"name": "random-60-6.80-29.json", "solution": {"time": 0.009205685, "max_depth": 7, "is_feasible": false}, "AVD": 13.071349337390977}