{"name": "random-60-9.60-32.json", "solution": {"time": 0.003976052, "max_depth": 60, "is_feasible": true}, "AVD": 15.41356471460637}