{"name": "random-60-11.00-1.json", "solution": {"time": 0.003047519, "max_depth": 60, "is_feasible": true}, "AVD": 16.549944003527333}