{"name": "random-60-7.80-5.json", "solution": {"time": 0.005115049, "max_depth": 60, "is_feasible": true}, "AVD": 13.92911890732722}