{"name": "random-60-12.00-24.json", "solution": {"time": 0.003029799, "max_depth": 60, "is_feasible": true}, "AVD": 17.403380411255412}