{"name": "random-60-14.00-43.json", "solution": {"time": 0.003464305, "max_depth": 60, "is_feasible": true}, "AVD": 19.0124962522046}