{"name": "random-60-7.20-46.json", "solution": {"time": 0.02423842, "max_depth": 60, "is_feasible": true}, "AVD": 13.418324971324944}