{"name": "random-60-9.80-47.json", "solution": {"time": 0.003394012, "max_depth": 60, "is_feasible": true}, "AVD": 15.545692259900589}