{"name": "random-60-7.60-32.json", "solution": {"time": 0.005288357, "max_depth": 60, "is_feasible": true}, "AVD": 13.792851831810147}