{"name": "random-60-5.80-30.json", "solution": {"time": 0.00812251, "max_depth": 3, "is_feasible": false}, "AVD": 12.209122705226854}