{"name": "random-60-13.40-12.json", "solution": {"time": 0.003482678, "max_depth": 60, "is_feasible": true}, "AVD": 18.44859712201379}