{"name": "random-60-7.00-2.json", "solution": {"time": 0.003972781, "max_depth": 60, "is_feasible": true}, "AVD": 13.251438086604729}