{"name": "random-60-7.20-22.json", "solution": {"time": 0.022422339, "max_depth": 60, "is_feasible": true}, "AVD": 13.391729773313084}