{"name": "random-60-7.40-27.json", "solution": {"time": 0.010641151, "max_depth": 60, "is_feasible": true}, "AVD": 13.5704052629469}