{"name": "random-60-9.60-8.json", "solution": {"time": 0.007757998, "max_depth": 60, "is_feasible": true}, "AVD": 15.409205502830492}