{"name": "random-60-8.60-25.json", "solution": {"time": 0.00331538, "max_depth": 60, "is_feasible": true}, "AVD": 14.569696303696295}