{"name": "random-60-11.20-24.json", "solution": {"time": 0.003618977, "max_depth": 60, "is_feasible": true}, "AVD": 16.768380631713963}