{"name": "random-60-12.80-17.json", "solution": {"time": 0.003588335, "max_depth": 60, "is_feasible": true}, "AVD": 17.98371418550586}