{"name": "random-60-11.40-39.json", "solution": {"time": 0.008603943, "max_depth": 60, "is_feasible": true}, "AVD": 16.910188271604945}