{"name": "random-60-12.80-49.json", "solution": {"time": 0.003120384, "max_depth": 60, "is_feasible": true}, "AVD": 17.972578042328053}