{"name": "random-60-6.20-31.json", "solution": {"time": 0.012402829, "max_depth": 4, "is_feasible": false}, "AVD": 12.550165103415084}