{"name": "random-60-7.00-22.json", "solution": {"time": 0.023430888, "max_depth": 60, "is_feasible": true}, "AVD": 13.23379679271344}