{"name": "random-60-9.00-19.json", "solution": {"time": 0.00389165, "max_depth": 60, "is_feasible": true}, "AVD": 14.952676201884525}