{"name": "random-60-12.20-28.json", "solution": {"time": 0.003648298, "max_depth": 60, "is_feasible": true}, "AVD": 17.537913074579745}