{"name": "random-60-5.20-38.json", "solution": {"time": 0.013197608, "max_depth": 7, "is_feasible": false}, "AVD": 11.684744107744086}