{"name": "random-60-10.20-23.json", "solution": {"time": 0.003138747, "max_depth": 60, "is_feasible": true}, "AVD": 15.905709135000789}