{"name": "random-60-10.80-24.json", "solution": {"time": 0.004630817, "max_depth": 60, "is_feasible": true}, "AVD": 16.452165023248355}