{"name": "random-60-6.80-12.json", "solution": {"time": 0.00362407, "max_depth": 60, "is_feasible": true}, "AVD": 13.052751262626236}