{"name": "random-60-13.20-48.json", "solution": {"time": 0.003407057, "max_depth": 60, "is_feasible": true}, "AVD": 18.31472134038801}