{"name": "random-60-11.80-7.json", "solution": {"time": 0.007748659, "max_depth": 60, "is_feasible": true}, "AVD": 17.167665584415584}