{"name": "random-60-9.40-6.json", "solution": {"time": 0.003988529, "max_depth": 60, "is_feasible": true}, "AVD": 15.220912738496052}