{"name": "random-60-9.60-26.json", "solution": {"time": 0.003364989, "max_depth": 60, "is_feasible": true}, "AVD": 15.419995290203603}