{"name": "random-60-6.40-3.json", "solution": {"time": 0.022557426, "max_depth": 21, "is_feasible": false}, "AVD": 12.670353671020319}