{"name": "random-60-6.60-49.json", "solution": {"time": 0.007899634, "max_depth": 60, "is_feasible": true}, "AVD": 12.899901991526963}