{"name": "random-60-13.40-10.json", "solution": {"time": 0.003075438, "max_depth": 60, "is_feasible": true}, "AVD": 18.442060185185188}