{"name": "random-60-13.40-40.json", "solution": {"time": 0.003207664, "max_depth": 60, "is_feasible": true}, "AVD": 18.509259700176376}