{"name": "random-60-6.60-6.json", "solution": {"time": 0.010163118, "max_depth": 4, "is_feasible": false}, "AVD": 12.836791882500188}