{"name": "random-60-8.80-27.json", "solution": {"time": 0.003585534, "max_depth": 60, "is_feasible": true}, "AVD": 14.743858164983145}