{"name": "random-60-12.80-27.json", "solution": {"time": 0.003553024, "max_depth": 60, "is_feasible": true}, "AVD": 18.026882174923855}