{"name": "random-60-5.00-28.json", "solution": {"time": 0.01281997, "max_depth": 5, "is_feasible": false}, "AVD": 11.40519651027981}