{"name": "random-60-5.60-45.json", "solution": {"time": 0.019579775, "max_depth": 15, "is_feasible": false}, "AVD": 12.015601266017914}