{"name": "random-60-9.20-40.json", "solution": {"time": 0.004232928, "max_depth": 60, "is_feasible": true}, "AVD": 15.082465869007525}