{"name": "random-60-7.00-33.json", "solution": {"time": 0.019662592, "max_depth": 9, "is_feasible": false}, "AVD": 13.294592769113583}