{"name": "random-60-9.80-8.json", "solution": {"time": 0.005204627, "max_depth": 60, "is_feasible": true}, "AVD": 15.595297313797307}