{"name": "random-60-11.80-24.json", "solution": {"time": 0.003720359, "max_depth": 60, "is_feasible": true}, "AVD": 17.254874458874458}