{"name": "random-60-6.00-16.json", "solution": {"time": 0.009648526, "max_depth": 3, "is_feasible": false}, "AVD": 12.368709175084144}