{"name": "random-60-11.60-27.json", "solution": {"time": 0.00346966, "max_depth": 60, "is_feasible": true}, "AVD": 17.034448753407087}