{"name": "random-60-9.20-29.json", "solution": {"time": 0.00521799, "max_depth": 60, "is_feasible": true}, "AVD": 15.063570622278945}