{"name": "random-60-9.40-19.json", "solution": {"time": 0.00964883, "max_depth": 60, "is_feasible": true}, "AVD": 15.28313528138528}