{"name": "random-60-6.40-45.json", "solution": {"time": 0.006614646, "max_depth": 60, "is_feasible": true}, "AVD": 12.73337942458774}