{"name": "random-60-13.20-4.json", "solution": {"time": 0.003309339, "max_depth": 60, "is_feasible": true}, "AVD": 18.307689273689274}