{"name": "random-60-7.00-17.json", "solution": {"time": 0.006801613, "max_depth": 60, "is_feasible": true}, "AVD": 13.24921023729354}