{"name": "random-60-13.40-29.json", "solution": {"time": 0.003006349, "max_depth": 60, "is_feasible": true}, "AVD": 18.465850869809206}