{"name": "random-60-13.20-46.json", "solution": {"time": 0.007933956, "max_depth": 60, "is_feasible": true}, "AVD": 18.38880866201699}