{"name": "random-60-8.00-13.json", "solution": {"time": 0.005113559, "max_depth": 60, "is_feasible": true}, "AVD": 14.08388587801087}