{"name": "random-60-5.40-21.json", "solution": {"time": 0.01226933, "max_depth": 3, "is_feasible": false}, "AVD": 11.823300159716798}