{"name": "random-60-10.80-21.json", "solution": {"time": 0.00331595, "max_depth": 60, "is_feasible": true}, "AVD": 16.41268177809844}