{"name": "random-60-12.00-17.json", "solution": {"time": 0.008334671, "max_depth": 60, "is_feasible": true}, "AVD": 17.35078661616162}