{"name": "random-60-11.00-14.json", "solution": {"time": 0.002987135, "max_depth": 60, "is_feasible": true}, "AVD": 16.644162938912928}