{"name": "random-60-13.20-26.json", "solution": {"time": 0.003261984, "max_depth": 60, "is_feasible": true}, "AVD": 18.351246031746022}