{"name": "random-60-9.20-46.json", "solution": {"time": 0.008272643, "max_depth": 60, "is_feasible": true}, "AVD": 15.122850128266776}