{"name": "random-60-4.40-20.json", "solution": {"time": 0.008581944, "max_depth": 2, "is_feasible": false}, "AVD": 10.94057478859192}