{"name": "random-60-8.40-20.json", "solution": {"time": 0.005493648, "max_depth": 60, "is_feasible": true}, "AVD": 14.407628918149731}