{"name": "random-60-9.00-27.json", "solution": {"time": 0.003627393, "max_depth": 60, "is_feasible": true}, "AVD": 14.917579064454047}