{"name": "random-60-14.00-49.json", "solution": {"time": 0.00336097, "max_depth": 60, "is_feasible": true}, "AVD": 18.953822751322765}