{"name": "random-60-13.40-48.json", "solution": {"time": 0.003097363, "max_depth": 60, "is_feasible": true}, "AVD": 18.47968761022928}