{"name": "random-60-11.20-11.json", "solution": {"time": 0.003220917, "max_depth": 60, "is_feasible": true}, "AVD": 16.7173468013468}