{"name": "random-60-9.20-22.json", "solution": {"time": 0.003148064, "max_depth": 60, "is_feasible": true}, "AVD": 15.094324535032847}