{"name": "random-60-9.80-46.json", "solution": {"time": 0.007432799, "max_depth": 60, "is_feasible": true}, "AVD": 15.628894014935666}