{"name": "random-60-4.20-11.json", "solution": {"time": 0.009065235, "max_depth": 2, "is_feasible": false}, "AVD": 10.730623111456413}