{"name": "random-60-11.80-48.json", "solution": {"time": 0.006099571, "max_depth": 60, "is_feasible": true}, "AVD": 17.20880048500882}