{"name": "random-60-11.80-32.json", "solution": {"time": 0.003303622, "max_depth": 60, "is_feasible": true}, "AVD": 17.22285361552029}