{"name": "random-60-12.40-34.json", "solution": {"time": 0.0060209, "max_depth": 60, "is_feasible": true}, "AVD": 17.72586277457112}