{"name": "random-60-4.20-24.json", "solution": {"time": 0.008214475, "max_depth": 2, "is_feasible": false}, "AVD": 10.775309781268078}