{"name": "random-60-10.40-38.json", "solution": {"time": 0.007908752, "max_depth": 60, "is_feasible": true}, "AVD": 16.076684203142516}