{"name": "random-60-9.20-23.json", "solution": {"time": 0.003534448, "max_depth": 60, "is_feasible": true}, "AVD": 15.084170469962126}