{"name": "random-60-8.60-20.json", "solution": {"time": 0.007162108, "max_depth": 60, "is_feasible": true}, "AVD": 14.596047228234713}