{"name": "random-60-11.40-38.json", "solution": {"time": 0.003144404, "max_depth": 60, "is_feasible": true}, "AVD": 16.890178912137237}