{"name": "random-60-11.40-16.json", "solution": {"time": 0.003324084, "max_depth": 60, "is_feasible": true}, "AVD": 16.88411265432099}