{"name": "random-60-10.80-27.json", "solution": {"time": 0.003357723, "max_depth": 60, "is_feasible": true}, "AVD": 16.41720029661695}