{"name": "random-60-8.60-17.json", "solution": {"time": 0.007507721, "max_depth": 60, "is_feasible": true}, "AVD": 14.617453342953322}