{"name": "random-60-5.40-0.json", "solution": {"time": 0.010791885, "max_depth": 4, "is_feasible": false}, "AVD": 11.84708548396045}