{"name": "random-60-10.40-40.json", "solution": {"time": 0.003692718, "max_depth": 60, "is_feasible": true}, "AVD": 16.091249579124568}