{"name": "random-60-10.60-12.json", "solution": {"time": 0.003677931, "max_depth": 60, "is_feasible": true}, "AVD": 16.21628637566137}