{"name": "random-60-10.80-7.json", "solution": {"time": 0.003337354, "max_depth": 60, "is_feasible": true}, "AVD": 16.375677849927843}