{"name": "random-60-14.00-33.json", "solution": {"time": 0.003339216, "max_depth": 60, "is_feasible": true}, "AVD": 18.950046316337993}