{"name": "random-60-4.80-30.json", "solution": {"time": 0.01083856, "max_depth": 2, "is_feasible": false}, "AVD": 11.319781200281179}