{"name": "random-60-4.40-30.json", "solution": {"time": 0.008049069, "max_depth": 0, "is_feasible": false}, "AVD": 10.9418984595651}