{"name": "random-60-12.20-10.json", "solution": {"time": 0.003235114, "max_depth": 60, "is_feasible": true}, "AVD": 17.479374899791562}