{"name": "random-60-11.40-26.json", "solution": {"time": 0.003397819, "max_depth": 60, "is_feasible": true}, "AVD": 16.92857531665864}