{"name": "random-60-11.00-22.json", "solution": {"time": 0.003241761, "max_depth": 60, "is_feasible": true}, "AVD": 16.56113516113515}