{"name": "random-60-11.00-41.json", "solution": {"time": 0.003731508, "max_depth": 60, "is_feasible": true}, "AVD": 16.56247751322751}