{"name": "random-60-6.20-1.json", "solution": {"time": 0.011354078, "max_depth": 6, "is_feasible": false}, "AVD": 12.559417308000608}