{"name": "random-60-7.00-10.json", "solution": {"time": 0.007923645, "max_depth": 60, "is_feasible": true}, "AVD": 13.229332912457892}