{"name": "random-60-11.60-12.json", "solution": {"time": 0.00321909, "max_depth": 60, "is_feasible": true}, "AVD": 17.00655765993266}