{"name": "random-60-12.20-1.json", "solution": {"time": 0.003038763, "max_depth": 60, "is_feasible": true}, "AVD": 17.51969069664903}