{"name": "random-60-6.20-41.json", "solution": {"time": 0.015409036, "max_depth": 9, "is_feasible": false}, "AVD": 12.550211466003104}