{"name": "random-60-11.00-4.json", "solution": {"time": 0.003309684, "max_depth": 60, "is_feasible": true}, "AVD": 16.543490199615196}