{"name": "random-60-5.40-4.json", "solution": {"time": 0.010394476, "max_depth": 3, "is_feasible": false}, "AVD": 11.783171035754332}