{"name": "random-60-5.00-5.json", "solution": {"time": 0.011210116, "max_depth": 3, "is_feasible": false}, "AVD": 11.437951725743364}