{"name": "random-60-11.80-6.json", "solution": {"time": 0.003273444, "max_depth": 60, "is_feasible": true}, "AVD": 17.18846959676126}