{"name": "random-60-8.00-6.json", "solution": {"time": 0.005783689, "max_depth": 60, "is_feasible": true}, "AVD": 14.061963238921548}