{"name": "random-60-12.00-29.json", "solution": {"time": 0.004754368, "max_depth": 60, "is_feasible": true}, "AVD": 17.361799282507608}