{"name": "random-60-4.00-16.json", "solution": {"time": 0.008184651, "max_depth": 0, "is_feasible": false}, "AVD": 10.488738016612976}