{"name": "random-60-5.80-18.json", "solution": {"time": 0.010071409, "max_depth": 60, "is_feasible": true}, "AVD": 12.189320566778866}