{"name": "random-60-12.40-28.json", "solution": {"time": 0.003364109, "max_depth": 60, "is_feasible": true}, "AVD": 17.704103109853115}