{"name": "random-60-12.20-26.json", "solution": {"time": 0.003458696, "max_depth": 60, "is_feasible": true}, "AVD": 17.575569464486126}