{"name": "random-60-5.00-40.json", "solution": {"time": 0.007893158, "max_depth": 3, "is_feasible": false}, "AVD": 11.478835252710217}