{"name": "random-60-12.60-37.json", "solution": {"time": 0.003274747, "max_depth": 60, "is_feasible": true}, "AVD": 17.822487674362677}