{"name": "random-60-5.80-17.json", "solution": {"time": 0.014344635, "max_depth": 11, "is_feasible": false}, "AVD": 12.182244394494354}