{"name": "random-60-5.40-41.json", "solution": {"time": 0.01354366, "max_depth": 8, "is_feasible": false}, "AVD": 11.811589327339297}