{"name": "random-60-5.80-49.json", "solution": {"time": 0.007692473, "max_depth": 60, "is_feasible": true}, "AVD": 12.202331620539923}