{"name": "random-60-5.40-13.json", "solution": {"time": 0.016234064, "max_depth": 9, "is_feasible": false}, "AVD": 11.809328469370111}