{"name": "random-60-4.60-1.json", "solution": {"time": 0.008293412, "max_depth": 2, "is_feasible": false}, "AVD": 11.093180430680388}