{"name": "random-60-9.00-21.json", "solution": {"time": 0.003612431, "max_depth": 60, "is_feasible": true}, "AVD": 14.922152597402581}