{"name": "random-60-4.20-2.json", "solution": {"time": 0.012060674, "max_depth": 4, "is_feasible": false}, "AVD": 10.676205564497195}