{"name": "random-60-4.40-31.json", "solution": {"time": 0.00881503, "max_depth": 2, "is_feasible": false}, "AVD": 10.89780161967658}