{"name": "random-60-11.60-44.json", "solution": {"time": 0.003639526, "max_depth": 60, "is_feasible": true}, "AVD": 17.041914822831494}