{"name": "random-60-11.20-32.json", "solution": {"time": 0.003300089, "max_depth": 60, "is_feasible": true}, "AVD": 16.755657627865965}