{"name": "random-60-10.40-29.json", "solution": {"time": 0.003450047, "max_depth": 60, "is_feasible": true}, "AVD": 16.05492660734327}