{"name": "random-60-6.00-2.json", "solution": {"time": 0.012000672, "max_depth": 5, "is_feasible": false}, "AVD": 12.370176978885288}