{"name": "random-60-13.60-27.json", "solution": {"time": 0.005310196, "max_depth": 60, "is_feasible": true}, "AVD": 18.69527326839829}