{"name": "random-60-12.60-38.json", "solution": {"time": 0.006302175, "max_depth": 60, "is_feasible": true}, "AVD": 17.865571684488355}