{"name": "random-60-4.60-16.json", "solution": {"time": 0.012834474, "max_depth": 2, "is_feasible": false}, "AVD": 11.072663245704872}