{"name": "random-60-6.80-0.json", "solution": {"time": 0.021655635, "max_depth": 5, "is_feasible": false}, "AVD": 13.052025824484137}