{"name": "random-60-9.60-23.json", "solution": {"time": 0.005308379, "max_depth": 60, "is_feasible": true}, "AVD": 15.404365455532114}