{"name": "random-60-8.80-15.json", "solution": {"time": 0.004053661, "max_depth": 60, "is_feasible": true}, "AVD": 14.749600448933775}