{"name": "random-60-11.40-4.json", "solution": {"time": 0.011555286, "max_depth": 60, "is_feasible": true}, "AVD": 16.876260261343592}