{"name": "random-60-9.40-46.json", "solution": {"time": 0.003515144, "max_depth": 60, "is_feasible": true}, "AVD": 15.28697933239598}