{"name": "random-60-9.40-11.json", "solution": {"time": 0.00412217, "max_depth": 60, "is_feasible": true}, "AVD": 15.241826779701768}