{"name": "random-60-5.00-45.json", "solution": {"time": 0.014609739, "max_depth": 9, "is_feasible": false}, "AVD": 11.49027787798619}