{"name": "random-60-8.80-17.json", "solution": {"time": 0.003792998, "max_depth": 60, "is_feasible": true}, "AVD": 14.78803964245629}