{"name": "random-60-10.80-25.json", "solution": {"time": 0.003084646, "max_depth": 60, "is_feasible": true}, "AVD": 16.349813732563728}