{"name": "random-60-14.00-44.json", "solution": {"time": 0.003390695, "max_depth": 60, "is_feasible": true}, "AVD": 18.96904830046497}