{"name": "random-60-9.20-39.json", "solution": {"time": 0.005481651, "max_depth": 60, "is_feasible": true}, "AVD": 15.13439949094115}