{"name": "random-60-10.80-48.json", "solution": {"time": 0.003264237, "max_depth": 60, "is_feasible": true}, "AVD": 16.40552745711078}