{"name": "random-60-11.80-34.json", "solution": {"time": 0.003195166, "max_depth": 60, "is_feasible": true}, "AVD": 17.257496813371816}