{"name": "random-60-9.20-12.json", "solution": {"time": 0.00333108, "max_depth": 60, "is_feasible": true}, "AVD": 15.098827536660853}