{"name": "random-60-6.40-2.json", "solution": {"time": 0.026459957, "max_depth": 60, "is_feasible": true}, "AVD": 12.73503597020261}