{"name": "random-60-7.60-40.json", "solution": {"time": 0.008456362, "max_depth": 60, "is_feasible": true}, "AVD": 13.768213924963904}