{"name": "random-60-4.00-36.json", "solution": {"time": 0.0148717, "max_depth": 2, "is_feasible": false}, "AVD": 10.537661173702807}