{"name": "random-60-9.40-42.json", "solution": {"time": 0.003563696, "max_depth": 60, "is_feasible": true}, "AVD": 15.25925412858745}