{"name": "random-60-10.80-28.json", "solution": {"time": 0.003515213, "max_depth": 60, "is_feasible": true}, "AVD": 16.414578318286647}