{"name": "random-60-10.40-48.json", "solution": {"time": 0.006454084, "max_depth": 60, "is_feasible": true}, "AVD": 16.083933882475538}