{"name": "random-60-8.80-47.json", "solution": {"time": 0.004386521, "max_depth": 60, "is_feasible": true}, "AVD": 14.726038379830031}