{"name": "random-60-4.60-3.json", "solution": {"time": 0.008792482, "max_depth": 4, "is_feasible": false}, "AVD": 11.09171168646165}