{"name": "random-60-11.60-37.json", "solution": {"time": 0.003246003, "max_depth": 60, "is_feasible": true}, "AVD": 17.035135822510817}