{"name": "random-60-13.40-13.json", "solution": {"time": 0.003636418, "max_depth": 60, "is_feasible": true}, "AVD": 18.440380411255415}