{"name": "random-60-7.60-22.json", "solution": {"time": 0.010923492, "max_depth": 60, "is_feasible": true}, "AVD": 13.74074376241041}