{"name": "random-60-6.80-31.json", "solution": {"time": 0.030766357, "max_depth": 6, "is_feasible": false}, "AVD": 13.049581208914521}