{"name": "random-60-7.40-20.json", "solution": {"time": 0.006013664, "max_depth": 60, "is_feasible": true}, "AVD": 13.58825537656785}