{"name": "random-60-6.20-24.json", "solution": {"time": 0.013864823, "max_depth": 7, "is_feasible": false}, "AVD": 12.571309358850995}