{"name": "random-60-14.00-36.json", "solution": {"time": 0.003676177, "max_depth": 60, "is_feasible": true}, "AVD": 19.045739638447984}