{"name": "random-60-4.00-33.json", "solution": {"time": 0.00888469, "max_depth": 3, "is_feasible": false}, "AVD": 10.51823651888231}