{"name": "random-60-10.40-13.json", "solution": {"time": 0.009072251, "max_depth": 60, "is_feasible": true}, "AVD": 16.06716426166426}