{"name": "random-60-11.20-2.json", "solution": {"time": 0.003136803, "max_depth": 60, "is_feasible": true}, "AVD": 16.735648268398265}