{"name": "random-60-6.00-44.json", "solution": {"time": 0.019661189, "max_depth": 15, "is_feasible": false}, "AVD": 12.381818878652192}