{"name": "random-60-7.00-43.json", "solution": {"time": 0.011198561, "max_depth": 60, "is_feasible": true}, "AVD": 13.237431788890094}