{"name": "random-60-11.80-25.json", "solution": {"time": 0.003137289, "max_depth": 60, "is_feasible": true}, "AVD": 17.17051533189033}