{"name": "random-60-6.00-33.json", "solution": {"time": 0.015459217, "max_depth": 8, "is_feasible": false}, "AVD": 12.425631289235435}