{"name": "random-60-10.60-48.json", "solution": {"time": 0.003177087, "max_depth": 60, "is_feasible": true}, "AVD": 16.219516333974656}