{"name": "random-60-7.00-12.json", "solution": {"time": 0.003769734, "max_depth": 60, "is_feasible": true}, "AVD": 13.241750280583586}