{"name": "random-60-11.80-27.json", "solution": {"time": 0.00397115, "max_depth": 60, "is_feasible": true}, "AVD": 17.219775252525253}