{"name": "random-60-13.20-20.json", "solution": {"time": 0.003112026, "max_depth": 60, "is_feasible": true}, "AVD": 18.300454264870933}