{"name": "random-60-14.00-22.json", "solution": {"time": 0.003343707, "max_depth": 60, "is_feasible": true}, "AVD": 18.95643288039122}