{"name": "random-60-4.40-18.json", "solution": {"time": 0.008783058, "max_depth": 3, "is_feasible": false}, "AVD": 10.88599035069865}