{"name": "random-60-5.00-43.json", "solution": {"time": 0.008497498, "max_depth": 3, "is_feasible": false}, "AVD": 11.443406241906201}