{"name": "random-60-12.80-35.json", "solution": {"time": 0.003222366, "max_depth": 60, "is_feasible": true}, "AVD": 18.011161495911505}