{"name": "random-60-4.20-29.json", "solution": {"time": 0.009491586, "max_depth": 3, "is_feasible": false}, "AVD": 10.766472112763749}