{"name": "random-60-14.00-40.json", "solution": {"time": 0.002974722, "max_depth": 60, "is_feasible": true}, "AVD": 18.969718253968257}