{"name": "random-60-7.80-4.json", "solution": {"time": 0.003411978, "max_depth": 60, "is_feasible": true}, "AVD": 13.916774891774871}