{"name": "random-60-4.40-0.json", "solution": {"time": 0.008826289, "max_depth": 3, "is_feasible": false}, "AVD": 10.937277623610917}