{"name": "random-60-9.80-43.json", "solution": {"time": 0.005009362, "max_depth": 60, "is_feasible": true}, "AVD": 15.582407667949326}