{"name": "random-60-12.00-8.json", "solution": {"time": 0.003490071, "max_depth": 60, "is_feasible": true}, "AVD": 17.349171637004968}