{"name": "random-60-11.20-22.json", "solution": {"time": 0.003262275, "max_depth": 60, "is_feasible": true}, "AVD": 16.7213005050505}