{"name": "random-60-7.20-43.json", "solution": {"time": 0.014695554, "max_depth": 60, "is_feasible": true}, "AVD": 13.396225439683743}