{"name": "random-60-9.40-31.json", "solution": {"time": 0.00375412, "max_depth": 60, "is_feasible": true}, "AVD": 15.247474927849918}