{"name": "random-60-11.60-18.json", "solution": {"time": 0.003457102, "max_depth": 60, "is_feasible": true}, "AVD": 17.107860008818346}