{"name": "random-60-5.40-15.json", "solution": {"time": 0.008653096, "max_depth": 3, "is_feasible": false}, "AVD": 11.890095013011655}