{"name": "random-60-6.60-47.json", "solution": {"time": 0.012768645, "max_depth": 60, "is_feasible": true}, "AVD": 12.860110289401932}