{"name": "random-60-8.60-32.json", "solution": {"time": 0.004918682, "max_depth": 60, "is_feasible": true}, "AVD": 14.6231210517877}