{"name": "random-60-11.80-30.json", "solution": {"time": 0.003440679, "max_depth": 60, "is_feasible": true}, "AVD": 17.157512365720706}