{"name": "random-60-9.00-49.json", "solution": {"time": 0.003670026, "max_depth": 60, "is_feasible": true}, "AVD": 14.939592171717159}