{"name": "random-60-14.00-23.json", "solution": {"time": 0.004838811, "max_depth": 60, "is_feasible": true}, "AVD": 18.959417107583782}