{"name": "random-60-8.40-6.json", "solution": {"time": 0.005346062, "max_depth": 60, "is_feasible": true}, "AVD": 14.40119406365238}