{"name": "random-60-12.80-33.json", "solution": {"time": 0.002900455, "max_depth": 60, "is_feasible": true}, "AVD": 18.010461355003027}