{"name": "random-60-12.60-33.json", "solution": {"time": 0.007158514, "max_depth": 60, "is_feasible": true}, "AVD": 17.853900067525068}