{"name": "random-60-10.00-14.json", "solution": {"time": 0.003521677, "max_depth": 60, "is_feasible": true}, "AVD": 15.800021524771513}