{"name": "random-60-8.80-3.json", "solution": {"time": 0.00391721, "max_depth": 60, "is_feasible": true}, "AVD": 14.72736888266054}