{"name": "random-60-7.60-45.json", "solution": {"time": 0.004247089, "max_depth": 60, "is_feasible": true}, "AVD": 13.751064093314072}