{"name": "random-60-13.40-27.json", "solution": {"time": 0.003844027, "max_depth": 60, "is_feasible": true}, "AVD": 18.531288700497047}