{"name": "random-60-13.40-0.json", "solution": {"time": 0.003136865, "max_depth": 60, "is_feasible": true}, "AVD": 18.497090508257177}