{"name": "random-60-7.80-10.json", "solution": {"time": 0.003974537, "max_depth": 60, "is_feasible": true}, "AVD": 13.898592011383661}