{"name": "random-60-6.40-8.json", "solution": {"time": 0.013641423, "max_depth": 5, "is_feasible": false}, "AVD": 12.715948031906343}