{"name": "random-60-9.40-49.json", "solution": {"time": 0.003321729, "max_depth": 60, "is_feasible": true}, "AVD": 15.277714526214517}