{"name": "random-60-11.20-26.json", "solution": {"time": 0.00789527, "max_depth": 60, "is_feasible": true}, "AVD": 16.755701639409963}