{"name": "random-60-12.40-0.json", "solution": {"time": 0.003387558, "max_depth": 60, "is_feasible": true}, "AVD": 17.700501122334455}