{"name": "random-60-5.80-14.json", "solution": {"time": 0.0060874, "max_depth": 60, "is_feasible": true}, "AVD": 12.194368822535463}