{"name": "random-60-11.00-47.json", "solution": {"time": 0.00560002, "max_depth": 60, "is_feasible": true}, "AVD": 16.52741987333654}