{"name": "random-60-11.40-0.json", "solution": {"time": 0.003334241, "max_depth": 60, "is_feasible": true}, "AVD": 16.87845350328684}