{"name": "random-60-10.60-24.json", "solution": {"time": 0.007128655, "max_depth": 60, "is_feasible": true}, "AVD": 16.296316478274814}