{"name": "random-60-10.00-40.json", "solution": {"time": 0.003530719, "max_depth": 60, "is_feasible": true}, "AVD": 15.75166139570305}