{"name": "random-60-4.60-40.json", "solution": {"time": 0.008968413, "max_depth": 3, "is_feasible": false}, "AVD": 11.107343966218929}