{"name": "random-60-9.80-9.json", "solution": {"time": 0.008654325, "max_depth": 60, "is_feasible": true}, "AVD": 15.648912308370628}