{"name": "random-60-9.00-11.json", "solution": {"time": 0.003898819, "max_depth": 60, "is_feasible": true}, "AVD": 14.931234868526525}