{"name": "random-60-12.00-22.json", "solution": {"time": 0.006986364, "max_depth": 60, "is_feasible": true}, "AVD": 17.367031766073435}