{"name": "random-60-6.40-4.json", "solution": {"time": 0.004067188, "max_depth": 60, "is_feasible": true}, "AVD": 12.689295374378677}