{"name": "random-60-8.40-28.json", "solution": {"time": 0.003504809, "max_depth": 60, "is_feasible": true}, "AVD": 14.43095113374278}