{"name": "random-60-8.60-23.json", "solution": {"time": 0.005681606, "max_depth": 60, "is_feasible": true}, "AVD": 14.582856131522785}