{"name": "random-60-7.20-10.json", "solution": {"time": 0.003684911, "max_depth": 60, "is_feasible": true}, "AVD": 13.385164341830988}