{"name": "random-60-12.00-7.json", "solution": {"time": 0.003084891, "max_depth": 60, "is_feasible": true}, "AVD": 17.333479076479083}