{"name": "random-60-5.40-16.json", "solution": {"time": 0.008881113, "max_depth": 3, "is_feasible": false}, "AVD": 11.832023003231297}