{"name": "random-60-10.60-15.json", "solution": {"time": 0.003944867, "max_depth": 60, "is_feasible": true}, "AVD": 16.185962421837413}