{"name": "random-60-13.80-4.json", "solution": {"time": 0.003339904, "max_depth": 60, "is_feasible": true}, "AVD": 18.78630258938592}