{"name": "random-60-6.40-7.json", "solution": {"time": 0.011757759, "max_depth": 60, "is_feasible": true}, "AVD": 12.733919412377725}