{"name": "random-60-13.80-39.json", "solution": {"time": 0.003354458, "max_depth": 60, "is_feasible": true}, "AVD": 18.787942019400358}