{"name": "random-60-8.80-19.json", "solution": {"time": 0.004146657, "max_depth": 60, "is_feasible": true}, "AVD": 14.782236607528263}