{"name": "random-60-7.00-35.json", "solution": {"time": 0.016179369, "max_depth": 9, "is_feasible": false}, "AVD": 13.239696408529728}