{"name": "random-60-4.00-5.json", "solution": {"time": 0.008886203, "max_depth": 2, "is_feasible": false}, "AVD": 10.459256629944091}