{"name": "random-60-6.80-37.json", "solution": {"time": 0.01157686, "max_depth": 60, "is_feasible": true}, "AVD": 13.061616297282944}