{"name": "random-60-7.40-9.json", "solution": {"time": 0.003039066, "max_depth": 60, "is_feasible": true}, "AVD": 13.62592902313733}