{"name": "random-60-4.20-0.json", "solution": {"time": 0.008886457, "max_depth": 3, "is_feasible": false}, "AVD": 10.747170605628899}