{"name": "random-60-11.20-41.json", "solution": {"time": 0.0032199, "max_depth": 60, "is_feasible": true}, "AVD": 16.73590255731922}