{"name": "random-60-11.00-31.json", "solution": {"time": 0.00655776, "max_depth": 60, "is_feasible": true}, "AVD": 16.54848184223183}