{"name": "random-60-9.60-34.json", "solution": {"time": 0.00387956, "max_depth": 60, "is_feasible": true}, "AVD": 15.461201098284418}