{"name": "random-60-7.40-40.json", "solution": {"time": 0.018591554, "max_depth": 6, "is_feasible": false}, "AVD": 13.598701018117662}