{"name": "random-60-14.00-10.json", "solution": {"time": 0.003288464, "max_depth": 60, "is_feasible": true}, "AVD": 18.900030864197536}