{"name": "random-60-13.60-35.json", "solution": {"time": 0.003045664, "max_depth": 60, "is_feasible": true}, "AVD": 18.638509379509394}