{"name": "random-60-4.00-42.json", "solution": {"time": 0.010644656, "max_depth": 2, "is_feasible": false}, "AVD": 10.492064931981563}