{"name": "random-60-4.40-40.json", "solution": {"time": 0.008339947, "max_depth": 3, "is_feasible": false}, "AVD": 10.927472829639461}