{"name": "random-60-6.60-7.json", "solution": {"time": 0.0105627, "max_depth": 60, "is_feasible": true}, "AVD": 12.91527509219174}