{"name": "random-60-10.00-7.json", "solution": {"time": 0.003719376, "max_depth": 60, "is_feasible": true}, "AVD": 15.728453864037188}