{"name": "random-60-9.80-35.json", "solution": {"time": 0.005827319, "max_depth": 60, "is_feasible": true}, "AVD": 15.609030984447646}