{"name": "random-60-5.20-29.json", "solution": {"time": 0.008144111, "max_depth": 3, "is_feasible": false}, "AVD": 11.694226056351026}