{"name": "random-60-6.80-25.json", "solution": {"time": 0.004449986, "max_depth": 60, "is_feasible": true}, "AVD": 13.05323821086319}