{"name": "random-60-11.00-21.json", "solution": {"time": 0.003356414, "max_depth": 60, "is_feasible": true}, "AVD": 16.569135481802142}