{"name": "random-60-4.20-19.json", "solution": {"time": 0.008505898, "max_depth": 2, "is_feasible": false}, "AVD": 10.732161352536316}