{"name": "random-60-5.60-3.json", "solution": {"time": 0.012563971, "max_depth": 7, "is_feasible": false}, "AVD": 11.984965939924248}