{"name": "random-60-13.20-35.json", "solution": {"time": 0.007608112, "max_depth": 60, "is_feasible": true}, "AVD": 18.3243647586981}