{"name": "random-60-11.40-43.json", "solution": {"time": 0.00445573, "max_depth": 60, "is_feasible": true}, "AVD": 16.892467512425842}