{"name": "random-60-9.00-22.json", "solution": {"time": 0.003933533, "max_depth": 60, "is_feasible": true}, "AVD": 14.933377986211296}