{"name": "random-60-14.00-37.json", "solution": {"time": 0.007570159, "max_depth": 60, "is_feasible": true}, "AVD": 18.948754088504092}