{"name": "random-60-13.80-35.json", "solution": {"time": 0.003106692, "max_depth": 60, "is_feasible": true}, "AVD": 18.796079264870947}