{"name": "random-60-9.60-13.json", "solution": {"time": 0.004137238, "max_depth": 60, "is_feasible": true}, "AVD": 15.425562750521083}