{"name": "random-60-11.40-22.json", "solution": {"time": 0.002835488, "max_depth": 60, "is_feasible": true}, "AVD": 16.890274270482596}