{"name": "random-60-9.00-1.json", "solution": {"time": 0.005364365, "max_depth": 60, "is_feasible": true}, "AVD": 14.897161375661357}