{"name": "random-60-10.80-47.json", "solution": {"time": 0.003569327, "max_depth": 60, "is_feasible": true}, "AVD": 16.358526795735123}