{"name": "random-60-4.40-6.json", "solution": {"time": 0.00825432, "max_depth": 2, "is_feasible": false}, "AVD": 10.81352778856941}