{"name": "random-60-6.20-15.json", "solution": {"time": 0.009804007, "max_depth": 4, "is_feasible": false}, "AVD": 12.606984006733988}