{"name": "random-60-9.80-14.json", "solution": {"time": 0.003357657, "max_depth": 60, "is_feasible": true}, "AVD": 15.634194584736239}