{"name": "random-60-8.00-12.json", "solution": {"time": 0.003446831, "max_depth": 60, "is_feasible": true}, "AVD": 14.082147422022397}