{"name": "random-60-6.00-37.json", "solution": {"time": 0.014026964, "max_depth": 7, "is_feasible": false}, "AVD": 12.35011175861174}