{"name": "random-60-13.00-14.json", "solution": {"time": 0.007423005, "max_depth": 60, "is_feasible": true}, "AVD": 18.21819302148469}