{"name": "random-60-12.60-16.json", "solution": {"time": 0.003291264, "max_depth": 60, "is_feasible": true}, "AVD": 17.83879761904762}