{"name": "random-60-11.20-0.json", "solution": {"time": 0.005731534, "max_depth": 60, "is_feasible": true}, "AVD": 16.70613119288119}