{"name": "random-60-9.20-25.json", "solution": {"time": 0.005239131, "max_depth": 60, "is_feasible": true}, "AVD": 15.067987293570617}