{"name": "random-60-10.40-42.json", "solution": {"time": 0.003950114, "max_depth": 60, "is_feasible": true}, "AVD": 16.083624579124564}