{"name": "random-60-6.60-20.json", "solution": {"time": 0.021212423, "max_depth": 60, "is_feasible": true}, "AVD": 12.924265061327533}