{"name": "random-60-9.80-29.json", "solution": {"time": 0.003074815, "max_depth": 60, "is_feasible": true}, "AVD": 15.584276936026928}