{"name": "random-60-13.60-5.json", "solution": {"time": 0.007559132, "max_depth": 60, "is_feasible": true}, "AVD": 18.617623456790128}