{"name": "random-60-7.80-0.json", "solution": {"time": 0.020136999, "max_depth": 60, "is_feasible": true}, "AVD": 13.892843144509792}