{"name": "random-60-10.00-45.json", "solution": {"time": 0.007589101, "max_depth": 60, "is_feasible": true}, "AVD": 15.73963768638768}