{"name": "random-60-7.40-23.json", "solution": {"time": 0.014609324, "max_depth": 60, "is_feasible": true}, "AVD": 13.607237188737177}