{"name": "random-60-5.20-35.json", "solution": {"time": 0.009858138, "max_depth": 3, "is_feasible": false}, "AVD": 11.66119906019903}