{"name": "random-60-6.80-32.json", "solution": {"time": 0.03054118, "max_depth": 11, "is_feasible": false}, "AVD": 13.123317660734305}