{"name": "random-60-5.60-10.json", "solution": {"time": 0.012066054, "max_depth": 4, "is_feasible": false}, "AVD": 12.004455718664024}