{"name": "random-60-4.00-4.json", "solution": {"time": 0.008893888, "max_depth": 2, "is_feasible": false}, "AVD": 10.482201422760204}