{"name": "random-60-6.60-21.json", "solution": {"time": 0.009727466, "max_depth": 60, "is_feasible": true}, "AVD": 12.871435080351722}