{"name": "random-60-8.60-8.json", "solution": {"time": 0.003603221, "max_depth": 60, "is_feasible": true}, "AVD": 14.598146099271082}