{"name": "random-60-7.00-47.json", "solution": {"time": 0.006533352, "max_depth": 60, "is_feasible": true}, "AVD": 13.222747073913718}