{"name": "random-60-6.00-48.json", "solution": {"time": 0.01358098, "max_depth": 7, "is_feasible": false}, "AVD": 12.418938948397258}