{"name": "random-60-7.20-49.json", "solution": {"time": 0.008687371, "max_depth": 60, "is_feasible": true}, "AVD": 13.43631224485389}