{"name": "random-60-8.40-41.json", "solution": {"time": 0.004191157, "max_depth": 60, "is_feasible": true}, "AVD": 14.405282247073893}