{"name": "random-60-6.20-14.json", "solution": {"time": 0.005212721, "max_depth": 60, "is_feasible": true}, "AVD": 12.558477548685858}