{"name": "random-60-7.40-44.json", "solution": {"time": 0.004960163, "max_depth": 60, "is_feasible": true}, "AVD": 13.586207852332839}