{"name": "random-60-4.20-37.json", "solution": {"time": 0.008587592, "max_depth": 2, "is_feasible": false}, "AVD": 10.7121051602718}