{"name": "random-60-7.00-28.json", "solution": {"time": 0.005089274, "max_depth": 60, "is_feasible": true}, "AVD": 13.233147998606313}