{"name": "random-60-5.40-39.json", "solution": {"time": 0.009948117, "max_depth": 4, "is_feasible": false}, "AVD": 11.874623732748706}