{"name": "random-60-12.00-13.json", "solution": {"time": 0.003113151, "max_depth": 60, "is_feasible": true}, "AVD": 17.33331647827481}