{"name": "random-60-4.40-28.json", "solution": {"time": 0.0115115, "max_depth": 4, "is_feasible": false}, "AVD": 10.838377571502525}