{"name": "random-60-4.20-38.json", "solution": {"time": 0.009734811, "max_depth": 3, "is_feasible": false}, "AVD": 10.765207157040464}