{"name": "random-60-6.80-21.json", "solution": {"time": 0.006974446, "max_depth": 60, "is_feasible": true}, "AVD": 13.017185421060393}