{"name": "random-60-11.80-9.json", "solution": {"time": 0.002962969, "max_depth": 60, "is_feasible": true}, "AVD": 17.24311970899471}