{"name": "random-60-7.20-44.json", "solution": {"time": 0.017589025, "max_depth": 60, "is_feasible": true}, "AVD": 13.40675933942599}