{"name": "random-60-5.60-12.json", "solution": {"time": 0.003939932, "max_depth": 60, "is_feasible": true}, "AVD": 12.009464947089914}