{"name": "random-60-6.40-39.json", "solution": {"time": 0.011353433, "max_depth": 4, "is_feasible": false}, "AVD": 12.764463800088778}