{"name": "random-60-10.40-28.json", "solution": {"time": 0.003274206, "max_depth": 60, "is_feasible": true}, "AVD": 16.113197045238703}