{"name": "random-60-8.00-4.json", "solution": {"time": 0.003653287, "max_depth": 60, "is_feasible": true}, "AVD": 14.08409333413498}