{"name": "random-60-12.00-39.json", "solution": {"time": 0.009730058, "max_depth": 60, "is_feasible": true}, "AVD": 17.373726410934747}