{"name": "random-60-13.00-27.json", "solution": {"time": 0.003299705, "max_depth": 60, "is_feasible": true}, "AVD": 18.217641654641668}