{"name": "random-60-7.40-35.json", "solution": {"time": 0.016154087, "max_depth": 9, "is_feasible": false}, "AVD": 13.590066197691186}