{"name": "random-60-7.00-13.json", "solution": {"time": 0.01222727, "max_depth": 60, "is_feasible": true}, "AVD": 13.242274281274263}