{"name": "random-60-7.80-34.json", "solution": {"time": 0.003995971, "max_depth": 60, "is_feasible": true}, "AVD": 13.925928446553424}