{"name": "random-60-4.80-27.json", "solution": {"time": 0.013122924, "max_depth": 3, "is_feasible": false}, "AVD": 11.235422449464078}