{"name": "random-60-4.80-40.json", "solution": {"time": 0.008292194, "max_depth": 3, "is_feasible": false}, "AVD": 11.296282703407671}