{"name": "random-60-6.60-9.json", "solution": {"time": 0.006069226, "max_depth": 60, "is_feasible": true}, "AVD": 12.935645854145832}