{"name": "random-60-8.80-6.json", "solution": {"time": 0.005338555, "max_depth": 60, "is_feasible": true}, "AVD": 14.727870971620952}