{"name": "random-60-11.60-2.json", "solution": {"time": 0.002679888, "max_depth": 60, "is_feasible": true}, "AVD": 17.043821989738653}