{"name": "random-60-4.80-42.json", "solution": {"time": 0.00837397, "max_depth": 2, "is_feasible": false}, "AVD": 11.244488357321655}