{"name": "random-60-5.80-27.json", "solution": {"time": 0.016660717, "max_depth": 60, "is_feasible": true}, "AVD": 12.152445381778678}