{"name": "random-60-6.20-20.json", "solution": {"time": 0.009139481, "max_depth": 2, "is_feasible": false}, "AVD": 12.564920960983438}