{"name": "random-60-9.80-31.json", "solution": {"time": 0.00395552, "max_depth": 60, "is_feasible": true}, "AVD": 15.571959816418138}