{"name": "random-60-13.20-9.json", "solution": {"time": 0.003222235, "max_depth": 60, "is_feasible": true}, "AVD": 18.359262245470582}