{"name": "random-60-6.80-40.json", "solution": {"time": 0.015138198, "max_depth": 6, "is_feasible": false}, "AVD": 13.07858970658968}