{"name": "random-60-4.60-31.json", "solution": {"time": 0.009409803, "max_depth": 3, "is_feasible": false}, "AVD": 11.079821140279433}