{"name": "random-60-6.80-20.json", "solution": {"time": 0.014135052, "max_depth": 60, "is_feasible": true}, "AVD": 13.087684814413953}