{"name": "random-60-7.80-22.json", "solution": {"time": 0.005211483, "max_depth": 60, "is_feasible": true}, "AVD": 13.926003868045514}