{"name": "random-60-6.60-14.json", "solution": {"time": 0.006181523, "max_depth": 60, "is_feasible": true}, "AVD": 12.915562389770697}