{"name": "random-60-10.40-7.json", "solution": {"time": 0.003562687, "max_depth": 60, "is_feasible": true}, "AVD": 16.05692057479557}