{"name": "random-60-6.00-47.json", "solution": {"time": 0.016985525, "max_depth": 8, "is_feasible": false}, "AVD": 12.365778739778714}