{"name": "random-60-9.20-13.json", "solution": {"time": 0.004422157, "max_depth": 60, "is_feasible": true}, "AVD": 15.104656244989574}