{"name": "random-60-12.60-43.json", "solution": {"time": 0.003410675, "max_depth": 60, "is_feasible": true}, "AVD": 17.86073248356583}