{"name": "random-60-4.60-0.json", "solution": {"time": 0.009184995, "max_depth": 3, "is_feasible": false}, "AVD": 11.130553096594726}