{"name": "random-60-13.20-41.json", "solution": {"time": 0.003650177, "max_depth": 60, "is_feasible": true}, "AVD": 18.340164902998247}