{"name": "random-60-11.00-20.json", "solution": {"time": 0.003355997, "max_depth": 60, "is_feasible": true}, "AVD": 16.5136234768318}