{"name": "random-60-10.80-22.json", "solution": {"time": 0.005161161, "max_depth": 60, "is_feasible": true}, "AVD": 16.403807339265665}