{"name": "random-60-13.80-13.json", "solution": {"time": 0.003469052, "max_depth": 60, "is_feasible": true}, "AVD": 18.767112333654}