{"name": "random-60-6.00-45.json", "solution": {"time": 0.025666643, "max_depth": 60, "is_feasible": true}, "AVD": 12.372169347627663}