{"name": "random-60-11.40-3.json", "solution": {"time": 0.003310786, "max_depth": 60, "is_feasible": true}, "AVD": 16.88197687189354}