{"name": "random-60-6.40-49.json", "solution": {"time": 0.007407947, "max_depth": 60, "is_feasible": true}, "AVD": 12.717804228179201}