{"name": "random-60-12.20-24.json", "solution": {"time": 0.003413446, "max_depth": 60, "is_feasible": true}, "AVD": 17.561663039121377}