{"name": "random-60-12.40-31.json", "solution": {"time": 0.003714726, "max_depth": 60, "is_feasible": true}, "AVD": 17.646923180214845}