{"name": "random-60-8.40-22.json", "solution": {"time": 0.005991176, "max_depth": 60, "is_feasible": true}, "AVD": 14.444745931537577}