{"name": "random-60-10.80-38.json", "solution": {"time": 0.003613974, "max_depth": 60, "is_feasible": true}, "AVD": 16.410852853936174}