{"name": "random-60-4.60-29.json", "solution": {"time": 0.008018625, "max_depth": 3, "is_feasible": false}, "AVD": 11.126459646834617}