{"name": "random-60-6.80-48.json", "solution": {"time": 0.010845748, "max_depth": 60, "is_feasible": true}, "AVD": 13.112296812755128}