{"name": "random-60-10.60-14.json", "solution": {"time": 0.003768658, "max_depth": 60, "is_feasible": true}, "AVD": 16.30415909090908}