{"name": "random-60-11.80-42.json", "solution": {"time": 0.003154189, "max_depth": 60, "is_feasible": true}, "AVD": 17.222923300464963}