{"name": "random-60-6.60-2.json", "solution": {"time": 0.0210272, "max_depth": 60, "is_feasible": true}, "AVD": 12.920094732428042}