{"name": "random-60-12.40-18.json", "solution": {"time": 0.003001957, "max_depth": 60, "is_feasible": true}, "AVD": 17.776573853615528}