{"name": "random-60-5.20-4.json", "solution": {"time": 0.010089865, "max_depth": 3, "is_feasible": false}, "AVD": 11.61507176465506}