{"name": "random-60-7.40-13.json", "solution": {"time": 0.004245916, "max_depth": 60, "is_feasible": true}, "AVD": 13.584823087406404}