{"name": "random-60-7.60-16.json", "solution": {"time": 0.00980636, "max_depth": 60, "is_feasible": true}, "AVD": 13.732020542728852}