{"name": "random-60-11.40-5.json", "solution": {"time": 0.003418728, "max_depth": 60, "is_feasible": true}, "AVD": 16.86971354417187}