{"name": "random-60-11.40-6.json", "solution": {"time": 0.004683493, "max_depth": 60, "is_feasible": true}, "AVD": 16.877444905403234}