{"name": "random-60-5.00-41.json", "solution": {"time": 0.013650411, "max_depth": 8, "is_feasible": false}, "AVD": 11.443453921078882}