{"name": "random-60-6.60-18.json", "solution": {"time": 0.006711894, "max_depth": 60, "is_feasible": true}, "AVD": 12.905230679813988}