{"name": "random-60-11.00-17.json", "solution": {"time": 0.003240653, "max_depth": 60, "is_feasible": true}, "AVD": 16.54794392336058}