{"name": "random-60-10.00-12.json", "solution": {"time": 0.003143534, "max_depth": 60, "is_feasible": true}, "AVD": 15.741722122013776}