{"name": "random-60-13.60-44.json", "solution": {"time": 0.007563592, "max_depth": 60, "is_feasible": true}, "AVD": 18.643108585858595}