{"name": "random-60-6.00-38.json", "solution": {"time": 0.016432032, "max_depth": 7, "is_feasible": false}, "AVD": 12.410054729221377}