{"name": "random-60-12.20-45.json", "solution": {"time": 0.003439465, "max_depth": 60, "is_feasible": true}, "AVD": 17.52472023809525}