{"name": "random-60-11.00-42.json", "solution": {"time": 0.003490897, "max_depth": 60, "is_feasible": true}, "AVD": 16.557746272246266}