{"name": "random-60-9.60-27.json", "solution": {"time": 0.004274687, "max_depth": 60, "is_feasible": true}, "AVD": 15.418906004489319}