{"name": "random-60-10.00-42.json", "solution": {"time": 0.003665535, "max_depth": 60, "is_feasible": true}, "AVD": 15.739896865480185}