{"name": "random-60-12.40-26.json", "solution": {"time": 0.005523194, "max_depth": 60, "is_feasible": true}, "AVD": 17.72714033189033}