{"name": "random-60-12.60-17.json", "solution": {"time": 0.007688461, "max_depth": 60, "is_feasible": true}, "AVD": 17.812696328363}