{"name": "random-60-13.40-7.json", "solution": {"time": 0.003693667, "max_depth": 60, "is_feasible": true}, "AVD": 18.476621472663155}