{"name": "random-60-10.40-27.json", "solution": {"time": 0.004019675, "max_depth": 60, "is_feasible": true}, "AVD": 16.073201178451168}