{"name": "random-60-11.60-40.json", "solution": {"time": 0.003129881, "max_depth": 60, "is_feasible": true}, "AVD": 17.049497033830363}