{"name": "random-60-7.20-42.json", "solution": {"time": 0.006485751, "max_depth": 60, "is_feasible": true}, "AVD": 13.41752129043794}