{"name": "random-60-10.80-42.json", "solution": {"time": 0.008181907, "max_depth": 60, "is_feasible": true}, "AVD": 16.393775152316813}