{"name": "random-60-8.00-29.json", "solution": {"time": 0.009314417, "max_depth": 60, "is_feasible": true}, "AVD": 14.103131524339847}