{"name": "random-60-11.00-44.json", "solution": {"time": 0.005585578, "max_depth": 60, "is_feasible": true}, "AVD": 16.55607994628828}