{"name": "random-60-10.60-46.json", "solution": {"time": 0.00442311, "max_depth": 60, "is_feasible": true}, "AVD": 16.269166245791236}