{"name": "random-60-6.80-24.json", "solution": {"time": 0.01572523, "max_depth": 7, "is_feasible": false}, "AVD": 13.108505331088642}