{"name": "random-60-9.00-24.json", "solution": {"time": 0.003600727, "max_depth": 60, "is_feasible": true}, "AVD": 14.977750180375171}