{"name": "random-60-8.00-18.json", "solution": {"time": 0.003833188, "max_depth": 60, "is_feasible": true}, "AVD": 14.115163039121342}