{"name": "random-60-10.80-36.json", "solution": {"time": 0.003174352, "max_depth": 60, "is_feasible": true}, "AVD": 16.450161275452942}