{"name": "random-60-5.40-26.json", "solution": {"time": 0.01541013, "max_depth": 7, "is_feasible": false}, "AVD": 11.856192205942182}