{"name": "random-60-7.40-15.json", "solution": {"time": 0.0124495, "max_depth": 60, "is_feasible": true}, "AVD": 13.599086495294811}