{"name": "random-60-4.80-17.json", "solution": {"time": 0.012262787, "max_depth": 4, "is_feasible": false}, "AVD": 11.278772127563752}