{"name": "random-60-4.00-13.json", "solution": {"time": 0.009258446, "max_depth": 3, "is_feasible": false}, "AVD": 10.49314641222971}