{"name": "random-60-8.00-33.json", "solution": {"time": 0.009175757, "max_depth": 60, "is_feasible": true}, "AVD": 14.109047644485129}