{"name": "random-60-5.60-39.json", "solution": {"time": 0.010404448, "max_depth": 4, "is_feasible": false}, "AVD": 12.061183777642087}