{"name": "random-60-13.00-45.json", "solution": {"time": 0.003233565, "max_depth": 60, "is_feasible": true}, "AVD": 18.183348104056442}