{"name": "random-60-4.40-2.json", "solution": {"time": 0.009887599, "max_depth": 4, "is_feasible": false}, "AVD": 10.884207412957382}