{"name": "random-60-4.60-34.json", "solution": {"time": 0.01238492, "max_depth": 4, "is_feasible": false}, "AVD": 11.039648380940013}