{"name": "random-60-7.40-32.json", "solution": {"time": 0.005822958, "max_depth": 60, "is_feasible": true}, "AVD": 13.619682299182278}