{"name": "random-60-8.40-12.json", "solution": {"time": 0.0032781, "max_depth": 60, "is_feasible": true}, "AVD": 14.429710252710235}