{"name": "random-60-12.20-16.json", "solution": {"time": 0.008889848, "max_depth": 60, "is_feasible": true}, "AVD": 17.514862874779546}