{"name": "random-60-12.40-36.json", "solution": {"time": 0.003295427, "max_depth": 60, "is_feasible": true}, "AVD": 17.722110790444138}