{"name": "random-60-9.00-12.json", "solution": {"time": 0.003331628, "max_depth": 60, "is_feasible": true}, "AVD": 14.938272201563851}