{"name": "random-60-11.60-46.json", "solution": {"time": 0.003282046, "max_depth": 60, "is_feasible": true}, "AVD": 17.126259279300942}