{"name": "random-60-5.20-34.json", "solution": {"time": 0.018321778, "max_depth": 8, "is_feasible": false}, "AVD": 11.618122291288927}