{"name": "random-60-10.60-49.json", "solution": {"time": 0.004109909, "max_depth": 60, "is_feasible": true}, "AVD": 16.22816215728715}