{"name": "random-60-9.20-44.json", "solution": {"time": 0.003623246, "max_depth": 60, "is_feasible": true}, "AVD": 15.0828424122174}