{"name": "random-60-7.80-30.json", "solution": {"time": 0.012450636, "max_depth": 60, "is_feasible": true}, "AVD": 13.891632450882435}