{"name": "random-60-7.80-23.json", "solution": {"time": 0.00777642, "max_depth": 60, "is_feasible": true}, "AVD": 13.942601486476475}