{"name": "random-60-9.60-17.json", "solution": {"time": 0.003271609, "max_depth": 60, "is_feasible": true}, "AVD": 15.44225412858745}