{"name": "random-60-6.80-27.json", "solution": {"time": 0.012774929, "max_depth": 60, "is_feasible": true}, "AVD": 13.053102508602477}