{"name": "random-60-9.60-3.json", "solution": {"time": 0.003632262, "max_depth": 60, "is_feasible": true}, "AVD": 15.416361046361033}