{"name": "random-60-13.40-49.json", "solution": {"time": 0.003089446, "max_depth": 60, "is_feasible": true}, "AVD": 18.46424933862435}