{"name": "random-60-12.20-36.json", "solution": {"time": 0.003574921, "max_depth": 60, "is_feasible": true}, "AVD": 17.57976400913902}