{"name": "random-60-13.40-3.json", "solution": {"time": 0.00309472, "max_depth": 60, "is_feasible": true}, "AVD": 18.466617404200736}