{"name": "random-60-13.80-46.json", "solution": {"time": 0.005898282, "max_depth": 60, "is_feasible": true}, "AVD": 18.87101258617925}