{"name": "random-60-13.80-0.json", "solution": {"time": 0.003243337, "max_depth": 60, "is_feasible": true}, "AVD": 18.811248577040242}