{"name": "random-60-10.00-35.json", "solution": {"time": 0.003876415, "max_depth": 60, "is_feasible": true}, "AVD": 15.767394300144293}