{"name": "random-60-10.20-40.json", "solution": {"time": 0.003815047, "max_depth": 60, "is_feasible": true}, "AVD": 15.909177489177479}