{"name": "random-60-7.40-28.json", "solution": {"time": 0.003756088, "max_depth": 60, "is_feasible": true}, "AVD": 13.569494844661495}