{"name": "random-60-6.60-28.json", "solution": {"time": 0.008092125, "max_depth": 60, "is_feasible": true}, "AVD": 12.875088414671723}