{"name": "random-60-11.60-0.json", "solution": {"time": 0.003143241, "max_depth": 60, "is_feasible": true}, "AVD": 17.031881413339743}