{"name": "random-60-10.20-25.json", "solution": {"time": 0.002878958, "max_depth": 60, "is_feasible": true}, "AVD": 15.899283449575107}