{"name": "random-60-10.60-35.json", "solution": {"time": 0.003789881, "max_depth": 60, "is_feasible": true}, "AVD": 16.257115640532305}