{"name": "random-60-5.80-10.json", "solution": {"time": 0.009794471, "max_depth": 4, "is_feasible": false}, "AVD": 12.186163866997171}