{"name": "random-60-10.60-32.json", "solution": {"time": 0.003323521, "max_depth": 60, "is_feasible": true}, "AVD": 16.26901587301587}