{"name": "random-60-13.40-11.json", "solution": {"time": 0.003270053, "max_depth": 60, "is_feasible": true}, "AVD": 18.483412698412696}