{"name": "random-60-9.60-22.json", "solution": {"time": 0.004955596, "max_depth": 60, "is_feasible": true}, "AVD": 15.41601346801345}