{"name": "random-60-9.80-25.json", "solution": {"time": 0.00341125, "max_depth": 60, "is_feasible": true}, "AVD": 15.568934022767346}