{"name": "random-60-4.40-45.json", "solution": {"time": 0.008778229, "max_depth": 3, "is_feasible": false}, "AVD": 10.901084711584696}