{"name": "random-60-9.40-27.json", "solution": {"time": 0.003997832, "max_depth": 60, "is_feasible": true}, "AVD": 15.23856748035913}