{"name": "random-60-13.00-33.json", "solution": {"time": 0.003967984, "max_depth": 60, "is_feasible": true}, "AVD": 18.17732501140835}