{"name": "random-60-5.20-12.json", "solution": {"time": 0.011488382, "max_depth": 19, "is_feasible": false}, "AVD": 11.64950797659127}