{"name": "random-60-10.60-26.json", "solution": {"time": 0.00361835, "max_depth": 60, "is_feasible": true}, "AVD": 16.23855988455987}