{"name": "random-60-13.00-17.json", "solution": {"time": 0.003515609, "max_depth": 60, "is_feasible": true}, "AVD": 18.15820161936829}