{"name": "random-60-5.60-9.json", "solution": {"time": 0.005467145, "max_depth": 60, "is_feasible": true}, "AVD": 12.047546311712946}