{"name": "random-60-6.60-22.json", "solution": {"time": 0.02151969, "max_depth": 10, "is_feasible": false}, "AVD": 12.888990796240773}