{"name": "random-60-10.60-6.json", "solution": {"time": 0.011310787, "max_depth": 60, "is_feasible": true}, "AVD": 16.217297418630743}