{"name": "random-60-7.00-21.json", "solution": {"time": 0.004455062, "max_depth": 60, "is_feasible": true}, "AVD": 13.23166712300043}