{"name": "random-60-8.00-32.json", "solution": {"time": 0.003927697, "max_depth": 60, "is_feasible": true}, "AVD": 14.120357623857604}