{"name": "random-60-10.80-18.json", "solution": {"time": 0.003375185, "max_depth": 60, "is_feasible": true}, "AVD": 16.425200617283945}