{"name": "random-60-6.00-4.json", "solution": {"time": 0.011377566, "max_depth": 4, "is_feasible": false}, "AVD": 12.338193658193624}