{"name": "random-60-5.00-1.json", "solution": {"time": 0.008516829, "max_depth": 2, "is_feasible": false}, "AVD": 11.466266289266255}