{"name": "random-60-12.60-49.json", "solution": {"time": 0.003016774, "max_depth": 60, "is_feasible": true}, "AVD": 17.808458994708996}