{"name": "random-60-4.20-15.json", "solution": {"time": 0.008424516, "max_depth": 2, "is_feasible": false}, "AVD": 10.774416948791913}