{"name": "random-60-14.00-0.json", "solution": {"time": 0.003506614, "max_depth": 60, "is_feasible": true}, "AVD": 18.95504651675485}