{"name": "random-60-6.80-8.json", "solution": {"time": 0.013692844, "max_depth": 5, "is_feasible": false}, "AVD": 13.062356782106754}