{"name": "random-60-11.20-12.json", "solution": {"time": 0.003167362, "max_depth": 60, "is_feasible": true}, "AVD": 16.678454044412373}