{"name": "random-60-13.20-47.json", "solution": {"time": 0.003547075, "max_depth": 60, "is_feasible": true}, "AVD": 18.29475110229278}