{"name": "random-60-5.00-42.json", "solution": {"time": 0.008537084, "max_depth": 2, "is_feasible": false}, "AVD": 11.440531667406628}