{"name": "random-60-7.40-25.json", "solution": {"time": 0.004014674, "max_depth": 60, "is_feasible": true}, "AVD": 13.540820101195086}