{"name": "random-60-8.60-31.json", "solution": {"time": 0.003938805, "max_depth": 60, "is_feasible": true}, "AVD": 14.555311487894809}