{"name": "random-60-6.40-23.json", "solution": {"time": 0.011928706, "max_depth": 7, "is_feasible": false}, "AVD": 12.747639164847481}