{"name": "random-60-11.20-28.json", "solution": {"time": 0.003570167, "max_depth": 60, "is_feasible": true}, "AVD": 16.75261876241043}