{"name": "random-60-12.40-4.json", "solution": {"time": 0.003104733, "max_depth": 60, "is_feasible": true}, "AVD": 17.66877613435946}