{"name": "random-60-9.80-12.json", "solution": {"time": 0.004607922, "max_depth": 60, "is_feasible": true}, "AVD": 15.57433521725187}