{"name": "random-60-14.00-24.json", "solution": {"time": 0.003698761, "max_depth": 60, "is_feasible": true}, "AVD": 18.980477853936193}