{"name": "random-60-6.40-1.json", "solution": {"time": 0.015695511, "max_depth": 6, "is_feasible": false}, "AVD": 12.735154180695815}