{"name": "random-60-8.60-42.json", "solution": {"time": 0.004014479, "max_depth": 60, "is_feasible": true}, "AVD": 14.61307579303411}