{"name": "random-60-6.00-25.json", "solution": {"time": 0.016977171, "max_depth": 6, "is_feasible": false}, "AVD": 12.359459791751439}