{"name": "random-60-6.00-41.json", "solution": {"time": 0.014432682, "max_depth": 8, "is_feasible": false}, "AVD": 12.371140718849022}