{"name": "random-60-6.20-39.json", "solution": {"time": 0.014953749, "max_depth": 4, "is_feasible": false}, "AVD": 12.595278534736847}