{"name": "random-60-6.40-21.json", "solution": {"time": 0.013968678, "max_depth": 60, "is_feasible": true}, "AVD": 12.706529937654915}