{"name": "random-60-8.40-25.json", "solution": {"time": 0.003544513, "max_depth": 60, "is_feasible": true}, "AVD": 14.409614092697419}