{"name": "random-60-13.80-20.json", "solution": {"time": 0.003609078, "max_depth": 60, "is_feasible": true}, "AVD": 18.780828042328046}