{"name": "random-60-9.80-48.json", "solution": {"time": 0.003280438, "max_depth": 60, "is_feasible": true}, "AVD": 15.592855519480501}