{"name": "random-60-13.40-21.json", "solution": {"time": 0.003272116, "max_depth": 60, "is_feasible": true}, "AVD": 18.472749679333013}