{"name": "random-60-5.40-42.json", "solution": {"time": 0.015783639, "max_depth": 3, "is_feasible": false}, "AVD": 11.794547455630749}