{"name": "random-60-5.00-9.json", "solution": {"time": 0.010958712, "max_depth": 4, "is_feasible": false}, "AVD": 11.500220819304111}