{"name": "random-60-12.60-42.json", "solution": {"time": 0.003511807, "max_depth": 60, "is_feasible": true}, "AVD": 17.814686628186625}