{"name": "random-60-7.60-11.json", "solution": {"time": 0.004036082, "max_depth": 60, "is_feasible": true}, "AVD": 13.739561187269505}