{"name": "random-60-7.80-20.json", "solution": {"time": 0.007294249, "max_depth": 60, "is_feasible": true}, "AVD": 13.932875170354315}