{"name": "random-60-8.60-6.json", "solution": {"time": 0.00507153, "max_depth": 60, "is_feasible": true}, "AVD": 14.570677629469277}