{"name": "random-60-4.00-19.json", "solution": {"time": 0.008516467, "max_depth": 2, "is_feasible": false}, "AVD": 10.557255432838728}