{"name": "random-60-8.20-31.json", "solution": {"time": 0.005294937, "max_depth": 60, "is_feasible": true}, "AVD": 14.216394480519464}