{"name": "random-60-4.20-13.json", "solution": {"time": 0.010002031, "max_depth": 3, "is_feasible": false}, "AVD": 10.695165511957148}