{"name": "random-60-7.40-22.json", "solution": {"time": 0.008949798, "max_depth": 60, "is_feasible": true}, "AVD": 13.562666942625254}