{"name": "random-60-11.80-38.json", "solution": {"time": 0.003098882, "max_depth": 60, "is_feasible": true}, "AVD": 17.214960878627544}