{"name": "random-60-4.00-20.json", "solution": {"time": 0.008263695, "max_depth": 2, "is_feasible": false}, "AVD": 10.55482583075962}