{"name": "random-60-7.40-46.json", "solution": {"time": 0.018749439, "max_depth": 60, "is_feasible": true}, "AVD": 13.591830703247348}