{"name": "random-60-11.20-29.json", "solution": {"time": 0.003407268, "max_depth": 60, "is_feasible": true}, "AVD": 16.722913039121366}