{"name": "random-60-4.20-4.json", "solution": {"time": 0.009426711, "max_depth": 3, "is_feasible": false}, "AVD": 10.678291081603541}