{"name": "random-60-5.40-10.json", "solution": {"time": 0.010174095, "max_depth": 4, "is_feasible": false}, "AVD": 11.816335709044013}