{"name": "random-60-12.00-46.json", "solution": {"time": 0.005342685, "max_depth": 60, "is_feasible": true}, "AVD": 17.43104533429533}