{"name": "random-60-8.00-44.json", "solution": {"time": 0.006643881, "max_depth": 60, "is_feasible": true}, "AVD": 14.084023649190305}