{"name": "random-60-11.60-6.json", "solution": {"time": 0.003421207, "max_depth": 60, "is_feasible": true}, "AVD": 17.04436113115279}