{"name": "random-60-8.00-47.json", "solution": {"time": 0.008530112, "max_depth": 60, "is_feasible": true}, "AVD": 14.058523849607163}