{"name": "random-60-8.20-38.json", "solution": {"time": 0.004239443, "max_depth": 60, "is_feasible": true}, "AVD": 14.290484623401271}