{"name": "random-60-10.60-30.json", "solution": {"time": 0.003535126, "max_depth": 60, "is_feasible": true}, "AVD": 16.201428811928803}