{"name": "random-60-8.80-49.json", "solution": {"time": 0.003685672, "max_depth": 60, "is_feasible": true}, "AVD": 14.77632034632033}