{"name": "random-60-8.80-23.json", "solution": {"time": 0.004427541, "max_depth": 60, "is_feasible": true}, "AVD": 14.72684234284233}