{"name": "random-60-5.40-44.json", "solution": {"time": 0.013214644, "max_depth": 7, "is_feasible": false}, "AVD": 11.84955549080547}