{"name": "random-60-4.40-26.json", "solution": {"time": 0.010278009, "max_depth": 3, "is_feasible": false}, "AVD": 10.909426027675995}