{"name": "random-60-4.00-40.json", "solution": {"time": 0.008484504, "max_depth": 3, "is_feasible": false}, "AVD": 10.545905250613547}