{"name": "random-60-5.60-46.json", "solution": {"time": 0.010018494, "max_depth": 4, "is_feasible": false}, "AVD": 12.015077641494285}