{"name": "random-60-9.60-1.json", "solution": {"time": 0.003753591, "max_depth": 60, "is_feasible": true}, "AVD": 15.389182319223979}