{"name": "random-60-10.20-46.json", "solution": {"time": 0.003426902, "max_depth": 60, "is_feasible": true}, "AVD": 15.942864658489649}