{"name": "random-60-5.00-46.json", "solution": {"time": 0.011479778, "max_depth": 0, "is_feasible": false}, "AVD": 11.443113395863369}