{"name": "random-60-13.20-3.json", "solution": {"time": 0.007237617, "max_depth": 60, "is_feasible": true}, "AVD": 18.32624747474748}