{"name": "random-60-7.20-40.json", "solution": {"time": 0.01705483, "max_depth": 6, "is_feasible": false}, "AVD": 13.434245771204084}