{"name": "random-60-4.20-26.json", "solution": {"time": 0.013519903, "max_depth": 3, "is_feasible": false}, "AVD": 10.718726452559748}