{"name": "random-60-9.80-23.json", "solution": {"time": 0.003774736, "max_depth": 60, "is_feasible": true}, "AVD": 15.564006328547988}