{"name": "random-60-10.40-45.json", "solution": {"time": 0.003884821, "max_depth": 60, "is_feasible": true}, "AVD": 16.068669211960877}