{"name": "random-60-4.40-29.json", "solution": {"time": 0.008754673, "max_depth": 3, "is_feasible": false}, "AVD": 10.942546407296375}