{"name": "random-60-13.20-38.json", "solution": {"time": 0.003659385, "max_depth": 60, "is_feasible": true}, "AVD": 18.346996472663143}