{"name": "random-60-7.80-36.json", "solution": {"time": 0.00562505, "max_depth": 60, "is_feasible": true}, "AVD": 13.925270342311983}