{"name": "random-60-13.80-49.json", "solution": {"time": 0.007700324, "max_depth": 60, "is_feasible": true}, "AVD": 18.793697751322764}