{"name": "random-60-7.60-38.json", "solution": {"time": 0.009100387, "max_depth": 60, "is_feasible": true}, "AVD": 13.78020255670254}