{"name": "random-60-13.40-30.json", "solution": {"time": 0.003158372, "max_depth": 60, "is_feasible": true}, "AVD": 18.45565608465609}