{"name": "random-60-6.00-24.json", "solution": {"time": 0.014138256, "max_depth": 7, "is_feasible": false}, "AVD": 12.39047485847483}