{"name": "random-60-10.00-44.json", "solution": {"time": 0.003796535, "max_depth": 60, "is_feasible": true}, "AVD": 15.735203523328517}