{"name": "random-60-13.80-7.json", "solution": {"time": 0.003706572, "max_depth": 60, "is_feasible": true}, "AVD": 18.797812830687842}