{"name": "random-60-5.40-32.json", "solution": {"time": 0.012202017, "max_depth": 5, "is_feasible": false}, "AVD": 11.89578595016092}