{"name": "random-60-5.20-32.json", "solution": {"time": 0.012690013, "max_depth": 3, "is_feasible": false}, "AVD": 11.689150904650868}