{"name": "random-60-10.80-41.json", "solution": {"time": 0.003508892, "max_depth": 60, "is_feasible": true}, "AVD": 16.40117153679653}