{"name": "random-60-9.60-11.json", "solution": {"time": 0.003771824, "max_depth": 60, "is_feasible": true}, "AVD": 15.400888167388155}