{"name": "random-60-7.80-32.json", "solution": {"time": 0.003567976, "max_depth": 60, "is_feasible": true}, "AVD": 13.959039421997739}