{"name": "random-60-7.60-10.json", "solution": {"time": 0.003466023, "max_depth": 60, "is_feasible": true}, "AVD": 13.741467131633781}