{"name": "random-60-8.00-40.json", "solution": {"time": 0.00645028, "max_depth": 60, "is_feasible": true}, "AVD": 14.097444725028039}