{"name": "random-60-4.60-10.json", "solution": {"time": 0.012588723, "max_depth": 4, "is_feasible": false}, "AVD": 11.074680817639122}