{"name": "random-60-10.00-30.json", "solution": {"time": 0.003895553, "max_depth": 60, "is_feasible": true}, "AVD": 15.73003376561709}