{"name": "random-60-8.60-4.json", "solution": {"time": 0.003787058, "max_depth": 60, "is_feasible": true}, "AVD": 14.595665183581833}