{"name": "random-60-11.80-16.json", "solution": {"time": 0.003465613, "max_depth": 60, "is_feasible": true}, "AVD": 17.197800044091714}