{"name": "random-60-7.20-34.json", "solution": {"time": 0.003845507, "max_depth": 60, "is_feasible": true}, "AVD": 13.392610380360358}