{"name": "random-60-9.00-10.json", "solution": {"time": 0.006921764, "max_depth": 60, "is_feasible": true}, "AVD": 14.909198532948519}