{"name": "random-60-10.00-16.json", "solution": {"time": 0.003295686, "max_depth": 60, "is_feasible": true}, "AVD": 15.73229509379508}