{"name": "random-60-8.00-27.json", "solution": {"time": 0.00405351, "max_depth": 60, "is_feasible": true}, "AVD": 14.09212910854575}