{"name": "random-60-6.20-10.json", "solution": {"time": 0.01030951, "max_depth": 5, "is_feasible": false}, "AVD": 12.530766545183186}