{"name": "random-60-6.80-46.json", "solution": {"time": 0.015518559, "max_depth": 7, "is_feasible": false}, "AVD": 13.073086194669504}