{"name": "random-60-7.20-36.json", "solution": {"time": 0.009339705, "max_depth": 60, "is_feasible": true}, "AVD": 13.417625300625277}