{"name": "random-60-5.40-12.json", "solution": {"time": 0.014875919, "max_depth": 19, "is_feasible": false}, "AVD": 11.830555575597206}