{"name": "random-60-10.20-41.json", "solution": {"time": 0.008242884, "max_depth": 60, "is_feasible": true}, "AVD": 15.917301286676276}