{"name": "random-60-13.40-22.json", "solution": {"time": 0.00329121, "max_depth": 60, "is_feasible": true}, "AVD": 18.475345137886805}