{"name": "random-60-5.60-19.json", "solution": {"time": 0.024065999, "max_depth": 12, "is_feasible": false}, "AVD": 12.066207112332084}