{"name": "random-60-7.00-34.json", "solution": {"time": 0.003954227, "max_depth": 60, "is_feasible": true}, "AVD": 13.23267402813234}