{"name": "random-60-10.00-49.json", "solution": {"time": 0.003286923, "max_depth": 60, "is_feasible": true}, "AVD": 15.75596352413018}