{"name": "random-60-13.60-1.json", "solution": {"time": 0.003546153, "max_depth": 60, "is_feasible": true}, "AVD": 18.62060890652558}