{"name": "random-60-5.20-20.json", "solution": {"time": 0.008473965, "max_depth": 2, "is_feasible": false}, "AVD": 11.682230700626508}