{"name": "random-60-11.00-7.json", "solution": {"time": 0.003103281, "max_depth": 60, "is_feasible": true}, "AVD": 16.548753246753243}