{"name": "random-60-9.60-30.json", "solution": {"time": 0.004209997, "max_depth": 60, "is_feasible": true}, "AVD": 15.391481076022732}