{"name": "random-60-5.60-2.json", "solution": {"time": 0.012156546, "max_depth": 5, "is_feasible": false}, "AVD": 12.014935356310328}