{"name": "random-60-4.80-47.json", "solution": {"time": 0.013277005, "max_depth": 6, "is_feasible": false}, "AVD": 11.276291211874511}