{"name": "random-60-10.40-4.json", "solution": {"time": 0.003448446, "max_depth": 60, "is_feasible": true}, "AVD": 16.052679573512904}