{"name": "random-60-8.20-40.json", "solution": {"time": 0.007733793, "max_depth": 60, "is_feasible": true}, "AVD": 14.272643678851997}