{"name": "random-60-4.60-20.json", "solution": {"time": 0.008572361, "max_depth": 2, "is_feasible": false}, "AVD": 11.130483378458843}