{"name": "random-60-10.60-18.json", "solution": {"time": 0.003823877, "max_depth": 60, "is_feasible": true}, "AVD": 16.273225088183413}