{"name": "random-60-10.60-3.json", "solution": {"time": 0.004192872, "max_depth": 60, "is_feasible": true}, "AVD": 16.21810551948051}