{"name": "random-60-9.20-34.json", "solution": {"time": 0.003707824, "max_depth": 60, "is_feasible": true}, "AVD": 15.103432479557467}