{"name": "random-60-7.60-29.json", "solution": {"time": 0.01632248, "max_depth": 7, "is_feasible": false}, "AVD": 13.75870084853416}