{"name": "random-60-6.00-0.json", "solution": {"time": 0.01189238, "max_depth": 4, "is_feasible": false}, "AVD": 12.360698980032286}