{"name": "random-60-7.20-17.json", "solution": {"time": 0.005129692, "max_depth": 60, "is_feasible": true}, "AVD": 13.42064253647584}