{"name": "random-60-10.00-24.json", "solution": {"time": 0.008152256, "max_depth": 60, "is_feasible": true}, "AVD": 15.804419011544006}