{"name": "random-60-4.20-14.json", "solution": {"time": 0.012548066, "max_depth": 13, "is_feasible": false}, "AVD": 10.667276581443215}