{"name": "random-60-4.60-23.json", "solution": {"time": 0.0121688, "max_depth": 3, "is_feasible": false}, "AVD": 11.14788800242965}