{"name": "random-60-9.40-10.json", "solution": {"time": 0.007563327, "max_depth": 60, "is_feasible": true}, "AVD": 15.247805014430005}