{"name": "random-60-8.40-23.json", "solution": {"time": 0.010547056, "max_depth": 60, "is_feasible": true}, "AVD": 14.418953097828084}