{"name": "random-60-12.60-48.json", "solution": {"time": 0.004565862, "max_depth": 60, "is_feasible": true}, "AVD": 17.829639550264552}