{"name": "random-60-8.60-12.json", "solution": {"time": 0.003947365, "max_depth": 60, "is_feasible": true}, "AVD": 14.599572806822787}