{"name": "random-60-8.40-14.json", "solution": {"time": 0.004481094, "max_depth": 60, "is_feasible": true}, "AVD": 14.476931818181804}