{"name": "random-60-8.20-7.json", "solution": {"time": 0.003267542, "max_depth": 60, "is_feasible": true}, "AVD": 14.261000180375166}