{"name": "random-60-12.40-30.json", "solution": {"time": 0.003520756, "max_depth": 60, "is_feasible": true}, "AVD": 17.618050384800384}