{"name": "random-60-13.00-8.json", "solution": {"time": 0.003754157, "max_depth": 60, "is_feasible": true}, "AVD": 18.131103956228962}