{"name": "random-60-4.40-43.json", "solution": {"time": 0.008891769, "max_depth": 3, "is_feasible": false}, "AVD": 10.8643365770032}