{"name": "random-60-13.40-33.json", "solution": {"time": 0.003799661, "max_depth": 60, "is_feasible": true}, "AVD": 18.47229367083535}