{"name": "random-60-11.00-10.json", "solution": {"time": 0.003230935, "max_depth": 60, "is_feasible": true}, "AVD": 16.51551841831008}