{"name": "random-60-6.60-8.json", "solution": {"time": 0.016427591, "max_depth": 5, "is_feasible": false}, "AVD": 12.885770242103549}