{"name": "random-60-7.40-17.json", "solution": {"time": 0.004921508, "max_depth": 60, "is_feasible": true}, "AVD": 13.609247895622866}