{"name": "random-60-10.80-19.json", "solution": {"time": 0.002849763, "max_depth": 60, "is_feasible": true}, "AVD": 16.426709235209234}