{"name": "random-60-5.20-24.json", "solution": {"time": 0.009594323, "max_depth": 5, "is_feasible": false}, "AVD": 11.691577558244193}