{"name": "random-60-13.60-0.json", "solution": {"time": 0.003396015, "max_depth": 60, "is_feasible": true}, "AVD": 18.649106381273047}