{"name": "random-60-8.80-48.json", "solution": {"time": 0.00367265, "max_depth": 60, "is_feasible": true}, "AVD": 14.770590663965645}