{"name": "random-60-6.60-30.json", "solution": {"time": 0.010747479, "max_depth": 3, "is_feasible": false}, "AVD": 12.895855609668088}