{"name": "random-60-12.00-35.json", "solution": {"time": 0.009222226, "max_depth": 60, "is_feasible": true}, "AVD": 17.377398929773936}