{"name": "random-60-6.80-34.json", "solution": {"time": 0.00419443, "max_depth": 60, "is_feasible": true}, "AVD": 13.048161366411348}