{"name": "random-60-4.40-15.json", "solution": {"time": 0.008265411, "max_depth": 2, "is_feasible": false}, "AVD": 10.965358963567262}