{"name": "random-60-11.60-4.json", "solution": {"time": 0.003119862, "max_depth": 60, "is_feasible": true}, "AVD": 17.021444564694562}