{"name": "random-60-9.40-33.json", "solution": {"time": 0.003497521, "max_depth": 60, "is_feasible": true}, "AVD": 15.263492684784342}