{"name": "random-60-8.20-20.json", "solution": {"time": 0.009646211, "max_depth": 60, "is_feasible": true}, "AVD": 14.257536105098588}