{"name": "random-60-8.80-12.json", "solution": {"time": 0.00382547, "max_depth": 60, "is_feasible": true}, "AVD": 14.761915499623816}