{"name": "random-60-5.20-21.json", "solution": {"time": 0.012881258, "max_depth": 3, "is_feasible": false}, "AVD": 11.646181813556783}