{"name": "random-60-6.80-13.json", "solution": {"time": 0.008691763, "max_depth": 60, "is_feasible": true}, "AVD": 13.05275323750322}