{"name": "random-60-12.80-7.json", "solution": {"time": 0.003276971, "max_depth": 60, "is_feasible": true}, "AVD": 17.98508587862755}