{"name": "random-60-4.40-21.json", "solution": {"time": 0.009096557, "max_depth": 3, "is_feasible": false}, "AVD": 10.913182149640445}