{"name": "random-60-8.00-16.json", "solution": {"time": 0.006246568, "max_depth": 60, "is_feasible": true}, "AVD": 14.05440999278497}