{"name": "random-60-6.00-32.json", "solution": {"time": 0.01819282, "max_depth": 8, "is_feasible": false}, "AVD": 12.425449835658144}