{"name": "random-60-13.20-24.json", "solution": {"time": 0.003285246, "max_depth": 60, "is_feasible": true}, "AVD": 18.358562950937955}