{"name": "random-60-6.40-43.json", "solution": {"time": 0.012826248, "max_depth": 7, "is_feasible": false}, "AVD": 12.72350447546278}