{"name": "random-60-7.00-19.json", "solution": {"time": 0.004253283, "max_depth": 60, "is_feasible": true}, "AVD": 13.284152111777091}