{"name": "random-60-4.20-18.json", "solution": {"time": 0.008901265, "max_depth": 3, "is_feasible": false}, "AVD": 10.696457457665757}