{"name": "random-60-9.40-12.json", "solution": {"time": 0.003936091, "max_depth": 60, "is_feasible": true}, "AVD": 15.267628547378532}