{"name": "random-60-10.00-25.json", "solution": {"time": 0.003452134, "max_depth": 60, "is_feasible": true}, "AVD": 15.723652938111261}