{"name": "random-60-12.00-25.json", "solution": {"time": 0.003031138, "max_depth": 60, "is_feasible": true}, "AVD": 17.318227853936186}