{"name": "random-60-4.40-48.json", "solution": {"time": 0.011791903, "max_depth": 3, "is_feasible": false}, "AVD": 10.964111922799395}