{"name": "random-60-4.00-9.json", "solution": {"time": 0.010409852, "max_depth": 4, "is_feasible": false}, "AVD": 10.530280870364157}