{"name": "random-60-8.20-45.json", "solution": {"time": 0.004252939, "max_depth": 60, "is_feasible": true}, "AVD": 14.245047218213866}