{"name": "random-60-13.60-48.json", "solution": {"time": 0.003274674, "max_depth": 60, "is_feasible": true}, "AVD": 18.638844356261025}