{"name": "random-60-8.00-49.json", "solution": {"time": 0.010196139, "max_depth": 60, "is_feasible": true}, "AVD": 14.10745979637644}