{"name": "random-60-12.40-10.json", "solution": {"time": 0.002875105, "max_depth": 60, "is_feasible": true}, "AVD": 17.650446548821545}