{"name": "random-60-7.40-41.json", "solution": {"time": 0.019265393, "max_depth": 10, "is_feasible": false}, "AVD": 13.558204661079635}