{"name": "random-60-11.60-20.json", "solution": {"time": 0.002853393, "max_depth": 60, "is_feasible": true}, "AVD": 17.001448653198647}