{"name": "random-60-7.00-25.json", "solution": {"time": 0.004792584, "max_depth": 60, "is_feasible": true}, "AVD": 13.217532082115403}