{"name": "random-60-5.80-31.json", "solution": {"time": 0.011646727, "max_depth": 4, "is_feasible": false}, "AVD": 12.19281130289461}