{"name": "random-60-13.60-4.json", "solution": {"time": 0.003287222, "max_depth": 60, "is_feasible": true}, "AVD": 18.625827942119603}