{"name": "random-60-9.20-21.json", "solution": {"time": 0.003472827, "max_depth": 60, "is_feasible": true}, "AVD": 15.090252244668898}