{"name": "random-60-6.20-19.json", "solution": {"time": 0.01233821, "max_depth": 60, "is_feasible": true}, "AVD": 12.61046082466913}