{"name": "random-60-6.40-14.json", "solution": {"time": 0.005640282, "max_depth": 60, "is_feasible": true}, "AVD": 12.737725564558874}