{"name": "random-60-4.00-18.json", "solution": {"time": 0.011886116, "max_depth": 3, "is_feasible": false}, "AVD": 10.49986597815761}