{"name": "random-60-8.60-1.json", "solution": {"time": 0.004629687, "max_depth": 60, "is_feasible": true}, "AVD": 14.58459383517715}