{"name": "random-60-9.80-41.json", "solution": {"time": 0.003511283, "max_depth": 60, "is_feasible": true}, "AVD": 15.57806275052107}