{"name": "random-60-10.40-34.json", "solution": {"time": 0.00320978, "max_depth": 60, "is_feasible": true}, "AVD": 16.108396965688623}