{"name": "random-60-13.60-29.json", "solution": {"time": 0.002781242, "max_depth": 60, "is_feasible": true}, "AVD": 18.626459996793333}