{"name": "random-60-10.60-20.json", "solution": {"time": 0.005723814, "max_depth": 60, "is_feasible": true}, "AVD": 16.219906325156312}