{"name": "random-60-6.60-38.json", "solution": {"time": 0.01924036, "max_depth": 8, "is_feasible": false}, "AVD": 12.945196359196341}