{"name": "random-60-10.80-49.json", "solution": {"time": 0.003519784, "max_depth": 60, "is_feasible": true}, "AVD": 16.387399591149588}