{"name": "random-60-6.60-10.json", "solution": {"time": 0.018307833, "max_depth": 13, "is_feasible": false}, "AVD": 12.878946007695982}