{"name": "random-60-5.80-25.json", "solution": {"time": 0.012553317, "max_depth": 6, "is_feasible": false}, "AVD": 12.185492690951003}