{"name": "random-60-13.40-16.json", "solution": {"time": 0.002736715, "max_depth": 60, "is_feasible": true}, "AVD": 18.485739197530865}