{"name": "random-60-12.20-15.json", "solution": {"time": 0.002933124, "max_depth": 60, "is_feasible": true}, "AVD": 17.520430335097007}