{"name": "random-60-7.00-41.json", "solution": {"time": 0.023287497, "max_depth": 9, "is_feasible": false}, "AVD": 13.226324610574583}