{"name": "random-60-4.00-12.json", "solution": {"time": 0.009793838, "max_depth": 4, "is_feasible": false}, "AVD": 10.488897793564412}