{"name": "random-60-13.40-47.json", "solution": {"time": 0.003448244, "max_depth": 60, "is_feasible": true}, "AVD": 18.456355379188718}