{"name": "random-60-7.40-48.json", "solution": {"time": 0.016838004, "max_depth": 60, "is_feasible": true}, "AVD": 13.596854131979113}