{"name": "random-60-8.00-35.json", "solution": {"time": 0.006200995, "max_depth": 60, "is_feasible": true}, "AVD": 14.118558040724697}