{"name": "random-60-11.00-12.json", "solution": {"time": 0.003354721, "max_depth": 60, "is_feasible": true}, "AVD": 16.51370171957671}