{"name": "random-60-7.20-21.json", "solution": {"time": 0.004404625, "max_depth": 60, "is_feasible": true}, "AVD": 13.392248131498102}