{"name": "random-60-6.20-34.json", "solution": {"time": 0.008199918, "max_depth": 60, "is_feasible": true}, "AVD": 12.516695076528386}