{"name": "random-60-11.40-2.json", "solution": {"time": 0.002996797, "max_depth": 60, "is_feasible": true}, "AVD": 16.878546416546417}