{"name": "random-60-10.00-0.json", "solution": {"time": 0.185504029, "max_depth": 60, "is_feasible": true}, "AVD": 15.715203944203932}