{"name": "random-60-10.60-22.json", "solution": {"time": 0.003140019, "max_depth": 60, "is_feasible": true}, "AVD": 16.243694564694557}