{"name": "random-60-9.80-18.json", "solution": {"time": 0.003861948, "max_depth": 60, "is_feasible": true}, "AVD": 15.602386463844779}