{"name": "random-60-4.20-1.json", "solution": {"time": 0.010848848, "max_depth": 2, "is_feasible": false}, "AVD": 10.702431272431225}