{"name": "random-60-9.20-16.json", "solution": {"time": 0.004146542, "max_depth": 60, "is_feasible": true}, "AVD": 15.062440616482267}