{"name": "random-60-12.40-15.json", "solution": {"time": 0.003420909, "max_depth": 60, "is_feasible": true}, "AVD": 17.67003902116403}