{"name": "random-60-7.00-30.json", "solution": {"time": 0.017353798, "max_depth": 8, "is_feasible": false}, "AVD": 13.241271043771027}