{"name": "random-60-5.40-19.json", "solution": {"time": 0.020775518, "max_depth": 6, "is_feasible": false}, "AVD": 11.900702077243716}