{"name": "random-60-5.60-31.json", "solution": {"time": 0.010413353, "max_depth": 3, "is_feasible": false}, "AVD": 12.005466385466365}