{"name": "random-60-14.00-41.json", "solution": {"time": 0.00321654, "max_depth": 60, "is_feasible": true}, "AVD": 18.967781746031758}