{"name": "random-60-11.80-39.json", "solution": {"time": 0.002987982, "max_depth": 60, "is_feasible": true}, "AVD": 17.22844797178131}