{"name": "random-60-8.20-43.json", "solution": {"time": 0.006195502, "max_depth": 60, "is_feasible": true}, "AVD": 14.23731745569243}