{"name": "random-60-5.20-37.json", "solution": {"time": 0.011126115, "max_depth": 4, "is_feasible": false}, "AVD": 11.655784793909776}