{"name": "random-60-7.80-11.json", "solution": {"time": 0.004546678, "max_depth": 60, "is_feasible": true}, "AVD": 13.918215047298363}