{"name": "random-60-12.60-4.json", "solution": {"time": 0.002950901, "max_depth": 60, "is_feasible": true}, "AVD": 17.8393771043771}