{"name": "random-60-9.60-39.json", "solution": {"time": 0.003796206, "max_depth": 60, "is_feasible": true}, "AVD": 15.46742506413339}