{"name": "random-60-4.60-48.json", "solution": {"time": 0.009335289, "max_depth": 3, "is_feasible": false}, "AVD": 11.15846384479715}