{"name": "random-60-10.20-6.json", "solution": {"time": 0.005184199, "max_depth": 60, "is_feasible": true}, "AVD": 15.879417127625448}