{"name": "random-60-12.80-9.json", "solution": {"time": 0.002769286, "max_depth": 60, "is_feasible": true}, "AVD": 18.05345414462081}