{"name": "random-60-7.00-8.json", "solution": {"time": 0.013135597, "max_depth": 5, "is_feasible": false}, "AVD": 13.225264289722597}