{"name": "random-60-4.80-45.json", "solution": {"time": 0.014566293, "max_depth": 3, "is_feasible": false}, "AVD": 11.281509495134477}