{"name": "random-60-12.20-9.json", "solution": {"time": 0.007354753, "max_depth": 60, "is_feasible": true}, "AVD": 17.579036596119934}