{"name": "random-60-7.60-42.json", "solution": {"time": 0.007034517, "max_depth": 60, "is_feasible": true}, "AVD": 13.751125126416772}