{"name": "random-60-13.60-19.json", "solution": {"time": 0.003209133, "max_depth": 60, "is_feasible": true}, "AVD": 18.67159016754851}