{"name": "random-60-11.40-17.json", "solution": {"time": 0.003557889, "max_depth": 60, "is_feasible": true}, "AVD": 16.8606239377906}