{"name": "random-60-8.40-3.json", "solution": {"time": 0.0039207, "max_depth": 60, "is_feasible": true}, "AVD": 14.404214120755777}