{"name": "random-60-5.40-2.json", "solution": {"time": 0.012109005, "max_depth": 5, "is_feasible": false}, "AVD": 11.841775980192615}