{"name": "random-60-5.00-30.json", "solution": {"time": 0.007839782, "max_depth": 2, "is_feasible": false}, "AVD": 11.507176241967889}