{"name": "random-60-9.80-19.json", "solution": {"time": 0.00402237, "max_depth": 60, "is_feasible": true}, "AVD": 15.614692580567574}