{"name": "random-60-13.40-45.json", "solution": {"time": 0.007193719, "max_depth": 60, "is_feasible": true}, "AVD": 18.52597552910054}