{"name": "random-60-13.40-17.json", "solution": {"time": 0.002824718, "max_depth": 60, "is_feasible": true}, "AVD": 18.46232627865962}