{"name": "random-60-8.00-22.json", "solution": {"time": 0.003514105, "max_depth": 60, "is_feasible": true}, "AVD": 14.107309423601068}