{"name": "random-60-6.00-11.json", "solution": {"time": 0.009325602, "max_depth": 4, "is_feasible": false}, "AVD": 12.36101326759658}