{"name": "random-60-11.00-38.json", "solution": {"time": 0.009116256, "max_depth": 60, "is_feasible": true}, "AVD": 16.56920272166104}