{"name": "random-60-9.00-41.json", "solution": {"time": 0.004048972, "max_depth": 60, "is_feasible": true}, "AVD": 14.915696348404664}