{"name": "random-60-12.60-28.json", "solution": {"time": 0.008339898, "max_depth": 60, "is_feasible": true}, "AVD": 17.87077727211061}