{"name": "random-60-7.20-9.json", "solution": {"time": 0.00374965, "max_depth": 60, "is_feasible": true}, "AVD": 13.455731492273138}