{"name": "random-60-8.20-14.json", "solution": {"time": 0.003967686, "max_depth": 60, "is_feasible": true}, "AVD": 14.324930615680604}