{"name": "random-60-8.80-4.json", "solution": {"time": 0.003680827, "max_depth": 60, "is_feasible": true}, "AVD": 14.768280904280893}