{"name": "random-60-9.40-28.json", "solution": {"time": 0.003186802, "max_depth": 60, "is_feasible": true}, "AVD": 15.287476907351893}