{"name": "random-60-10.80-23.json", "solution": {"time": 0.003509764, "max_depth": 60, "is_feasible": true}, "AVD": 16.396318041526367}