{"name": "random-60-13.80-10.json", "solution": {"time": 0.003493589, "max_depth": 60, "is_feasible": true}, "AVD": 18.74988425925926}