{"name": "random-60-10.80-26.json", "solution": {"time": 0.003372661, "max_depth": 60, "is_feasible": true}, "AVD": 16.423133297258282}