{"name": "random-60-10.60-4.json", "solution": {"time": 0.005328648, "max_depth": 60, "is_feasible": true}, "AVD": 16.241959776334774}