{"name": "random-60-6.00-27.json", "solution": {"time": 0.016661478, "max_depth": 60, "is_feasible": true}, "AVD": 12.34347052947049}