{"name": "random-60-5.00-44.json", "solution": {"time": 0.012132361, "max_depth": 7, "is_feasible": false}, "AVD": 11.482421723338367}