{"name": "random-60-4.80-35.json", "solution": {"time": 0.013661682, "max_depth": 3, "is_feasible": false}, "AVD": 11.29708544387708}