{"name": "random-60-8.80-1.json", "solution": {"time": 0.005654764, "max_depth": 60, "is_feasible": true}, "AVD": 14.736487453904106}