{"name": "random-60-13.40-2.json", "solution": {"time": 0.003305952, "max_depth": 60, "is_feasible": true}, "AVD": 18.483911495911503}