{"name": "random-60-9.60-41.json", "solution": {"time": 0.00471909, "max_depth": 60, "is_feasible": true}, "AVD": 15.416149170274158}