{"name": "random-60-10.20-29.json", "solution": {"time": 0.003291146, "max_depth": 60, "is_feasible": true}, "AVD": 15.897801727593386}