{"name": "random-60-13.40-41.json", "solution": {"time": 0.003185327, "max_depth": 60, "is_feasible": true}, "AVD": 18.47869246031747}