{"name": "random-60-13.60-38.json", "solution": {"time": 0.003287008, "max_depth": 60, "is_feasible": true}, "AVD": 18.6769962522046}