{"name": "random-60-11.00-46.json", "solution": {"time": 0.003544639, "max_depth": 60, "is_feasible": true}, "AVD": 16.584413600288592}