{"name": "random-60-10.40-23.json", "solution": {"time": 0.005080681, "max_depth": 60, "is_feasible": true}, "AVD": 16.060535634118956}