{"name": "random-60-8.40-32.json", "solution": {"time": 0.006320293, "max_depth": 60, "is_feasible": true}, "AVD": 14.453301286676266}