{"name": "random-60-4.40-7.json", "solution": {"time": 0.009315493, "max_depth": 4, "is_feasible": false}, "AVD": 10.911255422047057}