{"name": "random-60-11.80-49.json", "solution": {"time": 0.00355726, "max_depth": 60, "is_feasible": true}, "AVD": 17.169007936507935}