{"name": "random-60-11.60-8.json", "solution": {"time": 0.003862812, "max_depth": 60, "is_feasible": true}, "AVD": 17.042045634920633}