{"name": "random-60-8.80-8.json", "solution": {"time": 0.004087173, "max_depth": 60, "is_feasible": true}, "AVD": 14.76543886823052}