{"name": "random-60-13.60-13.json", "solution": {"time": 0.003551127, "max_depth": 60, "is_feasible": true}, "AVD": 18.588402236652247}