{"name": "random-60-14.00-15.json", "solution": {"time": 0.003413094, "max_depth": 60, "is_feasible": true}, "AVD": 18.95372983806318}