{"name": "random-60-8.20-8.json", "solution": {"time": 0.003997839, "max_depth": 60, "is_feasible": true}, "AVD": 14.271777272110581}