{"name": "random-60-7.20-27.json", "solution": {"time": 0.007993986, "max_depth": 60, "is_feasible": true}, "AVD": 13.401286014910989}