{"name": "random-60-5.80-3.json", "solution": {"time": 0.016249897, "max_depth": 7, "is_feasible": false}, "AVD": 12.150590784215758}