{"name": "random-60-9.20-5.json", "solution": {"time": 0.003458969, "max_depth": 60, "is_feasible": true}, "AVD": 15.103355459355443}