{"name": "random-60-4.80-33.json", "solution": {"time": 0.012655686, "max_depth": 4, "is_feasible": false}, "AVD": 11.305982123586254}