{"name": "random-60-4.60-7.json", "solution": {"time": 0.009128682, "max_depth": 4, "is_feasible": false}, "AVD": 11.106368753160385}