{"name": "random-60-7.20-0.json", "solution": {"time": 0.019479174, "max_depth": 10, "is_feasible": false}, "AVD": 13.394976000850981}