{"name": "random-60-9.80-36.json", "solution": {"time": 0.003569441, "max_depth": 60, "is_feasible": true}, "AVD": 15.582125260541915}