{"name": "random-60-8.20-37.json", "solution": {"time": 0.003359637, "max_depth": 60, "is_feasible": true}, "AVD": 14.226723745390391}