{"name": "random-60-11.80-31.json", "solution": {"time": 0.003289858, "max_depth": 60, "is_feasible": true}, "AVD": 17.19511411736412}