{"name": "random-60-5.20-6.json", "solution": {"time": 0.011429611, "max_depth": 2, "is_feasible": false}, "AVD": 11.574753146544783}