{"name": "random-60-14.00-31.json", "solution": {"time": 0.0078333, "max_depth": 60, "is_feasible": true}, "AVD": 18.90428164582332}