{"name": "random-60-10.40-18.json", "solution": {"time": 0.003760406, "max_depth": 60, "is_feasible": true}, "AVD": 16.10963173400672}