{"name": "random-60-8.80-25.json", "solution": {"time": 0.003534002, "max_depth": 60, "is_feasible": true}, "AVD": 14.72946272246271}