{"name": "random-60-7.60-39.json", "solution": {"time": 0.02189857, "max_depth": 8, "is_feasible": false}, "AVD": 13.815073993907314}