{"name": "random-60-7.80-29.json", "solution": {"time": 0.027866061, "max_depth": 11, "is_feasible": false}, "AVD": 13.923572982572965}