{"name": "random-60-10.20-26.json", "solution": {"time": 0.003227117, "max_depth": 60, "is_feasible": true}, "AVD": 15.918311107102758}