{"name": "random-60-12.40-19.json", "solution": {"time": 0.007126181, "max_depth": 60, "is_feasible": true}, "AVD": 17.73843540564375}