{"name": "random-60-5.80-15.json", "solution": {"time": 0.011508068, "max_depth": 3, "is_feasible": false}, "AVD": 12.242031725990039}