{"name": "random-60-11.80-20.json", "solution": {"time": 0.003418838, "max_depth": 60, "is_feasible": true}, "AVD": 17.179822550905882}