{"name": "random-60-12.00-0.json", "solution": {"time": 0.003191466, "max_depth": 60, "is_feasible": true}, "AVD": 17.356784411576083}