{"name": "random-60-8.00-36.json", "solution": {"time": 0.005443571, "max_depth": 60, "is_feasible": true}, "AVD": 14.094017937309578}