{"name": "random-60-4.60-26.json", "solution": {"time": 0.020658628, "max_depth": 7, "is_feasible": false}, "AVD": 11.091403981820614}