{"name": "random-60-13.60-42.json", "solution": {"time": 0.003281228, "max_depth": 60, "is_feasible": true}, "AVD": 18.63470360349527}