{"name": "random-60-9.00-18.json", "solution": {"time": 0.003644347, "max_depth": 60, "is_feasible": true}, "AVD": 14.95653417107582}