{"name": "random-60-14.00-1.json", "solution": {"time": 0.003515524, "max_depth": 60, "is_feasible": true}, "AVD": 18.94658774250441}