{"name": "random-60-12.60-8.json", "solution": {"time": 0.003652662, "max_depth": 60, "is_feasible": true}, "AVD": 17.84564385922719}