{"name": "random-60-6.60-15.json", "solution": {"time": 0.011600011, "max_depth": 6, "is_feasible": false}, "AVD": 12.938796817380133}