{"name": "random-60-5.60-6.json", "solution": {"time": 0.00898799, "max_depth": 2, "is_feasible": false}, "AVD": 11.936257009965312}