{"name": "random-60-7.20-48.json", "solution": {"time": 0.017930494, "max_depth": 60, "is_feasible": true}, "AVD": 13.44657304732303}