{"name": "random-60-10.00-23.json", "solution": {"time": 0.003483367, "max_depth": 60, "is_feasible": true}, "AVD": 15.714908088824748}