{"name": "random-60-5.80-36.json", "solution": {"time": 0.016662995, "max_depth": 7, "is_feasible": false}, "AVD": 12.2285005272505}