{"name": "random-60-12.60-26.json", "solution": {"time": 0.003276599, "max_depth": 60, "is_feasible": true}, "AVD": 17.87457044652877}