{"name": "random-60-9.40-25.json", "solution": {"time": 0.003360421, "max_depth": 60, "is_feasible": true}, "AVD": 15.234231120731108}