{"name": "random-60-7.60-8.json", "solution": {"time": 0.012598227, "max_depth": 60, "is_feasible": true}, "AVD": 13.765475805059115}