{"name": "random-60-10.20-1.json", "solution": {"time": 0.003561824, "max_depth": 60, "is_feasible": true}, "AVD": 15.90774955908289}