{"name": "random-60-13.80-9.json", "solution": {"time": 0.003605826, "max_depth": 60, "is_feasible": true}, "AVD": 18.814919873336546}