{"name": "random-60-11.60-17.json", "solution": {"time": 0.003630303, "max_depth": 60, "is_feasible": true}, "AVD": 17.02865634519801}