{"name": "random-60-14.00-17.json", "solution": {"time": 0.003256578, "max_depth": 60, "is_feasible": true}, "AVD": 18.96396252204586}