{"name": "random-60-4.20-17.json", "solution": {"time": 0.00908478, "max_depth": 4, "is_feasible": false}, "AVD": 10.713587258420548}