{"name": "random-60-8.60-38.json", "solution": {"time": 0.007802584, "max_depth": 60, "is_feasible": true}, "AVD": 14.613332150873797}