{"name": "random-60-6.00-5.json", "solution": {"time": 0.009630699, "max_depth": 3, "is_feasible": false}, "AVD": 12.335989789531434}