{"name": "random-60-10.20-20.json", "solution": {"time": 0.008193425, "max_depth": 60, "is_feasible": true}, "AVD": 15.891748917748904}