{"name": "random-60-8.80-9.json", "solution": {"time": 0.005699029, "max_depth": 60, "is_feasible": true}, "AVD": 14.799877055043702}