{"name": "random-60-11.80-5.json", "solution": {"time": 0.003100832, "max_depth": 60, "is_feasible": true}, "AVD": 17.189721480679808}