{"name": "random-60-7.60-46.json", "solution": {"time": 0.018823992, "max_depth": 60, "is_feasible": true}, "AVD": 13.758554989763299}