{"name": "random-60-10.20-15.json", "solution": {"time": 0.007803081, "max_depth": 60, "is_feasible": true}, "AVD": 15.873607603815929}