{"name": "random-60-5.00-16.json", "solution": {"time": 0.009481514, "max_depth": 3, "is_feasible": false}, "AVD": 11.460433537141832}