{"name": "random-60-10.40-10.json", "solution": {"time": 0.003412316, "max_depth": 60, "is_feasible": true}, "AVD": 16.04370977633477}