{"name": "random-60-7.20-1.json", "solution": {"time": 0.010997514, "max_depth": 60, "is_feasible": true}, "AVD": 13.425850569183874}