{"name": "random-60-11.80-18.json", "solution": {"time": 0.009570014, "max_depth": 60, "is_feasible": true}, "AVD": 17.272906966490307}