{"name": "random-60-7.00-26.json", "solution": {"time": 0.005065499, "max_depth": 60, "is_feasible": true}, "AVD": 13.28572627680959}