{"name": "random-60-9.40-26.json", "solution": {"time": 0.007547943, "max_depth": 60, "is_feasible": true}, "AVD": 15.264820366362011}