{"name": "random-60-4.00-11.json", "solution": {"time": 0.01254254, "max_depth": 2, "is_feasible": false}, "AVD": 10.522308292016591}