{"name": "random-60-12.60-1.json", "solution": {"time": 0.003203986, "max_depth": 60, "is_feasible": true}, "AVD": 17.825618606701937}