{"name": "random-60-8.60-35.json", "solution": {"time": 0.00625655, "max_depth": 60, "is_feasible": true}, "AVD": 14.61965392015391}