{"name": "random-60-4.60-45.json", "solution": {"time": 0.008950702, "max_depth": 3, "is_feasible": false}, "AVD": 11.094960453127099}