{"name": "random-60-12.80-48.json", "solution": {"time": 0.003049919, "max_depth": 60, "is_feasible": true}, "AVD": 18.01254541446208}