{"name": "random-60-12.00-38.json", "solution": {"time": 0.00308598, "max_depth": 60, "is_feasible": true}, "AVD": 17.346385837927507}