{"name": "random-60-12.20-11.json", "solution": {"time": 0.003208894, "max_depth": 60, "is_feasible": true}, "AVD": 17.4963315696649}