{"name": "random-60-4.40-36.json", "solution": {"time": 0.008997355, "max_depth": 3, "is_feasible": false}, "AVD": 10.924047546589184}