{"name": "random-60-6.40-36.json", "solution": {"time": 0.015596725, "max_depth": 7, "is_feasible": false}, "AVD": 12.758919568086206}