{"name": "random-60-5.40-6.json", "solution": {"time": 0.0096762, "max_depth": 2, "is_feasible": false}, "AVD": 11.757385537302167}