{"name": "random-60-9.80-44.json", "solution": {"time": 0.003892815, "max_depth": 60, "is_feasible": true}, "AVD": 15.574769219977545}