{"name": "random-60-6.60-1.json", "solution": {"time": 0.014089484, "max_depth": 6, "is_feasible": false}, "AVD": 12.905147546897519}