{"name": "random-60-13.80-21.json", "solution": {"time": 0.00336384, "max_depth": 60, "is_feasible": true}, "AVD": 18.798431437389777}