{"name": "random-60-11.60-29.json", "solution": {"time": 0.00341931, "max_depth": 60, "is_feasible": true}, "AVD": 17.027186848645176}