{"name": "random-60-6.00-26.json", "solution": {"time": 0.024137875, "max_depth": 9, "is_feasible": false}, "AVD": 12.374665686165665}