{"name": "random-60-13.80-14.json", "solution": {"time": 0.003430684, "max_depth": 60, "is_feasible": true}, "AVD": 18.83037159291326}