{"name": "random-60-12.60-29.json", "solution": {"time": 0.003245764, "max_depth": 60, "is_feasible": true}, "AVD": 17.80993949414783}