{"name": "random-60-10.40-47.json", "solution": {"time": 0.003496895, "max_depth": 60, "is_feasible": true}, "AVD": 16.049868947410612}