{"name": "random-60-9.00-7.json", "solution": {"time": 0.003366266, "max_depth": 60, "is_feasible": true}, "AVD": 14.910668029501354}