{"name": "random-60-13.20-23.json", "solution": {"time": 0.005771206, "max_depth": 60, "is_feasible": true}, "AVD": 18.317062510020843}