{"name": "random-60-11.80-28.json", "solution": {"time": 0.003600796, "max_depth": 60, "is_feasible": true}, "AVD": 17.228636619553292}