{"name": "random-60-7.60-23.json", "solution": {"time": 0.007111503, "max_depth": 60, "is_feasible": true}, "AVD": 13.771570181361835}