{"name": "random-60-8.40-17.json", "solution": {"time": 0.005604466, "max_depth": 60, "is_feasible": true}, "AVD": 14.435490059323367}