{"name": "random-60-5.60-26.json", "solution": {"time": 0.019881107, "max_depth": 9, "is_feasible": false}, "AVD": 12.042945412612054}