{"name": "random-60-7.60-1.json", "solution": {"time": 0.010676086, "max_depth": 60, "is_feasible": true}, "AVD": 13.753913840788812}