{"name": "random-60-6.80-7.json", "solution": {"time": 0.004009381, "max_depth": 60, "is_feasible": true}, "AVD": 13.08025603254768}