{"name": "random-60-8.60-14.json", "solution": {"time": 0.003366763, "max_depth": 60, "is_feasible": true}, "AVD": 14.652051306717956}