{"name": "random-60-4.60-22.json", "solution": {"time": 0.008806343, "max_depth": 2, "is_feasible": false}, "AVD": 11.112076429743073}