{"name": "random-60-9.40-0.json", "solution": {"time": 0.005857939, "max_depth": 60, "is_feasible": true}, "AVD": 15.212479637646293}