{"name": "random-60-12.80-3.json", "solution": {"time": 0.005562238, "max_depth": 60, "is_feasible": true}, "AVD": 18.011618726952065}