{"name": "random-60-7.80-39.json", "solution": {"time": 0.019585016, "max_depth": 8, "is_feasible": false}, "AVD": 13.997710898669222}