{"name": "random-60-8.80-40.json", "solution": {"time": 0.006352297, "max_depth": 60, "is_feasible": true}, "AVD": 14.748755671797323}