{"name": "random-60-6.60-3.json", "solution": {"time": 0.005496044, "max_depth": 60, "is_feasible": true}, "AVD": 12.844838659796975}