{"name": "random-60-5.20-30.json", "solution": {"time": 0.010136664, "max_depth": 2, "is_feasible": false}, "AVD": 11.67504322991821}