{"name": "random-60-4.00-32.json", "solution": {"time": 0.008402856, "max_depth": 3, "is_feasible": false}, "AVD": 10.545373068289699}