{"name": "random-60-5.60-40.json", "solution": {"time": 0.008931736, "max_depth": 3, "is_feasible": false}, "AVD": 11.994357984607952}