{"name": "random-60-13.80-27.json", "solution": {"time": 0.002988532, "max_depth": 60, "is_feasible": true}, "AVD": 18.821374899791582}