{"name": "random-60-9.60-29.json", "solution": {"time": 0.003135688, "max_depth": 60, "is_feasible": true}, "AVD": 15.3944710397627}