{"name": "random-60-7.20-5.json", "solution": {"time": 0.009060306, "max_depth": 60, "is_feasible": true}, "AVD": 13.384034712201352}