{"name": "random-60-8.60-41.json", "solution": {"time": 0.004560666, "max_depth": 60, "is_feasible": true}, "AVD": 14.548960377585358}