{"name": "random-60-10.40-22.json", "solution": {"time": 0.003048189, "max_depth": 60, "is_feasible": true}, "AVD": 16.064217933301258}