{"name": "random-60-12.80-30.json", "solution": {"time": 0.004164723, "max_depth": 60, "is_feasible": true}, "AVD": 17.970198973865642}