{"name": "random-60-7.20-13.json", "solution": {"time": 0.007904016, "max_depth": 60, "is_feasible": true}, "AVD": 13.410628217461534}