{"name": "random-60-11.00-33.json", "solution": {"time": 0.003363247, "max_depth": 60, "is_feasible": true}, "AVD": 16.56932290703124}