{"name": "random-60-9.00-42.json", "solution": {"time": 0.005814526, "max_depth": 60, "is_feasible": true}, "AVD": 14.949184243225897}