{"name": "random-60-4.20-45.json", "solution": {"time": 0.008633749, "max_depth": 3, "is_feasible": false}, "AVD": 10.717337361712342}