{"name": "random-60-9.00-30.json", "solution": {"time": 0.00549256, "max_depth": 60, "is_feasible": true}, "AVD": 14.9156237481654}