{"name": "random-60-6.20-38.json", "solution": {"time": 0.020633842, "max_depth": 8, "is_feasible": false}, "AVD": 12.589459606751257}