{"name": "random-60-5.80-26.json", "solution": {"time": 0.019465527, "max_depth": 9, "is_feasible": false}, "AVD": 12.206808948767259}