{"name": "random-60-7.40-37.json", "solution": {"time": 0.01404201, "max_depth": 60, "is_feasible": true}, "AVD": 13.578547398589047}