{"name": "random-60-9.40-5.json", "solution": {"time": 0.003429386, "max_depth": 60, "is_feasible": true}, "AVD": 15.25686161215326}