{"name": "random-60-7.80-41.json", "solution": {"time": 0.011725935, "max_depth": 60, "is_feasible": true}, "AVD": 13.898669031585674}