{"name": "random-60-10.00-13.json", "solution": {"time": 0.003786083, "max_depth": 60, "is_feasible": true}, "AVD": 15.749966951258614}