{"name": "random-60-8.40-45.json", "solution": {"time": 0.004019651, "max_depth": 60, "is_feasible": true}, "AVD": 14.430790604457258}