{"name": "random-60-4.80-49.json", "solution": {"time": 0.015452554, "max_depth": 7, "is_feasible": false}, "AVD": 11.26672885756216}