{"name": "random-60-10.00-3.json", "solution": {"time": 0.003347237, "max_depth": 60, "is_feasible": true}, "AVD": 15.738132736091057}