{"name": "random-60-14.00-7.json", "solution": {"time": 0.003332409, "max_depth": 60, "is_feasible": true}, "AVD": 18.93378527336861}