{"name": "random-60-11.40-28.json", "solution": {"time": 0.003244932, "max_depth": 60, "is_feasible": true}, "AVD": 16.92633966188133}