{"name": "random-60-13.40-4.json", "solution": {"time": 0.003035548, "max_depth": 60, "is_feasible": true}, "AVD": 18.470315596440603}