{"name": "random-60-6.20-43.json", "solution": {"time": 0.015376357, "max_depth": 7, "is_feasible": false}, "AVD": 12.535463931130575}