{"name": "random-60-5.00-21.json", "solution": {"time": 0.011461642, "max_depth": 3, "is_feasible": false}, "AVD": 11.449392282100582}