{"name": "random-60-5.40-24.json", "solution": {"time": 0.012464199, "max_depth": 5, "is_feasible": false}, "AVD": 11.876948539115174}