{"name": "random-60-10.20-4.json", "solution": {"time": 0.003500719, "max_depth": 60, "is_feasible": true}, "AVD": 15.904242083533745}