{"name": "random-60-9.60-48.json", "solution": {"time": 0.004577097, "max_depth": 60, "is_feasible": true}, "AVD": 15.411508773633754}