{"name": "random-60-6.60-43.json", "solution": {"time": 0.016253798, "max_depth": 7, "is_feasible": false}, "AVD": 12.87788803788801}