{"name": "random-60-10.20-30.json", "solution": {"time": 0.00397781, "max_depth": 60, "is_feasible": true}, "AVD": 15.877692495775817}