{"name": "random-60-8.60-34.json", "solution": {"time": 0.005314579, "max_depth": 60, "is_feasible": true}, "AVD": 14.5882422793256}