{"name": "random-60-7.40-11.json", "solution": {"time": 0.017738373, "max_depth": 60, "is_feasible": true}, "AVD": 13.561535714285695}