{"name": "random-60-4.80-16.json", "solution": {"time": 0.010874667, "max_depth": 2, "is_feasible": false}, "AVD": 11.271960964960922}