{"name": "random-60-9.40-32.json", "solution": {"time": 0.003397937, "max_depth": 60, "is_feasible": true}, "AVD": 15.274593374218364}