{"name": "random-60-13.20-28.json", "solution": {"time": 0.003315012, "max_depth": 60, "is_feasible": true}, "AVD": 18.382283104241445}