{"name": "random-60-4.00-28.json", "solution": {"time": 0.010862765, "max_depth": 4, "is_feasible": false}, "AVD": 10.460089181651638}