{"name": "random-60-4.20-23.json", "solution": {"time": 0.008105209, "max_depth": 2, "is_feasible": false}, "AVD": 10.761923406840046}