{"name": "random-60-11.80-35.json", "solution": {"time": 0.007636205, "max_depth": 60, "is_feasible": true}, "AVD": 17.198850208433544}