{"name": "random-60-11.60-26.json", "solution": {"time": 0.002945456, "max_depth": 60, "is_feasible": true}, "AVD": 17.082460457752116}