{"name": "random-60-7.60-21.json", "solution": {"time": 0.004858168, "max_depth": 60, "is_feasible": true}, "AVD": 13.718858645983621}