{"name": "random-60-8.40-42.json", "solution": {"time": 0.003609357, "max_depth": 60, "is_feasible": true}, "AVD": 14.443416181041163}