{"name": "random-60-4.40-35.json", "solution": {"time": 0.009072924, "max_depth": 3, "is_feasible": false}, "AVD": 10.909497781539415}