{"name": "random-60-12.40-14.json", "solution": {"time": 0.003580388, "max_depth": 60, "is_feasible": true}, "AVD": 17.759254088504086}