{"name": "random-60-13.80-44.json", "solution": {"time": 0.003338035, "max_depth": 60, "is_feasible": true}, "AVD": 18.793833453583463}