{"name": "random-60-5.80-4.json", "solution": {"time": 0.018376962, "max_depth": 4, "is_feasible": false}, "AVD": 12.140646620354921}