{"name": "random-60-13.60-8.json", "solution": {"time": 0.003450322, "max_depth": 60, "is_feasible": true}, "AVD": 18.6139668310085}