{"name": "random-60-5.80-20.json", "solution": {"time": 0.008274368, "max_depth": 2, "is_feasible": false}, "AVD": 12.213664828227307}