{"name": "random-60-11.20-7.json", "solution": {"time": 0.003243971, "max_depth": 60, "is_feasible": true}, "AVD": 16.69894019560686}