{"name": "random-60-6.60-48.json", "solution": {"time": 0.01847589, "max_depth": 7, "is_feasible": false}, "AVD": 12.94328392595057}