{"name": "random-60-10.60-45.json", "solution": {"time": 0.003542517, "max_depth": 60, "is_feasible": true}, "AVD": 16.20807088744589}