{"name": "random-60-11.60-10.json", "solution": {"time": 0.003267834, "max_depth": 60, "is_feasible": true}, "AVD": 17.01770725108225}