{"name": "random-60-5.80-46.json", "solution": {"time": 0.010788749, "max_depth": 4, "is_feasible": false}, "AVD": 12.194269420394395}