{"name": "random-60-10.80-1.json", "solution": {"time": 0.005640605, "max_depth": 60, "is_feasible": true}, "AVD": 16.39339616402116}