{"name": "random-60-9.00-28.json", "solution": {"time": 0.003495096, "max_depth": 60, "is_feasible": true}, "AVD": 14.944916722166704}