{"name": "random-60-12.80-4.json", "solution": {"time": 0.003458007, "max_depth": 60, "is_feasible": true}, "AVD": 17.990384379509383}