{"name": "random-60-12.20-23.json", "solution": {"time": 0.003394473, "max_depth": 60, "is_feasible": true}, "AVD": 17.473500581208913}