{"name": "random-60-8.20-34.json", "solution": {"time": 0.003790804, "max_depth": 60, "is_feasible": true}, "AVD": 14.23714140951639}