{"name": "random-60-12.00-36.json", "solution": {"time": 0.004887691, "max_depth": 60, "is_feasible": true}, "AVD": 17.414031204906216}