{"name": "random-60-5.60-29.json", "solution": {"time": 0.008100444, "max_depth": 3, "is_feasible": false}, "AVD": 12.038037749287723}