{"name": "random-60-13.80-23.json", "solution": {"time": 0.003491836, "max_depth": 60, "is_feasible": true}, "AVD": 18.79022817460318}