{"name": "random-60-11.20-49.json", "solution": {"time": 0.003628709, "max_depth": 60, "is_feasible": true}, "AVD": 16.687840728715727}