{"name": "random-60-10.40-3.json", "solution": {"time": 0.003616227, "max_depth": 60, "is_feasible": true}, "AVD": 16.048337101170425}