{"name": "random-60-7.00-1.json", "solution": {"time": 0.017410693, "max_depth": 6, "is_feasible": false}, "AVD": 13.250908349366656}