{"name": "random-60-7.00-7.json", "solution": {"time": 0.003957254, "max_depth": 60, "is_feasible": true}, "AVD": 13.259369568702883}