{"name": "random-60-5.20-43.json", "solution": {"time": 0.010064855, "max_depth": 5, "is_feasible": false}, "AVD": 11.620025790567423}