{"name": "random-60-5.20-27.json", "solution": {"time": 0.009086668, "max_depth": 3, "is_feasible": false}, "AVD": 11.614896941021906}