{"name": "random-60-10.60-28.json", "solution": {"time": 0.00344614, "max_depth": 60, "is_feasible": true}, "AVD": 16.25175149850149}