{"name": "random-60-10.00-4.json", "solution": {"time": 0.003225064, "max_depth": 60, "is_feasible": true}, "AVD": 15.75498304473304}