{"name": "random-60-10.40-5.json", "solution": {"time": 0.00342692, "max_depth": 60, "is_feasible": true}, "AVD": 16.08147412618245}