{"name": "random-60-5.20-5.json", "solution": {"time": 0.009323845, "max_depth": 3, "is_feasible": false}, "AVD": 11.61840761399092}