{"name": "random-60-12.20-30.json", "solution": {"time": 0.003656521, "max_depth": 60, "is_feasible": true}, "AVD": 17.483395843354185}