{"name": "random-60-7.40-33.json", "solution": {"time": 0.015148929, "max_depth": 60, "is_feasible": true}, "AVD": 13.642310110414261}