{"name": "random-60-7.00-48.json", "solution": {"time": 0.017161452, "max_depth": 60, "is_feasible": true}, "AVD": 13.287913876247194}