{"name": "random-60-7.40-14.json", "solution": {"time": 0.006160949, "max_depth": 60, "is_feasible": true}, "AVD": 13.633800224466876}