{"name": "random-60-10.20-42.json", "solution": {"time": 0.003898881, "max_depth": 60, "is_feasible": true}, "AVD": 15.907201859868513}