{"name": "random-60-10.20-18.json", "solution": {"time": 0.003882898, "max_depth": 60, "is_feasible": true}, "AVD": 15.928970458553778}