{"name": "random-60-13.00-43.json", "solution": {"time": 0.003446851, "max_depth": 60, "is_feasible": true}, "AVD": 18.190920534712212}