{"name": "random-60-4.00-22.json", "solution": {"time": 0.00850084, "max_depth": 2, "is_feasible": false}, "AVD": 10.522759786509756}