{"name": "random-60-10.20-32.json", "solution": {"time": 0.003876109, "max_depth": 60, "is_feasible": true}, "AVD": 15.933542768959427}