{"name": "random-60-7.20-12.json", "solution": {"time": 0.00548472, "max_depth": 60, "is_feasible": true}, "AVD": 13.40924354657685}