{"name": "random-60-8.20-17.json", "solution": {"time": 0.004797224, "max_depth": 60, "is_feasible": true}, "AVD": 14.2775705266955}