{"name": "random-60-5.00-36.json", "solution": {"time": 0.011605149, "max_depth": 4, "is_feasible": false}, "AVD": 11.485080283913584}