{"name": "random-60-7.20-41.json", "solution": {"time": 0.02040036, "max_depth": 10, "is_feasible": false}, "AVD": 13.397447606405915}