{"name": "random-60-5.60-8.json", "solution": {"time": 0.010861898, "max_depth": 5, "is_feasible": false}, "AVD": 12.016481496898136}