{"name": "random-60-5.20-33.json", "solution": {"time": 0.011384277, "max_depth": 4, "is_feasible": false}, "AVD": 11.697510041655846}