{"name": "random-60-9.60-38.json", "solution": {"time": 0.003828285, "max_depth": 60, "is_feasible": true}, "AVD": 15.443193041526355}