{"name": "random-60-11.60-1.json", "solution": {"time": 0.003161279, "max_depth": 60, "is_feasible": true}, "AVD": 17.02730665784832}