{"name": "random-60-5.60-41.json", "solution": {"time": 0.015255426, "max_depth": 8, "is_feasible": false}, "AVD": 12.016372596539231}