{"name": "random-60-8.80-46.json", "solution": {"time": 0.008468213, "max_depth": 60, "is_feasible": true}, "AVD": 14.766775953984268}