{"name": "random-60-6.00-19.json", "solution": {"time": 0.037342698, "max_depth": 60, "is_feasible": true}, "AVD": 12.435502711794351}