{"name": "random-60-12.60-2.json", "solution": {"time": 0.003300354, "max_depth": 60, "is_feasible": true}, "AVD": 17.866960117043455}