{"name": "random-60-4.60-21.json", "solution": {"time": 0.009701344, "max_depth": 3, "is_feasible": false}, "AVD": 11.101908540533508}