{"name": "random-60-9.60-45.json", "solution": {"time": 0.003516138, "max_depth": 60, "is_feasible": true}, "AVD": 15.423462421837415}