{"name": "random-60-8.40-19.json", "solution": {"time": 0.003633867, "max_depth": 60, "is_feasible": true}, "AVD": 14.45686537536536}