{"name": "random-60-5.80-11.json", "solution": {"time": 0.009833717, "max_depth": 4, "is_feasible": false}, "AVD": 12.183289762706403}