{"name": "random-60-12.60-30.json", "solution": {"time": 0.003483734, "max_depth": 60, "is_feasible": true}, "AVD": 17.825552589385925}