{"name": "random-60-10.00-48.json", "solution": {"time": 0.0032788, "max_depth": 60, "is_feasible": true}, "AVD": 15.761975990059309}