{"name": "random-60-5.60-24.json", "solution": {"time": 0.010194099, "max_depth": 5, "is_feasible": false}, "AVD": 12.046621599079904}