{"name": "random-60-11.20-36.json", "solution": {"time": 0.003215712, "max_depth": 60, "is_feasible": true}, "AVD": 16.758792227833894}