{"name": "random-60-8.80-13.json", "solution": {"time": 0.004010482, "max_depth": 60, "is_feasible": true}, "AVD": 14.765873717332045}