{"name": "random-60-10.40-36.json", "solution": {"time": 0.003413269, "max_depth": 60, "is_feasible": true}, "AVD": 16.109607283148947}