{"name": "random-60-10.00-46.json", "solution": {"time": 0.003502001, "max_depth": 60, "is_feasible": true}, "AVD": 15.79374009940675}