{"name": "random-60-6.20-48.json", "solution": {"time": 0.019634111, "max_depth": 7, "is_feasible": false}, "AVD": 12.593220995054304}