{"name": "random-60-4.40-13.json", "solution": {"time": 0.014236336, "max_depth": 3, "is_feasible": false}, "AVD": 10.881019397269363}