{"name": "random-60-12.00-19.json", "solution": {"time": 0.0033566, "max_depth": 60, "is_feasible": true}, "AVD": 17.41277932098766}