{"name": "random-60-9.20-41.json", "solution": {"time": 0.004281059, "max_depth": 60, "is_feasible": true}, "AVD": 15.084374258457576}