{"name": "random-60-5.20-25.json", "solution": {"time": 0.010508797, "max_depth": 4, "is_feasible": false}, "AVD": 11.623751725126702}