{"name": "random-60-6.60-42.json", "solution": {"time": 0.006563937, "max_depth": 60, "is_feasible": true}, "AVD": 12.911770343853652}