{"name": "random-60-13.00-12.json", "solution": {"time": 0.003148202, "max_depth": 60, "is_feasible": true}, "AVD": 18.136792448292454}