{"name": "random-60-5.80-23.json", "solution": {"time": 0.013805791, "max_depth": 6, "is_feasible": false}, "AVD": 12.225930836139149}