{"name": "random-60-4.60-38.json", "solution": {"time": 0.010043361, "max_depth": 3, "is_feasible": false}, "AVD": 11.130199875741523}