{"name": "random-60-6.00-40.json", "solution": {"time": 0.008834177, "max_depth": 4, "is_feasible": false}, "AVD": 12.36906738015068}