{"name": "random-60-14.00-34.json", "solution": {"time": 0.003311662, "max_depth": 60, "is_feasible": true}, "AVD": 19.01751234567903}