{"name": "random-60-8.80-24.json", "solution": {"time": 0.003669627, "max_depth": 60, "is_feasible": true}, "AVD": 14.80931433381432}