{"name": "random-60-13.00-7.json", "solution": {"time": 0.003228857, "max_depth": 60, "is_feasible": true}, "AVD": 18.140867183742195}