{"name": "random-60-10.20-49.json", "solution": {"time": 0.003441849, "max_depth": 60, "is_feasible": true}, "AVD": 15.895916566458222}