{"name": "random-60-4.80-0.json", "solution": {"time": 0.008933524, "max_depth": 3, "is_feasible": false}, "AVD": 11.312731171606137}