{"name": "random-60-4.80-13.json", "solution": {"time": 0.009441508, "max_depth": 3, "is_feasible": false}, "AVD": 11.235859649609617}