{"name": "random-60-7.60-4.json", "solution": {"time": 0.003274283, "max_depth": 60, "is_feasible": true}, "AVD": 13.741723865640513}