{"name": "random-60-13.00-40.json", "solution": {"time": 0.003380409, "max_depth": 60, "is_feasible": true}, "AVD": 18.17973059964727}