{"name": "random-60-12.20-4.json", "solution": {"time": 0.00350138, "max_depth": 60, "is_feasible": true}, "AVD": 17.49551246592914}