{"name": "random-60-9.40-38.json", "solution": {"time": 0.004075929, "max_depth": 60, "is_feasible": true}, "AVD": 15.266607724066043}