{"name": "random-60-5.40-31.json", "solution": {"time": 0.009795793, "max_depth": 3, "is_feasible": false}, "AVD": 11.830333448958426}