{"name": "random-60-9.20-15.json", "solution": {"time": 0.003147844, "max_depth": 60, "is_feasible": true}, "AVD": 15.074194143819138}