{"name": "random-60-7.80-48.json", "solution": {"time": 0.006453225, "max_depth": 60, "is_feasible": true}, "AVD": 13.95902023747855}