{"name": "random-60-11.80-47.json", "solution": {"time": 0.003509808, "max_depth": 60, "is_feasible": true}, "AVD": 17.167770723104056}