{"name": "random-60-13.80-19.json", "solution": {"time": 0.003120562, "max_depth": 60, "is_feasible": true}, "AVD": 18.8417204585538}