{"name": "random-60-7.60-9.json", "solution": {"time": 0.003265407, "max_depth": 60, "is_feasible": true}, "AVD": 13.780271395271365}