{"name": "random-60-13.60-20.json", "solution": {"time": 0.0094217, "max_depth": 60, "is_feasible": true}, "AVD": 18.63261794532628}