{"name": "random-60-4.20-39.json", "solution": {"time": 0.008930656, "max_depth": 2, "is_feasible": false}, "AVD": 10.735256078797713}