{"name": "random-60-5.20-1.json", "solution": {"time": 0.008629354, "max_depth": 3, "is_feasible": false}, "AVD": 11.648002179918812}