{"name": "random-60-9.60-15.json", "solution": {"time": 0.004006202, "max_depth": 60, "is_feasible": true}, "AVD": 15.37901932018598}