{"name": "random-60-12.80-12.json", "solution": {"time": 0.003336608, "max_depth": 60, "is_feasible": true}, "AVD": 17.989496813371822}