{"name": "random-60-12.20-25.json", "solution": {"time": 0.00344459, "max_depth": 60, "is_feasible": true}, "AVD": 17.484955808080812}