{"name": "random-60-7.60-12.json", "solution": {"time": 0.003864123, "max_depth": 60, "is_feasible": true}, "AVD": 13.74387920875418}