{"name": "random-60-8.00-39.json", "solution": {"time": 0.029750916, "max_depth": 9, "is_feasible": false}, "AVD": 14.166753126503117}