{"name": "random-60-9.60-47.json", "solution": {"time": 0.004077663, "max_depth": 60, "is_feasible": true}, "AVD": 15.380537718454383}