{"name": "random-60-9.00-37.json", "solution": {"time": 0.004335859, "max_depth": 60, "is_feasible": true}, "AVD": 14.888916546416533}