{"name": "random-60-6.00-8.json", "solution": {"time": 0.011718617, "max_depth": 5, "is_feasible": false}, "AVD": 12.360410553952192}