{"name": "random-60-4.80-1.json", "solution": {"time": 0.01139517, "max_depth": 2, "is_feasible": false}, "AVD": 11.284354352437651}