{"name": "random-60-7.60-15.json", "solution": {"time": 0.007686212, "max_depth": 60, "is_feasible": true}, "AVD": 13.779400192400175}