{"name": "random-60-7.20-23.json", "solution": {"time": 0.008969237, "max_depth": 60, "is_feasible": true}, "AVD": 13.444801582676567}