{"name": "random-60-7.20-31.json", "solution": {"time": 0.011670047, "max_depth": 60, "is_feasible": true}, "AVD": 13.38235982844314}