{"name": "random-60-4.20-3.json", "solution": {"time": 0.008764045, "max_depth": 4, "is_feasible": false}, "AVD": 10.718424108299075}