{"name": "random-60-9.00-17.json", "solution": {"time": 0.003727323, "max_depth": 60, "is_feasible": true}, "AVD": 14.934634760301407}