{"name": "random-60-7.60-47.json", "solution": {"time": 0.009807142, "max_depth": 60, "is_feasible": true}, "AVD": 13.734937530062508}