{"name": "random-60-8.80-2.json", "solution": {"time": 0.003835231, "max_depth": 60, "is_feasible": true}, "AVD": 14.753448167573149}