{"name": "random-60-9.40-30.json", "solution": {"time": 0.008393436, "max_depth": 60, "is_feasible": true}, "AVD": 15.222238351155003}