{"name": "random-60-11.00-49.json", "solution": {"time": 0.004550633, "max_depth": 60, "is_feasible": true}, "AVD": 16.54154024370691}