{"name": "random-60-13.00-37.json", "solution": {"time": 0.003541128, "max_depth": 60, "is_feasible": true}, "AVD": 18.16362237453905}