{"name": "random-60-11.20-15.json", "solution": {"time": 0.003030192, "max_depth": 60, "is_feasible": true}, "AVD": 16.682864979156644}