{"name": "random-60-11.00-23.json", "solution": {"time": 0.003156774, "max_depth": 60, "is_feasible": true}, "AVD": 16.552326739618405}