{"name": "random-60-5.80-45.json", "solution": {"time": 0.025831155, "max_depth": 60, "is_feasible": true}, "AVD": 12.195224602557914}