{"name": "random-60-6.40-35.json", "solution": {"time": 0.020529376, "max_depth": 4, "is_feasible": false}, "AVD": 12.723589301130946}