{"name": "random-60-10.20-19.json", "solution": {"time": 0.004009579, "max_depth": 60, "is_feasible": true}, "AVD": 15.93070769199936}