{"name": "random-60-4.80-26.json", "solution": {"time": 0.016516539, "max_depth": 7, "is_feasible": false}, "AVD": 11.294471647179956}