{"name": "random-60-10.20-16.json", "solution": {"time": 0.003547664, "max_depth": 60, "is_feasible": true}, "AVD": 15.908100428892086}