{"name": "random-60-4.60-35.json", "solution": {"time": 0.009751103, "max_depth": 3, "is_feasible": false}, "AVD": 11.081969242177541}