{"name": "random-60-12.00-16.json", "solution": {"time": 0.003663879, "max_depth": 60, "is_feasible": true}, "AVD": 17.360829805996477}