{"name": "random-60-8.00-31.json", "solution": {"time": 0.004093827, "max_depth": 60, "is_feasible": true}, "AVD": 14.060614397947717}