{"name": "random-60-4.80-14.json", "solution": {"time": 0.019005557, "max_depth": 21, "is_feasible": false}, "AVD": 11.250019235394198}