{"name": "random-60-5.60-33.json", "solution": {"time": 0.012573712, "max_depth": 4, "is_feasible": false}, "AVD": 12.054429369241847}