{"name": "random-60-8.60-45.json", "solution": {"time": 0.003829371, "max_depth": 60, "is_feasible": true}, "AVD": 14.597019761103077}