{"name": "random-60-5.40-20.json", "solution": {"time": 0.010361357, "max_depth": 2, "is_feasible": false}, "AVD": 11.864733125670595}