{"name": "random-60-9.60-46.json", "solution": {"time": 0.005364924, "max_depth": 60, "is_feasible": true}, "AVD": 15.456827215993863}