{"name": "random-60-11.40-24.json", "solution": {"time": 0.003311728, "max_depth": 60, "is_feasible": true}, "AVD": 16.929446989738658}