{"name": "random-60-8.20-24.json", "solution": {"time": 0.004017767, "max_depth": 60, "is_feasible": true}, "AVD": 14.321490379990369}