{"name": "random-60-4.00-41.json", "solution": {"time": 0.009887692, "max_depth": 4, "is_feasible": false}, "AVD": 10.510105997397623}