{"name": "random-60-9.80-24.json", "solution": {"time": 0.003262742, "max_depth": 60, "is_feasible": true}, "AVD": 15.654998597081924}