{"name": "random-60-7.00-18.json", "solution": {"time": 0.00611142, "max_depth": 60, "is_feasible": true}, "AVD": 13.251217652717623}