{"name": "random-60-7.80-44.json", "solution": {"time": 0.00508032, "max_depth": 60, "is_feasible": true}, "AVD": 13.937750060125046}