{"name": "random-60-12.40-40.json", "solution": {"time": 0.007078253, "max_depth": 60, "is_feasible": true}, "AVD": 17.697607363315697}