{"name": "random-60-14.00-26.json", "solution": {"time": 0.006401482, "max_depth": 60, "is_feasible": true}, "AVD": 19.009134259259255}