{"name": "random-60-7.20-47.json", "solution": {"time": 0.0051813, "max_depth": 60, "is_feasible": true}, "AVD": 13.387564193522506}