{"name": "random-60-8.40-44.json", "solution": {"time": 0.004239279, "max_depth": 60, "is_feasible": true}, "AVD": 14.419924643257962}