{"name": "random-60-9.00-40.json", "solution": {"time": 0.003864352, "max_depth": 60, "is_feasible": true}, "AVD": 14.931594296135948}