{"name": "random-60-4.20-43.json", "solution": {"time": 0.008888779, "max_depth": 3, "is_feasible": false}, "AVD": 10.669866209407836}