{"name": "random-60-4.80-2.json", "solution": {"time": 0.010407131, "max_depth": 4, "is_feasible": false}, "AVD": 11.284118307618273}