{"name": "random-60-9.00-47.json", "solution": {"time": 0.004421136, "max_depth": 60, "is_feasible": true}, "AVD": 14.890305355138675}