{"name": "random-60-4.40-1.json", "solution": {"time": 0.00840255, "max_depth": 2, "is_feasible": false}, "AVD": 10.900461214711166}