{"name": "random-60-9.40-13.json", "solution": {"time": 0.004137183, "max_depth": 60, "is_feasible": true}, "AVD": 15.258754108545775}