{"name": "random-60-9.60-35.json", "solution": {"time": 0.003783385, "max_depth": 60, "is_feasible": true}, "AVD": 15.4299455667789}