{"name": "random-60-5.00-26.json", "solution": {"time": 0.021156241, "max_depth": 7, "is_feasible": false}, "AVD": 11.475246619121586}