{"name": "random-60-9.00-2.json", "solution": {"time": 0.003865006, "max_depth": 60, "is_feasible": true}, "AVD": 14.905654381112699}