{"name": "random-60-11.80-40.json", "solution": {"time": 0.008047627, "max_depth": 60, "is_feasible": true}, "AVD": 17.234541125541128}