{"name": "random-60-11.00-32.json", "solution": {"time": 0.003632054, "max_depth": 60, "is_feasible": true}, "AVD": 16.59561331569665}