{"name": "random-60-10.00-32.json", "solution": {"time": 0.003486732, "max_depth": 60, "is_feasible": true}, "AVD": 15.771038700497025}