{"name": "random-60-9.60-5.json", "solution": {"time": 0.003224333, "max_depth": 60, "is_feasible": true}, "AVD": 15.421234948693266}