{"name": "random-60-9.80-16.json", "solution": {"time": 0.003657842, "max_depth": 60, "is_feasible": true}, "AVD": 15.550977312810632}