{"name": "random-60-6.80-39.json", "solution": {"time": 0.020908301, "max_depth": 6, "is_feasible": false}, "AVD": 13.126135622093939}