{"name": "random-60-6.20-12.json", "solution": {"time": 0.00349351, "max_depth": 60, "is_feasible": true}, "AVD": 12.549178511303483}