{"name": "random-60-10.60-47.json", "solution": {"time": 0.003451126, "max_depth": 60, "is_feasible": true}, "AVD": 16.197594917428248}