{"name": "random-60-6.40-0.json", "solution": {"time": 0.012799482, "max_depth": 4, "is_feasible": false}, "AVD": 12.711469763261409}