{"name": "random-60-11.60-28.json", "solution": {"time": 0.003534752, "max_depth": 60, "is_feasible": true}, "AVD": 17.088293586043587}