{"name": "random-60-7.60-34.json", "solution": {"time": 0.007364806, "max_depth": 60, "is_feasible": true}, "AVD": 13.750690371357015}