{"name": "random-60-10.60-38.json", "solution": {"time": 0.003755743, "max_depth": 60, "is_feasible": true}, "AVD": 16.243896284271266}