{"name": "random-60-11.00-26.json", "solution": {"time": 0.003546402, "max_depth": 60, "is_feasible": true}, "AVD": 16.57747566939232}