{"name": "random-60-6.40-25.json", "solution": {"time": 0.018116241, "max_depth": 6, "is_feasible": false}, "AVD": 12.686109803776452}