{"name": "random-60-10.40-39.json", "solution": {"time": 0.003401457, "max_depth": 60, "is_feasible": true}, "AVD": 16.11737776575277}