{"name": "random-60-6.40-24.json", "solution": {"time": 0.014073979, "max_depth": 7, "is_feasible": false}, "AVD": 12.736370987037628}