{"name": "random-60-12.80-39.json", "solution": {"time": 0.003324548, "max_depth": 60, "is_feasible": true}, "AVD": 17.997591269841283}