{"name": "random-60-5.00-3.json", "solution": {"time": 0.008581716, "max_depth": 4, "is_feasible": false}, "AVD": 11.453022858314501}