{"name": "random-60-11.40-37.json", "solution": {"time": 0.003237851, "max_depth": 60, "is_feasible": true}, "AVD": 16.87413670434503}