{"name": "random-60-12.40-39.json", "solution": {"time": 0.00318978, "max_depth": 60, "is_feasible": true}, "AVD": 17.678215388007064}