{"name": "random-60-9.80-28.json", "solution": {"time": 0.004763328, "max_depth": 60, "is_feasible": true}, "AVD": 15.620463359171683}