{"name": "random-60-13.00-1.json", "solution": {"time": 0.003211235, "max_depth": 60, "is_feasible": true}, "AVD": 18.152807760141094}