{"name": "random-60-10.40-20.json", "solution": {"time": 0.003220459, "max_depth": 60, "is_feasible": true}, "AVD": 16.05522246272245}