{"name": "random-60-10.00-38.json", "solution": {"time": 0.004080672, "max_depth": 60, "is_feasible": true}, "AVD": 15.754216510341495}