{"name": "random-60-7.00-23.json", "solution": {"time": 0.009257847, "max_depth": 60, "is_feasible": true}, "AVD": 13.262664697956346}