{"name": "random-60-9.20-7.json", "solution": {"time": 0.003615396, "max_depth": 60, "is_feasible": true}, "AVD": 15.077342191758852}