{"name": "random-60-8.00-24.json", "solution": {"time": 0.003770304, "max_depth": 60, "is_feasible": true}, "AVD": 14.139216570466552}