{"name": "random-60-12.40-41.json", "solution": {"time": 0.003544196, "max_depth": 60, "is_feasible": true}, "AVD": 17.714417328042334}