{"name": "random-60-11.20-25.json", "solution": {"time": 0.003590251, "max_depth": 60, "is_feasible": true}, "AVD": 16.67630359147025}