{"name": "random-60-5.40-18.json", "solution": {"time": 0.006307843, "max_depth": 60, "is_feasible": true}, "AVD": 11.83609980759977}