{"name": "random-60-12.20-39.json", "solution": {"time": 0.003590257, "max_depth": 60, "is_feasible": true}, "AVD": 17.52283752204586}