{"name": "random-60-8.80-43.json", "solution": {"time": 0.004195728, "max_depth": 60, "is_feasible": true}, "AVD": 14.738469572094552}