{"name": "random-60-5.60-49.json", "solution": {"time": 0.016145943, "max_depth": 7, "is_feasible": false}, "AVD": 12.02301843372674}