{"name": "random-60-11.00-30.json", "solution": {"time": 0.003694469, "max_depth": 60, "is_feasible": true}, "AVD": 16.526817159692158}