{"name": "random-60-5.80-21.json", "solution": {"time": 0.011396098, "max_depth": 4, "is_feasible": false}, "AVD": 12.168507150257124}