{"name": "random-60-13.20-15.json", "solution": {"time": 0.003529814, "max_depth": 60, "is_feasible": true}, "AVD": 18.32094897386565}