{"name": "random-60-5.40-46.json", "solution": {"time": 0.01319792, "max_depth": 4, "is_feasible": false}, "AVD": 11.821254469296115}