{"name": "random-60-12.60-11.json", "solution": {"time": 0.007528442, "max_depth": 60, "is_feasible": true}, "AVD": 17.81824911816578}