{"name": "random-60-12.40-25.json", "solution": {"time": 0.003479334, "max_depth": 60, "is_feasible": true}, "AVD": 17.659162057078724}