{"name": "random-60-11.80-33.json", "solution": {"time": 0.003602885, "max_depth": 60, "is_feasible": true}, "AVD": 17.217138603680276}