{"name": "random-60-13.20-21.json", "solution": {"time": 0.003123594, "max_depth": 60, "is_feasible": true}, "AVD": 18.32502370931538}