{"name": "random-60-9.60-0.json", "solution": {"time": 0.003898359, "max_depth": 60, "is_feasible": true}, "AVD": 15.368973685265335}