{"name": "random-60-9.60-25.json", "solution": {"time": 0.003118548, "max_depth": 60, "is_feasible": true}, "AVD": 15.401682820266148}