{"name": "random-60-8.20-44.json", "solution": {"time": 0.00447333, "max_depth": 60, "is_feasible": true}, "AVD": 14.253414301747625}