{"name": "random-60-6.20-21.json", "solution": {"time": 0.010099043, "max_depth": 60, "is_feasible": true}, "AVD": 12.528926241967886}