{"name": "random-60-12.20-27.json", "solution": {"time": 0.003682172, "max_depth": 60, "is_feasible": true}, "AVD": 17.534309864518203}