{"name": "random-60-7.60-3.json", "solution": {"time": 0.007682285, "max_depth": 60, "is_feasible": true}, "AVD": 13.709832987999643}