{"name": "random-60-7.80-12.json", "solution": {"time": 0.003905952, "max_depth": 60, "is_feasible": true}, "AVD": 13.912568497860141}