{"name": "random-60-5.80-32.json", "solution": {"time": 0.016932735, "max_depth": 6, "is_feasible": false}, "AVD": 12.250840147506787}