{"name": "random-60-11.80-2.json", "solution": {"time": 0.003698066, "max_depth": 60, "is_feasible": true}, "AVD": 17.23709624017957}