{"name": "random-60-8.20-9.json", "solution": {"time": 0.003586193, "max_depth": 60, "is_feasible": true}, "AVD": 14.306554103304077}