{"name": "random-60-11.40-35.json", "solution": {"time": 0.003320671, "max_depth": 60, "is_feasible": true}, "AVD": 16.897992183742186}