{"name": "random-60-11.00-39.json", "solution": {"time": 0.005935948, "max_depth": 60, "is_feasible": true}, "AVD": 16.605121031746037}