{"name": "random-60-8.40-0.json", "solution": {"time": 0.008697807, "max_depth": 60, "is_feasible": true}, "AVD": 14.395142476350797}