{"name": "random-60-4.20-34.json", "solution": {"time": 0.013296362, "max_depth": 4, "is_feasible": false}, "AVD": 10.636091017007653}