{"name": "random-60-12.20-21.json", "solution": {"time": 0.003294712, "max_depth": 60, "is_feasible": true}, "AVD": 17.535655884239226}