{"name": "random-60-8.20-5.json", "solution": {"time": 0.004538363, "max_depth": 60, "is_feasible": true}, "AVD": 14.278228254769902}