{"name": "random-60-4.40-41.json", "solution": {"time": 0.014386122, "max_depth": 6, "is_feasible": false}, "AVD": 10.87179493500323}