{"name": "random-60-12.60-40.json", "solution": {"time": 0.003397562, "max_depth": 60, "is_feasible": true}, "AVD": 17.864994268077606}