{"name": "random-60-13.80-15.json", "solution": {"time": 0.003482223, "max_depth": 60, "is_feasible": true}, "AVD": 18.79314760702261}