{"name": "random-60-13.80-30.json", "solution": {"time": 0.003475515, "max_depth": 60, "is_feasible": true}, "AVD": 18.76304982363316}