{"name": "random-60-5.60-27.json", "solution": {"time": 0.010992292, "max_depth": 8, "is_feasible": false}, "AVD": 11.972500516458812}