{"name": "random-60-7.20-29.json", "solution": {"time": 0.01042198, "max_depth": 7, "is_feasible": false}, "AVD": 13.400702391744034}