{"name": "random-60-11.80-3.json", "solution": {"time": 0.011771369, "max_depth": 60, "is_feasible": true}, "AVD": 17.187232383357387}