{"name": "random-60-13.40-43.json", "solution": {"time": 0.003111941, "max_depth": 60, "is_feasible": true}, "AVD": 18.488509479717823}