{"name": "random-60-8.20-11.json", "solution": {"time": 0.004100365, "max_depth": 60, "is_feasible": true}, "AVD": 14.263181196889516}