{"name": "random-60-8.80-36.json", "solution": {"time": 0.009476725, "max_depth": 60, "is_feasible": true}, "AVD": 14.770180735930722}