{"name": "random-60-6.20-46.json", "solution": {"time": 0.014669046, "max_depth": 4, "is_feasible": false}, "AVD": 12.547411936828581}