{"name": "random-60-12.80-31.json", "solution": {"time": 0.005307988, "max_depth": 60, "is_feasible": true}, "AVD": 17.972095137886807}