{"name": "random-60-12.60-19.json", "solution": {"time": 0.003377758, "max_depth": 60, "is_feasible": true}, "AVD": 17.84864153439154}