{"name": "random-60-4.40-8.json", "solution": {"time": 0.012623276, "max_depth": 4, "is_feasible": false}, "AVD": 10.924269908332379}