{"name": "random-60-11.40-1.json", "solution": {"time": 0.003160003, "max_depth": 60, "is_feasible": true}, "AVD": 16.8576335978836}