{"name": "random-60-11.60-31.json", "solution": {"time": 0.003780445, "max_depth": 60, "is_feasible": true}, "AVD": 17.044752344877345}