{"name": "random-60-12.40-5.json", "solution": {"time": 0.003751442, "max_depth": 60, "is_feasible": true}, "AVD": 17.66254972342472}