{"name": "random-60-6.60-23.json", "solution": {"time": 0.01586737, "max_depth": 10, "is_feasible": false}, "AVD": 12.90996389567221}