{"name": "random-60-7.80-15.json", "solution": {"time": 0.004545505, "max_depth": 60, "is_feasible": true}, "AVD": 13.947325016033336}