{"name": "random-60-11.20-17.json", "solution": {"time": 0.003640042, "max_depth": 60, "is_feasible": true}, "AVD": 16.69907345278178}