{"name": "random-60-13.20-25.json", "solution": {"time": 0.003215988, "max_depth": 60, "is_feasible": true}, "AVD": 18.288352312810648}