{"name": "random-60-4.00-7.json", "solution": {"time": 0.009140025, "max_depth": 3, "is_feasible": false}, "AVD": 10.511832698166002}