{"name": "random-60-13.00-24.json", "solution": {"time": 0.003496664, "max_depth": 60, "is_feasible": true}, "AVD": 18.186886143177823}