{"name": "random-60-11.80-41.json", "solution": {"time": 0.003527057, "max_depth": 60, "is_feasible": true}, "AVD": 17.215053791887126}