{"name": "random-60-6.00-18.json", "solution": {"time": 0.006428632, "max_depth": 60, "is_feasible": true}, "AVD": 12.367046516754817}