{"name": "random-60-13.60-32.json", "solution": {"time": 0.002974135, "max_depth": 60, "is_feasible": true}, "AVD": 18.67120017636685}