{"name": "random-60-11.40-15.json", "solution": {"time": 0.003330677, "max_depth": 60, "is_feasible": true}, "AVD": 16.84214275693442}