{"name": "random-60-12.80-10.json", "solution": {"time": 0.003184594, "max_depth": 60, "is_feasible": true}, "AVD": 17.967213524130194}