{"name": "random-60-6.60-13.json", "solution": {"time": 0.009266014, "max_depth": 60, "is_feasible": true}, "AVD": 12.886122710622688}