{"name": "random-60-8.40-18.json", "solution": {"time": 0.004001039, "max_depth": 60, "is_feasible": true}, "AVD": 14.449614097322408}