{"name": "random-60-12.20-34.json", "solution": {"time": 0.003928728, "max_depth": 60, "is_feasible": true}, "AVD": 17.56526709555877}