{"name": "random-60-10.40-2.json", "solution": {"time": 0.003110356, "max_depth": 60, "is_feasible": true}, "AVD": 16.06939540243706}