{"name": "random-60-12.60-13.json", "solution": {"time": 0.003319646, "max_depth": 60, "is_feasible": true}, "AVD": 17.812010481802147}