{"name": "random-60-11.00-13.json", "solution": {"time": 0.003620012, "max_depth": 60, "is_feasible": true}, "AVD": 16.528320887445886}