{"name": "random-60-6.60-40.json", "solution": {"time": 0.012997384, "max_depth": 5, "is_feasible": false}, "AVD": 12.911985229276866}