{"name": "random-60-6.60-17.json", "solution": {"time": 0.005901234, "max_depth": 60, "is_feasible": true}, "AVD": 12.906068874027175}