{"name": "random-60-13.00-42.json", "solution": {"time": 0.003618613, "max_depth": 60, "is_feasible": true}, "AVD": 18.173370931537598}