{"name": "random-60-7.40-2.json", "solution": {"time": 0.008195003, "max_depth": 60, "is_feasible": true}, "AVD": 13.600169668294647}