{"name": "random-60-5.20-2.json", "solution": {"time": 0.011103324, "max_depth": 4, "is_feasible": false}, "AVD": 11.644508904675536}