{"name": "random-60-5.20-18.json", "solution": {"time": 0.009969803, "max_depth": 5, "is_feasible": false}, "AVD": 11.647669272085897}