{"name": "random-60-13.00-21.json", "solution": {"time": 0.003852482, "max_depth": 60, "is_feasible": true}, "AVD": 18.168853635561973}