{"name": "random-60-5.40-40.json", "solution": {"time": 0.008121, "max_depth": 3, "is_feasible": false}, "AVD": 11.82977107922938}