{"name": "random-60-13.60-18.json", "solution": {"time": 0.003219516, "max_depth": 60, "is_feasible": true}, "AVD": 18.74096825396826}