{"name": "random-60-7.40-43.json", "solution": {"time": 0.006372758, "max_depth": 60, "is_feasible": true}, "AVD": 13.561099642641278}