{"name": "random-60-10.80-43.json", "solution": {"time": 0.003997853, "max_depth": 60, "is_feasible": true}, "AVD": 16.410357724066053}