{"name": "random-60-13.80-48.json", "solution": {"time": 0.003262963, "max_depth": 60, "is_feasible": true}, "AVD": 18.791801587301595}