{"name": "random-60-6.80-33.json", "solution": {"time": 0.020535956, "max_depth": 9, "is_feasible": false}, "AVD": 13.114645834874985}