{"name": "random-60-5.40-43.json", "solution": {"time": 0.011548533, "max_depth": 6, "is_feasible": false}, "AVD": 11.810828905662209}