{"name": "random-60-8.40-29.json", "solution": {"time": 0.005329333, "max_depth": 60, "is_feasible": true}, "AVD": 14.41840662115661}