{"name": "random-60-4.40-27.json", "solution": {"time": 0.008376726, "max_depth": 2, "is_feasible": false}, "AVD": 10.830340574548869}