{"name": "random-60-12.80-25.json", "solution": {"time": 0.003337947, "max_depth": 60, "is_feasible": true}, "AVD": 17.96978330928331}