{"name": "random-60-9.00-48.json", "solution": {"time": 0.003568131, "max_depth": 60, "is_feasible": true}, "AVD": 14.934239032572346}