{"name": "random-60-7.80-27.json", "solution": {"time": 0.00895146, "max_depth": 60, "is_feasible": true}, "AVD": 13.908365019239994}