{"name": "random-60-6.80-41.json", "solution": {"time": 0.016292766, "max_depth": 9, "is_feasible": false}, "AVD": 13.070746247579555}