{"name": "random-60-4.20-10.json", "solution": {"time": 0.012884325, "max_depth": 2, "is_feasible": false}, "AVD": 10.678294514127822}