{"name": "random-60-9.00-34.json", "solution": {"time": 0.003173291, "max_depth": 60, "is_feasible": true}, "AVD": 14.930182259098917}