{"name": "random-60-11.20-19.json", "solution": {"time": 0.002928645, "max_depth": 60, "is_feasible": true}, "AVD": 16.76480347122014}