{"name": "random-60-10.20-22.json", "solution": {"time": 0.003454933, "max_depth": 60, "is_feasible": true}, "AVD": 15.894088864838848}