{"name": "random-60-5.60-25.json", "solution": {"time": 0.013866379, "max_depth": 6, "is_feasible": false}, "AVD": 11.992503669170313}