{"name": "random-60-7.00-36.json", "solution": {"time": 0.023020975, "max_depth": 11, "is_feasible": false}, "AVD": 13.244079224787534}