{"name": "random-60-7.20-37.json", "solution": {"time": 0.011341091, "max_depth": 60, "is_feasible": true}, "AVD": 13.404584435626084}