{"name": "random-60-4.20-21.json", "solution": {"time": 0.00925038, "max_depth": 3, "is_feasible": false}, "AVD": 10.725168501251797}