{"name": "random-60-7.20-35.json", "solution": {"time": 0.018595861, "max_depth": 9, "is_feasible": false}, "AVD": 13.42824919833252}