{"name": "random-60-10.60-23.json", "solution": {"time": 0.003713197, "max_depth": 60, "is_feasible": true}, "AVD": 16.214434223184217}