{"name": "random-60-9.60-49.json", "solution": {"time": 0.00318308, "max_depth": 60, "is_feasible": true}, "AVD": 15.419442700817688}