{"name": "random-60-8.60-29.json", "solution": {"time": 0.005865848, "max_depth": 60, "is_feasible": true}, "AVD": 14.575223420098407}