{"name": "random-60-10.20-43.json", "solution": {"time": 0.003575253, "max_depth": 60, "is_feasible": true}, "AVD": 15.904003687670345}