{"name": "random-60-13.40-6.json", "solution": {"time": 0.007582844, "max_depth": 60, "is_feasible": true}, "AVD": 18.4814639650473}