{"name": "random-60-4.20-16.json", "solution": {"time": 0.007957683, "max_depth": 0, "is_feasible": false}, "AVD": 10.685844939011561}