{"name": "random-60-4.80-11.json", "solution": {"time": 0.009490222, "max_depth": 2, "is_feasible": false}, "AVD": 11.293088198838165}