{"name": "random-60-5.40-45.json", "solution": {"time": 0.018982937, "max_depth": 15, "is_feasible": false}, "AVD": 11.836316573858223}