{"name": "random-60-12.60-22.json", "solution": {"time": 0.007033892, "max_depth": 60, "is_feasible": true}, "AVD": 17.83432188953022}