{"name": "random-60-10.40-25.json", "solution": {"time": 0.003259374, "max_depth": 60, "is_feasible": true}, "AVD": 16.06034858505691}