{"name": "random-60-6.80-43.json", "solution": {"time": 0.013073368, "max_depth": 7, "is_feasible": false}, "AVD": 13.068901806526778}