{"name": "random-60-9.80-15.json", "solution": {"time": 0.003636558, "max_depth": 60, "is_feasible": true}, "AVD": 15.55256539602372}