{"name": "random-60-13.60-33.json", "solution": {"time": 0.003269108, "max_depth": 60, "is_feasible": true}, "AVD": 18.63649340628508}