{"name": "random-60-7.00-42.json", "solution": {"time": 0.005943951, "max_depth": 60, "is_feasible": true}, "AVD": 13.252986578236554}