{"name": "random-60-10.20-44.json", "solution": {"time": 0.003623948, "max_depth": 60, "is_feasible": true}, "AVD": 15.919642456309116}