{"name": "random-60-7.00-49.json", "solution": {"time": 0.00896901, "max_depth": 60, "is_feasible": true}, "AVD": 13.253984643442946}