{"name": "random-60-10.40-46.json", "solution": {"time": 0.003188902, "max_depth": 60, "is_feasible": true}, "AVD": 16.10850332691998}