{"name": "random-60-10.20-9.json", "solution": {"time": 0.003635307, "max_depth": 60, "is_feasible": true}, "AVD": 15.94773968932301}