{"name": "random-60-9.80-2.json", "solution": {"time": 0.004141989, "max_depth": 60, "is_feasible": true}, "AVD": 15.57807619849285}