{"name": "random-60-12.80-47.json", "solution": {"time": 0.002873112, "max_depth": 60, "is_feasible": true}, "AVD": 17.968422619047622}