{"name": "random-60-7.80-19.json", "solution": {"time": 0.005497229, "max_depth": 60, "is_feasible": true}, "AVD": 13.9579782547699}