{"name": "random-60-10.60-11.json", "solution": {"time": 0.003238175, "max_depth": 60, "is_feasible": true}, "AVD": 16.211167588584242}