{"name": "random-60-10.00-6.json", "solution": {"time": 0.004121052, "max_depth": 60, "is_feasible": true}, "AVD": 15.713470378387031}