{"name": "random-60-8.60-44.json", "solution": {"time": 0.003830059, "max_depth": 60, "is_feasible": true}, "AVD": 14.591803170594828}