{"name": "random-60-7.60-37.json", "solution": {"time": 0.008457608, "max_depth": 60, "is_feasible": true}, "AVD": 13.738147927689575}