{"name": "random-60-12.40-42.json", "solution": {"time": 0.003687331, "max_depth": 60, "is_feasible": true}, "AVD": 17.679265552348877}