{"name": "random-60-7.80-6.json", "solution": {"time": 0.00888462, "max_depth": 60, "is_feasible": true}, "AVD": 13.901945822695797}