{"name": "random-60-13.60-30.json", "solution": {"time": 0.003189933, "max_depth": 60, "is_feasible": true}, "AVD": 18.613333553791897}