{"name": "random-60-10.40-49.json", "solution": {"time": 0.004039314, "max_depth": 60, "is_feasible": true}, "AVD": 16.054629529421188}