{"name": "random-60-13.00-11.json", "solution": {"time": 0.003252389, "max_depth": 60, "is_feasible": true}, "AVD": 18.135392636684298}