{"name": "random-60-12.00-49.json", "solution": {"time": 0.003153325, "max_depth": 60, "is_feasible": true}, "AVD": 17.335466931216935}