{"name": "random-60-11.80-17.json", "solution": {"time": 0.003689081, "max_depth": 60, "is_feasible": true}, "AVD": 17.188027036235365}