{"name": "random-60-8.20-48.json", "solution": {"time": 0.003755757, "max_depth": 60, "is_feasible": true}, "AVD": 14.282672574339218}