{"name": "random-60-13.00-29.json", "solution": {"time": 0.003075444, "max_depth": 60, "is_feasible": true}, "AVD": 18.157448532948532}