{"name": "random-60-13.40-44.json", "solution": {"time": 0.005692014, "max_depth": 60, "is_feasible": true}, "AVD": 18.491026695526703}