{"name": "random-60-5.60-17.json", "solution": {"time": 0.016135373, "max_depth": 10, "is_feasible": false}, "AVD": 11.99621982338645}