{"name": "random-60-12.60-7.json", "solution": {"time": 0.003320122, "max_depth": 60, "is_feasible": true}, "AVD": 17.827758056758068}