{"name": "random-60-13.60-15.json", "solution": {"time": 0.003512163, "max_depth": 60, "is_feasible": true}, "AVD": 18.629808541766877}