{"name": "random-60-11.00-11.json", "solution": {"time": 0.003172833, "max_depth": 60, "is_feasible": true}, "AVD": 16.522956369248025}