{"name": "random-60-14.00-46.json", "solution": {"time": 0.003397035, "max_depth": 60, "is_feasible": true}, "AVD": 19.014515893057567}