{"name": "random-60-5.60-11.json", "solution": {"time": 0.009182762, "max_depth": 4, "is_feasible": false}, "AVD": 12.010674042007349}