{"name": "random-60-5.40-34.json", "solution": {"time": 0.026165588, "max_depth": 13, "is_feasible": false}, "AVD": 11.818199616741255}