{"name": "random-60-11.20-3.json", "solution": {"time": 0.003709521, "max_depth": 60, "is_feasible": true}, "AVD": 16.717414041205704}