{"name": "random-60-5.80-8.json", "solution": {"time": 0.010817205, "max_depth": 5, "is_feasible": false}, "AVD": 12.182941337982978}