{"name": "random-60-9.20-14.json", "solution": {"time": 0.003877856, "max_depth": 60, "is_feasible": true}, "AVD": 15.164498496873486}