{"name": "random-60-7.20-30.json", "solution": {"time": 0.007878931, "max_depth": 60, "is_feasible": true}, "AVD": 13.391537457912444}