{"name": "random-60-10.40-8.json", "solution": {"time": 0.006247997, "max_depth": 60, "is_feasible": true}, "AVD": 16.07213756613756}