{"name": "random-60-13.60-46.json", "solution": {"time": 0.003237299, "max_depth": 60, "is_feasible": true}, "AVD": 18.71991117524451}