{"name": "random-60-10.40-37.json", "solution": {"time": 0.003560607, "max_depth": 60, "is_feasible": true}, "AVD": 16.063468514510173}