{"name": "random-60-10.40-16.json", "solution": {"time": 0.003432379, "max_depth": 60, "is_feasible": true}, "AVD": 16.064486892736888}