{"name": "random-60-7.00-6.json", "solution": {"time": 0.006663639, "max_depth": 60, "is_feasible": true}, "AVD": 13.181366818366792}