{"name": "random-60-6.20-25.json", "solution": {"time": 0.01836642, "max_depth": 6, "is_feasible": false}, "AVD": 12.535465623882272}