{"name": "random-60-5.00-17.json", "solution": {"time": 0.00926612, "max_depth": 5, "is_feasible": false}, "AVD": 11.471908230658189}