{"name": "random-60-7.40-8.json", "solution": {"time": 0.015439026, "max_depth": 7, "is_feasible": false}, "AVD": 13.56820872954204}