{"name": "random-60-8.80-42.json", "solution": {"time": 0.004084787, "max_depth": 60, "is_feasible": true}, "AVD": 14.782896780688434}