{"name": "random-60-12.40-23.json", "solution": {"time": 0.003150434, "max_depth": 60, "is_feasible": true}, "AVD": 17.639112353695687}