{"name": "random-60-6.00-22.json", "solution": {"time": 0.011192642, "max_depth": 5, "is_feasible": false}, "AVD": 12.353119308160956}