{"name": "random-60-9.60-40.json", "solution": {"time": 0.00603197, "max_depth": 60, "is_feasible": true}, "AVD": 15.407354196729182}