{"name": "random-60-12.60-31.json", "solution": {"time": 0.005880991, "max_depth": 60, "is_feasible": true}, "AVD": 17.812050825717495}