{"name": "random-60-6.40-41.json", "solution": {"time": 0.016334217, "max_depth": 9, "is_feasible": false}, "AVD": 12.71200815234146}