{"name": "random-60-6.40-22.json", "solution": {"time": 0.015497374, "max_depth": 5, "is_feasible": false}, "AVD": 12.713267371517352}