{"name": "random-60-11.40-25.json", "solution": {"time": 0.003510926, "max_depth": 60, "is_feasible": true}, "AVD": 16.861467492384154}