{"name": "random-60-8.00-25.json", "solution": {"time": 0.004063396, "max_depth": 60, "is_feasible": true}, "AVD": 14.070631068006056}