{"name": "random-60-5.60-48.json", "solution": {"time": 0.010101248, "max_depth": 3, "is_feasible": false}, "AVD": 12.029247289747264}