{"name": "random-60-12.40-29.json", "solution": {"time": 0.003077591, "max_depth": 60, "is_feasible": true}, "AVD": 17.67664319785153}