{"name": "random-60-11.00-5.json", "solution": {"time": 0.003384212, "max_depth": 60, "is_feasible": true}, "AVD": 16.55083523729356}