{"name": "random-60-14.00-29.json", "solution": {"time": 0.003663117, "max_depth": 60, "is_feasible": true}, "AVD": 18.925677368927378}