{"name": "random-60-5.80-43.json", "solution": {"time": 0.011569239, "max_depth": 6, "is_feasible": false}, "AVD": 12.176270203561847}