{"name": "random-60-7.40-18.json", "solution": {"time": 0.005995105, "max_depth": 60, "is_feasible": true}, "AVD": 13.568951659451626}