{"name": "random-60-12.40-33.json", "solution": {"time": 0.003724806, "max_depth": 60, "is_feasible": true}, "AVD": 17.69881805694306}