{"name": "random-60-9.40-34.json", "solution": {"time": 0.005085808, "max_depth": 60, "is_feasible": true}, "AVD": 15.274504128587447}