{"name": "random-60-9.20-35.json", "solution": {"time": 0.00471806, "max_depth": 60, "is_feasible": true}, "AVD": 15.107960778419105}