{"name": "random-60-8.40-21.json", "solution": {"time": 0.004423928, "max_depth": 60, "is_feasible": true}, "AVD": 14.418247314413962}