{"name": "random-60-8.80-28.json", "solution": {"time": 0.003260781, "max_depth": 60, "is_feasible": true}, "AVD": 14.783367459700774}