{"name": "random-60-13.00-36.json", "solution": {"time": 0.007934031, "max_depth": 60, "is_feasible": true}, "AVD": 18.237006734006744}