{"name": "random-60-6.40-30.json", "solution": {"time": 0.012352073, "max_depth": 3, "is_feasible": false}, "AVD": 12.735784401555215}