{"name": "random-60-8.20-27.json", "solution": {"time": 0.003716007, "max_depth": 60, "is_feasible": true}, "AVD": 14.268619067660712}