{"name": "random-60-10.60-25.json", "solution": {"time": 0.003289692, "max_depth": 60, "is_feasible": true}, "AVD": 16.208502445085774}