{"name": "random-60-10.20-37.json", "solution": {"time": 0.003872006, "max_depth": 60, "is_feasible": true}, "AVD": 15.896943502485158}