{"name": "random-60-6.20-3.json", "solution": {"time": 0.018630906, "max_depth": 11, "is_feasible": false}, "AVD": 12.495545930920906}