{"name": "random-60-4.80-22.json", "solution": {"time": 0.009406627, "max_depth": 2, "is_feasible": false}, "AVD": 11.293937019770333}