{"name": "random-60-11.40-32.json", "solution": {"time": 0.003487245, "max_depth": 60, "is_feasible": true}, "AVD": 16.910645502645504}