{"name": "random-60-9.00-32.json", "solution": {"time": 0.003338419, "max_depth": 60, "is_feasible": true}, "AVD": 14.93011012906845}