{"name": "random-60-4.20-41.json", "solution": {"time": 0.011809131, "max_depth": 6, "is_feasible": false}, "AVD": 10.699636445344737}