{"name": "random-60-8.40-16.json", "solution": {"time": 0.005190343, "max_depth": 60, "is_feasible": true}, "AVD": 14.410660213243533}