{"name": "random-60-10.80-37.json", "solution": {"time": 0.007206345, "max_depth": 60, "is_feasible": true}, "AVD": 16.386634279300935}