{"name": "random-60-13.80-32.json", "solution": {"time": 0.003138637, "max_depth": 60, "is_feasible": true}, "AVD": 18.846682760141103}