{"name": "random-60-6.00-35.json", "solution": {"time": 0.011281514, "max_depth": 4, "is_feasible": false}, "AVD": 12.39552885077883}