{"name": "random-60-14.00-4.json", "solution": {"time": 0.003283112, "max_depth": 60, "is_feasible": true}, "AVD": 18.945903118486456}