{"name": "random-60-9.00-5.json", "solution": {"time": 0.003456478, "max_depth": 60, "is_feasible": true}, "AVD": 14.945717111592094}