{"name": "random-60-5.20-40.json", "solution": {"time": 0.012544083, "max_depth": 3, "is_feasible": false}, "AVD": 11.64981398848062}