{"name": "random-60-10.20-3.json", "solution": {"time": 0.003454863, "max_depth": 60, "is_feasible": true}, "AVD": 15.87920196007695}