{"name": "random-60-4.60-46.json", "solution": {"time": 0.010194734, "max_depth": 0, "is_feasible": false}, "AVD": 11.048166401499707}