{"name": "random-60-8.00-1.json", "solution": {"time": 0.018123955, "max_depth": 60, "is_feasible": true}, "AVD": 14.087383197049842}