{"name": "random-60-11.20-42.json", "solution": {"time": 0.003610235, "max_depth": 60, "is_feasible": true}, "AVD": 16.729920654962317}