{"name": "random-60-4.20-6.json", "solution": {"time": 0.013591942, "max_depth": 2, "is_feasible": false}, "AVD": 10.634350680183973}