{"name": "random-60-4.60-2.json", "solution": {"time": 0.00907582, "max_depth": 4, "is_feasible": false}, "AVD": 11.089029803529765}