{"name": "random-60-5.60-34.json", "solution": {"time": 0.036429559, "max_depth": 15, "is_feasible": false}, "AVD": 12.004709161209133}