{"name": "random-60-13.80-5.json", "solution": {"time": 0.003788513, "max_depth": 60, "is_feasible": true}, "AVD": 18.78238800705468}