{"name": "random-60-8.80-11.json", "solution": {"time": 0.003638588, "max_depth": 60, "is_feasible": true}, "AVD": 14.761025112233431}