{"name": "random-60-7.40-1.json", "solution": {"time": 0.009858402, "max_depth": 60, "is_feasible": true}, "AVD": 13.583057359307332}