{"name": "random-60-11.20-48.json", "solution": {"time": 0.003216864, "max_depth": 60, "is_feasible": true}, "AVD": 16.723908189033185}