{"name": "random-60-6.40-32.json", "solution": {"time": 0.020891312, "max_depth": 8, "is_feasible": false}, "AVD": 12.768760662177304}