{"name": "random-60-10.60-33.json", "solution": {"time": 0.003610452, "max_depth": 60, "is_feasible": true}, "AVD": 16.254791586499913}