{"name": "random-60-11.60-22.json", "solution": {"time": 0.00514698, "max_depth": 60, "is_feasible": true}, "AVD": 17.059812850729514}