{"name": "random-60-6.40-17.json", "solution": {"time": 0.003971713, "max_depth": 60, "is_feasible": true}, "AVD": 12.726377075085372}