{"name": "random-60-6.80-14.json", "solution": {"time": 0.006074508, "max_depth": 60, "is_feasible": true}, "AVD": 13.105527216610533}