{"name": "random-60-6.80-44.json", "solution": {"time": 0.006096969, "max_depth": 60, "is_feasible": true}, "AVD": 13.073558942600588}