{"name": "random-60-13.80-11.json", "solution": {"time": 0.003388739, "max_depth": 60, "is_feasible": true}, "AVD": 18.7947466931217}