{"name": "random-60-6.40-33.json", "solution": {"time": 0.01526866, "max_depth": 8, "is_feasible": false}, "AVD": 12.769331260560408}