{"name": "random-60-12.80-8.json", "solution": {"time": 0.006839008, "max_depth": 60, "is_feasible": true}, "AVD": 17.993127765752767}