{"name": "random-60-12.40-46.json", "solution": {"time": 0.007498579, "max_depth": 60, "is_feasible": true}, "AVD": 17.755960557960552}