{"name": "random-60-6.00-12.json", "solution": {"time": 0.005318359, "max_depth": 60, "is_feasible": true}, "AVD": 12.370511203302838}