{"name": "random-60-9.80-13.json", "solution": {"time": 0.003588642, "max_depth": 60, "is_feasible": true}, "AVD": 15.576286395703056}