{"name": "random-60-5.20-46.json", "solution": {"time": 0.008057397, "max_depth": 2, "is_feasible": false}, "AVD": 11.636613816738787}