{"name": "random-60-7.80-42.json", "solution": {"time": 0.004784863, "max_depth": 60, "is_feasible": true}, "AVD": 13.916548627298605}