{"name": "random-60-13.40-14.json", "solution": {"time": 0.003305145, "max_depth": 60, "is_feasible": true}, "AVD": 18.52810153118486}