{"name": "random-60-6.20-44.json", "solution": {"time": 0.016214759, "max_depth": 15, "is_feasible": false}, "AVD": 12.557165760165738}