{"name": "random-60-7.40-21.json", "solution": {"time": 0.004586146, "max_depth": 60, "is_feasible": true}, "AVD": 13.561249639249612}