{"name": "random-60-13.20-14.json", "solution": {"time": 0.003568492, "max_depth": 60, "is_feasible": true}, "AVD": 18.37258918550585}