{"name": "random-60-7.40-3.json", "solution": {"time": 0.003476474, "max_depth": 60, "is_feasible": true}, "AVD": 13.540778534736855}