{"name": "random-60-10.60-7.json", "solution": {"time": 0.00368921, "max_depth": 60, "is_feasible": true}, "AVD": 16.218228996312327}