{"name": "random-60-6.20-26.json", "solution": {"time": 0.007591394, "max_depth": 60, "is_feasible": true}, "AVD": 12.556350230016877}