{"name": "random-60-12.60-10.json", "solution": {"time": 0.003167438, "max_depth": 60, "is_feasible": true}, "AVD": 17.80964363876864}