{"name": "random-60-9.20-18.json", "solution": {"time": 0.004014318, "max_depth": 60, "is_feasible": true}, "AVD": 15.126731701940015}