{"name": "random-60-10.20-47.json", "solution": {"time": 0.003248065, "max_depth": 60, "is_feasible": true}, "AVD": 15.88717538480038}