{"name": "random-60-4.80-7.json", "solution": {"time": 0.009318371, "max_depth": 4, "is_feasible": false}, "AVD": 11.285122109372077}