{"name": "random-60-4.00-15.json", "solution": {"time": 0.009448062, "max_depth": 2, "is_feasible": false}, "AVD": 10.604141175182809}