{"name": "random-60-7.40-38.json", "solution": {"time": 0.022559308, "max_depth": 8, "is_feasible": false}, "AVD": 13.601936242769561}