{"name": "random-60-9.20-0.json", "solution": {"time": 0.003738913, "max_depth": 60, "is_feasible": true}, "AVD": 15.04495947570946}