{"name": "random-60-8.00-30.json", "solution": {"time": 0.005684933, "max_depth": 60, "is_feasible": true}, "AVD": 14.072196299071281}