{"name": "random-60-5.80-2.json", "solution": {"time": 0.012056868, "max_depth": 5, "is_feasible": false}, "AVD": 12.191695497403805}