{"name": "random-60-9.60-28.json", "solution": {"time": 0.005303949, "max_depth": 60, "is_feasible": true}, "AVD": 15.45230869747535}