{"name": "random-60-13.80-40.json", "solution": {"time": 0.003049723, "max_depth": 60, "is_feasible": true}, "AVD": 18.81786375661376}