{"name": "random-60-10.80-33.json", "solution": {"time": 0.003917662, "max_depth": 60, "is_feasible": true}, "AVD": 16.41268300064133}