{"name": "random-10-4.40-28.json", "solution": {"time": 0.000103296, "max_depth": 10, "is_feasible": true}, "AVD": 4.515666666666666}