{"name": "random-10-0.10-31.json", "solution": {"time": 0.000260063, "max_depth": 0, "is_feasible": false}, "AVD": 0.725817460317461}