{"name": "random-10-1.10-33.json", "solution": {"time": 0.000274208, "max_depth": 2, "is_feasible": false}, "AVD": 1.801285714285715}