{"name": "random-10-0.20-36.json", "solution": {"time": 0.000260964, "max_depth": 0, "is_feasible": false}, "AVD": 1.0177539682539687}