{"name": "random-10-0.50-16.json", "solution": {"time": 0.000221177, "max_depth": 0, "is_feasible": false}, "AVD": 1.251809523809524}