{"name": "random-10-4.60-47.json", "solution": {"time": 0.000108065, "max_depth": 10, "is_feasible": true}, "AVD": 4.757666666666667}