{"name": "random-10-0.30-31.json", "solution": {"time": 0.00029433, "max_depth": 0, "is_feasible": false}, "AVD": 1.025611111111112}