{"name": "random-10-1.90-46.json", "solution": {"time": 0.000215634, "max_depth": 0, "is_feasible": false}, "AVD": 2.389261904761905}