{"name": "random-10-2.70-46.json", "solution": {"time": 0.000120507, "max_depth": 0, "is_feasible": false}, "AVD": 2.9775000000000005}