{"name": "random-10-2.00-34.json", "solution": {"time": 0.000478973, "max_depth": 5, "is_feasible": false}, "AVD": 2.5469285714285714}