{"name": "random-10-5.00-9.json", "solution": {"time": 0.000141528, "max_depth": 10, "is_feasible": true}, "AVD": 5.003333333333332}