{"name": "random-10-3.80-15.json", "solution": {"time": 0.000143638, "max_depth": 10, "is_feasible": true}, "AVD": 3.9583333333333335}