{"name": "random-10-1.40-19.json", "solution": {"time": 0.00024229, "max_depth": 0, "is_feasible": false}, "AVD": 2.0170952380952385}