{"name": "random-10-2.80-30.json", "solution": {"time": 0.000132432, "max_depth": 10, "is_feasible": true}, "AVD": 3.217666666666667}