{"name": "random-10-1.40-49.json", "solution": {"time": 0.000229048, "max_depth": 2, "is_feasible": false}, "AVD": 2.044857142857143}