{"name": "random-10-2.60-30.json", "solution": {"time": 0.000306951, "max_depth": 10, "is_feasible": true}, "AVD": 3.052666666666666}