{"name": "random-10-0.10-39.json", "solution": {"time": 0.000278091, "max_depth": 0, "is_feasible": false}, "AVD": 0.7476507936507938}