{"name": "random-10-4.40-42.json", "solution": {"time": 0.000136254, "max_depth": 10, "is_feasible": true}, "AVD": 4.405666666666666}