{"name": "random-10-2.40-39.json", "solution": {"time": 0.000171458, "max_depth": 5, "is_feasible": false}, "AVD": 2.864095238095239}