{"name": "random-10-2.30-14.json", "solution": {"time": 0.000710655, "max_depth": 9, "is_feasible": false}, "AVD": 2.7373333333333334}