{"name": "random-10-0.60-1.json", "solution": {"time": 0.000218385, "max_depth": 0, "is_feasible": false}, "AVD": 1.3340476190476198}