{"name": "random-10-0.20-11.json", "solution": {"time": 0.000260226, "max_depth": 0, "is_feasible": false}, "AVD": 0.7910317460317465}