{"name": "random-10-1.10-5.json", "solution": {"time": 0.000249108, "max_depth": 0, "is_feasible": false}, "AVD": 1.744452380952382}