{"name": "random-10-0.70-1.json", "solution": {"time": 0.000248677, "max_depth": 0, "is_feasible": false}, "AVD": 1.4110476190476196}