{"name": "random-10-1.40-14.json", "solution": {"time": 0.000279337, "max_depth": 3, "is_feasible": false}, "AVD": 1.9827857142857142}