{"name": "random-10-1.50-31.json", "solution": {"time": 0.000249575, "max_depth": 0, "is_feasible": false}, "AVD": 2.0705238095238103}