{"name": "random-10-4.00-12.json", "solution": {"time": 0.00057686, "max_depth": 10, "is_feasible": true}, "AVD": 4.167333333333333}