{"name": "random-10-0.90-40.json", "solution": {"time": 0.000208344, "max_depth": 0, "is_feasible": false}, "AVD": 1.6307857142857145}