{"name": "random-10-2.80-44.json", "solution": {"time": 0.000211097, "max_depth": 10, "is_feasible": true}, "AVD": 3.0930000000000004}