{"name": "random-10-0.40-49.json", "solution": {"time": 0.000217004, "max_depth": 0, "is_feasible": false}, "AVD": 1.2039682539682548}