{"name": "random-10-0.30-2.json", "solution": {"time": 0.000290367, "max_depth": 0, "is_feasible": false}, "AVD": 1.0013412698412696}