{"name": "random-10-2.40-2.json", "solution": {"time": 0.000222547, "max_depth": 10, "is_feasible": true}, "AVD": 2.887666666666667}