{"name": "random-10-1.30-32.json", "solution": {"time": 0.000218017, "max_depth": 0, "is_feasible": false}, "AVD": 1.8198809523809536}