{"name": "random-10-2.60-31.json", "solution": {"time": 0.000285346, "max_depth": 10, "is_feasible": true}, "AVD": 2.9903333333333335}