{"name": "random-10-1.80-19.json", "solution": {"time": 0.000239651, "max_depth": 0, "is_feasible": false}, "AVD": 2.365428571428571}