{"name": "random-10-3.00-10.json", "solution": {"time": 0.000107392, "max_depth": 10, "is_feasible": true}, "AVD": 3.3496666666666663}