{"name": "random-10-0.70-3.json", "solution": {"time": 0.00025092, "max_depth": 0, "is_feasible": false}, "AVD": 1.3869523809523803}