{"name": "random-10-1.20-40.json", "solution": {"time": 0.000209058, "max_depth": 0, "is_feasible": false}, "AVD": 1.887190476190477}