{"name": "random-10-2.30-32.json", "solution": {"time": 0.000244882, "max_depth": 5, "is_feasible": false}, "AVD": 2.6880952380952388}