{"name": "random-10-0.50-44.json", "solution": {"time": 0.000205863, "max_depth": 0, "is_feasible": false}, "AVD": 1.2319047619047618}