{"name": "random-10-1.20-12.json", "solution": {"time": 0.000206407, "max_depth": 0, "is_feasible": false}, "AVD": 1.8646666666666671}