{"name": "random-10-2.10-38.json", "solution": {"time": 0.000239598, "max_depth": 0, "is_feasible": false}, "AVD": 2.4916666666666667}