{"name": "random-10-4.90-2.json", "solution": {"time": 0.000205261, "max_depth": 10, "is_feasible": true}, "AVD": 4.984999999999999}