{"name": "random-10-1.90-27.json", "solution": {"time": 0.000314904, "max_depth": 2, "is_feasible": false}, "AVD": 2.4220000000000006}