{"name": "random-10-3.00-48.json", "solution": {"time": 0.000106064, "max_depth": 10, "is_feasible": true}, "AVD": 3.2983333333333333}