{"name": "random-10-2.20-23.json", "solution": {"time": 0.000210369, "max_depth": 0, "is_feasible": false}, "AVD": 2.6310000000000002}