{"name": "random-10-3.00-8.json", "solution": {"time": 0.000198683, "max_depth": 10, "is_feasible": true}, "AVD": 3.2763333333333335}