{"name": "random-10-1.10-21.json", "solution": {"time": 0.000216607, "max_depth": 0, "is_feasible": false}, "AVD": 1.7331904761904766}