{"name": "random-10-0.40-18.json", "solution": {"time": 0.000212758, "max_depth": 0, "is_feasible": false}, "AVD": 1.1928809523809525}