{"name": "random-10-4.60-20.json", "solution": {"time": 0.000104401, "max_depth": 10, "is_feasible": true}, "AVD": 4.731999999999999}