{"name": "random-10-2.50-38.json", "solution": {"time": 0.000311561, "max_depth": 10, "is_feasible": true}, "AVD": 2.8583333333333334}