{"name": "random-10-0.20-40.json", "solution": {"time": 0.000267093, "max_depth": 0, "is_feasible": false}, "AVD": 0.9224206349206346}