{"name": "random-10-2.20-6.json", "solution": {"time": 0.000360668, "max_depth": 2, "is_feasible": false}, "AVD": 2.710095238095238}