{"name": "random-10-2.70-13.json", "solution": {"time": 0.000475258, "max_depth": 6, "is_feasible": false}, "AVD": 3.0767619047619044}