{"name": "random-10-0.40-1.json", "solution": {"time": 0.000217296, "max_depth": 0, "is_feasible": false}, "AVD": 1.1402380952380955}