{"name": "random-10-1.10-30.json", "solution": {"time": 0.000212186, "max_depth": 0, "is_feasible": false}, "AVD": 1.782166666666667}