{"name": "random-10-3.70-38.json", "solution": {"time": 0.000137858, "max_depth": 10, "is_feasible": true}, "AVD": 3.925333333333333}