{"name": "random-10-0.30-25.json", "solution": {"time": 0.000311455, "max_depth": 0, "is_feasible": false}, "AVD": 1.0355634920634924}