{"name": "random-10-1.30-6.json", "solution": {"time": 0.000243609, "max_depth": 0, "is_feasible": false}, "AVD": 1.936952380952381}