{"name": "random-10-2.50-47.json", "solution": {"time": 0.000377456, "max_depth": 10, "is_feasible": true}, "AVD": 3.0278730158730163}