{"name": "random-10-0.50-42.json", "solution": {"time": 0.00022129, "max_depth": 0, "is_feasible": false}, "AVD": 1.1992539682539685}