{"name": "random-10-0.70-22.json", "solution": {"time": 0.000227905, "max_depth": 0, "is_feasible": false}, "AVD": 1.300349206349207}