{"name": "random-10-2.00-8.json", "solution": {"time": 0.000253917, "max_depth": 5, "is_feasible": false}, "AVD": 2.479095238095238}