{"name": "random-10-2.40-47.json", "solution": {"time": 0.000168276, "max_depth": 10, "is_feasible": true}, "AVD": 2.954539682539683}