{"name": "random-10-3.20-24.json", "solution": {"time": 0.000111463, "max_depth": 10, "is_feasible": true}, "AVD": 3.447095238095238}