{"name": "random-10-3.30-17.json", "solution": {"time": 0.000156331, "max_depth": 10, "is_feasible": true}, "AVD": 3.5403333333333338}