{"name": "random-10-0.60-31.json", "solution": {"time": 0.0002206, "max_depth": 0, "is_feasible": false}, "AVD": 1.2791349206349207}