{"name": "random-10-3.80-48.json", "solution": {"time": 0.0001919, "max_depth": 10, "is_feasible": true}, "AVD": 3.932666666666667}