{"name": "random-10-4.80-44.json", "solution": {"time": 0.000105024, "max_depth": 10, "is_feasible": true}, "AVD": 4.838333333333333}