{"name": "random-10-2.10-20.json", "solution": {"time": 0.000210868, "max_depth": 0, "is_feasible": false}, "AVD": 2.5265000000000004}