{"name": "random-10-4.00-20.json", "solution": {"time": 0.00011061, "max_depth": 10, "is_feasible": true}, "AVD": 4.108666666666666}