{"name": "random-10-2.00-39.json", "solution": {"time": 0.000419307, "max_depth": 5, "is_feasible": false}, "AVD": 2.556095238095238}