{"name": "random-10-2.60-12.json", "solution": {"time": 0.000537492, "max_depth": 8, "is_feasible": false}, "AVD": 2.9829999999999997}