{"name": "random-10-1.20-10.json", "solution": {"time": 0.000210376, "max_depth": 0, "is_feasible": false}, "AVD": 1.9254285714285717}