{"name": "random-10-0.40-25.json", "solution": {"time": 0.000231949, "max_depth": 0, "is_feasible": false}, "AVD": 1.1363968253968255}