{"name": "random-10-3.80-27.json", "solution": {"time": 0.000164285, "max_depth": 10, "is_feasible": true}, "AVD": 4.060999999999999}