{"name": "random-10-1.80-22.json", "solution": {"time": 0.000289442, "max_depth": 2, "is_feasible": false}, "AVD": 2.2865952380952392}