{"name": "random-10-2.30-24.json", "solution": {"time": 0.000203133, "max_depth": 4, "is_feasible": false}, "AVD": 2.699357142857143}