{"name": "random-10-3.00-38.json", "solution": {"time": 0.000104021, "max_depth": 10, "is_feasible": true}, "AVD": 3.320333333333334}