{"name": "random-10-0.00-30.json", "solution": {"time": 0.000234357, "max_depth": 0, "is_feasible": false}, "AVD": 0.6559841269841276}