{"name": "random-10-0.90-3.json", "solution": {"time": 0.00022672, "max_depth": 0, "is_feasible": false}, "AVD": 1.5925476190476187}