{"name": "random-10-2.60-44.json", "solution": {"time": 0.000448681, "max_depth": 10, "is_feasible": true}, "AVD": 2.935333333333334}