{"name": "random-10-2.10-13.json", "solution": {"time": 0.000255085, "max_depth": 2, "is_feasible": false}, "AVD": 2.55452380952381}