{"name": "random-10-3.00-29.json", "solution": {"time": 0.000238357, "max_depth": 10, "is_feasible": true}, "AVD": 3.2286666666666664}