{"name": "random-10-2.40-29.json", "solution": {"time": 0.000106654, "max_depth": 0, "is_feasible": false}, "AVD": 2.737333333333333}