{"name": "random-10-3.90-2.json", "solution": {"time": 0.000166879, "max_depth": 10, "is_feasible": true}, "AVD": 4.086666666666666}