{"name": "random-10-2.50-39.json", "solution": {"time": 0.000381481, "max_depth": 5, "is_feasible": false}, "AVD": 2.9484285714285723}