{"name": "random-10-1.40-20.json", "solution": {"time": 0.000229392, "max_depth": 0, "is_feasible": false}, "AVD": 2.0357777777777772}