{"name": "random-10-1.20-5.json", "solution": {"time": 0.000252426, "max_depth": 0, "is_feasible": false}, "AVD": 1.8104523809523816}