{"name": "random-10-2.60-46.json", "solution": {"time": 0.000205904, "max_depth": 0, "is_feasible": false}, "AVD": 2.8968333333333334}