{"name": "random-10-0.40-27.json", "solution": {"time": 0.0002203, "max_depth": 0, "is_feasible": false}, "AVD": 1.1405873015873016}