{"name": "random-10-2.50-42.json", "solution": {"time": 0.000839355, "max_depth": 5, "is_feasible": false}, "AVD": 2.9096666666666673}