{"name": "random-10-0.30-29.json", "solution": {"time": 0.00028737, "max_depth": 0, "is_feasible": false}, "AVD": 1.071619047619048}