{"name": "random-10-4.80-19.json", "solution": {"time": 0.000125489, "max_depth": 10, "is_feasible": true}, "AVD": 4.918999999999999}