{"name": "random-10-3.80-5.json", "solution": {"time": 0.000225225, "max_depth": 10, "is_feasible": true}, "AVD": 3.936333333333333}