{"name": "random-10-0.00-43.json", "solution": {"time": 0.000223642, "max_depth": 0, "is_feasible": false}, "AVD": 0.7054761904761903}