{"name": "random-10-0.40-40.json", "solution": {"time": 0.000219876, "max_depth": 0, "is_feasible": false}, "AVD": 1.1520238095238096}