{"name": "random-10-0.50-23.json", "solution": {"time": 0.000220178, "max_depth": 0, "is_feasible": false}, "AVD": 1.2753809523809534}