{"name": "random-10-3.20-4.json", "solution": {"time": 0.000580102, "max_depth": 10, "is_feasible": true}, "AVD": 3.4780000000000006}