{"name": "random-10-1.20-9.json", "solution": {"time": 0.000279455, "max_depth": 0, "is_feasible": false}, "AVD": 1.8945238095238104}