{"name": "random-10-3.10-13.json", "solution": {"time": 0.000120931, "max_depth": 10, "is_feasible": true}, "AVD": 3.4303333333333326}