{"name": "random-10-0.70-46.json", "solution": {"time": 0.000212155, "max_depth": 0, "is_feasible": false}, "AVD": 1.4162857142857148}