{"name": "random-10-2.60-32.json", "solution": {"time": 0.000445017, "max_depth": 10, "is_feasible": true}, "AVD": 3.0070952380952383}