{"name": "random-10-0.50-13.json", "solution": {"time": 0.00011544, "max_depth": 0, "is_feasible": false}, "AVD": 1.2408095238095256}