{"name": "random-10-4.50-27.json", "solution": {"time": 0.000298724, "max_depth": 10, "is_feasible": true}, "AVD": 4.651333333333333}