{"name": "random-10-2.70-23.json", "solution": {"time": 0.000165683, "max_depth": 0, "is_feasible": false}, "AVD": 2.9830000000000005}