{"name": "random-10-0.90-33.json", "solution": {"time": 0.000241701, "max_depth": 2, "is_feasible": false}, "AVD": 1.634714285714286}