{"name": "random-10-1.80-12.json", "solution": {"time": 0.000271532, "max_depth": 2, "is_feasible": false}, "AVD": 2.330333333333333}