{"name": "random-10-4.70-17.json", "solution": {"time": 0.000114076, "max_depth": 10, "is_feasible": true}, "AVD": 4.790666666666667}