{"name": "random-10-2.80-1.json", "solution": {"time": 0.000247439, "max_depth": 10, "is_feasible": true}, "AVD": 3.111333333333333}