{"name": "random-10-2.70-4.json", "solution": {"time": 0.000444769, "max_depth": 10, "is_feasible": true}, "AVD": 3.1118571428571427}