{"name": "random-10-4.50-31.json", "solution": {"time": 0.000162845, "max_depth": 10, "is_feasible": true}, "AVD": 4.570666666666667}