{"name": "random-10-4.30-26.json", "solution": {"time": 0.000153876, "max_depth": 10, "is_feasible": true}, "AVD": 4.394666666666666}