{"name": "random-10-0.50-34.json", "solution": {"time": 0.000220789, "max_depth": 0, "is_feasible": false}, "AVD": 1.2249206349206347}