{"name": "random-10-2.60-41.json", "solution": {"time": 0.000273866, "max_depth": 0, "is_feasible": false}, "AVD": 2.911761904761905}