{"name": "random-10-0.90-23.json", "solution": {"time": 0.000209318, "max_depth": 0, "is_feasible": false}, "AVD": 1.6305238095238104}