{"name": "random-10-0.90-39.json", "solution": {"time": 0.000256981, "max_depth": 2, "is_feasible": false}, "AVD": 1.6064285714285724}