{"name": "random-10-1.20-33.json", "solution": {"time": 0.000132613, "max_depth": 2, "is_feasible": false}, "AVD": 1.8651904761904767}