{"name": "random-10-1.60-18.json", "solution": {"time": 0.000235528, "max_depth": 0, "is_feasible": false}, "AVD": 2.1616666666666666}