{"name": "random-10-4.90-24.json", "solution": {"time": 0.000309778, "max_depth": 10, "is_feasible": true}, "AVD": 4.973999999999999}