{"name": "random-10-4.00-43.json", "solution": {"time": 0.000143234, "max_depth": 10, "is_feasible": true}, "AVD": 4.119666666666666}