{"name": "random-10-3.50-34.json", "solution": {"time": 0.000143799, "max_depth": 10, "is_feasible": true}, "AVD": 3.679666666666667}