{"name": "random-10-0.00-32.json", "solution": {"time": 0.000229533, "max_depth": 0, "is_feasible": false}, "AVD": 0.6608650793650795}