{"name": "random-10-2.20-18.json", "solution": {"time": 0.000206904, "max_depth": 0, "is_feasible": false}, "AVD": 2.6493333333333333}