{"name": "random-10-0.10-27.json", "solution": {"time": 0.000252476, "max_depth": 0, "is_feasible": false}, "AVD": 0.8148650793650802}