{"name": "random-10-4.30-23.json", "solution": {"time": 0.000151986, "max_depth": 10, "is_feasible": true}, "AVD": 4.240666666666666}