{"name": "random-10-2.00-45.json", "solution": {"time": 0.000191732, "max_depth": 3, "is_feasible": false}, "AVD": 2.5540000000000003}