{"name": "random-10-3.50-12.json", "solution": {"time": 0.000388895, "max_depth": 10, "is_feasible": true}, "AVD": 3.7456666666666663}