{"name": "random-10-2.40-5.json", "solution": {"time": 0.000388362, "max_depth": 9, "is_feasible": false}, "AVD": 2.781595238095239}