{"name": "random-10-2.80-17.json", "solution": {"time": 0.000283029, "max_depth": 7, "is_feasible": false}, "AVD": 3.1846666666666663}