{"name": "random-10-2.30-43.json", "solution": {"time": 0.000196059, "max_depth": 3, "is_feasible": false}, "AVD": 2.7467619047619047}