{"name": "random-10-2.10-46.json", "solution": {"time": 0.000212041, "max_depth": 0, "is_feasible": false}, "AVD": 2.4992619047619047}