{"name": "random-10-0.60-24.json", "solution": {"time": 0.000229886, "max_depth": 0, "is_feasible": false}, "AVD": 1.277920634920636}