{"name": "random-10-0.20-17.json", "solution": {"time": 0.05111365, "max_depth": 0, "is_feasible": false}, "AVD": 0.8799920634920634}