{"name": "random-10-1.00-14.json", "solution": {"time": 0.00024861, "max_depth": 2, "is_feasible": false}, "AVD": 1.6678015873015872}