{"name": "random-10-4.10-30.json", "solution": {"time": 0.00011384, "max_depth": 10, "is_feasible": true}, "AVD": 4.328666666666666}