{"name": "random-10-0.90-47.json", "solution": {"time": 0.000228277, "max_depth": 0, "is_feasible": false}, "AVD": 1.5824206349206351}