{"name": "random-10-1.20-43.json", "solution": {"time": 0.000218887, "max_depth": 0, "is_feasible": false}, "AVD": 1.799452380952382}