{"name": "random-10-0.50-0.json", "solution": {"time": 0.000247105, "max_depth": 0, "is_feasible": false}, "AVD": 1.2168015873015876}