{"name": "random-10-0.20-37.json", "solution": {"time": 0.000276677, "max_depth": 0, "is_feasible": false}, "AVD": 0.9493968253968257}