{"name": "random-10-1.00-22.json", "solution": {"time": 0.000226772, "max_depth": 0, "is_feasible": false}, "AVD": 1.5729920634920636}