{"name": "random-10-0.20-9.json", "solution": {"time": 0.000300995, "max_depth": 0, "is_feasible": false}, "AVD": 0.8896825396825397}