{"name": "random-10-0.00-21.json", "solution": {"time": 0.000254673, "max_depth": 0, "is_feasible": false}, "AVD": 0.7218888888888892}