{"name": "random-10-1.60-44.json", "solution": {"time": 0.000241748, "max_depth": 0, "is_feasible": false}, "AVD": 2.1433333333333326}