{"name": "random-10-3.20-14.json", "solution": {"time": 0.000111711, "max_depth": 10, "is_feasible": true}, "AVD": 3.573333333333334}