{"name": "random-10-1.60-49.json", "solution": {"time": 0.000273196, "max_depth": 2, "is_feasible": false}, "AVD": 2.228190476190476}