{"name": "random-10-1.40-48.json", "solution": {"time": 0.000222749, "max_depth": 0, "is_feasible": false}, "AVD": 2.010285714285715}