{"name": "random-10-2.20-3.json", "solution": {"time": 0.000251291, "max_depth": 3, "is_feasible": false}, "AVD": 2.6493333333333333}