{"name": "random-10-4.60-19.json", "solution": {"time": 0.000139229, "max_depth": 10, "is_feasible": true}, "AVD": 4.735666666666666}