{"name": "random-10-0.30-45.json", "solution": {"time": 0.000179617, "max_depth": 0, "is_feasible": false}, "AVD": 0.8784206349206356}