{"name": "random-10-4.10-44.json", "solution": {"time": 0.000128285, "max_depth": 10, "is_feasible": true}, "AVD": 4.130666666666667}