{"name": "random-10-3.50-37.json", "solution": {"time": 0.000118882, "max_depth": 10, "is_feasible": true}, "AVD": 3.844666666666665}