{"name": "random-10-2.10-19.json", "solution": {"time": 0.000219843, "max_depth": 0, "is_feasible": false}, "AVD": 2.5890952380952386}