{"name": "random-10-2.80-2.json", "solution": {"time": 0.000159513, "max_depth": 10, "is_feasible": true}, "AVD": 3.228666666666667}