{"name": "random-10-2.90-10.json", "solution": {"time": 0.000112366, "max_depth": 10, "is_feasible": true}, "AVD": 3.3019999999999996}