{"name": "random-10-2.60-14.json", "solution": {"time": 0.000199595, "max_depth": 10, "is_feasible": true}, "AVD": 3.074666666666667}