{"name": "random-10-2.90-4.json", "solution": {"time": 0.000306181, "max_depth": 10, "is_feasible": true}, "AVD": 3.2768571428571436}