{"name": "random-10-3.80-46.json", "solution": {"time": 0.00020166, "max_depth": 10, "is_feasible": true}, "AVD": 3.9840000000000004}