{"name": "random-10-1.00-6.json", "solution": {"time": 0.000220493, "max_depth": 0, "is_feasible": false}, "AVD": 1.7010634920634922}