{"name": "random-10-1.20-37.json", "solution": {"time": 0.000223033, "max_depth": 0, "is_feasible": false}, "AVD": 1.803380952380953}