{"name": "random-10-3.20-17.json", "solution": {"time": 0.000161398, "max_depth": 10, "is_feasible": true}, "AVD": 3.5036666666666676}