{"name": "random-10-2.30-47.json", "solution": {"time": 0.000500554, "max_depth": 9, "is_feasible": false}, "AVD": 2.8225396825396833}