{"name": "random-10-2.30-22.json", "solution": {"time": 0.000195417, "max_depth": 3, "is_feasible": false}, "AVD": 2.713761904761905}