{"name": "random-10-0.20-35.json", "solution": {"time": 0.000272249, "max_depth": 0, "is_feasible": false}, "AVD": 0.994531746031746}