{"name": "random-10-1.30-46.json", "solution": {"time": 0.000238813, "max_depth": 0, "is_feasible": false}, "AVD": 1.9018571428571431}