{"name": "random-10-1.00-37.json", "solution": {"time": 0.000466045, "max_depth": 0, "is_feasible": false}, "AVD": 1.673476190476191}