{"name": "random-10-3.70-7.json", "solution": {"time": 0.000117251, "max_depth": 10, "is_feasible": true}, "AVD": 3.8263333333333334}