{"name": "random-10-1.10-41.json", "solution": {"time": 0.000206086, "max_depth": 0, "is_feasible": false}, "AVD": 1.7622619047619046}