{"name": "random-10-0.30-12.json", "solution": {"time": 0.000281717, "max_depth": 0, "is_feasible": false}, "AVD": 1.0084126984126984}