{"name": "random-10-0.60-47.json", "solution": {"time": 0.000211681, "max_depth": 0, "is_feasible": false}, "AVD": 1.2394126984126987}