{"name": "random-10-0.50-43.json", "solution": {"time": 0.00023567, "max_depth": 0, "is_feasible": false}, "AVD": 1.2334761904761908}