{"name": "random-10-2.40-22.json", "solution": {"time": 0.000154816, "max_depth": 3, "is_feasible": false}, "AVD": 2.787095238095238}