{"name": "random-10-0.40-10.json", "solution": {"time": 0.000218381, "max_depth": 0, "is_feasible": false}, "AVD": 1.2059761904761905}