{"name": "random-10-3.10-48.json", "solution": {"time": 0.000102084, "max_depth": 10, "is_feasible": true}, "AVD": 3.371666666666667}