{"name": "random-10-0.70-43.json", "solution": {"time": 0.000206923, "max_depth": 0, "is_feasible": false}, "AVD": 1.4272857142857147}