{"name": "random-10-1.90-34.json", "solution": {"time": 0.000253992, "max_depth": 2, "is_feasible": false}, "AVD": 2.4096904761904767}