{"name": "random-10-0.40-16.json", "solution": {"time": 0.000213193, "max_depth": 0, "is_feasible": false}, "AVD": 1.1826666666666663}