{"name": "random-10-0.90-43.json", "solution": {"time": 0.000252216, "max_depth": 0, "is_feasible": false}, "AVD": 1.5778809523809527}