{"name": "random-10-1.80-28.json", "solution": {"time": 0.000404085, "max_depth": 0, "is_feasible": false}, "AVD": 2.2837142857142863}