{"name": "random-10-3.50-4.json", "solution": {"time": 0.000749567, "max_depth": 10, "is_feasible": true}, "AVD": 3.6906666666666665}