{"name": "random-10-0.10-49.json", "solution": {"time": 0.000292723, "max_depth": 0, "is_feasible": false}, "AVD": 0.8542380952380959}