{"name": "random-10-3.30-48.json", "solution": {"time": 0.0001002, "max_depth": 10, "is_feasible": true}, "AVD": 3.5366666666666666}