{"name": "random-10-4.50-26.json", "solution": {"time": 0.000191354, "max_depth": 10, "is_feasible": true}, "AVD": 4.523000000000001}