{"name": "random-10-1.60-14.json", "solution": {"time": 0.00029739, "max_depth": 4, "is_feasible": false}, "AVD": 2.1661190476190484}