{"name": "random-10-1.00-49.json", "solution": {"time": 0.00022035, "max_depth": 0, "is_feasible": false}, "AVD": 1.687357142857143}