{"name": "random-10-0.10-8.json", "solution": {"time": 0.000261769, "max_depth": 0, "is_feasible": false}, "AVD": 0.7968809523809524}