{"name": "random-10-0.80-0.json", "solution": {"time": 0.000210838, "max_depth": 0, "is_feasible": false}, "AVD": 1.5194761904761913}