{"name": "random-10-2.50-17.json", "solution": {"time": 0.000399831, "max_depth": 7, "is_feasible": false}, "AVD": 2.898666666666667}