{"name": "random-10-2.80-46.json", "solution": {"time": 0.000129203, "max_depth": 0, "is_feasible": false}, "AVD": 2.9958333333333336}