{"name": "random-10-1.20-21.json", "solution": {"time": 0.000209968, "max_depth": 0, "is_feasible": false}, "AVD": 1.8248571428571434}