{"name": "random-10-2.00-47.json", "solution": {"time": 0.000140411, "max_depth": 6, "is_feasible": false}, "AVD": 2.58420634920635}