{"name": "random-10-1.60-17.json", "solution": {"time": 0.000224102, "max_depth": 0, "is_feasible": false}, "AVD": 2.2297619047619057}