{"name": "random-10-1.40-9.json", "solution": {"time": 0.000218221, "max_depth": 0, "is_feasible": false}, "AVD": 2.0757619047619054}