{"name": "random-10-1.20-26.json", "solution": {"time": 0.000264462, "max_depth": 2, "is_feasible": false}, "AVD": 1.8218015873015876}