{"name": "random-10-2.90-40.json", "solution": {"time": 0.000212667, "max_depth": 10, "is_feasible": true}, "AVD": 3.2234285714285718}