{"name": "random-10-4.50-6.json", "solution": {"time": 0.000198478, "max_depth": 10, "is_feasible": true}, "AVD": 4.761333333333334}