{"name": "random-10-1.30-5.json", "solution": {"time": 0.000251453, "max_depth": 0, "is_feasible": false}, "AVD": 1.8874523809523818}