{"name": "random-10-4.30-22.json", "solution": {"time": 0.000140225, "max_depth": 10, "is_feasible": true}, "AVD": 4.379999999999999}