{"name": "random-10-0.30-1.json", "solution": {"time": 0.000285872, "max_depth": 0, "is_feasible": false}, "AVD": 0.9931349206349205}