{"name": "random-10-2.30-8.json", "solution": {"time": 0.000155862, "max_depth": 5, "is_feasible": false}, "AVD": 2.7430952380952376}