{"name": "random-10-1.20-35.json", "solution": {"time": 0.000209162, "max_depth": 0, "is_feasible": false}, "AVD": 1.8431904761904767}