{"name": "random-10-0.70-0.json", "solution": {"time": 0.000248788, "max_depth": 0, "is_feasible": false}, "AVD": 1.435142857142857}