{"name": "random-10-3.50-39.json", "solution": {"time": 0.0001206, "max_depth": 10, "is_feasible": true}, "AVD": 3.866666666666667}