{"name": "random-10-1.70-40.json", "solution": {"time": 0.000241937, "max_depth": 0, "is_feasible": false}, "AVD": 2.2297619047619053}