{"name": "random-10-1.40-30.json", "solution": {"time": 0.000231107, "max_depth": 0, "is_feasible": false}, "AVD": 2.0296666666666665}