{"name": "random-10-1.00-34.json", "solution": {"time": 0.000210187, "max_depth": 0, "is_feasible": false}, "AVD": 1.6323571428571433}