{"name": "random-10-0.80-42.json", "solution": {"time": 0.000226364, "max_depth": 0, "is_feasible": false}, "AVD": 1.462904761904762}