{"name": "random-10-0.80-15.json", "solution": {"time": 0.000211309, "max_depth": 0, "is_feasible": false}, "AVD": 1.5098730158730167}