{"name": "random-10-2.50-12.json", "solution": {"time": 0.000464303, "max_depth": 8, "is_feasible": false}, "AVD": 2.8546666666666667}