{"name": "random-10-2.30-33.json", "solution": {"time": 0.000390124, "max_depth": 9, "is_feasible": false}, "AVD": 2.843666666666667}