{"name": "random-10-3.30-19.json", "solution": {"time": 0.000120618, "max_depth": 10, "is_feasible": true}, "AVD": 3.628333333333334}