{"name": "random-10-1.90-15.json", "solution": {"time": 0.000225741, "max_depth": 0, "is_feasible": false}, "AVD": 2.3617619047619054}