{"name": "random-10-0.70-21.json", "solution": {"time": 0.000217619, "max_depth": 0, "is_feasible": false}, "AVD": 1.4676190476190476}