{"name": "random-10-2.70-28.json", "solution": {"time": 0.000256505, "max_depth": 10, "is_feasible": true}, "AVD": 2.9830000000000005}