{"name": "random-10-4.40-47.json", "solution": {"time": 0.000106925, "max_depth": 10, "is_feasible": true}, "AVD": 4.610999999999999}