{"name": "random-10-0.20-27.json", "solution": {"time": 0.000266995, "max_depth": 0, "is_feasible": false}, "AVD": 0.9334206349206349}