{"name": "random-10-2.00-17.json", "solution": {"time": 0.000218572, "max_depth": 0, "is_feasible": false}, "AVD": 2.539333333333334}