{"name": "random-10-2.40-44.json", "solution": {"time": 0.000151272, "max_depth": 10, "is_feasible": true}, "AVD": 2.8326666666666673}