{"name": "random-10-1.10-19.json", "solution": {"time": 0.0002098, "max_depth": 0, "is_feasible": false}, "AVD": 1.7371190476190481}