{"name": "random-10-0.90-22.json", "solution": {"time": 0.00023417, "max_depth": 0, "is_feasible": false}, "AVD": 1.4886587301587304}