{"name": "random-10-1.40-41.json", "solution": {"time": 0.000212433, "max_depth": 0, "is_feasible": false}, "AVD": 2.0021666666666667}