{"name": "random-10-2.50-35.json", "solution": {"time": 0.000352865, "max_depth": 4, "is_feasible": false}, "AVD": 2.8180000000000005}