{"name": "random-10-0.10-6.json", "solution": {"time": 0.00029205, "max_depth": 0, "is_feasible": false}, "AVD": 0.8127698412698411}