{"name": "random-10-1.00-5.json", "solution": {"time": 0.000272929, "max_depth": 0, "is_feasible": false}, "AVD": 1.6711190476190478}