{"name": "random-10-0.90-49.json", "solution": {"time": 0.000205237, "max_depth": 0, "is_feasible": false}, "AVD": 1.6286904761904766}