{"name": "random-10-3.10-46.json", "solution": {"time": 0.000214734, "max_depth": 10, "is_feasible": true}, "AVD": 3.3224285714285715}