{"name": "random-10-2.00-5.json", "solution": {"time": 0.000354206, "max_depth": 7, "is_feasible": false}, "AVD": 2.4720238095238094}