{"name": "random-10-0.80-45.json", "solution": {"time": 0.000228168, "max_depth": 0, "is_feasible": false}, "AVD": 1.4838571428571425}