{"name": "random-10-0.80-3.json", "solution": {"time": 0.000226997, "max_depth": 0, "is_feasible": false}, "AVD": 1.456619047619048}