{"name": "random-10-1.40-38.json", "solution": {"time": 0.000206701, "max_depth": 0, "is_feasible": false}, "AVD": 2.006095238095239}