{"name": "random-10-1.30-1.json", "solution": {"time": 0.000267957, "max_depth": 0, "is_feasible": false}, "AVD": 1.9254285714285715}