{"name": "random-10-1.30-31.json", "solution": {"time": 0.000237053, "max_depth": 0, "is_feasible": false}, "AVD": 1.9259523809523809}