{"name": "random-10-1.20-0.json", "solution": {"time": 0.000301606, "max_depth": 0, "is_feasible": false}, "AVD": 1.8835238095238105}