{"name": "random-10-0.70-34.json", "solution": {"time": 0.000213581, "max_depth": 0, "is_feasible": false}, "AVD": 1.393587301587301}