{"name": "random-10-4.70-25.json", "solution": {"time": 0.000156369, "max_depth": 10, "is_feasible": true}, "AVD": 4.636666666666667}