{"name": "random-10-2.90-32.json", "solution": {"time": 0.000333078, "max_depth": 10, "is_feasible": true}, "AVD": 3.1977619047619044}