{"name": "random-10-0.40-9.json", "solution": {"time": 0.000223945, "max_depth": 0, "is_feasible": false}, "AVD": 1.08052380952381}