{"name": "random-10-1.50-23.json", "solution": {"time": 0.000215078, "max_depth": 0, "is_feasible": false}, "AVD": 2.0553333333333343}