{"name": "random-10-4.30-7.json", "solution": {"time": 0.000121831, "max_depth": 10, "is_feasible": true}, "AVD": 4.398333333333333}