{"name": "random-10-3.10-29.json", "solution": {"time": 0.000189938, "max_depth": 10, "is_feasible": true}, "AVD": 3.2763333333333335}