{"name": "random-10-3.50-41.json", "solution": {"time": 0.000177306, "max_depth": 10, "is_feasible": true}, "AVD": 3.727333333333333}