{"name": "random-10-0.90-44.json", "solution": {"time": 0.000273809, "max_depth": 0, "is_feasible": false}, "AVD": 1.5831190476190473}