{"name": "random-10-0.40-20.json", "solution": {"time": 0.000221604, "max_depth": 0, "is_feasible": false}, "AVD": 1.1769047619047632}