{"name": "random-10-0.10-14.json", "solution": {"time": 0.000217462, "max_depth": 0, "is_feasible": false}, "AVD": 0.7639682539682544}