{"name": "random-10-4.10-8.json", "solution": {"time": 0.000109167, "max_depth": 10, "is_feasible": true}, "AVD": 4.2333333333333325}