{"name": "random-10-1.30-22.json", "solution": {"time": 0.000254978, "max_depth": 0, "is_feasible": false}, "AVD": 1.835857142857143}