{"name": "random-10-1.40-21.json", "solution": {"time": 0.000216852, "max_depth": 0, "is_feasible": false}, "AVD": 2.028095238095238}