{"name": "random-10-2.80-12.json", "solution": {"time": 0.000388374, "max_depth": 8, "is_feasible": false}, "AVD": 3.1406666666666663}