{"name": "random-10-4.70-23.json", "solution": {"time": 0.000148356, "max_depth": 10, "is_feasible": true}, "AVD": 4.5889999999999995}