{"name": "random-10-2.30-35.json", "solution": {"time": 0.00014444, "max_depth": 4, "is_feasible": false}, "AVD": 2.7080000000000006}