{"name": "random-10-0.90-38.json", "solution": {"time": 0.000216145, "max_depth": 0, "is_feasible": false}, "AVD": 1.6357619047619054}