{"name": "random-10-1.20-47.json", "solution": {"time": 0.000219437, "max_depth": 0, "is_feasible": false}, "AVD": 1.832801587301588}