{"name": "random-10-0.10-43.json", "solution": {"time": 0.000266263, "max_depth": 0, "is_feasible": false}, "AVD": 0.8319761904761904}