{"name": "random-10-2.80-43.json", "solution": {"time": 0.000356265, "max_depth": 4, "is_feasible": false}, "AVD": 3.1464285714285714}