{"name": "random-10-0.60-13.json", "solution": {"time": 0.000211539, "max_depth": 0, "is_feasible": false}, "AVD": 1.3306428571428581}