{"name": "random-10-1.40-18.json", "solution": {"time": 0.000197376, "max_depth": 0, "is_feasible": false}, "AVD": 2.018666666666667}