{"name": "random-10-1.20-25.json", "solution": {"time": 0.000267369, "max_depth": 4, "is_feasible": false}, "AVD": 1.8743571428571435}