{"name": "random-10-4.80-16.json", "solution": {"time": 0.000110714, "max_depth": 10, "is_feasible": true}, "AVD": 4.834666666666666}