{"name": "random-10-1.50-47.json", "solution": {"time": 0.000347178, "max_depth": 2, "is_feasible": false}, "AVD": 2.102301587301588}