{"name": "random-10-2.60-22.json", "solution": {"time": 0.000313026, "max_depth": 3, "is_feasible": false}, "AVD": 2.944761904761905}