{"name": "random-10-2.60-2.json", "solution": {"time": 0.000580309, "max_depth": 10, "is_feasible": true}, "AVD": 3.052666666666666}