{"name": "random-10-1.50-42.json", "solution": {"time": 0.000256708, "max_depth": 2, "is_feasible": false}, "AVD": 2.0888571428571434}