{"name": "random-10-2.10-42.json", "solution": {"time": 0.000256624, "max_depth": 2, "is_feasible": false}, "AVD": 2.541428571428572}