{"name": "random-10-1.90-36.json", "solution": {"time": 0.000337761, "max_depth": 10, "is_feasible": true}, "AVD": 2.512444444444445}