{"name": "random-10-1.50-5.json", "solution": {"time": 0.000244132, "max_depth": 0, "is_feasible": false}, "AVD": 2.024690476190477}