{"name": "random-10-1.70-43.json", "solution": {"time": 0.000437125, "max_depth": 3, "is_feasible": false}, "AVD": 2.2517619047619055}