{"name": "random-10-3.00-25.json", "solution": {"time": 0.007124774, "max_depth": 10, "is_feasible": true}, "AVD": 3.294666666666667}