{"name": "random-10-1.50-16.json", "solution": {"time": 0.000279075, "max_depth": 0, "is_feasible": false}, "AVD": 2.0720952380952387}