{"name": "random-10-3.80-47.json", "solution": {"time": 0.000181476, "max_depth": 10, "is_feasible": true}, "AVD": 4.097666666666667}