{"name": "random-10-2.80-42.json", "solution": {"time": 0.000161689, "max_depth": 10, "is_feasible": true}, "AVD": 3.1993333333333336}