{"name": "random-10-1.10-1.json", "solution": {"time": 0.000269131, "max_depth": 0, "is_feasible": false}, "AVD": 1.7483809523809526}