{"name": "random-10-3.20-26.json", "solution": {"time": 0.000160398, "max_depth": 10, "is_feasible": true}, "AVD": 3.4046666666666665}