{"name": "random-10-2.70-33.json", "solution": {"time": 0.000340801, "max_depth": 10, "is_feasible": true}, "AVD": 3.1113333333333335}