{"name": "random-10-2.80-40.json", "solution": {"time": 0.000243686, "max_depth": 10, "is_feasible": true}, "AVD": 3.1574285714285715}