{"name": "random-10-0.00-25.json", "solution": {"time": 0.000257205, "max_depth": 0, "is_feasible": false}, "AVD": 0.6157301587301595}