{"name": "random-10-0.70-48.json", "solution": {"time": 0.000220714, "max_depth": 0, "is_feasible": false}, "AVD": 1.4449206349206354}