{"name": "random-10-2.50-48.json", "solution": {"time": 0.000449873, "max_depth": 10, "is_feasible": true}, "AVD": 2.8950000000000005}