{"name": "random-10-1.50-15.json", "solution": {"time": 0.000289851, "max_depth": 0, "is_feasible": false}, "AVD": 2.04852380952381}