{"name": "random-10-0.20-48.json", "solution": {"time": 0.000300196, "max_depth": 0, "is_feasible": false}, "AVD": 0.9324603174603181}