{"name": "random-10-2.80-13.json", "solution": {"time": 0.000382786, "max_depth": 8, "is_feasible": false}, "AVD": 3.1809999999999996}