{"name": "random-10-3.40-24.json", "solution": {"time": 0.000119437, "max_depth": 10, "is_feasible": true}, "AVD": 3.5387619047619046}