{"name": "random-10-4.70-2.json", "solution": {"time": 0.000196381, "max_depth": 10, "is_feasible": true}, "AVD": 4.728333333333333}