{"name": "random-10-0.60-25.json", "solution": {"time": 0.000229854, "max_depth": 0, "is_feasible": false}, "AVD": 1.3639920634920641}