{"name": "random-10-2.00-2.json", "solution": {"time": 0.000251124, "max_depth": 3, "is_feasible": false}, "AVD": 2.5503333333333336}