{"name": "random-10-3.30-20.json", "solution": {"time": 0.00011388, "max_depth": 10, "is_feasible": true}, "AVD": 3.5770000000000004}