{"name": "random-10-1.80-1.json", "solution": {"time": 0.000391659, "max_depth": 2, "is_feasible": false}, "AVD": 2.308333333333334}