{"name": "random-10-1.50-25.json", "solution": {"time": 0.000382345, "max_depth": 5, "is_feasible": false}, "AVD": 2.134690476190477}