{"name": "random-10-1.60-28.json", "solution": {"time": 0.000213814, "max_depth": 0, "is_feasible": false}, "AVD": 2.1187142857142858}