{"name": "random-10-1.80-10.json", "solution": {"time": 0.000338924, "max_depth": 2, "is_feasible": false}, "AVD": 2.4366666666666674}