{"name": "random-10-2.40-32.json", "solution": {"time": 0.000312107, "max_depth": 9, "is_feasible": false}, "AVD": 2.743095238095239}