{"name": "random-10-2.20-26.json", "solution": {"time": 0.000331312, "max_depth": 4, "is_feasible": false}, "AVD": 2.6514285714285712}