{"name": "random-10-3.40-13.json", "solution": {"time": 0.000123078, "max_depth": 10, "is_feasible": true}, "AVD": 3.6246666666666663}