{"name": "random-10-1.30-47.json", "solution": {"time": 0.000247267, "max_depth": 0, "is_feasible": false}, "AVD": 1.9153015873015877}