{"name": "random-10-2.40-26.json", "solution": {"time": 0.000208064, "max_depth": 4, "is_feasible": false}, "AVD": 2.8216666666666663}