{"name": "random-10-2.60-25.json", "solution": {"time": 0.000292344, "max_depth": 10, "is_feasible": true}, "AVD": 2.997666666666667}