{"name": "random-10-4.30-21.json", "solution": {"time": 0.000178402, "max_depth": 10, "is_feasible": true}, "AVD": 4.313999999999999}