{"name": "random-10-1.00-17.json", "solution": {"time": 0.000224786, "max_depth": 0, "is_feasible": false}, "AVD": 1.688666666666667}