{"name": "random-10-1.30-11.json", "solution": {"time": 0.000241679, "max_depth": 2, "is_feasible": false}, "AVD": 1.91652380952381}