{"name": "random-10-1.20-42.json", "solution": {"time": 0.000229664, "max_depth": 0, "is_feasible": false}, "AVD": 1.798142857142858}