{"name": "random-10-1.50-9.json", "solution": {"time": 0.000247165, "max_depth": 0, "is_feasible": false}, "AVD": 2.1490952380952386}