{"name": "random-10-3.20-41.json", "solution": {"time": 0.000342804, "max_depth": 10, "is_feasible": true}, "AVD": 3.4413333333333336}