{"name": "random-10-1.40-36.json", "solution": {"time": 0.000253883, "max_depth": 0, "is_feasible": false}, "AVD": 2.0855396825396832}