{"name": "random-10-1.80-27.json", "solution": {"time": 0.000228929, "max_depth": 0, "is_feasible": false}, "AVD": 2.3120000000000003}