{"name": "random-10-2.20-46.json", "solution": {"time": 0.000209056, "max_depth": 0, "is_feasible": false}, "AVD": 2.572595238095238}