{"name": "random-10-2.60-36.json", "solution": {"time": 0.000365331, "max_depth": 10, "is_feasible": true}, "AVD": 3.014166666666667}