{"name": "random-10-2.70-2.json", "solution": {"time": 0.000446651, "max_depth": 10, "is_feasible": true}, "AVD": 3.100333333333333}