{"name": "random-10-0.20-8.json", "solution": {"time": 0.000292863, "max_depth": 0, "is_feasible": false}, "AVD": 0.8821746031746036}