{"name": "random-10-1.40-16.json", "solution": {"time": 0.000207622, "max_depth": 0, "is_feasible": false}, "AVD": 1.9804285714285719}