{"name": "random-10-1.60-19.json", "solution": {"time": 0.000246411, "max_depth": 0, "is_feasible": false}, "AVD": 2.2114285714285713}