{"name": "random-10-2.20-31.json", "solution": {"time": 0.000324178, "max_depth": 5, "is_feasible": false}, "AVD": 2.678666666666667}