{"name": "random-10-0.90-41.json", "solution": {"time": 0.000194299, "max_depth": 0, "is_feasible": false}, "AVD": 1.5778809523809525}