{"name": "random-10-1.20-23.json", "solution": {"time": 0.000215674, "max_depth": 0, "is_feasible": false}, "AVD": 1.8321904761904773}