{"name": "random-10-3.30-21.json", "solution": {"time": 0.000141314, "max_depth": 10, "is_feasible": true}, "AVD": 3.5586666666666673}