{"name": "random-10-0.80-14.json", "solution": {"time": 0.000219266, "max_depth": 0, "is_feasible": false}, "AVD": 1.499134920634921}