{"name": "random-10-1.90-6.json", "solution": {"time": 0.00023714, "max_depth": 2, "is_feasible": false}, "AVD": 2.402095238095238}