{"name": "random-10-2.30-46.json", "solution": {"time": 0.000148197, "max_depth": 0, "is_feasible": false}, "AVD": 2.6511666666666667}