{"name": "random-10-3.50-15.json", "solution": {"time": 0.000118372, "max_depth": 10, "is_feasible": true}, "AVD": 3.7090000000000005}