{"name": "random-10-0.40-42.json", "solution": {"time": 0.0002218, "max_depth": 0, "is_feasible": false}, "AVD": 1.1222539682539683}