{"name": "random-10-0.40-15.json", "solution": {"time": 0.000246609, "max_depth": 0, "is_feasible": false}, "AVD": 1.1524603174603185}