{"name": "random-10-4.60-5.json", "solution": {"time": 0.000103091, "max_depth": 10, "is_feasible": true}, "AVD": 4.662333333333334}