{"name": "random-10-3.50-38.json", "solution": {"time": 0.000188388, "max_depth": 10, "is_feasible": true}, "AVD": 3.705333333333333}