{"name": "random-10-0.00-29.json", "solution": {"time": 0.000229924, "max_depth": 0, "is_feasible": false}, "AVD": 0.6502142857142859}