{"name": "random-10-1.30-37.json", "solution": {"time": 0.000216447, "max_depth": 0, "is_feasible": false}, "AVD": 1.874619047619048}