{"name": "random-10-3.20-39.json", "solution": {"time": 0.000284155, "max_depth": 10, "is_feasible": true}, "AVD": 3.5696666666666674}