{"name": "random-10-3.30-34.json", "solution": {"time": 0.00014082, "max_depth": 10, "is_feasible": true}, "AVD": 3.5586666666666664}