{"name": "random-10-1.00-16.json", "solution": {"time": 0.000283489, "max_depth": 0, "is_feasible": false}, "AVD": 1.6766190476190488}