{"name": "random-10-3.20-34.json", "solution": {"time": 0.000155622, "max_depth": 10, "is_feasible": true}, "AVD": 3.485333333333333}