{"name": "random-10-3.30-7.json", "solution": {"time": 0.000154517, "max_depth": 10, "is_feasible": true}, "AVD": 3.5036666666666667}