{"name": "random-10-0.90-36.json", "solution": {"time": 0.000211935, "max_depth": 0, "is_feasible": false}, "AVD": 1.616730158730159}