{"name": "random-10-1.30-12.json", "solution": {"time": 0.000191823, "max_depth": 0, "is_feasible": false}, "AVD": 1.9380000000000006}