{"name": "random-10-2.90-42.json", "solution": {"time": 0.000121249, "max_depth": 10, "is_feasible": true}, "AVD": 3.309333333333334}