{"name": "random-10-0.00-28.json", "solution": {"time": 0.000262594, "max_depth": 0, "is_feasible": false}, "AVD": 0.6172142857142859}