{"name": "random-10-2.30-20.json", "solution": {"time": 0.000280565, "max_depth": 0, "is_feasible": false}, "AVD": 2.6639999999999997}