{"name": "random-10-2.50-2.json", "solution": {"time": 0.000461609, "max_depth": 10, "is_feasible": true}, "AVD": 2.9059999999999997}