{"name": "random-10-2.10-21.json", "solution": {"time": 0.000309079, "max_depth": 4, "is_feasible": false}, "AVD": 2.6110952380952384}