{"name": "random-10-3.80-44.json", "solution": {"time": 0.000169118, "max_depth": 10, "is_feasible": true}, "AVD": 3.947333333333334}