{"name": "random-10-0.40-45.json", "solution": {"time": 0.000241207, "max_depth": 0, "is_feasible": false}, "AVD": 1.0578253968253966}