{"name": "random-10-0.40-8.json", "solution": {"time": 0.000224409, "max_depth": 0, "is_feasible": false}, "AVD": 1.1411984126984136}