{"name": "random-10-2.30-16.json", "solution": {"time": 0.000411517, "max_depth": 8, "is_feasible": false}, "AVD": 2.7284285714285716}