{"name": "random-10-3.90-24.json", "solution": {"time": 0.000103089, "max_depth": 10, "is_feasible": true}, "AVD": 4.112333333333334}