{"name": "random-10-2.40-38.json", "solution": {"time": 0.000136338, "max_depth": 10, "is_feasible": true}, "AVD": 2.766666666666667}