{"name": "random-10-1.60-39.json", "solution": {"time": 0.000361082, "max_depth": 3, "is_feasible": false}, "AVD": 2.2318571428571423}