{"name": "random-10-1.60-4.json", "solution": {"time": 0.000305102, "max_depth": 4, "is_feasible": false}, "AVD": 2.213261904761905}