{"name": "random-10-1.50-1.json", "solution": {"time": 0.000210779, "max_depth": 0, "is_feasible": false}, "AVD": 2.072095238095238}