{"name": "random-10-0.00-16.json", "solution": {"time": 0.00022302, "max_depth": 0, "is_feasible": false}, "AVD": 0.6920317460317467}