{"name": "random-10-4.90-29.json", "solution": {"time": 0.000116192, "max_depth": 10, "is_feasible": true}, "AVD": 4.882333333333333}