{"name": "random-10-3.10-30.json", "solution": {"time": 0.000163835, "max_depth": 10, "is_feasible": true}, "AVD": 3.4376666666666664}