{"name": "random-10-3.20-12.json", "solution": {"time": 0.000256069, "max_depth": 10, "is_feasible": true}, "AVD": 3.4706666666666663}