{"name": "random-10-3.10-43.json", "solution": {"time": 0.000124093, "max_depth": 10, "is_feasible": true}, "AVD": 3.3496666666666663}