{"name": "random-10-1.10-40.json", "solution": {"time": 0.000223767, "max_depth": 0, "is_feasible": false}, "AVD": 1.7842619047619057}