{"name": "random-10-1.30-30.json", "solution": {"time": 0.000302136, "max_depth": 0, "is_feasible": false}, "AVD": 1.9547619047619047}