{"name": "random-10-1.80-17.json", "solution": {"time": 0.000280656, "max_depth": 0, "is_feasible": false}, "AVD": 2.392666666666668}