{"name": "random-10-2.60-19.json", "solution": {"time": 0.000562936, "max_depth": 9, "is_feasible": false}, "AVD": 3.0086666666666675}