{"name": "random-10-0.50-22.json", "solution": {"time": 0.000231174, "max_depth": 0, "is_feasible": false}, "AVD": 1.1473968253968256}