{"name": "random-10-3.90-45.json", "solution": {"time": 0.000112848, "max_depth": 10, "is_feasible": true}, "AVD": 4.057333333333334}