{"name": "random-10-0.90-4.json", "solution": {"time": 0.000265399, "max_depth": 3, "is_feasible": false}, "AVD": 1.6313968253968263}