{"name": "random-10-1.30-3.json", "solution": {"time": 0.000218855, "max_depth": 0, "is_feasible": false}, "AVD": 1.9364285714285718}