{"name": "random-10-3.90-17.json", "solution": {"time": 0.00014131, "max_depth": 10, "is_feasible": true}, "AVD": 4.093999999999999}