{"name": "random-10-0.20-32.json", "solution": {"time": 0.000268273, "max_depth": 0, "is_feasible": false}, "AVD": 0.8919523809523813}