{"name": "random-10-0.70-44.json", "solution": {"time": 0.000224433, "max_depth": 0, "is_feasible": false}, "AVD": 1.4076428571428572}