{"name": "random-10-1.00-2.json", "solution": {"time": 0.000222663, "max_depth": 0, "is_feasible": false}, "AVD": 1.7255952380952386}