{"name": "random-10-4.70-42.json", "solution": {"time": 0.000138555, "max_depth": 10, "is_feasible": true}, "AVD": 4.625666666666666}