{"name": "random-10-4.00-48.json", "solution": {"time": 0.000113403, "max_depth": 10, "is_feasible": true}, "AVD": 4.108666666666667}