{"name": "random-10-1.00-42.json", "solution": {"time": 0.000223855, "max_depth": 0, "is_feasible": false}, "AVD": 1.6520000000000004}