{"name": "random-10-1.10-9.json", "solution": {"time": 0.000253997, "max_depth": 0, "is_feasible": false}, "AVD": 1.8285238095238099}