{"name": "random-10-2.60-45.json", "solution": {"time": 0.000492384, "max_depth": 7, "is_feasible": false}, "AVD": 3.078333333333333}