{"name": "random-10-0.90-34.json", "solution": {"time": 0.000211413, "max_depth": 0, "is_feasible": false}, "AVD": 1.5700238095238102}