{"name": "random-10-1.20-3.json", "solution": {"time": 0.000125295, "max_depth": 0, "is_feasible": false}, "AVD": 1.863095238095238}