{"name": "random-10-2.70-29.json", "solution": {"time": 0.000147433, "max_depth": 2, "is_feasible": false}, "AVD": 2.9206666666666665}