{"name": "random-10-1.50-8.json", "solution": {"time": 0.00023982, "max_depth": 0, "is_feasible": false}, "AVD": 2.079428571428571}