{"name": "random-10-2.40-9.json", "solution": {"time": 0.000183178, "max_depth": 9, "is_feasible": false}, "AVD": 2.865666666666667}