{"name": "random-10-0.70-27.json", "solution": {"time": 0.00022624, "max_depth": 0, "is_feasible": false}, "AVD": 1.379880952380952}