{"name": "random-10-4.50-29.json", "solution": {"time": 0.000156558, "max_depth": 10, "is_feasible": true}, "AVD": 4.5523333333333325}