{"name": "random-10-4.40-8.json", "solution": {"time": 0.000132165, "max_depth": 10, "is_feasible": true}, "AVD": 4.508333333333334}