{"name": "random-10-0.10-32.json", "solution": {"time": 0.00025395, "max_depth": 0, "is_feasible": false}, "AVD": 0.7878015873015881}