{"name": "random-10-4.90-11.json", "solution": {"time": 0.000231941, "max_depth": 10, "is_feasible": true}, "AVD": 5.039999999999999}