{"name": "random-10-0.00-4.json", "solution": {"time": 0.000123167, "max_depth": 0, "is_feasible": false}, "AVD": 0.6602539682539689}