{"name": "random-10-1.70-30.json", "solution": {"time": 0.000250381, "max_depth": 0, "is_feasible": false}, "AVD": 2.264857142857143}