{"name": "random-10-1.10-25.json", "solution": {"time": 0.000268137, "max_depth": 4, "is_feasible": false}, "AVD": 1.8376904761904769}