{"name": "random-10-2.40-28.json", "solution": {"time": 0.000192704, "max_depth": 4, "is_feasible": false}, "AVD": 2.7703333333333333}