{"name": "random-10-4.20-41.json", "solution": {"time": 0.00012243, "max_depth": 10, "is_feasible": true}, "AVD": 4.398333333333333}