{"name": "random-10-3.20-13.json", "solution": {"time": 0.000138434, "max_depth": 10, "is_feasible": true}, "AVD": 3.5036666666666654}