{"name": "random-10-2.10-24.json", "solution": {"time": 0.000340552, "max_depth": 4, "is_feasible": false}, "AVD": 2.569452380952381}