{"name": "random-10-0.80-41.json", "solution": {"time": 0.000212277, "max_depth": 0, "is_feasible": false}, "AVD": 1.504547619047619}