{"name": "random-10-3.40-1.json", "solution": {"time": 0.000125305, "max_depth": 10, "is_feasible": true}, "AVD": 3.4963333333333337}