{"name": "random-10-4.80-11.json", "solution": {"time": 0.000105639, "max_depth": 10, "is_feasible": true}, "AVD": 4.929999999999999}