{"name": "random-10-3.80-30.json", "solution": {"time": 0.00036705, "max_depth": 10, "is_feasible": true}, "AVD": 4.090333333333333}