{"name": "random-10-1.10-14.json", "solution": {"time": 0.000247825, "max_depth": 2, "is_feasible": false}, "AVD": 1.7484682539682541}