{"name": "random-10-0.10-20.json", "solution": {"time": 0.000175096, "max_depth": 0, "is_feasible": false}, "AVD": 0.8356428571428577}