{"name": "random-10-4.40-12.json", "solution": {"time": 0.000145138, "max_depth": 10, "is_feasible": true}, "AVD": 4.5633333333333335}