{"name": "random-10-4.60-43.json", "solution": {"time": 0.000107931, "max_depth": 10, "is_feasible": true}, "AVD": 4.596333333333332}