{"name": "random-10-1.50-39.json", "solution": {"time": 0.00035331, "max_depth": 3, "is_feasible": false}, "AVD": 2.1642857142857137}