{"name": "random-10-0.90-13.json", "solution": {"time": 0.000217802, "max_depth": 0, "is_feasible": false}, "AVD": 1.5592857142857148}