{"name": "random-10-0.60-44.json", "solution": {"time": 0.000224922, "max_depth": 0, "is_feasible": false}, "AVD": 1.3031428571428574}