{"name": "random-10-2.90-5.json", "solution": {"time": 0.000159233, "max_depth": 10, "is_feasible": true}, "AVD": 3.2983333333333333}