{"name": "random-10-4.10-7.json", "solution": {"time": 0.000117175, "max_depth": 10, "is_feasible": true}, "AVD": 4.229666666666666}