{"name": "random-10-2.80-39.json", "solution": {"time": 0.000155756, "max_depth": 10, "is_feasible": true}, "AVD": 3.227095238095239}