{"name": "random-10-1.40-6.json", "solution": {"time": 0.000212955, "max_depth": 0, "is_feasible": false}, "AVD": 2.010285714285714}