{"name": "random-10-1.10-15.json", "solution": {"time": 0.000240526, "max_depth": 0, "is_feasible": false}, "AVD": 1.7207063492063501}