{"name": "random-10-0.20-38.json", "solution": {"time": 0.00027499, "max_depth": 0, "is_feasible": false}, "AVD": 0.969825396825397}