{"name": "random-10-1.10-8.json", "solution": {"time": 0.000235498, "max_depth": 0, "is_feasible": false}, "AVD": 1.7512619047619058}