{"name": "random-10-0.00-33.json", "solution": {"time": 0.000228885, "max_depth": 0, "is_feasible": false}, "AVD": 0.6505634920634924}