{"name": "random-10-0.60-38.json", "solution": {"time": 0.000214567, "max_depth": 0, "is_feasible": false}, "AVD": 1.4105238095238095}