{"name": "random-10-2.60-40.json", "solution": {"time": 0.000996296, "max_depth": 8, "is_feasible": false}, "AVD": 3.0254285714285722}