{"name": "random-10-1.40-5.json", "solution": {"time": 0.000219075, "max_depth": 0, "is_feasible": false}, "AVD": 1.971785714285715}