{"name": "random-10-3.70-10.json", "solution": {"time": 0.000152733, "max_depth": 10, "is_feasible": true}, "AVD": 3.965666666666666}