{"name": "random-10-2.30-25.json", "solution": {"time": 0.000185518, "max_depth": 5, "is_feasible": false}, "AVD": 2.687833333333333}