{"name": "random-10-2.70-41.json", "solution": {"time": 0.000138292, "max_depth": 2, "is_feasible": false}, "AVD": 3.0526666666666666}