{"name": "random-10-2.20-29.json", "solution": {"time": 0.000204243, "max_depth": 0, "is_feasible": false}, "AVD": 2.572333333333333}