{"name": "random-10-0.80-32.json", "solution": {"time": 0.000218968, "max_depth": 0, "is_feasible": false}, "AVD": 1.4512063492063496}