{"name": "random-10-2.20-34.json", "solution": {"time": 0.000668535, "max_depth": 7, "is_feasible": false}, "AVD": 2.6862619047619054}