{"name": "random-10-2.00-7.json", "solution": {"time": 0.000205179, "max_depth": 0, "is_feasible": false}, "AVD": 2.431428571428572}