{"name": "random-10-1.40-24.json", "solution": {"time": 0.000217703, "max_depth": 0, "is_feasible": false}, "AVD": 1.88902380952381}