{"name": "random-10-1.70-33.json", "solution": {"time": 0.000310644, "max_depth": 4, "is_feasible": false}, "AVD": 2.2570000000000006}