{"name": "random-10-0.70-19.json", "solution": {"time": 0.000218998, "max_depth": 0, "is_feasible": false}, "AVD": 1.3817142857142861}