{"name": "random-10-3.50-43.json", "solution": {"time": 0.000103854, "max_depth": 10, "is_feasible": true}, "AVD": 3.672333333333333}