{"name": "random-10-0.80-21.json", "solution": {"time": 0.000213192, "max_depth": 0, "is_feasible": false}, "AVD": 1.5299523809523807}