{"name": "random-10-0.70-42.json", "solution": {"time": 0.000223591, "max_depth": 0, "is_feasible": false}, "AVD": 1.3895714285714287}