{"name": "random-10-2.00-44.json", "solution": {"time": 0.000283015, "max_depth": 4, "is_feasible": false}, "AVD": 2.532000000000001}