{"name": "random-10-2.20-4.json", "solution": {"time": 0.000326841, "max_depth": 5, "is_feasible": false}, "AVD": 2.6605952380952376}