{"name": "random-10-1.80-25.json", "solution": {"time": 0.000590842, "max_depth": 5, "is_feasible": false}, "AVD": 2.387690476190477}