{"name": "random-10-4.00-21.json", "solution": {"time": 0.00012382, "max_depth": 10, "is_feasible": true}, "AVD": 4.112333333333334}