{"name": "random-10-3.60-45.json", "solution": {"time": 0.000233916, "max_depth": 10, "is_feasible": true}, "AVD": 3.771333333333333}