{"name": "random-10-1.60-30.json", "solution": {"time": 0.000248434, "max_depth": 0, "is_feasible": false}, "AVD": 2.224261904761905}