{"name": "random-10-0.50-28.json", "solution": {"time": 0.000214825, "max_depth": 0, "is_feasible": false}, "AVD": 1.2625476190476188}