{"name": "random-10-1.80-6.json", "solution": {"time": 0.000237166, "max_depth": 0, "is_feasible": false}, "AVD": 2.292095238095238}