{"name": "random-10-0.50-48.json", "solution": {"time": 0.00028261, "max_depth": 0, "is_feasible": false}, "AVD": 1.238626984126984}