{"name": "random-10-3.10-19.json", "solution": {"time": 0.000422695, "max_depth": 10, "is_feasible": true}, "AVD": 3.408333333333334}