{"name": "random-10-1.10-24.json", "solution": {"time": 0.000219095, "max_depth": 0, "is_feasible": false}, "AVD": 1.7423571428571432}