{"name": "random-10-0.90-1.json", "solution": {"time": 0.000205819, "max_depth": 0, "is_feasible": false}, "AVD": 1.6038095238095242}