{"name": "random-10-2.90-16.json", "solution": {"time": 0.00020787, "max_depth": 10, "is_feasible": true}, "AVD": 3.238095238095238}