{"name": "random-10-2.00-18.json", "solution": {"time": 0.000209146, "max_depth": 0, "is_feasible": false}, "AVD": 2.4953333333333334}