{"name": "random-10-2.90-33.json", "solution": {"time": 0.000287081, "max_depth": 10, "is_feasible": true}, "AVD": 3.287333333333334}