{"name": "random-10-2.00-22.json", "solution": {"time": 0.000301479, "max_depth": 3, "is_feasible": false}, "AVD": 2.5102619047619052}