{"name": "random-10-0.00-15.json", "solution": {"time": 0.000217197, "max_depth": 0, "is_feasible": false}, "AVD": 0.6188730158730164}