{"name": "random-10-2.90-21.json", "solution": {"time": 0.000295381, "max_depth": 10, "is_feasible": true}, "AVD": 3.238095238095238}