{"name": "random-10-4.70-21.json", "solution": {"time": 0.000217194, "max_depth": 10, "is_feasible": true}, "AVD": 4.735666666666666}