{"name": "random-10-5.00-28.json", "solution": {"time": 0.000120618, "max_depth": 10, "is_feasible": true}, "AVD": 4.992333333333333}