{"name": "random-10-0.50-25.json", "solution": {"time": 0.000236976, "max_depth": 0, "is_feasible": false}, "AVD": 1.278349206349207}