{"name": "random-10-0.80-19.json", "solution": {"time": 0.00021399, "max_depth": 0, "is_feasible": false}, "AVD": 1.5097857142857145}