{"name": "random-10-4.40-30.json", "solution": {"time": 0.000147742, "max_depth": 10, "is_feasible": true}, "AVD": 4.596333333333333}