{"name": "random-10-2.50-11.json", "solution": {"time": 0.000665959, "max_depth": 10, "is_feasible": true}, "AVD": 2.9390000000000005}