{"name": "random-10-3.30-2.json", "solution": {"time": 0.000123724, "max_depth": 10, "is_feasible": true}, "AVD": 3.6173333333333333}