{"name": "random-10-0.80-24.json", "solution": {"time": 0.000224912, "max_depth": 0, "is_feasible": false}, "AVD": 1.4620317460317467}