{"name": "random-10-0.70-38.json", "solution": {"time": 0.000214817, "max_depth": 0, "is_feasible": false}, "AVD": 1.4765238095238102}