{"name": "random-10-0.90-12.json", "solution": {"time": 0.000210598, "max_depth": 0, "is_feasible": false}, "AVD": 1.6210952380952388}