{"name": "random-10-1.20-32.json", "solution": {"time": 0.000112952, "max_depth": 0, "is_feasible": false}, "AVD": 1.7792857142857148}