{"name": "random-10-1.30-36.json", "solution": {"time": 0.000318951, "max_depth": 0, "is_feasible": false}, "AVD": 1.975539682539683}