{"name": "random-10-0.40-28.json", "solution": {"time": 0.000214811, "max_depth": 0, "is_feasible": false}, "AVD": 1.1708809523809527}