{"name": "random-10-1.00-47.json", "solution": {"time": 0.000222482, "max_depth": 0, "is_feasible": false}, "AVD": 1.646325396825397}