{"name": "random-10-1.50-49.json", "solution": {"time": 0.000260811, "max_depth": 2, "is_feasible": false}, "AVD": 2.1181904761904766}