{"name": "random-10-2.40-8.json", "solution": {"time": 0.000135029, "max_depth": 5, "is_feasible": false}, "AVD": 2.825333333333333}