{"name": "random-10-3.90-49.json", "solution": {"time": 0.000116125, "max_depth": 10, "is_feasible": true}, "AVD": 3.9986666666666664}