{"name": "random-10-1.00-0.json", "solution": {"time": 0.000213634, "max_depth": 0, "is_feasible": false}, "AVD": 1.65304761904762}