{"name": "random-10-0.30-27.json", "solution": {"time": 0.000319684, "max_depth": 0, "is_feasible": false}, "AVD": 1.0371349206349203}