{"name": "random-10-5.00-3.json", "solution": {"time": 0.000103666, "max_depth": 10, "is_feasible": true}, "AVD": 5.223333333333333}