{"name": "random-10-2.90-36.json", "solution": {"time": 0.000146652, "max_depth": 10, "is_feasible": true}, "AVD": 3.219499999999999}