{"name": "random-10-3.90-43.json", "solution": {"time": 0.000101191, "max_depth": 10, "is_feasible": true}, "AVD": 4.009666666666666}