{"name": "random-10-1.90-20.json", "solution": {"time": 0.000217798, "max_depth": 0, "is_feasible": false}, "AVD": 2.3945000000000003}