{"name": "random-10-1.20-48.json", "solution": {"time": 0.000227453, "max_depth": 0, "is_feasible": false}, "AVD": 1.8235476190476192}