{"name": "random-10-2.70-20.json", "solution": {"time": 0.000341033, "max_depth": 9, "is_feasible": false}, "AVD": 3.0746666666666673}