{"name": "random-10-1.90-9.json", "solution": {"time": 0.000284648, "max_depth": 3, "is_feasible": false}, "AVD": 2.413095238095239}