{"name": "random-10-0.50-45.json", "solution": {"time": 0.000236037, "max_depth": 0, "is_feasible": false}, "AVD": 1.1395396825396829}