{"name": "random-10-0.50-3.json", "solution": {"time": 0.000231975, "max_depth": 0, "is_feasible": false}, "AVD": 1.1920079365079368}