{"name": "random-10-4.00-13.json", "solution": {"time": 0.000108668, "max_depth": 10, "is_feasible": true}, "AVD": 4.185666666666667}