{"name": "random-10-0.20-5.json", "solution": {"time": 0.00030808, "max_depth": 0, "is_feasible": false}, "AVD": 0.8618333333333336}