{"name": "random-10-0.70-39.json", "solution": {"time": 0.000214247, "max_depth": 0, "is_feasible": false}, "AVD": 1.405722222222223}