{"name": "random-10-0.40-6.json", "solution": {"time": 0.000222309, "max_depth": 0, "is_feasible": false}, "AVD": 1.1081111111111113}