{"name": "random-10-0.80-40.json", "solution": {"time": 0.000228259, "max_depth": 0, "is_feasible": false}, "AVD": 1.524452380952381}