{"name": "random-10-2.50-6.json", "solution": {"time": 0.00056588, "max_depth": 8, "is_feasible": false}, "AVD": 2.9683333333333333}