{"name": "random-10-0.80-28.json", "solution": {"time": 0.000241499, "max_depth": 0, "is_feasible": false}, "AVD": 1.527071428571429}