{"name": "random-10-0.30-48.json", "solution": {"time": 0.000227825, "max_depth": 0, "is_feasible": false}, "AVD": 1.0112936507936519}