{"name": "random-10-3.50-45.json", "solution": {"time": 0.000115229, "max_depth": 10, "is_feasible": true}, "AVD": 3.7346666666666666}