{"name": "random-10-3.10-45.json", "solution": {"time": 0.000160213, "max_depth": 10, "is_feasible": true}, "AVD": 3.474333333333333}