{"name": "random-10-3.60-36.json", "solution": {"time": 0.000400789, "max_depth": 10, "is_feasible": true}, "AVD": 3.8446666666666665}