{"name": "random-10-5.00-27.json", "solution": {"time": 0.000114141, "max_depth": 10, "is_feasible": true}, "AVD": 5.120666666666667}