{"name": "random-10-3.10-26.json", "solution": {"time": 0.000131787, "max_depth": 10, "is_feasible": true}, "AVD": 3.3349999999999995}