{"name": "random-10-4.10-9.json", "solution": {"time": 0.000194776, "max_depth": 10, "is_feasible": true}, "AVD": 4.112333333333333}