{"name": "random-10-0.30-46.json", "solution": {"time": 0.000233963, "max_depth": 0, "is_feasible": false}, "AVD": 1.0147857142857144}