{"name": "random-10-2.60-4.json", "solution": {"time": 0.000498907, "max_depth": 5, "is_feasible": false}, "AVD": 2.9395238095238096}