{"name": "random-10-0.70-35.json", "solution": {"time": 0.000213273, "max_depth": 0, "is_feasible": false}, "AVD": 1.4121825396825405}