{"name": "random-10-0.20-14.json", "solution": {"time": 0.00027096, "max_depth": 0, "is_feasible": false}, "AVD": 0.8679444444444446}