{"name": "random-10-0.60-10.json", "solution": {"time": 0.000217885, "max_depth": 0, "is_feasible": false}, "AVD": 1.4560952380952379}