{"name": "random-10-3.50-21.json", "solution": {"time": 0.000214215, "max_depth": 10, "is_feasible": true}, "AVD": 3.7493333333333325}