{"name": "random-10-1.50-7.json", "solution": {"time": 0.000275919, "max_depth": 0, "is_feasible": false}, "AVD": 2.0977619047619047}