{"name": "random-10-0.70-13.json", "solution": {"time": 0.000272827, "max_depth": 0, "is_feasible": false}, "AVD": 1.4254523809523818}