{"name": "random-10-0.00-37.json", "solution": {"time": 0.000107953, "max_depth": 0, "is_feasible": false}, "AVD": 0.6789365079365081}