{"name": "random-10-3.90-14.json", "solution": {"time": 0.000227453, "max_depth": 10, "is_feasible": true}, "AVD": 4.108666666666666}