{"name": "random-10-0.90-8.json", "solution": {"time": 0.000211471, "max_depth": 0, "is_feasible": false}, "AVD": 1.588357142857144}