{"name": "random-10-0.30-34.json", "solution": {"time": 0.000352248, "max_depth": 0, "is_feasible": false}, "AVD": 1.0198492063492062}