{"name": "random-10-0.30-19.json", "solution": {"time": 0.000299055, "max_depth": 0, "is_feasible": false}, "AVD": 1.0109444444444446}