{"name": "random-10-0.80-18.json", "solution": {"time": 0.000216177, "max_depth": 0, "is_feasible": false}, "AVD": 1.5535238095238095}