{"name": "random-10-1.50-26.json", "solution": {"time": 0.000273371, "max_depth": 2, "is_feasible": false}, "AVD": 2.068428571428572}