{"name": "random-10-2.00-12.json", "solution": {"time": 0.000410038, "max_depth": 6, "is_feasible": false}, "AVD": 2.513666666666667}