{"name": "random-10-2.30-38.json", "solution": {"time": 0.000164279, "max_depth": 10, "is_feasible": true}, "AVD": 2.7190000000000003}