{"name": "random-10-2.30-36.json", "solution": {"time": 0.000192717, "max_depth": 10, "is_feasible": true}, "AVD": 2.8345000000000007}