{"name": "random-10-2.00-19.json", "solution": {"time": 0.000200522, "max_depth": 0, "is_feasible": false}, "AVD": 2.534095238095238}