{"name": "random-10-3.00-16.json", "solution": {"time": 0.00022983, "max_depth": 10, "is_feasible": true}, "AVD": 3.3114285714285723}