{"name": "random-10-1.10-48.json", "solution": {"time": 0.000291514, "max_depth": 0, "is_feasible": false}, "AVD": 1.7502142857142862}