{"name": "random-10-0.10-30.json", "solution": {"time": 0.000261794, "max_depth": 0, "is_feasible": false}, "AVD": 0.7749761904761916}