{"name": "random-10-4.50-19.json", "solution": {"time": 0.000106185, "max_depth": 10, "is_feasible": true}, "AVD": 4.607333333333333}