{"name": "random-10-2.40-37.json", "solution": {"time": 0.000347896, "max_depth": 8, "is_feasible": false}, "AVD": 2.8216666666666668}