{"name": "random-10-2.00-14.json", "solution": {"time": 0.000552739, "max_depth": 6, "is_feasible": false}, "AVD": 2.448190476190476}