{"name": "random-10-3.10-39.json", "solution": {"time": 0.000171252, "max_depth": 10, "is_feasible": true}, "AVD": 3.4963333333333333}