{"name": "random-10-4.20-44.json", "solution": {"time": 0.000127621, "max_depth": 10, "is_feasible": true}, "AVD": 4.240666666666667}