{"name": "random-10-1.50-46.json", "solution": {"time": 0.000233986, "max_depth": 0, "is_feasible": false}, "AVD": 2.055595238095238}