{"name": "random-10-2.10-18.json", "solution": {"time": 0.000212084, "max_depth": 0, "is_feasible": false}, "AVD": 2.568666666666666}