{"name": "random-10-2.70-12.json", "solution": {"time": 0.000556526, "max_depth": 8, "is_feasible": false}, "AVD": 3.067333333333333}