{"name": "random-10-1.70-24.json", "solution": {"time": 0.000294707, "max_depth": 4, "is_feasible": false}, "AVD": 2.229063492063492}