{"name": "random-10-1.30-7.json", "solution": {"time": 0.000246347, "max_depth": 0, "is_feasible": false}, "AVD": 1.9256904761904763}