{"name": "random-10-2.50-46.json", "solution": {"time": 0.000225541, "max_depth": 0, "is_feasible": false}, "AVD": 2.8418333333333337}