{"name": "random-10-0.60-15.json", "solution": {"time": 0.000216365, "max_depth": 0, "is_feasible": false}, "AVD": 1.3074206349206356}