{"name": "random-10-3.10-41.json", "solution": {"time": 0.000182103, "max_depth": 10, "is_feasible": true}, "AVD": 3.4046666666666665}