{"name": "random-10-0.50-9.json", "solution": {"time": 0.000228761, "max_depth": 0, "is_feasible": false}, "AVD": 1.1795238095238103}