{"name": "random-10-2.00-37.json", "solution": {"time": 0.000283754, "max_depth": 4, "is_feasible": false}, "AVD": 2.457095238095238}