{"name": "random-10-3.10-10.json", "solution": {"time": 0.000105232, "max_depth": 10, "is_feasible": true}, "AVD": 3.4523333333333333}