{"name": "random-10-4.00-6.json", "solution": {"time": 0.000170824, "max_depth": 10, "is_feasible": true}, "AVD": 4.200333333333333}