{"name": "random-10-0.30-7.json", "solution": {"time": 0.000211281, "max_depth": 0, "is_feasible": false}, "AVD": 1.0568650793650787}