{"name": "random-10-1.30-34.json", "solution": {"time": 0.000217647, "max_depth": 0, "is_feasible": false}, "AVD": 1.9076190476190475}