{"name": "random-10-2.20-5.json", "solution": {"time": 0.00062378, "max_depth": 9, "is_feasible": false}, "AVD": 2.64802380952381}