{"name": "random-10-0.30-0.json", "solution": {"time": 0.000310253, "max_depth": 0, "is_feasible": false}, "AVD": 1.0607063492063495}