{"name": "random-10-1.60-9.json", "solution": {"time": 0.000368596, "max_depth": 3, "is_feasible": false}, "AVD": 2.226095238095238}