{"name": "random-10-3.50-18.json", "solution": {"time": 0.000103511, "max_depth": 10, "is_feasible": true}, "AVD": 3.6356666666666655}