{"name": "random-10-2.70-35.json", "solution": {"time": 0.000271382, "max_depth": 4, "is_feasible": false}, "AVD": 3.0490000000000004}