{"name": "random-10-0.50-47.json", "solution": {"time": 0.000225012, "max_depth": 0, "is_feasible": false}, "AVD": 1.170007936507937}