{"name": "random-10-1.70-34.json", "solution": {"time": 0.000436645, "max_depth": 2, "is_feasible": false}, "AVD": 2.2446904761904767}