{"name": "random-10-1.10-10.json", "solution": {"time": 0.000403813, "max_depth": 0, "is_feasible": false}, "AVD": 1.848428571428571}