{"name": "random-10-3.80-45.json", "solution": {"time": 0.000213997, "max_depth": 10, "is_feasible": true}, "AVD": 4.0023333333333335}