{"name": "random-10-1.00-9.json", "solution": {"time": 0.000229272, "max_depth": 0, "is_feasible": false}, "AVD": 1.6991428571428577}