{"name": "random-10-3.50-9.json", "solution": {"time": 0.000168193, "max_depth": 10, "is_feasible": true}, "AVD": 3.6980000000000013}