{"name": "random-10-1.70-32.json", "solution": {"time": 0.000483425, "max_depth": 2, "is_feasible": false}, "AVD": 2.2247857142857144}