{"name": "random-10-3.90-42.json", "solution": {"time": 0.000130626, "max_depth": 10, "is_feasible": true}, "AVD": 4.057333333333333}