{"name": "random-10-0.60-36.json", "solution": {"time": 0.000208053, "max_depth": 0, "is_feasible": false}, "AVD": 1.3804920634920639}