{"name": "random-10-0.60-18.json", "solution": {"time": 0.000260787, "max_depth": 0, "is_feasible": false}, "AVD": 1.3882619047619045}