{"name": "random-10-3.20-38.json", "solution": {"time": 0.000200216, "max_depth": 10, "is_feasible": true}, "AVD": 3.485333333333334}