{"name": "random-10-0.80-25.json", "solution": {"time": 0.011927739, "max_depth": 3, "is_feasible": false}, "AVD": 1.5372857142857141}