{"name": "random-10-2.40-21.json", "solution": {"time": 0.000220425, "max_depth": 10, "is_feasible": true}, "AVD": 2.8127619047619055}