{"name": "random-10-4.80-17.json", "solution": {"time": 0.007464901, "max_depth": 10, "is_feasible": true}, "AVD": 4.8456666666666655}