{"name": "random-10-4.00-34.json", "solution": {"time": 0.000101404, "max_depth": 10, "is_feasible": true}, "AVD": 4.093999999999999}