{"name": "random-10-1.10-16.json", "solution": {"time": 0.000243284, "max_depth": 0, "is_feasible": false}, "AVD": 1.7640952380952384}