{"name": "random-10-2.60-24.json", "solution": {"time": 0.000414821, "max_depth": 7, "is_feasible": false}, "AVD": 2.9688571428571433}