{"name": "random-10-4.40-3.json", "solution": {"time": 0.000115788, "max_depth": 10, "is_feasible": true}, "AVD": 4.735666666666667}