{"name": "random-10-2.00-36.json", "solution": {"time": 0.000334252, "max_depth": 10, "is_feasible": true}, "AVD": 2.5784444444444454}