{"name": "random-10-0.20-13.json", "solution": {"time": 0.000270955, "max_depth": 0, "is_feasible": false}, "AVD": 0.9462539682539687}