{"name": "random-10-4.00-49.json", "solution": {"time": 0.000147003, "max_depth": 10, "is_feasible": true}, "AVD": 4.108666666666666}