{"name": "random-10-0.10-33.json", "solution": {"time": 0.000254732, "max_depth": 0, "is_feasible": false}, "AVD": 0.8137301587301591}