{"name": "random-10-0.70-30.json", "solution": {"time": 0.000223952, "max_depth": 0, "is_feasible": false}, "AVD": 1.434619047619049}