{"name": "random-10-1.70-20.json", "solution": {"time": 0.000229962, "max_depth": 0, "is_feasible": false}, "AVD": 2.2264444444444442}