{"name": "random-10-1.10-17.json", "solution": {"time": 0.000239719, "max_depth": 0, "is_feasible": false}, "AVD": 1.7777142857142856}