{"name": "random-10-0.80-44.json", "solution": {"time": 0.000223194, "max_depth": 0, "is_feasible": false}, "AVD": 1.484642857142857}