{"name": "random-10-2.00-23.json", "solution": {"time": 0.000216442, "max_depth": 0, "is_feasible": false}, "AVD": 2.491666666666667}