{"name": "random-10-3.60-9.json", "solution": {"time": 0.000335097, "max_depth": 10, "is_feasible": true}, "AVD": 3.7310000000000008}