{"name": "random-10-1.10-27.json", "solution": {"time": 0.000226527, "max_depth": 0, "is_feasible": false}, "AVD": 1.7138095238095237}