{"name": "random-10-1.30-19.json", "solution": {"time": 0.000249417, "max_depth": 0, "is_feasible": false}, "AVD": 1.951619047619048}