{"name": "random-10-2.30-39.json", "solution": {"time": 0.000209169, "max_depth": 5, "is_feasible": false}, "AVD": 2.7540952380952386}