{"name": "random-10-0.90-30.json", "solution": {"time": 0.000227568, "max_depth": 0, "is_feasible": false}, "AVD": 1.6052063492063504}