{"name": "random-10-1.60-8.json", "solution": {"time": 0.000246168, "max_depth": 0, "is_feasible": false}, "AVD": 2.207761904761905}