{"name": "random-10-3.40-43.json", "solution": {"time": 0.00016613, "max_depth": 10, "is_feasible": true}, "AVD": 3.6173333333333337}