{"name": "random-10-1.80-45.json", "solution": {"time": 0.000365081, "max_depth": 3, "is_feasible": false}, "AVD": 2.3816666666666664}