{"name": "random-10-2.50-1.json", "solution": {"time": 0.00054018, "max_depth": 10, "is_feasible": true}, "AVD": 2.8436666666666666}