{"name": "random-10-0.70-37.json", "solution": {"time": 0.000217526, "max_depth": 0, "is_feasible": false}, "AVD": 1.4259761904761905}