{"name": "random-10-4.10-2.json", "solution": {"time": 0.000170137, "max_depth": 10, "is_feasible": true}, "AVD": 4.196666666666667}