{"name": "random-10-2.80-26.json", "solution": {"time": 0.000152482, "max_depth": 10, "is_feasible": true}, "AVD": 3.1333333333333337}