{"name": "random-10-3.60-37.json", "solution": {"time": 0.0002057, "max_depth": 10, "is_feasible": true}, "AVD": 3.899666666666666}