{"name": "random-10-1.50-20.json", "solution": {"time": 0.00021412, "max_depth": 0, "is_feasible": false}, "AVD": 2.0981111111111113}