{"name": "random-10-1.30-48.json", "solution": {"time": 0.000258841, "max_depth": 0, "is_feasible": false}, "AVD": 1.885880952380953}