{"name": "random-10-0.20-1.json", "solution": {"time": 0.00026789, "max_depth": 0, "is_feasible": false}, "AVD": 0.8644523809523805}