{"name": "random-10-2.20-43.json", "solution": {"time": 0.000368507, "max_depth": 3, "is_feasible": false}, "AVD": 2.673428571428572}