{"name": "random-10-1.30-10.json", "solution": {"time": 0.000211455, "max_depth": 0, "is_feasible": false}, "AVD": 1.9987619047619045}