{"name": "random-10-3.60-8.json", "solution": {"time": 0.000252199, "max_depth": 10, "is_feasible": true}, "AVD": 3.727333333333333}