{"name": "random-10-1.10-18.json", "solution": {"time": 0.000258387, "max_depth": 0, "is_feasible": false}, "AVD": 1.7950000000000004}