{"name": "random-10-0.00-2.json", "solution": {"time": 0.000263413, "max_depth": 0, "is_feasible": false}, "AVD": 0.5970476190476193}