{"name": "random-10-0.30-47.json", "solution": {"time": 0.000217003, "max_depth": 0, "is_feasible": false}, "AVD": 0.9749761904761902}