{"name": "random-10-3.00-49.json", "solution": {"time": 0.000193974, "max_depth": 10, "is_feasible": true}, "AVD": 3.3370952380952383}