{"name": "random-10-3.30-47.json", "solution": {"time": 0.000148798, "max_depth": 10, "is_feasible": true}, "AVD": 3.6870000000000003}