{"name": "random-10-0.20-33.json", "solution": {"time": 0.000275648, "max_depth": 0, "is_feasible": false}, "AVD": 0.9368253968253972}