{"name": "random-10-2.30-26.json", "solution": {"time": 0.00016173, "max_depth": 4, "is_feasible": false}, "AVD": 2.724761904761904}