{"name": "random-10-1.90-7.json", "solution": {"time": 0.00021162, "max_depth": 0, "is_feasible": false}, "AVD": 2.3764285714285722}