{"name": "random-10-2.40-30.json", "solution": {"time": 0.000187665, "max_depth": 10, "is_feasible": true}, "AVD": 2.9206666666666665}