{"name": "random-10-0.60-22.json", "solution": {"time": 0.000229522, "max_depth": 0, "is_feasible": false}, "AVD": 1.2149682539682543}