{"name": "random-10-0.10-40.json", "solution": {"time": 0.000235358, "max_depth": 0, "is_feasible": false}, "AVD": 0.7834365079365078}