{"name": "random-10-1.20-4.json", "solution": {"time": 0.000257993, "max_depth": 3, "is_feasible": false}, "AVD": 1.9000238095238096}