{"name": "random-10-1.80-23.json", "solution": {"time": 0.000208791, "max_depth": 0, "is_feasible": false}, "AVD": 2.3193333333333332}