{"name": "random-10-2.10-48.json", "solution": {"time": 0.000163457, "max_depth": 0, "is_feasible": false}, "AVD": 2.5707619047619055}