{"name": "random-10-2.60-5.json", "solution": {"time": 0.009236526, "max_depth": 9, "is_feasible": false}, "AVD": 3.01652380952381}