{"name": "random-10-0.50-8.json", "solution": {"time": 0.000208707, "max_depth": 0, "is_feasible": false}, "AVD": 1.2505873015873021}