{"name": "random-10-0.50-35.json", "solution": {"time": 0.000216725, "max_depth": 0, "is_feasible": false}, "AVD": 1.2508492063492072}