{"name": "random-10-0.90-32.json", "solution": {"time": 0.000222005, "max_depth": 0, "is_feasible": false}, "AVD": 1.5202619047619055}