{"name": "random-10-2.30-7.json", "solution": {"time": 0.00011465, "max_depth": 0, "is_feasible": false}, "AVD": 2.6954285714285717}