{"name": "random-10-2.60-27.json", "solution": {"time": 0.000482822, "max_depth": 3, "is_feasible": false}, "AVD": 2.9390000000000005}