{"name": "random-10-2.20-7.json", "solution": {"time": 0.000209923, "max_depth": 0, "is_feasible": false}, "AVD": 2.633095238095239}