{"name": "random-10-0.10-29.json", "solution": {"time": 0.000253274, "max_depth": 0, "is_feasible": false}, "AVD": 0.8775476190476198}