{"name": "random-10-4.90-18.json", "solution": {"time": 0.000217931, "max_depth": 10, "is_feasible": true}, "AVD": 4.900666666666667}