{"name": "random-10-0.70-23.json", "solution": {"time": 0.000234704, "max_depth": 0, "is_feasible": false}, "AVD": 1.4018809523809528}