{"name": "random-10-0.00-18.json", "solution": {"time": 0.000228788, "max_depth": 0, "is_feasible": false}, "AVD": 0.6235000000000005}