{"name": "random-10-0.70-41.json", "solution": {"time": 0.000200158, "max_depth": 0, "is_feasible": false}, "AVD": 1.4304285714285707}