{"name": "random-10-1.90-19.json", "solution": {"time": 0.000205629, "max_depth": 0, "is_feasible": false}, "AVD": 2.387428571428571}