{"name": "random-10-4.50-13.json", "solution": {"time": 0.00011355, "max_depth": 10, "is_feasible": true}, "AVD": 4.662333333333333}