{"name": "random-10-1.60-3.json", "solution": {"time": 0.000253714, "max_depth": 3, "is_feasible": false}, "AVD": 2.1726666666666667}