{"name": "random-10-1.30-44.json", "solution": {"time": 0.000240346, "max_depth": 0, "is_feasible": false}, "AVD": 1.8960952380952378}