{"name": "random-10-1.80-7.json", "solution": {"time": 0.000228798, "max_depth": 0, "is_feasible": false}, "AVD": 2.310428571428572}