{"name": "random-10-1.00-24.json", "solution": {"time": 0.000216978, "max_depth": 0, "is_feasible": false}, "AVD": 1.6448412698412707}