{"name": "random-10-1.80-48.json", "solution": {"time": 0.000215446, "max_depth": 0, "is_feasible": false}, "AVD": 2.3109523809523806}