{"name": "random-10-1.10-31.json", "solution": {"time": 0.000219967, "max_depth": 0, "is_feasible": false}, "AVD": 1.764357142857143}