{"name": "random-10-3.00-20.json", "solution": {"time": 0.000223024, "max_depth": 9, "is_feasible": false}, "AVD": 3.294666666666667}