{"name": "random-10-1.80-39.json", "solution": {"time": 0.000307633, "max_depth": 3, "is_feasible": false}, "AVD": 2.341857142857143}