{"name": "random-10-2.40-43.json", "solution": {"time": 0.000168215, "max_depth": 3, "is_feasible": false}, "AVD": 2.812761904761905}