{"name": "random-10-0.10-26.json", "solution": {"time": 0.000260804, "max_depth": 0, "is_feasible": false}, "AVD": 0.7846587301587307}