{"name": "random-10-1.70-45.json", "solution": {"time": 0.000338806, "max_depth": 3, "is_feasible": false}, "AVD": 2.3177619047619045}