{"name": "random-10-1.70-31.json", "solution": {"time": 0.000256193, "max_depth": 0, "is_feasible": false}, "AVD": 2.2297619047619053}