{"name": "random-10-1.20-17.json", "solution": {"time": 0.000224328, "max_depth": 0, "is_feasible": false}, "AVD": 1.851047619047619}