{"name": "random-10-3.50-8.json", "solution": {"time": 0.000134932, "max_depth": 10, "is_feasible": true}, "AVD": 3.6906666666666665}