{"name": "random-10-0.90-48.json", "solution": {"time": 0.000213805, "max_depth": 0, "is_feasible": false}, "AVD": 1.592547619047619}