{"name": "random-10-0.80-30.json", "solution": {"time": 0.000222896, "max_depth": 0, "is_feasible": false}, "AVD": 1.5172063492063503}