{"name": "random-10-0.80-5.json", "solution": {"time": 0.000265137, "max_depth": 0, "is_feasible": false}, "AVD": 1.5048968253968262}