{"name": "random-10-0.00-14.json", "solution": {"time": 0.000235472, "max_depth": 0, "is_feasible": false}, "AVD": 0.6389523809523813}