{"name": "random-10-0.60-12.json", "solution": {"time": 0.000212639, "max_depth": 0, "is_feasible": false}, "AVD": 1.37752380952381}