{"name": "random-10-1.20-14.json", "solution": {"time": 0.000264974, "max_depth": 2, "is_feasible": false}, "AVD": 1.8248571428571427}