{"name": "random-10-4.10-20.json", "solution": {"time": 0.000190584, "max_depth": 10, "is_feasible": true}, "AVD": 4.218666666666667}