{"name": "random-10-0.60-8.json", "solution": {"time": 0.000212079, "max_depth": 0, "is_feasible": false}, "AVD": 1.355087301587302}