{"name": "random-10-2.80-8.json", "solution": {"time": 0.000150599, "max_depth": 10, "is_feasible": true}, "AVD": 3.0453333333333332}