{"name": "random-10-4.30-25.json", "solution": {"time": 0.000163111, "max_depth": 10, "is_feasible": true}, "AVD": 4.412999999999999}