{"name": "random-10-0.90-21.json", "solution": {"time": 0.000214727, "max_depth": 0, "is_feasible": false}, "AVD": 1.6158571428571435}