{"name": "random-10-0.10-34.json", "solution": {"time": 0.00030948, "max_depth": 0, "is_feasible": false}, "AVD": 0.8116349206349213}