{"name": "random-10-2.30-27.json", "solution": {"time": 0.000181342, "max_depth": 3, "is_feasible": false}, "AVD": 2.763000000000001}