{"name": "random-10-0.90-0.json", "solution": {"time": 0.000205664, "max_depth": 0, "is_feasible": false}, "AVD": 1.612714285714287}