{"name": "random-10-2.00-29.json", "solution": {"time": 0.000221731, "max_depth": 0, "is_feasible": false}, "AVD": 2.4073333333333333}