{"name": "random-10-1.80-49.json", "solution": {"time": 0.000231325, "max_depth": 2, "is_feasible": false}, "AVD": 2.3360952380952384}