{"name": "random-10-2.40-18.json", "solution": {"time": 0.000103929, "max_depth": 0, "is_feasible": false}, "AVD": 2.777666666666667}