{"name": "random-10-3.30-12.json", "solution": {"time": 0.000202085, "max_depth": 10, "is_feasible": true}, "AVD": 3.6173333333333324}