{"name": "random-10-2.40-31.json", "solution": {"time": 0.000307181, "max_depth": 7, "is_feasible": false}, "AVD": 2.8620000000000005}