{"name": "random-10-1.90-30.json", "solution": {"time": 0.000219334, "max_depth": 0, "is_feasible": false}, "AVD": 2.4827619047619054}