{"name": "random-10-0.20-10.json", "solution": {"time": 0.000253127, "max_depth": 0, "is_feasible": false}, "AVD": 0.987896825396826}