{"name": "random-10-3.00-17.json", "solution": {"time": 0.000154341, "max_depth": 10, "is_feasible": true}, "AVD": 3.283666666666666}