{"name": "random-10-1.70-8.json", "solution": {"time": 0.000416122, "max_depth": 0, "is_feasible": false}, "AVD": 2.284761904761905}