{"name": "random-10-0.50-49.json", "solution": {"time": 0.000216593, "max_depth": 0, "is_feasible": false}, "AVD": 1.2840238095238101}