{"name": "random-10-1.70-5.json", "solution": {"time": 0.000247226, "max_depth": 0, "is_feasible": false}, "AVD": 2.189428571428572}