{"name": "random-10-0.80-43.json", "solution": {"time": 0.000218767, "max_depth": 0, "is_feasible": false}, "AVD": 1.515547619047619}