{"name": "random-10-0.60-41.json", "solution": {"time": 0.000214481, "max_depth": 0, "is_feasible": false}, "AVD": 1.348801587301587}