{"name": "random-10-2.80-10.json", "solution": {"time": 0.000121729, "max_depth": 10, "is_feasible": true}, "AVD": 3.246999999999999}