{"name": "random-10-2.10-4.json", "solution": {"time": 0.000333811, "max_depth": 5, "is_feasible": false}, "AVD": 2.6129285714285713}