{"name": "random-10-1.90-35.json", "solution": {"time": 0.000233605, "max_depth": 0, "is_feasible": false}, "AVD": 2.374333333333334}