{"name": "random-10-3.30-4.json", "solution": {"time": 0.000577497, "max_depth": 10, "is_feasible": true}, "AVD": 3.5696666666666674}