{"name": "random-10-1.50-29.json", "solution": {"time": 0.000234044, "max_depth": 0, "is_feasible": false}, "AVD": 2.0506190476190476}