{"name": "random-10-0.60-28.json", "solution": {"time": 0.000209545, "max_depth": 0, "is_feasible": false}, "AVD": 1.365476190476191}