{"name": "random-10-3.50-29.json", "solution": {"time": 0.000170706, "max_depth": 10, "is_feasible": true}, "AVD": 3.5513333333333335}