{"name": "random-10-4.40-27.json", "solution": {"time": 0.000144145, "max_depth": 10, "is_feasible": true}, "AVD": 4.541333333333332}