{"name": "random-10-3.90-7.json", "solution": {"time": 0.000117562, "max_depth": 10, "is_feasible": true}, "AVD": 4.046333333333334}