{"name": "random-10-0.20-34.json", "solution": {"time": 0.000278245, "max_depth": 0, "is_feasible": false}, "AVD": 0.9250396825396828}