{"name": "random-10-2.40-0.json", "solution": {"time": 0.000198632, "max_depth": 2, "is_feasible": false}, "AVD": 2.825333333333334}