{"name": "random-10-4.30-43.json", "solution": {"time": 0.000100207, "max_depth": 10, "is_feasible": true}, "AVD": 4.339666666666667}