{"name": "random-10-1.60-21.json", "solution": {"time": 0.000217744, "max_depth": 0, "is_feasible": false}, "AVD": 2.218761904761905}