{"name": "random-10-1.70-6.json", "solution": {"time": 0.000256324, "max_depth": 0, "is_feasible": false}, "AVD": 2.207761904761904}