{"name": "random-10-0.80-35.json", "solution": {"time": 0.00022321, "max_depth": 0, "is_feasible": false}, "AVD": 1.47268253968254}