{"name": "random-10-1.40-13.json", "solution": {"time": 0.000302098, "max_depth": 2, "is_feasible": false}, "AVD": 2.0191904761904764}