{"name": "random-10-0.90-14.json", "solution": {"time": 0.000226155, "max_depth": 0, "is_feasible": false}, "AVD": 1.5724682539682542}