{"name": "random-10-4.10-19.json", "solution": {"time": 0.000214953, "max_depth": 10, "is_feasible": true}, "AVD": 4.303000000000001}