{"name": "random-10-0.30-24.json", "solution": {"time": 0.000289606, "max_depth": 0, "is_feasible": false}, "AVD": 0.987555555555556}