{"name": "random-10-1.10-37.json", "solution": {"time": 0.000208546, "max_depth": 0, "is_feasible": false}, "AVD": 1.7373809523809534}