{"name": "random-10-0.30-37.json", "solution": {"time": 0.000169422, "max_depth": 0, "is_feasible": false}, "AVD": 1.0761587301587299}