{"name": "random-10-0.50-20.json", "solution": {"time": 0.000222219, "max_depth": 0, "is_feasible": false}, "AVD": 1.2591428571428573}