{"name": "random-10-3.80-14.json", "solution": {"time": 0.00012688, "max_depth": 10, "is_feasible": true}, "AVD": 4.072000000000001}