{"name": "random-10-2.30-23.json", "solution": {"time": 0.00010219, "max_depth": 0, "is_feasible": false}, "AVD": 2.7043333333333335}