{"name": "random-10-3.00-23.json", "solution": {"time": 0.000154666, "max_depth": 0, "is_feasible": false}, "AVD": 3.1443333333333334}