{"name": "random-10-0.60-7.json", "solution": {"time": 0.000248684, "max_depth": 0, "is_feasible": false}, "AVD": 1.3380634920634917}