{"name": "random-10-4.50-25.json", "solution": {"time": 0.000199543, "max_depth": 10, "is_feasible": true}, "AVD": 4.526666666666666}