{"name": "random-10-0.40-30.json", "solution": {"time": 0.000222534, "max_depth": 0, "is_feasible": false}, "AVD": 1.1513253968253967}