{"name": "random-10-0.70-10.json", "solution": {"time": 0.000266752, "max_depth": 0, "is_feasible": false}, "AVD": 1.540428571428571}