{"name": "random-10-4.10-0.json", "solution": {"time": 0.000123089, "max_depth": 10, "is_feasible": true}, "AVD": 4.148999999999999}