{"name": "random-10-1.00-3.json", "solution": {"time": 0.000221743, "max_depth": 0, "is_feasible": false}, "AVD": 1.6949523809523808}