{"name": "random-10-2.30-30.json", "solution": {"time": 0.00021371, "max_depth": 7, "is_feasible": false}, "AVD": 2.834761904761905}