{"name": "random-10-2.20-47.json", "solution": {"time": 0.000722386, "max_depth": 7, "is_feasible": false}, "AVD": 2.7418730158730167}