{"name": "random-10-0.10-41.json", "solution": {"time": 0.000259394, "max_depth": 0, "is_feasible": false}, "AVD": 0.8352063492063497}