{"name": "random-10-0.30-30.json", "solution": {"time": 0.000341736, "max_depth": 0, "is_feasible": false}, "AVD": 1.03486507936508}