{"name": "random-10-0.90-17.json", "solution": {"time": 0.000230408, "max_depth": 0, "is_feasible": false}, "AVD": 1.557277777777778}