{"name": "random-10-0.80-31.json", "solution": {"time": 0.000221955, "max_depth": 0, "is_feasible": false}, "AVD": 1.4064206349206352}