{"name": "random-10-1.30-23.json", "solution": {"time": 0.000213893, "max_depth": 0, "is_feasible": false}, "AVD": 1.9055238095238103}