{"name": "random-10-1.80-0.json", "solution": {"time": 0.000275391, "max_depth": 2, "is_feasible": false}, "AVD": 2.3711904761904767}