{"name": "random-10-2.80-29.json", "solution": {"time": 0.000132211, "max_depth": 2, "is_feasible": false}, "AVD": 2.9829999999999997}