{"name": "random-10-2.30-44.json", "solution": {"time": 0.00032387, "max_depth": 10, "is_feasible": true}, "AVD": 2.7446666666666673}