{"name": "random-10-2.10-33.json", "solution": {"time": 0.000588567, "max_depth": 9, "is_feasible": false}, "AVD": 2.601666666666667}