{"name": "random-10-0.20-41.json", "solution": {"time": 0.000354366, "max_depth": 0, "is_feasible": false}, "AVD": 0.9755873015873021}