{"name": "random-10-4.10-27.json", "solution": {"time": 0.000108924, "max_depth": 10, "is_feasible": true}, "AVD": 4.3213333333333335}