{"name": "random-10-2.50-34.json", "solution": {"time": 0.000233251, "max_depth": 10, "is_feasible": true}, "AVD": 2.9316666666666666}