{"name": "random-10-1.70-1.json", "solution": {"time": 0.000211865, "max_depth": 0, "is_feasible": false}, "AVD": 2.1800000000000006}