{"name": "random-10-2.50-36.json", "solution": {"time": 0.000655743, "max_depth": 10, "is_feasible": true}, "AVD": 2.9591666666666665}