{"name": "random-10-0.90-24.json", "solution": {"time": 0.000221736, "max_depth": 0, "is_feasible": false}, "AVD": 1.5467142857142866}