{"name": "random-10-2.70-34.json", "solution": {"time": 0.000151699, "max_depth": 10, "is_feasible": true}, "AVD": 3.0526666666666666}