{"name": "random-10-4.80-34.json", "solution": {"time": 0.000102148, "max_depth": 10, "is_feasible": true}, "AVD": 4.9079999999999995}