{"name": "random-10-0.10-1.json", "solution": {"time": 0.000224484, "max_depth": 0, "is_feasible": false}, "AVD": 0.7710396825396827}