{"name": "random-10-2.00-26.json", "solution": {"time": 0.000328441, "max_depth": 2, "is_feasible": false}, "AVD": 2.4628571428571435}