{"name": "random-10-1.40-37.json", "solution": {"time": 0.000203623, "max_depth": 0, "is_feasible": false}, "AVD": 1.9861904761904765}