{"name": "random-10-4.70-20.json", "solution": {"time": 0.000201103, "max_depth": 10, "is_feasible": true}, "AVD": 4.852999999999999}