{"name": "random-10-0.90-18.json", "solution": {"time": 0.000210277, "max_depth": 0, "is_feasible": false}, "AVD": 1.6504285714285722}