{"name": "random-10-3.70-36.json", "solution": {"time": 0.000228354, "max_depth": 10, "is_feasible": true}, "AVD": 3.881333333333333}