{"name": "random-10-1.70-48.json", "solution": {"time": 0.000249385, "max_depth": 0, "is_feasible": false}, "AVD": 2.274285714285715}