{"name": "random-10-4.30-28.json", "solution": {"time": 0.000164696, "max_depth": 10, "is_feasible": true}, "AVD": 4.394666666666666}