{"name": "random-10-1.30-28.json", "solution": {"time": 0.000246497, "max_depth": 0, "is_feasible": false}, "AVD": 1.9060476190476194}