{"name": "random-10-1.90-5.json", "solution": {"time": 0.000355921, "max_depth": 7, "is_feasible": false}, "AVD": 2.3986904761904766}