{"name": "random-10-3.00-34.json", "solution": {"time": 0.000104101, "max_depth": 10, "is_feasible": true}, "AVD": 3.2176666666666662}