{"name": "random-10-3.40-17.json", "solution": {"time": 0.00021319, "max_depth": 10, "is_feasible": true}, "AVD": 3.606333333333334}