{"name": "random-10-4.40-24.json", "solution": {"time": 0.000151765, "max_depth": 10, "is_feasible": true}, "AVD": 4.497333333333333}