{"name": "random-10-1.20-24.json", "solution": {"time": 0.000215834, "max_depth": 0, "is_feasible": false}, "AVD": 1.8046904761904767}