{"name": "random-10-0.40-11.json", "solution": {"time": 0.000225476, "max_depth": 0, "is_feasible": false}, "AVD": 1.1813571428571428}