{"name": "random-10-0.70-17.json", "solution": {"time": 0.000321834, "max_depth": 0, "is_feasible": false}, "AVD": 1.388611111111112}