{"name": "random-10-3.90-15.json", "solution": {"time": 0.000156869, "max_depth": 10, "is_feasible": true}, "AVD": 4.068333333333333}