{"name": "random-10-2.00-42.json", "solution": {"time": 0.000347628, "max_depth": 2, "is_feasible": false}, "AVD": 2.5047619047619043}