{"name": "random-10-0.70-9.json", "solution": {"time": 0.000225372, "max_depth": 0, "is_feasible": false}, "AVD": 1.3701904761904768}