{"name": "random-10-0.80-36.json", "solution": {"time": 0.000210242, "max_depth": 0, "is_feasible": false}, "AVD": 1.5213968253968255}