{"name": "random-10-3.30-37.json", "solution": {"time": 0.000102803, "max_depth": 10, "is_feasible": true}, "AVD": 3.6246666666666663}