{"name": "random-10-4.30-44.json", "solution": {"time": 0.000138135, "max_depth": 10, "is_feasible": true}, "AVD": 4.405666666666666}