{"name": "random-10-0.90-28.json", "solution": {"time": 0.000210047, "max_depth": 0, "is_feasible": false}, "AVD": 1.593071428571429}