{"name": "random-10-2.70-1.json", "solution": {"time": 0.000260249, "max_depth": 10, "is_feasible": true}, "AVD": 3.0380000000000003}