{"name": "random-10-2.70-49.json", "solution": {"time": 0.000333113, "max_depth": 8, "is_feasible": false}, "AVD": 3.043761904761905}