{"name": "random-10-0.40-12.json", "solution": {"time": 0.000213607, "max_depth": 0, "is_feasible": false}, "AVD": 1.1425952380952387}