{"name": "random-10-1.00-45.json", "solution": {"time": 0.000207763, "max_depth": 0, "is_feasible": false}, "AVD": 1.6307857142857138}