{"name": "random-10-1.90-31.json", "solution": {"time": 0.000227312, "max_depth": 0, "is_feasible": false}, "AVD": 2.400000000000001}