{"name": "random-10-3.00-7.json", "solution": {"time": 0.000154765, "max_depth": 10, "is_feasible": true}, "AVD": 3.320333333333333}