{"name": "random-10-3.10-31.json", "solution": {"time": 0.000124674, "max_depth": 10, "is_feasible": true}, "AVD": 3.360666666666667}