{"name": "random-10-3.90-10.json", "solution": {"time": 0.000163712, "max_depth": 10, "is_feasible": true}, "AVD": 4.159999999999999}