{"name": "random-10-0.20-23.json", "solution": {"time": 0.000161381, "max_depth": 0, "is_feasible": false}, "AVD": 0.9784682539682545}