{"name": "random-10-2.50-37.json", "solution": {"time": 0.000689338, "max_depth": 8, "is_feasible": false}, "AVD": 2.8949999999999996}