{"name": "random-10-4.00-9.json", "solution": {"time": 0.000295092, "max_depth": 10, "is_feasible": true}, "AVD": 4.057333333333333}