{"name": "random-10-0.70-33.json", "solution": {"time": 0.009256897, "max_depth": 2, "is_feasible": false}, "AVD": 1.4189047619047617}