{"name": "random-10-2.10-16.json", "solution": {"time": 0.00036816, "max_depth": 4, "is_feasible": false}, "AVD": 2.6147619047619046}