{"name": "random-10-0.20-12.json", "solution": {"time": 0.000240612, "max_depth": 0, "is_feasible": false}, "AVD": 0.9212857142857145}