{"name": "random-10-3.40-7.json", "solution": {"time": 0.000157042, "max_depth": 10, "is_feasible": true}, "AVD": 3.613666666666667}