{"name": "random-10-0.10-10.json", "solution": {"time": 0.000221895, "max_depth": 0, "is_feasible": false}, "AVD": 0.8035158730158735}