{"name": "random-10-0.40-3.json", "solution": {"time": 0.000233215, "max_depth": 0, "is_feasible": false}, "AVD": 1.056515873015873}