{"name": "random-10-2.80-11.json", "solution": {"time": 0.000165284, "max_depth": 10, "is_feasible": true}, "AVD": 3.184666666666667}