{"name": "random-10-0.00-19.json", "solution": {"time": 0.000245295, "max_depth": 0, "is_feasible": false}, "AVD": 0.6222857142857146}