{"name": "random-10-2.40-40.json", "solution": {"time": 0.000387246, "max_depth": 8, "is_feasible": false}, "AVD": 2.8970952380952384}