{"name": "random-10-1.10-39.json", "solution": {"time": 0.00025681, "max_depth": 2, "is_feasible": false}, "AVD": 1.7779761904761906}