{"name": "random-10-0.60-6.json", "solution": {"time": 0.000216472, "max_depth": 0, "is_feasible": false}, "AVD": 1.336753968253968}