{"name": "random-10-1.00-15.json", "solution": {"time": 0.000198362, "max_depth": 0, "is_feasible": false}, "AVD": 1.6767063492063496}