{"name": "random-10-0.70-15.json", "solution": {"time": 0.000278994, "max_depth": 0, "is_feasible": false}, "AVD": 1.4368015873015878}