{"name": "random-10-2.00-33.json", "solution": {"time": 0.000610688, "max_depth": 5, "is_feasible": false}, "AVD": 2.484333333333334}