{"name": "random-10-3.20-16.json", "solution": {"time": 0.000227206, "max_depth": 10, "is_feasible": true}, "AVD": 3.469095238095239}