{"name": "random-10-0.40-0.json", "solution": {"time": 0.000219929, "max_depth": 0, "is_feasible": false}, "AVD": 1.1505396825396828}