{"name": "random-10-2.90-35.json", "solution": {"time": 0.000154204, "max_depth": 4, "is_feasible": false}, "AVD": 3.1480000000000006}