{"name": "random-10-2.70-27.json", "solution": {"time": 0.000292913, "max_depth": 3, "is_feasible": false}, "AVD": 3.045333333333334}