{"name": "random-10-0.30-33.json", "solution": {"time": 0.000308734, "max_depth": 0, "is_feasible": false}, "AVD": 1.0336428571428573}