{"name": "random-10-0.40-23.json", "solution": {"time": 0.000304705, "max_depth": 0, "is_feasible": false}, "AVD": 1.196809523809525}