{"name": "random-10-2.20-27.json", "solution": {"time": 0.000315005, "max_depth": 3, "is_feasible": false}, "AVD": 2.6713333333333336}