{"name": "random-10-0.00-22.json", "solution": {"time": 0.000268753, "max_depth": 0, "is_feasible": false}, "AVD": 0.6102301587301593}