{"name": "random-10-3.30-38.json", "solution": {"time": 0.000103013, "max_depth": 10, "is_feasible": true}, "AVD": 3.5586666666666673}