{"name": "random-10-1.50-24.json", "solution": {"time": 0.000247573, "max_depth": 2, "is_feasible": false}, "AVD": 2.061357142857143}