{"name": "random-10-1.70-22.json", "solution": {"time": 0.000224389, "max_depth": 2, "is_feasible": false}, "AVD": 2.2499285714285717}