{"name": "random-10-1.50-37.json", "solution": {"time": 0.000238216, "max_depth": 0, "is_feasible": false}, "AVD": 2.0097619047619046}