{"name": "random-10-0.30-5.json", "solution": {"time": 0.000224705, "max_depth": 0, "is_feasible": false}, "AVD": 0.9639761904761904}