{"name": "random-10-1.10-42.json", "solution": {"time": 0.000269579, "max_depth": 0, "is_feasible": false}, "AVD": 1.7253333333333338}