{"name": "random-10-4.50-23.json", "solution": {"time": 0.000168015, "max_depth": 10, "is_feasible": true}, "AVD": 4.442333333333332}