{"name": "random-10-3.30-43.json", "solution": {"time": 0.000104716, "max_depth": 10, "is_feasible": true}, "AVD": 3.5439999999999996}