{"name": "random-10-0.80-8.json", "solution": {"time": 0.000214313, "max_depth": 0, "is_feasible": false}, "AVD": 1.5147619047619056}