{"name": "random-10-0.60-17.json", "solution": {"time": 0.000230352, "max_depth": 0, "is_feasible": false}, "AVD": 1.3173730158730164}