{"name": "random-10-0.90-46.json", "solution": {"time": 0.000212027, "max_depth": 0, "is_feasible": false}, "AVD": 1.58652380952381}