{"name": "random-10-1.00-25.json", "solution": {"time": 0.00026829, "max_depth": 3, "is_feasible": false}, "AVD": 1.7224523809523817}