{"name": "random-10-2.70-17.json", "solution": {"time": 0.000290033, "max_depth": 7, "is_feasible": false}, "AVD": 3.074666666666666}