{"name": "random-10-1.10-28.json", "solution": {"time": 0.000198595, "max_depth": 0, "is_feasible": false}, "AVD": 1.7083095238095247}