{"name": "random-10-1.30-13.json", "solution": {"time": 0.000238593, "max_depth": 2, "is_feasible": false}, "AVD": 1.9039523809523815}