{"name": "random-10-1.30-2.json", "solution": {"time": 0.000251118, "max_depth": 0, "is_feasible": false}, "AVD": 2.006095238095239}