{"name": "random-10-0.00-23.json", "solution": {"time": 0.00026935, "max_depth": 0, "is_feasible": false}, "AVD": 0.688277777777778}