{"name": "random-10-4.10-22.json", "solution": {"time": 0.000104196, "max_depth": 10, "is_feasible": true}, "AVD": 4.233333333333333}