{"name": "random-10-4.80-20.json", "solution": {"time": 0.00010906, "max_depth": 10, "is_feasible": true}, "AVD": 4.889666666666666}