{"name": "random-10-0.60-20.json", "solution": {"time": 0.000224608, "max_depth": 0, "is_feasible": false}, "AVD": 1.3251428571428574}