{"name": "random-10-2.90-11.json", "solution": {"time": 0.000154703, "max_depth": 10, "is_feasible": true}, "AVD": 3.221333333333334}