{"name": "random-10-4.20-39.json", "solution": {"time": 0.000137555, "max_depth": 10, "is_feasible": true}, "AVD": 4.464333333333333}