{"name": "random-10-0.10-35.json", "solution": {"time": 0.000255886, "max_depth": 0, "is_feasible": false}, "AVD": 0.8177460317460319}