{"name": "random-10-4.00-5.json", "solution": {"time": 0.000134422, "max_depth": 10, "is_feasible": true}, "AVD": 4.119666666666666}