{"name": "random-10-1.50-43.json", "solution": {"time": 0.000237739, "max_depth": 0, "is_feasible": false}, "AVD": 2.0574285714285723}