{"name": "random-10-2.90-7.json", "solution": {"time": 0.00014664, "max_depth": 10, "is_feasible": true}, "AVD": 3.2103333333333337}