{"name": "random-10-0.90-19.json", "solution": {"time": 0.000212191, "max_depth": 0, "is_feasible": false}, "AVD": 1.5794523809523813}