{"name": "random-10-0.80-37.json", "solution": {"time": 0.000220021, "max_depth": 0, "is_feasible": false}, "AVD": 1.5082142857142862}