{"name": "random-10-2.50-13.json", "solution": {"time": 0.000411651, "max_depth": 5, "is_feasible": false}, "AVD": 2.9300952380952383}