{"name": "random-10-1.40-31.json", "solution": {"time": 0.0002209, "max_depth": 0, "is_feasible": false}, "AVD": 1.962619047619048}