{"name": "random-10-3.40-4.json", "solution": {"time": 0.000627416, "max_depth": 10, "is_feasible": true}, "AVD": 3.606333333333333}