{"name": "random-10-2.70-25.json", "solution": {"time": 0.000210518, "max_depth": 10, "is_feasible": true}, "AVD": 3.0526666666666666}