{"name": "random-10-2.10-3.json", "solution": {"time": 0.00030438, "max_depth": 3, "is_feasible": false}, "AVD": 2.5906666666666665}