{"name": "random-10-2.70-48.json", "solution": {"time": 0.000111269, "max_depth": 10, "is_feasible": true}, "AVD": 3.067333333333334}