{"name": "random-10-1.10-0.json", "solution": {"time": 0.000240497, "max_depth": 0, "is_feasible": false}, "AVD": 1.8101904761904772}