{"name": "random-10-4.10-14.json", "solution": {"time": 0.000313386, "max_depth": 10, "is_feasible": true}, "AVD": 4.365333333333334}