{"name": "random-10-2.60-33.json", "solution": {"time": 0.000454825, "max_depth": 10, "is_feasible": true}, "AVD": 3.0490000000000004}