{"name": "random-10-0.70-14.json", "solution": {"time": 0.000273172, "max_depth": 0, "is_feasible": false}, "AVD": 1.4093015873015877}