{"name": "random-10-0.70-49.json", "solution": {"time": 0.000210003, "max_depth": 0, "is_feasible": false}, "AVD": 1.481761904761905}