{"name": "random-10-1.10-22.json", "solution": {"time": 0.000227229, "max_depth": 0, "is_feasible": false}, "AVD": 1.6701587301587302}