{"name": "random-10-3.40-27.json", "solution": {"time": 0.000125036, "max_depth": 10, "is_feasible": true}, "AVD": 3.6503333333333337}