{"name": "random-10-2.50-10.json", "solution": {"time": 0.00028634, "max_depth": 10, "is_feasible": true}, "AVD": 2.9536666666666664}