{"name": "random-10-0.10-42.json", "solution": {"time": 0.000250067, "max_depth": 0, "is_feasible": false}, "AVD": 0.8163492063492065}