{"name": "random-10-1.30-15.json", "solution": {"time": 0.000235748, "max_depth": 0, "is_feasible": false}, "AVD": 1.9073571428571436}