{"name": "random-10-0.00-31.json", "solution": {"time": 0.000229799, "max_depth": 0, "is_feasible": false}, "AVD": 0.563261904761905}