{"name": "random-10-1.50-34.json", "solution": {"time": 0.000282549, "max_depth": 0, "is_feasible": false}, "AVD": 2.028880952380953}