{"name": "random-10-1.30-8.json", "solution": {"time": 0.000236462, "max_depth": 0, "is_feasible": false}, "AVD": 1.8960952380952385}