{"name": "random-10-2.60-43.json", "solution": {"time": 0.000732621, "max_depth": 4, "is_feasible": false}, "AVD": 2.926428571428571}