{"name": "random-10-2.60-1.json", "solution": {"time": 0.000338776, "max_depth": 10, "is_feasible": true}, "AVD": 2.8803333333333336}