{"name": "random-10-3.60-46.json", "solution": {"time": 0.000183167, "max_depth": 10, "is_feasible": true}, "AVD": 3.7896666666666663}