{"name": "random-10-2.60-6.json", "solution": {"time": 0.000426511, "max_depth": 8, "is_feasible": false}, "AVD": 3.012333333333334}