{"name": "random-10-4.60-28.json", "solution": {"time": 0.000101446, "max_depth": 10, "is_feasible": true}, "AVD": 4.607333333333334}