{"name": "random-10-0.50-21.json", "solution": {"time": 0.000215578, "max_depth": 0, "is_feasible": false}, "AVD": 1.297380952380952}