{"name": "random-10-1.50-14.json", "solution": {"time": 0.000386779, "max_depth": 4, "is_feasible": false}, "AVD": 2.0927857142857142}