{"name": "random-10-2.50-21.json", "solution": {"time": 0.000554821, "max_depth": 10, "is_feasible": true}, "AVD": 2.867761904761905}