{"name": "random-10-2.60-28.json", "solution": {"time": 0.000419009, "max_depth": 5, "is_feasible": false}, "AVD": 2.902333333333334}