{"name": "random-10-0.80-9.json", "solution": {"time": 0.000226145, "max_depth": 0, "is_feasible": false}, "AVD": 1.5168571428571436}