{"name": "random-10-2.60-49.json", "solution": {"time": 0.000652407, "max_depth": 8, "is_feasible": false}, "AVD": 3.025428571428572}