{"name": "random-10-3.60-12.json", "solution": {"time": 0.000410521, "max_depth": 10, "is_feasible": true}, "AVD": 3.8556666666666666}