{"name": "random-10-0.00-20.json", "solution": {"time": 0.000261292, "max_depth": 0, "is_feasible": false}, "AVD": 0.6113650793650798}