{"name": "random-10-1.50-13.json", "solution": {"time": 0.000297809, "max_depth": 2, "is_feasible": false}, "AVD": 2.1291904761904767}