{"name": "random-10-1.90-21.json", "solution": {"time": 0.000289949, "max_depth": 4, "is_feasible": false}, "AVD": 2.4167619047619056}