{"name": "random-10-3.00-14.json", "solution": {"time": 0.000106137, "max_depth": 10, "is_feasible": true}, "AVD": 3.4450000000000003}