{"name": "random-10-0.50-30.json", "solution": {"time": 0.000246528, "max_depth": 0, "is_feasible": false}, "AVD": 1.1818809523809524}