{"name": "random-10-3.70-41.json", "solution": {"time": 0.000104473, "max_depth": 10, "is_feasible": true}, "AVD": 3.9106666666666667}