{"name": "random-10-0.40-4.json", "solution": {"time": 0.000217378, "max_depth": 0, "is_feasible": false}, "AVD": 1.1527222222222226}