{"name": "random-10-3.00-18.json", "solution": {"time": 0.000134053, "max_depth": 10, "is_feasible": true}, "AVD": 3.232333333333333}