{"name": "random-10-2.10-5.json", "solution": {"time": 0.000115717, "max_depth": 7, "is_feasible": false}, "AVD": 2.5380238095238097}