{"name": "random-10-0.10-0.json", "solution": {"time": 0.000304214, "max_depth": 0, "is_feasible": false}, "AVD": 0.7914682539682543}