{"name": "random-10-2.50-14.json", "solution": {"time": 0.000205303, "max_depth": 10, "is_feasible": true}, "AVD": 2.9756666666666667}