{"name": "random-10-3.40-39.json", "solution": {"time": 0.000115774, "max_depth": 10, "is_feasible": true}, "AVD": 3.756666666666667}