{"name": "random-10-1.60-16.json", "solution": {"time": 0.000209194, "max_depth": 0, "is_feasible": false}, "AVD": 2.1087619047619053}