{"name": "random-10-1.60-36.json", "solution": {"time": 0.000230197, "max_depth": 0, "is_feasible": false}, "AVD": 2.248444444444445}