{"name": "random-10-1.30-42.json", "solution": {"time": 0.000241769, "max_depth": 0, "is_feasible": false}, "AVD": 1.9091904761904772}