{"name": "random-10-3.60-2.json", "solution": {"time": 0.00012226, "max_depth": 10, "is_feasible": true}, "AVD": 3.8666666666666663}