{"name": "random-10-3.50-1.json", "solution": {"time": 0.000101204, "max_depth": 10, "is_feasible": true}, "AVD": 3.6173333333333333}