{"name": "random-10-1.00-1.json", "solution": {"time": 0.000218382, "max_depth": 0, "is_feasible": false}, "AVD": 1.6771428571428573}