{"name": "random-10-1.00-31.json", "solution": {"time": 0.000219816, "max_depth": 0, "is_feasible": false}, "AVD": 1.6753968253968257}