{"name": "random-10-4.70-22.json", "solution": {"time": 0.00016816, "max_depth": 10, "is_feasible": true}, "AVD": 4.709999999999999}