{"name": "random-10-1.40-11.json", "solution": {"time": 0.000259408, "max_depth": 2, "is_feasible": false}, "AVD": 2.0097619047619046}