{"name": "random-10-1.00-23.json", "solution": {"time": 0.000209086, "max_depth": 0, "is_feasible": false}, "AVD": 1.700190476190476}