{"name": "random-10-4.40-13.json", "solution": {"time": 0.000128415, "max_depth": 10, "is_feasible": true}, "AVD": 4.607333333333333}