{"name": "random-10-1.10-38.json", "solution": {"time": 0.000242334, "max_depth": 0, "is_feasible": false}, "AVD": 1.7750952380952385}