{"name": "random-10-2.40-20.json", "solution": {"time": 0.000190085, "max_depth": 0, "is_feasible": false}, "AVD": 2.700666666666667}