{"name": "random-10-2.10-49.json", "solution": {"time": 0.000144249, "max_depth": 3, "is_feasible": false}, "AVD": 2.559761904761905}