{"name": "random-10-3.30-39.json", "solution": {"time": 0.0001429, "max_depth": 10, "is_feasible": true}, "AVD": 3.588000000000001}