{"name": "random-10-3.60-7.json", "solution": {"time": 0.000204516, "max_depth": 10, "is_feasible": true}, "AVD": 3.7969999999999997}