{"name": "random-10-4.30-27.json", "solution": {"time": 0.000189398, "max_depth": 10, "is_feasible": true}, "AVD": 4.431333333333333}