{"name": "random-10-0.00-41.json", "solution": {"time": 0.000255411, "max_depth": 0, "is_feasible": false}, "AVD": 0.6868809523809525}