{"name": "random-10-1.00-40.json", "solution": {"time": 0.000218531, "max_depth": 0, "is_feasible": false}, "AVD": 1.7145952380952383}