{"name": "random-10-1.30-20.json", "solution": {"time": 0.000253811, "max_depth": 0, "is_feasible": false}, "AVD": 1.9587777777777777}