{"name": "random-10-1.50-17.json", "solution": {"time": 0.00028454, "max_depth": 0, "is_feasible": false}, "AVD": 2.1564285714285725}