{"name": "random-10-1.10-35.json", "solution": {"time": 0.000201372, "max_depth": 0, "is_feasible": false}, "AVD": 1.7805952380952383}