{"name": "random-10-2.80-34.json", "solution": {"time": 0.000111961, "max_depth": 10, "is_feasible": true}, "AVD": 3.1333333333333333}