{"name": "random-10-2.00-4.json", "solution": {"time": 0.000322862, "max_depth": 5, "is_feasible": false}, "AVD": 2.4295952380952386}