{"name": "random-10-2.80-21.json", "solution": {"time": 0.000295388, "max_depth": 10, "is_feasible": true}, "AVD": 3.0804285714285715}