{"name": "random-10-1.60-7.json", "solution": {"time": 0.000237464, "max_depth": 0, "is_feasible": false}, "AVD": 2.1710952380952384}