{"name": "random-10-3.00-5.json", "solution": {"time": 0.000177759, "max_depth": 10, "is_feasible": true}, "AVD": 3.342333333333334}