{"name": "random-10-2.50-18.json", "solution": {"time": 0.000229939, "max_depth": 0, "is_feasible": false}, "AVD": 2.814333333333333}