{"name": "random-10-2.50-3.json", "solution": {"time": 0.000227451, "max_depth": 10, "is_feasible": true}, "AVD": 2.9426666666666668}