{"name": "random-10-0.60-16.json", "solution": {"time": 0.00021577, "max_depth": 0, "is_feasible": false}, "AVD": 1.3733333333333335}