{"name": "random-10-3.90-21.json", "solution": {"time": 0.00022187, "max_depth": 10, "is_feasible": true}, "AVD": 4.064666666666667}