{"name": "random-10-1.80-29.json", "solution": {"time": 0.000247303, "max_depth": 0, "is_feasible": false}, "AVD": 2.288428571428571}