{"name": "random-10-3.20-27.json", "solution": {"time": 0.000160475, "max_depth": 10, "is_feasible": true}, "AVD": 3.3900000000000006}