{"name": "random-10-2.10-15.json", "solution": {"time": 0.000231845, "max_depth": 2, "is_feasible": false}, "AVD": 2.5503333333333336}