{"name": "random-10-2.00-30.json", "solution": {"time": 0.000361478, "max_depth": 0, "is_feasible": false}, "AVD": 2.541428571428572}