{"name": "random-10-0.40-2.json", "solution": {"time": 0.000221162, "max_depth": 0, "is_feasible": false}, "AVD": 1.134563492063492}