{"name": "random-10-1.30-35.json", "solution": {"time": 0.00020712, "max_depth": 0, "is_feasible": false}, "AVD": 1.8981904761904769}