{"name": "random-10-2.20-40.json", "solution": {"time": 0.000450774, "max_depth": 5, "is_feasible": false}, "AVD": 2.710095238095239}