{"name": "random-10-5.00-47.json", "solution": {"time": 0.000101478, "max_depth": 10, "is_feasible": true}, "AVD": 5.153666666666666}