{"name": "random-10-3.90-0.json", "solution": {"time": 0.000174429, "max_depth": 10, "is_feasible": true}, "AVD": 3.9913333333333343}