{"name": "random-10-2.60-16.json", "solution": {"time": 0.000451855, "max_depth": 10, "is_feasible": true}, "AVD": 2.970428571428571}