{"name": "random-10-2.10-6.json", "solution": {"time": 0.000176426, "max_depth": 2, "is_feasible": false}, "AVD": 2.5634285714285716}