{"name": "random-10-1.00-10.json", "solution": {"time": 0.000215979, "max_depth": 0, "is_feasible": false}, "AVD": 1.7677619047619046}