{"name": "random-10-2.00-35.json", "solution": {"time": 0.000208684, "max_depth": 0, "is_feasible": false}, "AVD": 2.4293333333333336}