{"name": "random-10-2.60-38.json", "solution": {"time": 0.000381237, "max_depth": 10, "is_feasible": true}, "AVD": 2.9683333333333337}