{"name": "random-10-1.20-28.json", "solution": {"time": 0.00020757, "max_depth": 0, "is_feasible": false}, "AVD": 1.7633095238095244}