{"name": "random-10-0.80-1.json", "solution": {"time": 0.000212411, "max_depth": 0, "is_feasible": false}, "AVD": 1.4794047619047626}