{"name": "random-10-4.70-26.json", "solution": {"time": 0.000115322, "max_depth": 10, "is_feasible": true}, "AVD": 4.669666666666666}