{"name": "random-10-2.20-38.json", "solution": {"time": 0.000236332, "max_depth": 3, "is_feasible": false}, "AVD": 2.6016666666666675}