{"name": "random-10-3.30-8.json", "solution": {"time": 0.000118264, "max_depth": 10, "is_feasible": true}, "AVD": 3.507333333333334}