{"name": "random-10-2.50-7.json", "solution": {"time": 0.000307116, "max_depth": 4, "is_feasible": false}, "AVD": 2.8787619047619053}