{"name": "random-10-0.10-46.json", "solution": {"time": 0.000255007, "max_depth": 0, "is_feasible": false}, "AVD": 0.8185317460317464}