{"name": "random-10-1.70-17.json", "solution": {"time": 0.000244358, "max_depth": 0, "is_feasible": false}, "AVD": 2.306761904761906}