{"name": "random-10-2.80-16.json", "solution": {"time": 0.000224707, "max_depth": 10, "is_feasible": true}, "AVD": 3.1830952380952384}