{"name": "random-10-0.20-47.json", "solution": {"time": 0.000296418, "max_depth": 0, "is_feasible": false}, "AVD": 0.8345952380952386}