{"name": "random-10-1.00-41.json", "solution": {"time": 0.000209837, "max_depth": 0, "is_feasible": false}, "AVD": 1.6732142857142853}