{"name": "random-10-0.30-49.json", "solution": {"time": 0.000340289, "max_depth": 0, "is_feasible": false}, "AVD": 1.0717936507936512}