{"name": "random-10-0.10-24.json", "solution": {"time": 0.000255879, "max_depth": 0, "is_feasible": false}, "AVD": 0.788420634920635}