{"name": "random-10-0.40-32.json", "solution": {"time": 0.000262126, "max_depth": 0, "is_feasible": false}, "AVD": 1.0619285714285716}