{"name": "random-10-3.20-35.json", "solution": {"time": 0.000356119, "max_depth": 9, "is_feasible": false}, "AVD": 3.386333333333333}