{"name": "random-10-1.90-0.json", "solution": {"time": 0.000263536, "max_depth": 2, "is_feasible": false}, "AVD": 2.4701904761904765}