{"name": "random-10-4.30-19.json", "solution": {"time": 0.000193883, "max_depth": 10, "is_feasible": true}, "AVD": 4.497333333333334}