{"name": "random-10-3.80-20.json", "solution": {"time": 0.000101372, "max_depth": 10, "is_feasible": true}, "AVD": 4.035333333333332}