{"name": "random-10-1.90-10.json", "solution": {"time": 0.000265228, "max_depth": 2, "is_feasible": false}, "AVD": 2.4733333333333336}