{"name": "random-10-1.60-29.json", "solution": {"time": 0.000190643, "max_depth": 0, "is_feasible": false}, "AVD": 2.110857142857143}