{"name": "random-10-2.80-31.json", "solution": {"time": 0.000134912, "max_depth": 10, "is_feasible": true}, "AVD": 3.173666666666667}