{"name": "random-10-3.50-14.json", "solution": {"time": 0.000109255, "max_depth": 10, "is_feasible": true}, "AVD": 3.8226666666666667}