{"name": "random-10-3.00-27.json", "solution": {"time": 0.000165263, "max_depth": 3, "is_feasible": false}, "AVD": 3.2616666666666676}