{"name": "random-10-4.20-20.json", "solution": {"time": 0.000109492, "max_depth": 10, "is_feasible": true}, "AVD": 4.3836666666666675}