{"name": "random-10-1.60-24.json", "solution": {"time": 0.00027046, "max_depth": 2, "is_feasible": false}, "AVD": 2.1414126984126987}