{"name": "random-10-1.40-23.json", "solution": {"time": 0.000190967, "max_depth": 0, "is_feasible": false}, "AVD": 1.9930000000000008}