{"name": "random-10-2.60-8.json", "solution": {"time": 0.000221467, "max_depth": 10, "is_feasible": true}, "AVD": 2.953666666666666}