{"name": "random-10-0.70-20.json", "solution": {"time": 0.000233822, "max_depth": 0, "is_feasible": false}, "AVD": 1.4134047619047625}