{"name": "random-10-1.20-27.json", "solution": {"time": 0.00022575, "max_depth": 0, "is_feasible": false}, "AVD": 1.7950000000000004}