{"name": "random-10-0.80-17.json", "solution": {"time": 0.000215809, "max_depth": 0, "is_feasible": false}, "AVD": 1.4986111111111116}