{"name": "random-10-0.20-26.json", "solution": {"time": 0.000266733, "max_depth": 0, "is_feasible": false}, "AVD": 0.9328968253968254}