{"name": "random-10-4.10-11.json", "solution": {"time": 0.000190985, "max_depth": 10, "is_feasible": true}, "AVD": 4.2700000000000005}