{"name": "random-10-3.40-36.json", "solution": {"time": 0.000122449, "max_depth": 10, "is_feasible": true}, "AVD": 3.674428571428571}