{"name": "random-10-0.10-25.json", "solution": {"time": 0.000259595, "max_depth": 0, "is_feasible": false}, "AVD": 0.7987142857142865}