{"name": "random-10-2.70-21.json", "solution": {"time": 0.00043816, "max_depth": 10, "is_feasible": true}, "AVD": 3.043761904761905}