{"name": "random-10-0.10-3.json", "solution": {"time": 0.000257541, "max_depth": 0, "is_feasible": false}, "AVD": 0.7045158730158734}