{"name": "random-10-2.70-38.json", "solution": {"time": 0.000269139, "max_depth": 10, "is_feasible": true}, "AVD": 2.979333333333334}