{"name": "random-10-0.50-31.json", "solution": {"time": 0.000222113, "max_depth": 0, "is_feasible": false}, "AVD": 1.1717539682539688}