{"name": "random-10-1.60-47.json", "solution": {"time": 0.000310821, "max_depth": 3, "is_feasible": false}, "AVD": 2.2196349206349213}