{"name": "random-10-0.70-6.json", "solution": {"time": 0.000212786, "max_depth": 0, "is_feasible": false}, "AVD": 1.4045873015873016}