{"name": "random-10-1.00-46.json", "solution": {"time": 0.000213491, "max_depth": 0, "is_feasible": false}, "AVD": 1.68552380952381}