{"name": "random-10-3.50-49.json", "solution": {"time": 0.000110334, "max_depth": 10, "is_feasible": true}, "AVD": 3.6686666666666667}