{"name": "random-10-1.20-7.json", "solution": {"time": 0.000241028, "max_depth": 0, "is_feasible": false}, "AVD": 1.8505238095238095}