{"name": "random-10-2.90-39.json", "solution": {"time": 0.000131994, "max_depth": 10, "is_feasible": true}, "AVD": 3.3114285714285723}