{"name": "random-10-2.50-27.json", "solution": {"time": 0.000561426, "max_depth": 3, "is_feasible": false}, "AVD": 2.902333333333334}