{"name": "random-10-0.70-2.json", "solution": {"time": 0.000228621, "max_depth": 0, "is_feasible": false}, "AVD": 1.4462301587301587}