{"name": "random-10-0.60-21.json", "solution": {"time": 0.000232659, "max_depth": 0, "is_feasible": false}, "AVD": 1.3722857142857143}