{"name": "random-10-1.00-19.json", "solution": {"time": 0.000249905, "max_depth": 0, "is_feasible": false}, "AVD": 1.6894523809523814}