{"name": "random-10-2.30-15.json", "solution": {"time": 0.000235793, "max_depth": 2, "is_feasible": false}, "AVD": 2.6860000000000004}