{"name": "random-10-4.90-21.json", "solution": {"time": 0.000237699, "max_depth": 10, "is_feasible": true}, "AVD": 4.992333333333333}