{"name": "random-10-3.50-30.json", "solution": {"time": 0.000351436, "max_depth": 10, "is_feasible": true}, "AVD": 3.815333333333333}