{"name": "random-10-1.70-10.json", "solution": {"time": 0.000232067, "max_depth": 2, "is_feasible": false}, "AVD": 2.3083333333333336}