{"name": "random-10-3.70-45.json", "solution": {"time": 0.00011782, "max_depth": 10, "is_feasible": true}, "AVD": 3.9180000000000006}