{"name": "random-10-1.30-18.json", "solution": {"time": 0.000276227, "max_depth": 0, "is_feasible": false}, "AVD": 1.9160000000000004}