{"name": "random-10-3.30-41.json", "solution": {"time": 0.000209297, "max_depth": 10, "is_feasible": true}, "AVD": 3.551333333333333}