{"name": "random-10-0.60-23.json", "solution": {"time": 0.000216926, "max_depth": 0, "is_feasible": false}, "AVD": 1.3615476190476195}