{"name": "random-10-0.60-29.json", "solution": {"time": 0.000215008, "max_depth": 0, "is_feasible": false}, "AVD": 1.3350952380952383}