{"name": "random-10-0.10-12.json", "solution": {"time": 0.000224602, "max_depth": 0, "is_feasible": false}, "AVD": 0.7812539682539683}