{"name": "random-10-4.90-13.json", "solution": {"time": 0.000121337, "max_depth": 10, "is_feasible": true}, "AVD": 4.992333333333333}