{"name": "random-10-0.60-9.json", "solution": {"time": 0.000279578, "max_depth": 0, "is_feasible": false}, "AVD": 1.245000000000001}