{"name": "random-10-0.20-15.json", "solution": {"time": 0.000259964, "max_depth": 0, "is_feasible": false}, "AVD": 0.9191031746031744}