{"name": "random-10-4.00-38.json", "solution": {"time": 0.000124879, "max_depth": 10, "is_feasible": true}, "AVD": 4.1563333333333325}