{"name": "random-10-2.00-3.json", "solution": {"time": 0.000252007, "max_depth": 3, "is_feasible": false}, "AVD": 2.5356666666666667}