{"name": "random-10-1.00-27.json", "solution": {"time": 0.000263029, "max_depth": 0, "is_feasible": false}, "AVD": 1.658809523809524}