{"name": "random-10-1.00-4.json", "solution": {"time": 0.000262726, "max_depth": 3, "is_feasible": false}, "AVD": 1.7303968253968265}