{"name": "random-10-5.00-24.json", "solution": {"time": 0.000234728, "max_depth": 10, "is_feasible": true}, "AVD": 5.047333333333333}