{"name": "random-10-2.10-47.json", "solution": {"time": 0.000545459, "max_depth": 6, "is_feasible": false}, "AVD": 2.6318730158730164}