{"name": "random-10-1.60-41.json", "solution": {"time": 0.000211545, "max_depth": 0, "is_feasible": false}, "AVD": 2.181833333333334}