{"name": "random-10-0.60-39.json", "solution": {"time": 0.000222358, "max_depth": 0, "is_feasible": false}, "AVD": 1.2441269841269846}