{"name": "random-10-3.40-12.json", "solution": {"time": 0.000367273, "max_depth": 10, "is_feasible": true}, "AVD": 3.672333333333333}