{"name": "random-10-2.80-24.json", "solution": {"time": 0.00018523, "max_depth": 10, "is_feasible": true}, "AVD": 3.1244285714285716}