{"name": "random-10-1.80-44.json", "solution": {"time": 0.00027175, "max_depth": 2, "is_feasible": false}, "AVD": 2.304666666666667}