{"name": "random-10-3.00-36.json", "solution": {"time": 0.000153391, "max_depth": 10, "is_feasible": true}, "AVD": 3.2671666666666668}