{"name": "random-10-3.20-42.json", "solution": {"time": 0.000300162, "max_depth": 10, "is_feasible": true}, "AVD": 3.5036666666666667}