{"name": "random-10-2.40-48.json", "solution": {"time": 0.000150163, "max_depth": 10, "is_feasible": true}, "AVD": 2.7960000000000003}