{"name": "random-10-1.60-27.json", "solution": {"time": 0.000245071, "max_depth": 0, "is_feasible": false}, "AVD": 2.088333333333334}