{"name": "random-10-3.40-15.json", "solution": {"time": 0.00011594, "max_depth": 10, "is_feasible": true}, "AVD": 3.635666666666667}