{"name": "random-10-2.10-1.json", "solution": {"time": 0.000216292, "max_depth": 2, "is_feasible": false}, "AVD": 2.5246666666666666}