{"name": "random-10-1.20-16.json", "solution": {"time": 0.000211364, "max_depth": 0, "is_feasible": false}, "AVD": 1.855761904761905}