{"name": "random-10-2.50-9.json", "solution": {"time": 0.000611088, "max_depth": 9, "is_feasible": false}, "AVD": 2.9206666666666665}