{"name": "random-10-2.50-31.json", "solution": {"time": 0.000554144, "max_depth": 7, "is_feasible": false}, "AVD": 2.9170000000000007}