{"name": "random-10-2.40-27.json", "solution": {"time": 0.000164454, "max_depth": 3, "is_feasible": false}, "AVD": 2.829000000000001}