{"name": "random-10-3.20-2.json", "solution": {"time": 0.000209217, "max_depth": 10, "is_feasible": true}, "AVD": 3.5439999999999996}