{"name": "random-10-3.40-19.json", "solution": {"time": 0.000115646, "max_depth": 10, "is_feasible": true}, "AVD": 3.7236666666666665}