{"name": "random-10-1.70-28.json", "solution": {"time": 0.000241828, "max_depth": 0, "is_feasible": false}, "AVD": 2.2103809523809526}