{"name": "random-10-2.90-6.json", "solution": {"time": 0.000119579, "max_depth": 10, "is_feasible": true}, "AVD": 3.2800000000000002}