{"name": "random-10-4.10-43.json", "solution": {"time": 0.0001036, "max_depth": 10, "is_feasible": true}, "AVD": 4.229666666666666}