{"name": "random-10-1.70-35.json", "solution": {"time": 0.000210702, "max_depth": 0, "is_feasible": false}, "AVD": 2.2240000000000006}