{"name": "random-10-0.20-44.json", "solution": {"time": 0.000293841, "max_depth": 0, "is_feasible": false}, "AVD": 0.8973650793650798}