{"name": "random-10-2.10-43.json", "solution": {"time": 0.000292763, "max_depth": 3, "is_feasible": false}, "AVD": 2.5634285714285716}