{"name": "random-10-0.80-26.json", "solution": {"time": 0.000223601, "max_depth": 0, "is_feasible": false}, "AVD": 1.5106587301587313}