{"name": "random-10-0.80-20.json", "solution": {"time": 0.000214751, "max_depth": 0, "is_feasible": false}, "AVD": 1.4500714285714291}