{"name": "random-10-1.50-44.json", "solution": {"time": 0.000235565, "max_depth": 0, "is_feasible": false}, "AVD": 2.0333333333333328}