{"name": "random-10-2.30-31.json", "solution": {"time": 0.000443552, "max_depth": 7, "is_feasible": false}, "AVD": 2.788666666666667}