{"name": "random-10-3.40-22.json", "solution": {"time": 0.000159215, "max_depth": 10, "is_feasible": true}, "AVD": 3.679666666666667}