{"name": "random-10-4.20-32.json", "solution": {"time": 0.00012935, "max_depth": 10, "is_feasible": true}, "AVD": 4.4239999999999995}