{"name": "random-10-0.00-24.json", "solution": {"time": 0.000251401, "max_depth": 0, "is_feasible": false}, "AVD": 0.682444444444445}