{"name": "random-10-4.30-20.json", "solution": {"time": 0.0002152, "max_depth": 10, "is_feasible": true}, "AVD": 4.493666666666667}