{"name": "random-10-1.70-38.json", "solution": {"time": 0.000222294, "max_depth": 0, "is_feasible": false}, "AVD": 2.191000000000001}