{"name": "random-10-2.00-24.json", "solution": {"time": 0.00033711, "max_depth": 4, "is_feasible": false}, "AVD": 2.4673968253968255}