{"name": "random-10-3.70-29.json", "solution": {"time": 0.000186043, "max_depth": 10, "is_feasible": true}, "AVD": 3.734666666666667}