{"name": "random-10-2.20-36.json", "solution": {"time": 0.00030267, "max_depth": 10, "is_feasible": true}, "AVD": 2.7538333333333336}