{"name": "random-10-2.20-19.json", "solution": {"time": 0.000369385, "max_depth": 4, "is_feasible": false}, "AVD": 2.7174285714285715}