{"name": "random-10-2.80-35.json", "solution": {"time": 0.000179407, "max_depth": 4, "is_feasible": false}, "AVD": 3.1113333333333335}