{"name": "random-10-1.80-4.json", "solution": {"time": 0.000343846, "max_depth": 5, "is_feasible": false}, "AVD": 2.3562619047619053}