{"name": "random-10-2.00-15.json", "solution": {"time": 0.000210302, "max_depth": 0, "is_feasible": false}, "AVD": 2.4717619047619044}