{"name": "random-10-1.60-31.json", "solution": {"time": 0.000216248, "max_depth": 0, "is_feasible": false}, "AVD": 2.099857142857144}