{"name": "random-10-3.50-48.json", "solution": {"time": 0.000107591, "max_depth": 10, "is_feasible": true}, "AVD": 3.7310000000000003}