{"name": "random-10-1.60-43.json", "solution": {"time": 0.000235721, "max_depth": 0, "is_feasible": false}, "AVD": 2.1417619047619048}