{"name": "random-10-3.20-20.json", "solution": {"time": 0.000436956, "max_depth": 10, "is_feasible": true}, "AVD": 3.500000000000001}