{"name": "random-10-4.50-1.json", "solution": {"time": 0.000158962, "max_depth": 10, "is_feasible": true}, "AVD": 4.552333333333334}