{"name": "random-10-0.50-36.json", "solution": {"time": 0.000215115, "max_depth": 0, "is_feasible": false}, "AVD": 1.2725873015873022}