{"name": "random-10-0.10-47.json", "solution": {"time": 0.000257859, "max_depth": 0, "is_feasible": false}, "AVD": 0.7014603174603177}