{"name": "random-10-1.30-38.json", "solution": {"time": 0.000208656, "max_depth": 0, "is_feasible": false}, "AVD": 1.9327619047619051}