{"name": "random-10-1.00-8.json", "solution": {"time": 0.000208144, "max_depth": 0, "is_feasible": false}, "AVD": 1.6705952380952387}