{"name": "random-10-3.20-0.json", "solution": {"time": 0.000106392, "max_depth": 10, "is_feasible": true}, "AVD": 3.4120000000000004}