{"name": "random-10-2.70-22.json", "solution": {"time": 0.000130646, "max_depth": 10, "is_feasible": true}, "AVD": 3.0966666666666667}