{"name": "random-10-3.80-18.json", "solution": {"time": 0.000115717, "max_depth": 10, "is_feasible": true}, "AVD": 3.9106666666666663}