{"name": "random-10-1.40-3.json", "solution": {"time": 0.000220147, "max_depth": 0, "is_feasible": false}, "AVD": 2.0003333333333333}