{"name": "random-10-2.10-2.json", "solution": {"time": 0.000251132, "max_depth": 3, "is_feasible": false}, "AVD": 2.5686666666666667}