{"name": "random-10-0.20-28.json", "solution": {"time": 0.000265874, "max_depth": 0, "is_feasible": false}, "AVD": 0.9418888888888889}