{"name": "random-10-3.60-18.json", "solution": {"time": 0.000110859, "max_depth": 10, "is_feasible": true}, "AVD": 3.7456666666666663}