{"name": "random-10-0.50-38.json", "solution": {"time": 0.000216314, "max_depth": 0, "is_feasible": false}, "AVD": 1.3282857142857145}