{"name": "random-10-2.50-32.json", "solution": {"time": 0.000484991, "max_depth": 9, "is_feasible": false}, "AVD": 2.8530952380952384}