{"name": "random-10-1.20-19.json", "solution": {"time": 0.000208586, "max_depth": 0, "is_feasible": false}, "AVD": 1.8913809523809526}