{"name": "random-10-2.30-11.json", "solution": {"time": 0.000332861, "max_depth": 8, "is_feasible": false}, "AVD": 2.7556666666666674}