{"name": "random-10-0.80-39.json", "solution": {"time": 0.000214242, "max_depth": 0, "is_feasible": false}, "AVD": 1.4197777777777782}