{"name": "random-10-3.90-18.json", "solution": {"time": 0.000253744, "max_depth": 10, "is_feasible": true}, "AVD": 4.057333333333334}