{"name": "random-10-1.30-26.json", "solution": {"time": 0.000257626, "max_depth": 2, "is_feasible": false}, "AVD": 1.8988015873015875}