{"name": "random-10-0.00-8.json", "solution": {"time": 0.000214703, "max_depth": 0, "is_feasible": false}, "AVD": 0.6706428571428571}