{"name": "random-10-0.00-10.json", "solution": {"time": 0.000236998, "max_depth": 0, "is_feasible": false}, "AVD": 0.6297857142857146}