{"name": "random-10-2.50-49.json", "solution": {"time": 0.000441179, "max_depth": 8, "is_feasible": false}, "AVD": 2.9154285714285715}