{"name": "random-10-1.40-0.json", "solution": {"time": 0.000245766, "max_depth": 0, "is_feasible": false}, "AVD": 2.05952380952381}