{"name": "random-20-6.80-18.json", "solution": {"time": 0.000712884, "max_depth": 20, "is_feasible": true}, "AVD": 7.689999999999998}