{"name": "random-20-1.40-23.json", "solution": {"time": 0.000607885, "max_depth": 0, "is_feasible": false}, "AVD": 3.2554166666666644}