{"name": "random-20-5.00-36.json", "solution": {"time": 0.00108007, "max_depth": 20, "is_feasible": true}, "AVD": 6.212124999999998}