{"name": "random-20-10.00-33.json", "solution": {"time": 0.000657444, "max_depth": 20, "is_feasible": true}, "AVD": 10.385749999999998}