{"name": "random-20-3.80-14.json", "solution": {"time": 0.001506915, "max_depth": 3, "is_feasible": false}, "AVD": 5.270874999999998}