{"name": "random-20-1.40-44.json", "solution": {"time": 0.001212742, "max_depth": 0, "is_feasible": false}, "AVD": 3.2957916666666653}