{"name": "random-20-6.60-3.json", "solution": {"time": 0.000767423, "max_depth": 20, "is_feasible": true}, "AVD": 7.477249999999998}