{"name": "random-20-5.80-30.json", "solution": {"time": 0.000699357, "max_depth": 20, "is_feasible": true}, "AVD": 6.956749999999997}