{"name": "random-20-3.40-36.json", "solution": {"time": 0.002282251, "max_depth": 7, "is_feasible": false}, "AVD": 4.962124999999999}