{"name": "random-20-7.00-48.json", "solution": {"time": 0.000630722, "max_depth": 20, "is_feasible": true}, "AVD": 7.784249999999998}