{"name": "random-20-7.00-43.json", "solution": {"time": 0.000620802, "max_depth": 20, "is_feasible": true}, "AVD": 7.930374999999998}