{"name": "random-20-6.20-32.json", "solution": {"time": 0.000624048, "max_depth": 20, "is_feasible": true}, "AVD": 7.218124999999999}