{"name": "random-20-5.20-7.json", "solution": {"time": 0.000573158, "max_depth": 20, "is_feasible": true}, "AVD": 6.507374999999999}