{"name": "random-20-1.60-2.json", "solution": {"time": 0.001619916, "max_depth": 3, "is_feasible": false}, "AVD": 3.4338371212121195}