{"name": "random-20-3.40-13.json", "solution": {"time": 0.001522928, "max_depth": 20, "is_feasible": true}, "AVD": 4.981124999999998}