{"name": "random-20-3.60-21.json", "solution": {"time": 0.002025495, "max_depth": 5, "is_feasible": false}, "AVD": 5.122749999999998}