{"name": "random-20-2.00-14.json", "solution": {"time": 0.001214083, "max_depth": 0, "is_feasible": false}, "AVD": 3.864208333333333}