{"name": "random-20-8.80-40.json", "solution": {"time": 0.000707886, "max_depth": 20, "is_feasible": true}, "AVD": 9.318999999999999}