{"name": "random-20-8.60-16.json", "solution": {"time": 0.000618967, "max_depth": 20, "is_feasible": true}, "AVD": 9.133499999999998}