{"name": "random-20-1.20-15.json", "solution": {"time": 0.0011747, "max_depth": 0, "is_feasible": false}, "AVD": 3.0729621212121208}