{"name": "random-20-7.60-21.json", "solution": {"time": 0.000685587, "max_depth": 20, "is_feasible": true}, "AVD": 8.352999999999998}