{"name": "random-20-4.60-17.json", "solution": {"time": 0.001014149, "max_depth": 20, "is_feasible": true}, "AVD": 5.942624999999998}