{"name": "random-20-5.80-14.json", "solution": {"time": 0.000769149, "max_depth": 20, "is_feasible": true}, "AVD": 6.870999999999997}