{"name": "random-20-0.60-1.json", "solution": {"time": 0.000899068, "max_depth": 0, "is_feasible": false}, "AVD": 2.4152765151515148}