{"name": "random-20-1.60-41.json", "solution": {"time": 0.001261363, "max_depth": 0, "is_feasible": false}, "AVD": 3.4156249999999995}