{"name": "random-20-1.20-19.json", "solution": {"time": 0.001166782, "max_depth": 0, "is_feasible": false}, "AVD": 3.075253787878788}