{"name": "random-20-0.60-31.json", "solution": {"time": 0.00137504, "max_depth": 0, "is_feasible": false}, "AVD": 2.497928030303029}