{"name": "random-20-7.40-11.json", "solution": {"time": 0.000827669, "max_depth": 20, "is_feasible": true}, "AVD": 8.226999999999999}