{"name": "random-20-7.20-36.json", "solution": {"time": 0.000608315, "max_depth": 20, "is_feasible": true}, "AVD": 7.998166666666665}