{"name": "random-20-1.00-20.json", "solution": {"time": 0.001350632, "max_depth": 0, "is_feasible": false}, "AVD": 2.815953088578088}