{"name": "random-20-5.00-13.json", "solution": {"time": 0.000925387, "max_depth": 20, "is_feasible": true}, "AVD": 6.198124999999997}