{"name": "random-20-3.40-28.json", "solution": {"time": 0.008330284, "max_depth": 17, "is_feasible": false}, "AVD": 5.014249999999999}