{"name": "random-20-3.40-21.json", "solution": {"time": 0.001883963, "max_depth": 4, "is_feasible": false}, "AVD": 4.967499999999998}