{"name": "random-20-0.80-13.json", "solution": {"time": 0.000557657, "max_depth": 0, "is_feasible": false}, "AVD": 2.681128787878788}