{"name": "random-20-9.20-21.json", "solution": {"time": 0.000622423, "max_depth": 20, "is_feasible": true}, "AVD": 9.747749999999998}