{"name": "random-20-8.40-36.json", "solution": {"time": 0.00062988, "max_depth": 20, "is_feasible": true}, "AVD": 8.976999999999999}