{"name": "random-20-1.00-31.json", "solution": {"time": 0.001336498, "max_depth": 0, "is_feasible": false}, "AVD": 2.9419621212121188}