{"name": "random-20-8.20-13.json", "solution": {"time": 0.00060593, "max_depth": 20, "is_feasible": true}, "AVD": 8.849124999999999}