{"name": "random-20-5.40-5.json", "solution": {"time": 0.001551177, "max_depth": 20, "is_feasible": true}, "AVD": 6.537999999999997}