{"name": "random-20-8.80-41.json", "solution": {"time": 0.000711536, "max_depth": 20, "is_feasible": true}, "AVD": 9.366249999999999}