{"name": "random-20-0.40-9.json", "solution": {"time": 0.000935931, "max_depth": 0, "is_feasible": false}, "AVD": 2.1688496503496504}