{"name": "random-20-0.40-18.json", "solution": {"time": 0.000737292, "max_depth": 0, "is_feasible": false}, "AVD": 2.1716488927738937}