{"name": "random-20-1.20-33.json", "solution": {"time": 0.000830349, "max_depth": 0, "is_feasible": false}, "AVD": 3.058837121212121}