{"name": "random-20-9.20-49.json", "solution": {"time": 0.000693455, "max_depth": 20, "is_feasible": true}, "AVD": 9.682999999999998}