{"name": "random-20-4.00-46.json", "solution": {"time": 0.001632228, "max_depth": 20, "is_feasible": true}, "AVD": 5.478749999999996}