{"name": "random-20-4.80-22.json", "solution": {"time": 0.001396923, "max_depth": 20, "is_feasible": true}, "AVD": 6.0895416666666655}