{"name": "random-20-9.00-21.json", "solution": {"time": 0.000626901, "max_depth": 20, "is_feasible": true}, "AVD": 9.579749999999999}