{"name": "random-20-4.00-33.json", "solution": {"time": 0.001223867, "max_depth": 3, "is_feasible": false}, "AVD": 5.408541666666664}