{"name": "random-20-9.40-28.json", "solution": {"time": 0.000614814, "max_depth": 20, "is_feasible": true}, "AVD": 9.963249999999999}