{"name": "random-20-7.40-38.json", "solution": {"time": 0.000616196, "max_depth": 20, "is_feasible": true}, "AVD": 8.242749999999997}