{"name": "random-20-6.40-27.json", "solution": {"time": 0.000645452, "max_depth": 20, "is_feasible": true}, "AVD": 7.470249999999998}