{"name": "random-20-1.60-43.json", "solution": {"time": 0.001245354, "max_depth": 0, "is_feasible": false}, "AVD": 3.4224621212121193}