{"name": "random-20-0.20-19.json", "solution": {"time": 0.000656367, "max_depth": 0, "is_feasible": false}, "AVD": 1.9139076340326333}