{"name": "random-20-7.20-8.json", "solution": {"time": 0.001061304, "max_depth": 20, "is_feasible": true}, "AVD": 8.174749999999998}