{"name": "random-20-2.80-31.json", "solution": {"time": 0.00118409, "max_depth": 2, "is_feasible": false}, "AVD": 4.479416666666666}