{"name": "random-20-5.60-27.json", "solution": {"time": 0.000654866, "max_depth": 20, "is_feasible": true}, "AVD": 6.789749999999998}