{"name": "random-20-4.80-36.json", "solution": {"time": 0.001036475, "max_depth": 20, "is_feasible": true}, "AVD": 6.083624999999998}