{"name": "random-20-1.80-0.json", "solution": {"time": 0.001219541, "max_depth": 0, "is_feasible": false}, "AVD": 3.6509621212121197}