{"name": "random-20-3.00-7.json", "solution": {"time": 0.000999806, "max_depth": 2, "is_feasible": false}, "AVD": 4.618833333333332}