{"name": "random-20-5.20-49.json", "solution": {"time": 0.000717297, "max_depth": 20, "is_feasible": true}, "AVD": 6.4009166666666655}