{"name": "random-20-3.80-49.json", "solution": {"time": 0.00102399, "max_depth": 20, "is_feasible": true}, "AVD": 5.301833333333332}