{"name": "random-20-1.40-33.json", "solution": {"time": 0.000568162, "max_depth": 0, "is_feasible": false}, "AVD": 3.236958333333333}