{"name": "random-20-5.20-40.json", "solution": {"time": 0.000700721, "max_depth": 20, "is_feasible": true}, "AVD": 6.481749999999998}