{"name": "random-20-2.60-47.json", "solution": {"time": 0.001520394, "max_depth": 3, "is_feasible": false}, "AVD": 4.284624999999998}