{"name": "random-20-0.60-36.json", "solution": {"time": 0.000588358, "max_depth": 0, "is_feasible": false}, "AVD": 2.4371856060606065}