{"name": "random-20-1.40-37.json", "solution": {"time": 0.000553318, "max_depth": 0, "is_feasible": false}, "AVD": 3.296219696969697}