{"name": "random-20-0.40-35.json", "solution": {"time": 0.00077351, "max_depth": 0, "is_feasible": false}, "AVD": 2.184448135198134}