{"name": "random-20-1.20-18.json", "solution": {"time": 0.001105447, "max_depth": 0, "is_feasible": false}, "AVD": 3.1224583333333307}