{"name": "random-20-4.60-36.json", "solution": {"time": 0.000755654, "max_depth": 20, "is_feasible": true}, "AVD": 5.927124999999999}