{"name": "random-20-10.00-12.json", "solution": {"time": 0.000622681, "max_depth": 20, "is_feasible": true}, "AVD": 10.466999999999999}