{"name": "random-20-0.20-43.json", "solution": {"time": 0.00055451, "max_depth": 0, "is_feasible": false}, "AVD": 1.867276515151513}