{"name": "random-20-5.60-44.json", "solution": {"time": 0.001012221, "max_depth": 20, "is_feasible": true}, "AVD": 6.642999999999998}