{"name": "random-20-8.20-6.json", "solution": {"time": 0.000615695, "max_depth": 20, "is_feasible": true}, "AVD": 8.939249999999998}