{"name": "random-20-7.00-11.json", "solution": {"time": 0.000597813, "max_depth": 20, "is_feasible": true}, "AVD": 7.880499999999996}