{"name": "random-20-1.00-44.json", "solution": {"time": 0.00055358, "max_depth": 0, "is_feasible": false}, "AVD": 2.9149583333333324}