{"name": "random-20-2.60-21.json", "solution": {"time": 0.001777811, "max_depth": 4, "is_feasible": false}, "AVD": 4.294291666666665}