{"name": "random-20-0.60-14.json", "solution": {"time": 0.000873757, "max_depth": 0, "is_feasible": false}, "AVD": 2.491834498834498}