{"name": "random-20-6.80-41.json", "solution": {"time": 0.000858169, "max_depth": 20, "is_feasible": true}, "AVD": 7.659374999999997}