{"name": "random-20-5.80-28.json", "solution": {"time": 0.000633003, "max_depth": 20, "is_feasible": true}, "AVD": 6.916041666666665}