{"name": "random-20-0.00-34.json", "solution": {"time": 0.000572346, "max_depth": 0, "is_feasible": false}, "AVD": 1.4748741258741236}