{"name": "random-20-2.60-39.json", "solution": {"time": 0.001274892, "max_depth": 2, "is_feasible": false}, "AVD": 4.296166666666666}