{"name": "random-20-9.00-44.json", "solution": {"time": 0.000713171, "max_depth": 20, "is_feasible": true}, "AVD": 9.467749999999999}