{"name": "random-20-4.60-45.json", "solution": {"time": 0.000689766, "max_depth": 20, "is_feasible": true}, "AVD": 5.9576249999999975}