{"name": "random-20-0.80-10.json", "solution": {"time": 0.000592503, "max_depth": 0, "is_feasible": false}, "AVD": 2.6291818181818174}