{"name": "random-20-4.20-49.json", "solution": {"time": 0.001232991, "max_depth": 20, "is_feasible": true}, "AVD": 5.593541666666665}