{"name": "random-20-9.80-31.json", "solution": {"time": 0.00062501, "max_depth": 20, "is_feasible": true}, "AVD": 10.227249999999998}