{"name": "random-20-4.40-9.json", "solution": {"time": 0.000774096, "max_depth": 20, "is_feasible": true}, "AVD": 5.717749999999999}