{"name": "random-20-6.00-48.json", "solution": {"time": 0.000947046, "max_depth": 20, "is_feasible": true}, "AVD": 6.978499999999999}