{"name": "random-20-5.20-46.json", "solution": {"time": 0.000731914, "max_depth": 20, "is_feasible": true}, "AVD": 6.481874999999998}