{"name": "random-20-4.80-33.json", "solution": {"time": 0.000831233, "max_depth": 20, "is_feasible": true}, "AVD": 6.056541666666665}