{"name": "random-20-6.40-6.json", "solution": {"time": 0.000892672, "max_depth": 20, "is_feasible": true}, "AVD": 7.427249999999998}