{"name": "random-20-0.20-0.json", "solution": {"time": 0.000467753, "max_depth": 0, "is_feasible": false}, "AVD": 1.812407634032633}