{"name": "random-20-7.80-22.json", "solution": {"time": 0.000615628, "max_depth": 20, "is_feasible": true}, "AVD": 8.549000000000001}