{"name": "random-20-4.00-41.json", "solution": {"time": 0.01164431, "max_depth": 20, "is_feasible": true}, "AVD": 5.478791666666664}