{"name": "random-20-3.80-34.json", "solution": {"time": 0.000801955, "max_depth": 20, "is_feasible": true}, "AVD": 5.310041666666665}