{"name": "random-20-8.40-33.json", "solution": {"time": 0.000674683, "max_depth": 20, "is_feasible": true}, "AVD": 9.017124999999998}