{"name": "random-20-5.60-37.json", "solution": {"time": 0.000774076, "max_depth": 20, "is_feasible": true}, "AVD": 6.648999999999998}