{"name": "random-20-2.60-29.json", "solution": {"time": 0.000948388, "max_depth": 3, "is_feasible": false}, "AVD": 4.309416666666666}