{"name": "random-20-0.00-21.json", "solution": {"time": 0.000573066, "max_depth": 0, "is_feasible": false}, "AVD": 1.2093818473193452}