{"name": "random-20-1.60-44.json", "solution": {"time": 0.001197462, "max_depth": 0, "is_feasible": false}, "AVD": 3.4756666666666676}