{"name": "random-20-5.80-18.json", "solution": {"time": 0.000808526, "max_depth": 20, "is_feasible": true}, "AVD": 6.8603749999999994}