{"name": "random-20-6.80-14.json", "solution": {"time": 0.000604903, "max_depth": 20, "is_feasible": true}, "AVD": 7.682749999999997}