{"name": "random-20-8.40-7.json", "solution": {"time": 0.00060525, "max_depth": 20, "is_feasible": true}, "AVD": 9.089749999999999}