{"name": "random-20-3.60-24.json", "solution": {"time": 0.002019269, "max_depth": 8, "is_feasible": false}, "AVD": 5.110416666666665}