{"name": "random-20-3.20-16.json", "solution": {"time": 0.002500591, "max_depth": 9, "is_feasible": false}, "AVD": 4.822958333333332}