{"name": "random-20-7.20-16.json", "solution": {"time": 0.000649971, "max_depth": 20, "is_feasible": true}, "AVD": 8.044999999999998}