{"name": "random-20-0.80-47.json", "solution": {"time": 0.000750082, "max_depth": 0, "is_feasible": false}, "AVD": 2.6653409090909075}