{"name": "random-20-3.80-37.json", "solution": {"time": 0.001261555, "max_depth": 2, "is_feasible": false}, "AVD": 5.253624999999998}