{"name": "random-20-5.40-38.json", "solution": {"time": 0.000653372, "max_depth": 20, "is_feasible": true}, "AVD": 6.525499999999999}