{"name": "random-20-3.40-41.json", "solution": {"time": 0.002105089, "max_depth": 8, "is_feasible": false}, "AVD": 5.000666666666665}