{"name": "random-20-7.20-33.json", "solution": {"time": 0.000706782, "max_depth": 20, "is_feasible": true}, "AVD": 8.047041666666667}