{"name": "random-20-0.40-19.json", "solution": {"time": 0.000625954, "max_depth": 0, "is_feasible": false}, "AVD": 2.186647727272727}