{"name": "random-20-0.80-15.json", "solution": {"time": 0.000576109, "max_depth": 0, "is_feasible": false}, "AVD": 2.6232966200466192}