{"name": "random-20-4.60-1.json", "solution": {"time": 0.000647486, "max_depth": 20, "is_feasible": true}, "AVD": 5.897416666666665}