{"name": "random-20-5.80-26.json", "solution": {"time": 0.000708504, "max_depth": 20, "is_feasible": true}, "AVD": 6.940999999999998}