{"name": "random-20-5.80-3.json", "solution": {"time": 0.000649101, "max_depth": 20, "is_feasible": true}, "AVD": 6.897249999999997}