{"name": "random-20-8.20-25.json", "solution": {"time": 0.000636624, "max_depth": 20, "is_feasible": true}, "AVD": 8.797749999999997}