{"name": "random-20-7.80-28.json", "solution": {"time": 0.000642292, "max_depth": 20, "is_feasible": true}, "AVD": 8.580749999999998}