{"name": "random-20-4.40-36.json", "solution": {"time": 0.000676641, "max_depth": 20, "is_feasible": true}, "AVD": 5.745124999999998}