{"name": "random-20-2.00-2.json", "solution": {"time": 0.001559103, "max_depth": 3, "is_feasible": false}, "AVD": 3.793333333333334}