{"name": "random-20-0.80-0.json", "solution": {"time": 0.000548243, "max_depth": 0, "is_feasible": false}, "AVD": 2.716712121212119}