{"name": "random-20-4.00-22.json", "solution": {"time": 0.00212446, "max_depth": 20, "is_feasible": true}, "AVD": 5.437166666666665}