{"name": "random-20-1.00-23.json", "solution": {"time": 0.001335064, "max_depth": 0, "is_feasible": false}, "AVD": 2.8354594988344983}