{"name": "random-20-5.60-14.json", "solution": {"time": 0.001345615, "max_depth": 20, "is_feasible": true}, "AVD": 6.704749999999999}