{"name": "random-20-7.60-12.json", "solution": {"time": 0.000611266, "max_depth": 20, "is_feasible": true}, "AVD": 8.495749999999997}