{"name": "random-20-0.80-20.json", "solution": {"time": 0.000565778, "max_depth": 0, "is_feasible": false}, "AVD": 2.6212485431235426}