{"name": "random-20-6.80-36.json", "solution": {"time": 0.000952862, "max_depth": 20, "is_feasible": true}, "AVD": 7.679666666666667}