{"name": "random-20-2.20-42.json", "solution": {"time": 0.001297266, "max_depth": 2, "is_feasible": false}, "AVD": 4.0035037878787865}