{"name": "random-20-0.20-8.json", "solution": {"time": 0.000639347, "max_depth": 0, "is_feasible": false}, "AVD": 1.8135011655011648}