{"name": "random-20-5.20-0.json", "solution": {"time": 0.000593667, "max_depth": 20, "is_feasible": true}, "AVD": 6.415416666666665}