{"name": "random-20-1.80-3.json", "solution": {"time": 0.001121087, "max_depth": 3, "is_feasible": false}, "AVD": 3.6480454545454535}