{"name": "random-20-5.40-35.json", "solution": {"time": 0.0006639, "max_depth": 20, "is_feasible": true}, "AVD": 6.569999999999998}