{"name": "random-20-7.40-12.json", "solution": {"time": 0.000598775, "max_depth": 20, "is_feasible": true}, "AVD": 8.306749999999997}