{"name": "random-20-9.80-26.json", "solution": {"time": 0.000641273, "max_depth": 20, "is_feasible": true}, "AVD": 10.206249999999999}