{"name": "random-20-7.40-24.json", "solution": {"time": 0.000581829, "max_depth": 20, "is_feasible": true}, "AVD": 8.127374999999999}