{"name": "random-20-4.40-12.json", "solution": {"time": 0.001654727, "max_depth": 20, "is_feasible": true}, "AVD": 5.773374999999999}