{"name": "random-20-3.80-48.json", "solution": {"time": 0.00090322, "max_depth": 20, "is_feasible": true}, "AVD": 5.304124999999998}