{"name": "random-20-2.40-47.json", "solution": {"time": 0.00153273, "max_depth": 3, "is_feasible": false}, "AVD": 4.1512916666666655}