{"name": "random-20-3.80-38.json", "solution": {"time": 0.000833218, "max_depth": 20, "is_feasible": true}, "AVD": 5.313041666666665}