{"name": "random-20-6.00-39.json", "solution": {"time": 0.000573816, "max_depth": 20, "is_feasible": true}, "AVD": 7.027624999999998}