{"name": "random-20-3.40-31.json", "solution": {"time": 0.001239046, "max_depth": 2, "is_feasible": false}, "AVD": 4.931416666666665}