{"name": "random-20-0.00-25.json", "solution": {"time": 0.000475184, "max_depth": 0, "is_feasible": false}, "AVD": 1.408605477855476}