{"name": "random-20-3.20-11.json", "solution": {"time": 0.002848759, "max_depth": 20, "is_feasible": true}, "AVD": 4.913333333333333}