{"name": "random-20-0.20-27.json", "solution": {"time": 0.000452009, "max_depth": 0, "is_feasible": false}, "AVD": 1.8660314685314685}