{"name": "random-20-9.00-37.json", "solution": {"time": 0.000621417, "max_depth": 20, "is_feasible": true}, "AVD": 9.511499999999998}