{"name": "random-20-9.80-44.json", "solution": {"time": 0.000627507, "max_depth": 20, "is_feasible": true}, "AVD": 10.213249999999999}