{"name": "random-20-4.80-44.json", "solution": {"time": 0.000994026, "max_depth": 20, "is_feasible": true}, "AVD": 6.003499999999999}