{"name": "random-20-7.00-45.json", "solution": {"time": 0.000636134, "max_depth": 20, "is_feasible": true}, "AVD": 8.001249999999995}