{"name": "random-20-0.60-2.json", "solution": {"time": 0.000942714, "max_depth": 0, "is_feasible": false}, "AVD": 2.3845568181818195}