{"name": "random-20-7.40-34.json", "solution": {"time": 0.000656562, "max_depth": 20, "is_feasible": true}, "AVD": 8.202499999999997}