{"name": "random-20-4.60-44.json", "solution": {"time": 0.001269178, "max_depth": 20, "is_feasible": true}, "AVD": 5.847624999999999}