{"name": "random-20-4.20-13.json", "solution": {"time": 0.001646631, "max_depth": 20, "is_feasible": true}, "AVD": 5.601624999999997}