{"name": "random-20-3.60-43.json", "solution": {"time": 0.001851119, "max_depth": 4, "is_feasible": false}, "AVD": 5.1067954545454555}