{"name": "random-20-2.60-31.json", "solution": {"time": 0.00123608, "max_depth": 2, "is_feasible": false}, "AVD": 4.320291666666664}