{"name": "random-20-9.80-47.json", "solution": {"time": 0.00061669, "max_depth": 20, "is_feasible": true}, "AVD": 10.157250000000001}