{"name": "random-20-4.80-16.json", "solution": {"time": 0.000579691, "max_depth": 20, "is_feasible": true}, "AVD": 6.097499999999998}