{"name": "random-20-4.80-2.json", "solution": {"time": 0.000589759, "max_depth": 20, "is_feasible": true}, "AVD": 6.154999999999998}