{"name": "random-20-9.60-8.json", "solution": {"time": 0.000726629, "max_depth": 20, "is_feasible": true}, "AVD": 10.127499999999998}