{"name": "random-20-1.20-20.json", "solution": {"time": 0.001187169, "max_depth": 0, "is_feasible": false}, "AVD": 3.0067094988344985}