{"name": "random-20-0.20-33.json", "solution": {"time": 0.000446852, "max_depth": 0, "is_feasible": false}, "AVD": 1.8358508158508156}