{"name": "random-20-7.20-47.json", "solution": {"time": 0.000697098, "max_depth": 20, "is_feasible": true}, "AVD": 7.985749999999999}