{"name": "random-20-8.60-2.json", "solution": {"time": 0.000614856, "max_depth": 20, "is_feasible": true}, "AVD": 9.261249999999999}