{"name": "random-20-9.80-40.json", "solution": {"time": 0.000621459, "max_depth": 20, "is_feasible": true}, "AVD": 10.188750000000002}