{"name": "random-20-3.00-31.json", "solution": {"time": 0.00117172, "max_depth": 2, "is_feasible": false}, "AVD": 4.599166666666665}