{"name": "random-20-6.40-4.json", "solution": {"time": 0.000599614, "max_depth": 20, "is_feasible": true}, "AVD": 7.426499999999997}