{"name": "random-20-5.60-45.json", "solution": {"time": 0.00065815, "max_depth": 20, "is_feasible": true}, "AVD": 6.800749999999999}