{"name": "random-20-0.00-12.json", "solution": {"time": 0.000723088, "max_depth": 0, "is_feasible": false}, "AVD": 1.411908945221446}