{"name": "random-20-0.40-40.json", "solution": {"time": 0.000457046, "max_depth": 0, "is_feasible": false}, "AVD": 2.1699318181818184}