{"name": "random-20-5.20-48.json", "solution": {"time": 0.000913894, "max_depth": 20, "is_feasible": true}, "AVD": 6.324124999999998}