{"name": "random-20-2.80-25.json", "solution": {"time": 0.001235434, "max_depth": 2, "is_feasible": false}, "AVD": 4.472416666666665}