{"name": "random-20-0.00-19.json", "solution": {"time": 0.000543355, "max_depth": 0, "is_feasible": false}, "AVD": 1.4496675407925426}