{"name": "random-20-9.20-29.json", "solution": {"time": 0.000652523, "max_depth": 20, "is_feasible": true}, "AVD": 9.745999999999999}