{"name": "random-20-1.80-4.json", "solution": {"time": 0.001101083, "max_depth": 0, "is_feasible": false}, "AVD": 3.6137499999999987}