{"name": "random-20-2.00-3.json", "solution": {"time": 0.00110555, "max_depth": 3, "is_feasible": false}, "AVD": 3.8282537878787863}