{"name": "random-20-0.60-19.json", "solution": {"time": 0.000897541, "max_depth": 0, "is_feasible": false}, "AVD": 2.477628787878787}