{"name": "random-20-2.00-31.json", "solution": {"time": 0.000864416, "max_depth": 0, "is_feasible": false}, "AVD": 3.819374999999998}