{"name": "random-20-5.80-24.json", "solution": {"time": 0.000650472, "max_depth": 20, "is_feasible": true}, "AVD": 6.815124999999999}