{"name": "random-20-2.80-39.json", "solution": {"time": 0.001319047, "max_depth": 3, "is_feasible": false}, "AVD": 4.4477916666666655}