{"name": "random-20-4.20-26.json", "solution": {"time": 0.001425427, "max_depth": 20, "is_feasible": true}, "AVD": 5.593874999999999}