{"name": "random-20-7.00-27.json", "solution": {"time": 0.000653251, "max_depth": 20, "is_feasible": true}, "AVD": 7.962749999999997}