{"name": "random-20-5.20-13.json", "solution": {"time": 0.000909185, "max_depth": 20, "is_feasible": true}, "AVD": 6.359124999999997}