{"name": "random-20-2.40-29.json", "solution": {"time": 0.001383157, "max_depth": 3, "is_feasible": false}, "AVD": 4.146666666666666}