{"name": "random-20-1.60-31.json", "solution": {"time": 0.000689226, "max_depth": 0, "is_feasible": false}, "AVD": 3.472791666666666}