{"name": "random-20-0.20-6.json", "solution": {"time": 0.000630493, "max_depth": 0, "is_feasible": false}, "AVD": 1.8758572261072264}