{"name": "random-20-6.60-6.json", "solution": {"time": 0.000690825, "max_depth": 20, "is_feasible": true}, "AVD": 7.593499999999999}