{"name": "random-20-5.40-29.json", "solution": {"time": 0.000682578, "max_depth": 20, "is_feasible": true}, "AVD": 6.584999999999998}