{"name": "random-20-2.80-27.json", "solution": {"time": 0.001189464, "max_depth": 2, "is_feasible": false}, "AVD": 4.466666666666664}