{"name": "random-20-6.40-17.json", "solution": {"time": 0.000848207, "max_depth": 20, "is_feasible": true}, "AVD": 7.401124999999998}