{"name": "random-20-5.20-34.json", "solution": {"time": 0.00077472, "max_depth": 20, "is_feasible": true}, "AVD": 6.406624999999998}