{"name": "random-20-3.00-37.json", "solution": {"time": 0.001363619, "max_depth": 2, "is_feasible": false}, "AVD": 4.669920454545453}