{"name": "random-20-9.40-2.json", "solution": {"time": 0.000676449, "max_depth": 20, "is_feasible": true}, "AVD": 9.864999999999998}