{"name": "random-20-7.40-5.json", "solution": {"time": 0.000761626, "max_depth": 20, "is_feasible": true}, "AVD": 8.206999999999997}