{"name": "random-20-5.20-22.json", "solution": {"time": 0.001077286, "max_depth": 20, "is_feasible": true}, "AVD": 6.3994166666666645}