{"name": "random-20-4.20-42.json", "solution": {"time": 0.011822973, "max_depth": 20, "is_feasible": true}, "AVD": 5.607499999999999}