{"name": "random-20-4.20-36.json", "solution": {"time": 0.000659455, "max_depth": 20, "is_feasible": true}, "AVD": 5.598124999999999}