{"name": "random-20-0.60-28.json", "solution": {"time": 0.000520374, "max_depth": 0, "is_feasible": false}, "AVD": 2.4063825757575765}