{"name": "random-20-7.60-27.json", "solution": {"time": 0.000754827, "max_depth": 20, "is_feasible": true}, "AVD": 8.496499999999996}