{"name": "random-20-2.40-44.json", "solution": {"time": 0.001108846, "max_depth": 0, "is_feasible": false}, "AVD": 4.153833333333331}