{"name": "random-20-5.80-40.json", "solution": {"time": 0.000699455, "max_depth": 20, "is_feasible": true}, "AVD": 6.931249999999997}