{"name": "random-20-4.20-41.json", "solution": {"time": 0.000711963, "max_depth": 20, "is_feasible": true}, "AVD": 5.631041666666664}