{"name": "random-20-2.00-30.json", "solution": {"time": 0.000839539, "max_depth": 0, "is_feasible": false}, "AVD": 3.793503787878784}