{"name": "random-20-6.20-12.json", "solution": {"time": 0.000745345, "max_depth": 20, "is_feasible": true}, "AVD": 7.300499999999998}