{"name": "random-20-6.20-43.json", "solution": {"time": 0.000594818, "max_depth": 20, "is_feasible": true}, "AVD": 7.221624999999998}