{"name": "random-20-9.20-0.json", "solution": {"time": 0.000794104, "max_depth": 20, "is_feasible": true}, "AVD": 9.739874999999998}