{"name": "random-20-5.20-18.json", "solution": {"time": 0.000628043, "max_depth": 20, "is_feasible": true}, "AVD": 6.396874999999998}