{"name": "random-20-4.60-14.json", "solution": {"time": 0.003023601, "max_depth": 10, "is_feasible": false}, "AVD": 5.892999999999997}