{"name": "random-20-2.80-37.json", "solution": {"time": 0.001240969, "max_depth": 2, "is_feasible": false}, "AVD": 4.513587121212119}