{"name": "random-20-7.60-10.json", "solution": {"time": 0.00059762, "max_depth": 20, "is_feasible": true}, "AVD": 8.405499999999998}