{"name": "random-20-4.00-16.json", "solution": {"time": 0.001372294, "max_depth": 20, "is_feasible": true}, "AVD": 5.468499999999997}