{"name": "random-20-9.40-26.json", "solution": {"time": 0.000636894, "max_depth": 20, "is_feasible": true}, "AVD": 9.871999999999998}