{"name": "random-20-7.20-5.json", "solution": {"time": 0.000619878, "max_depth": 20, "is_feasible": true}, "AVD": 8.006749999999997}