{"name": "random-20-3.40-49.json", "solution": {"time": 0.000821112, "max_depth": 7, "is_feasible": false}, "AVD": 4.947333333333331}