{"name": "random-20-6.60-10.json", "solution": {"time": 0.000612782, "max_depth": 20, "is_feasible": true}, "AVD": 7.575249999999999}