{"name": "random-20-2.80-33.json", "solution": {"time": 0.001198027, "max_depth": 2, "is_feasible": false}, "AVD": 4.441333333333331}