{"name": "random-20-7.40-29.json", "solution": {"time": 0.00066164, "max_depth": 20, "is_feasible": true}, "AVD": 8.204249999999998}