{"name": "random-20-6.80-31.json", "solution": {"time": 0.000578047, "max_depth": 20, "is_feasible": true}, "AVD": 7.647749999999998}