{"name": "random-20-1.20-37.json", "solution": {"time": 0.001547975, "max_depth": 0, "is_feasible": false}, "AVD": 3.097056818181818}