{"name": "random-20-2.00-27.json", "solution": {"time": 0.000836203, "max_depth": 0, "is_feasible": false}, "AVD": 3.7872499999999993}