{"name": "random-20-6.20-40.json", "solution": {"time": 0.000704571, "max_depth": 20, "is_feasible": true}, "AVD": 7.276749999999998}