{"name": "random-20-2.80-42.json", "solution": {"time": 0.001214185, "max_depth": 2, "is_feasible": false}, "AVD": 4.489166666666666}