{"name": "random-20-4.00-20.json", "solution": {"time": 0.001605538, "max_depth": 20, "is_feasible": true}, "AVD": 5.486333333333331}