{"name": "random-20-5.60-35.json", "solution": {"time": 0.000642151, "max_depth": 20, "is_feasible": true}, "AVD": 6.736999999999997}