{"name": "random-20-6.40-40.json", "solution": {"time": 0.000722507, "max_depth": 20, "is_feasible": true}, "AVD": 7.427249999999999}