{"name": "random-20-4.00-1.json", "solution": {"time": 0.000623639, "max_depth": 20, "is_feasible": true}, "AVD": 5.374333333333332}