{"name": "random-20-5.60-1.json", "solution": {"time": 0.000639487, "max_depth": 20, "is_feasible": true}, "AVD": 6.645499999999998}