{"name": "random-20-4.20-45.json", "solution": {"time": 0.000775923, "max_depth": 20, "is_feasible": true}, "AVD": 5.6431249999999995}