{"name": "random-20-4.80-37.json", "solution": {"time": 0.000950862, "max_depth": 20, "is_feasible": true}, "AVD": 6.071666666666664}