{"name": "random-20-9.20-4.json", "solution": {"time": 0.000707138, "max_depth": 20, "is_feasible": true}, "AVD": 9.765249999999998}