{"name": "random-20-0.00-16.json", "solution": {"time": 0.000511126, "max_depth": 0, "is_feasible": false}, "AVD": 1.390059731934731}