{"name": "random-20-3.40-42.json", "solution": {"time": 0.001171478, "max_depth": 2, "is_feasible": false}, "AVD": 4.963999999999999}