{"name": "random-20-0.80-21.json", "solution": {"time": 0.000598657, "max_depth": 0, "is_feasible": false}, "AVD": 2.6491704545454526}