{"name": "random-20-9.40-4.json", "solution": {"time": 0.000720905, "max_depth": 20, "is_feasible": true}, "AVD": 9.945500000000001}