{"name": "random-20-8.80-0.json", "solution": {"time": 0.000631028, "max_depth": 20, "is_feasible": true}, "AVD": 9.398624999999997}