{"name": "random-20-4.20-46.json", "solution": {"time": 0.001661036, "max_depth": 20, "is_feasible": true}, "AVD": 5.614249999999997}