{"name": "random-20-8.40-46.json", "solution": {"time": 0.000696889, "max_depth": 20, "is_feasible": true}, "AVD": 9.078499999999998}