{"name": "random-20-5.00-30.json", "solution": {"time": 0.000758528, "max_depth": 20, "is_feasible": true}, "AVD": 6.313874999999998}