{"name": "random-20-3.40-29.json", "solution": {"time": 0.001699469, "max_depth": 20, "is_feasible": true}, "AVD": 4.971999999999999}