{"name": "random-20-7.40-1.json", "solution": {"time": 0.000600459, "max_depth": 20, "is_feasible": true}, "AVD": 8.263749999999998}