{"name": "random-20-7.60-38.json", "solution": {"time": 0.000648359, "max_depth": 20, "is_feasible": true}, "AVD": 8.372250000000001}