{"name": "random-20-7.80-9.json", "solution": {"time": 0.000813367, "max_depth": 20, "is_feasible": true}, "AVD": 8.506499999999999}