{"name": "random-20-7.40-27.json", "solution": {"time": 0.000699863, "max_depth": 20, "is_feasible": true}, "AVD": 8.296999999999999}