{"name": "random-20-9.60-6.json", "solution": {"time": 0.000665281, "max_depth": 20, "is_feasible": true}, "AVD": 10.074999999999998}