{"name": "random-20-8.80-48.json", "solution": {"time": 0.000737872, "max_depth": 20, "is_feasible": true}, "AVD": 9.290999999999999}