{"name": "random-20-6.00-49.json", "solution": {"time": 0.000662269, "max_depth": 20, "is_feasible": true}, "AVD": 7.048499999999999}