{"name": "random-20-4.60-18.json", "solution": {"time": 0.000696343, "max_depth": 20, "is_feasible": true}, "AVD": 5.903416666666667}