{"name": "random-20-7.60-26.json", "solution": {"time": 0.000588408, "max_depth": 20, "is_feasible": true}, "AVD": 8.326749999999999}