{"name": "random-20-3.80-9.json", "solution": {"time": 0.001636886, "max_depth": 7, "is_feasible": false}, "AVD": 5.285624999999999}