{"name": "random-20-7.60-1.json", "solution": {"time": 0.000678107, "max_depth": 20, "is_feasible": true}, "AVD": 8.421249999999999}