{"name": "random-20-1.20-32.json", "solution": {"time": 0.000838114, "max_depth": 0, "is_feasible": false}, "AVD": 3.0766780303030314}