{"name": "random-20-6.00-25.json", "solution": {"time": 0.000670063, "max_depth": 20, "is_feasible": true}, "AVD": 7.038500000000001}