{"name": "random-20-6.80-7.json", "solution": {"time": 0.000608166, "max_depth": 20, "is_feasible": true}, "AVD": 7.734499999999999}