{"name": "random-20-9.80-32.json", "solution": {"time": 0.000663227, "max_depth": 20, "is_feasible": true}, "AVD": 10.301625000000001}