{"name": "random-20-3.40-20.json", "solution": {"time": 0.001534216, "max_depth": 20, "is_feasible": true}, "AVD": 4.993628787878786}