{"name": "random-20-1.00-27.json", "solution": {"time": 0.001292118, "max_depth": 0, "is_feasible": false}, "AVD": 2.889170454545454}