{"name": "random-20-4.60-47.json", "solution": {"time": 0.000787929, "max_depth": 20, "is_feasible": true}, "AVD": 5.948124999999998}