{"name": "random-20-6.40-47.json", "solution": {"time": 0.00072306, "max_depth": 20, "is_feasible": true}, "AVD": 7.366249999999996}