{"name": "random-20-0.00-41.json", "solution": {"time": 0.000450762, "max_depth": 0, "is_feasible": false}, "AVD": 1.4198767482517487}