{"name": "random-20-7.20-23.json", "solution": {"time": 0.000615115, "max_depth": 20, "is_feasible": true}, "AVD": 8.032999999999998}