{"name": "random-20-1.80-8.json", "solution": {"time": 0.001283638, "max_depth": 0, "is_feasible": false}, "AVD": 3.6431666666666667}