{"name": "random-20-8.40-16.json", "solution": {"time": 0.000743029, "max_depth": 20, "is_feasible": true}, "AVD": 9.005749999999999}