{"name": "random-20-4.80-18.json", "solution": {"time": 0.000840869, "max_depth": 20, "is_feasible": true}, "AVD": 6.066166666666664}