{"name": "random-20-5.00-3.json", "solution": {"time": 0.000657022, "max_depth": 20, "is_feasible": true}, "AVD": 6.307624999999997}