{"name": "random-20-6.00-23.json", "solution": {"time": 0.000603174, "max_depth": 20, "is_feasible": true}, "AVD": 6.994374999999996}