{"name": "random-20-8.40-29.json", "solution": {"time": 0.000631124, "max_depth": 20, "is_feasible": true}, "AVD": 9.058250000000001}