{"name": "random-20-9.80-0.json", "solution": {"time": 0.000707861, "max_depth": 20, "is_feasible": true}, "AVD": 10.256124999999999}