{"name": "random-20-6.20-23.json", "solution": {"time": 0.000613955, "max_depth": 20, "is_feasible": true}, "AVD": 7.195624999999998}