{"name": "random-20-6.60-13.json", "solution": {"time": 0.000693797, "max_depth": 20, "is_feasible": true}, "AVD": 7.482374999999999}