{"name": "random-20-5.60-46.json", "solution": {"time": 0.000652429, "max_depth": 20, "is_feasible": true}, "AVD": 6.8036249999999985}