{"name": "random-20-2.20-7.json", "solution": {"time": 0.001263001, "max_depth": 0, "is_feasible": false}, "AVD": 3.9451287878787875}