{"name": "random-20-3.80-12.json", "solution": {"time": 0.001224339, "max_depth": 20, "is_feasible": true}, "AVD": 5.289416666666665}