{"name": "random-20-5.20-15.json", "solution": {"time": 0.000802261, "max_depth": 20, "is_feasible": true}, "AVD": 6.481041666666665}