{"name": "random-20-0.40-33.json", "solution": {"time": 0.001700036, "max_depth": 0, "is_feasible": false}, "AVD": 2.1940075757575745}