{"name": "random-20-2.00-26.json", "solution": {"time": 0.000844208, "max_depth": 0, "is_feasible": false}, "AVD": 3.811878787878784}