{"name": "random-20-3.60-41.json", "solution": {"time": 0.002463957, "max_depth": 20, "is_feasible": true}, "AVD": 5.1620833333333325}