{"name": "random-20-7.20-48.json", "solution": {"time": 0.001023704, "max_depth": 20, "is_feasible": true}, "AVD": 7.903249999999998}