{"name": "random-20-7.40-36.json", "solution": {"time": 0.000694473, "max_depth": 20, "is_feasible": true}, "AVD": 8.172166666666666}