{"name": "random-20-2.80-5.json", "solution": {"time": 0.001651458, "max_depth": 4, "is_feasible": false}, "AVD": 4.484541666666665}