{"name": "random-20-2.20-31.json", "solution": {"time": 0.00145527, "max_depth": 2, "is_feasible": false}, "AVD": 3.991378787878788}