{"name": "random-20-10.00-38.json", "solution": {"time": 0.000655084, "max_depth": 20, "is_feasible": true}, "AVD": 10.398749999999998}