{"name": "random-20-5.00-14.json", "solution": {"time": 0.01311001, "max_depth": 10, "is_feasible": false}, "AVD": 6.1789999999999985}