{"name": "random-20-6.40-48.json", "solution": {"time": 0.000611459, "max_depth": 20, "is_feasible": true}, "AVD": 7.252249999999998}