{"name": "random-20-3.20-36.json", "solution": {"time": 0.001766238, "max_depth": 7, "is_feasible": false}, "AVD": 4.786624999999999}