{"name": "random-20-2.60-20.json", "solution": {"time": 0.002774935, "max_depth": 7, "is_feasible": false}, "AVD": 4.2748787878787855}