{"name": "random-20-3.00-36.json", "solution": {"time": 0.001809601, "max_depth": 7, "is_feasible": false}, "AVD": 4.648374999999999}