{"name": "random-20-9.20-14.json", "solution": {"time": 0.000630497, "max_depth": 20, "is_feasible": true}, "AVD": 9.698749999999999}