{"name": "random-20-8.80-10.json", "solution": {"time": 0.000613234, "max_depth": 20, "is_feasible": true}, "AVD": 9.406499999999998}