{"name": "random-20-2.80-11.json", "solution": {"time": 0.003459393, "max_depth": 10, "is_feasible": false}, "AVD": 4.519958333333333}