{"name": "random-20-2.60-38.json", "solution": {"time": 0.000619634, "max_depth": 0, "is_feasible": false}, "AVD": 4.3164583333333315}