{"name": "random-20-4.00-32.json", "solution": {"time": 0.001082431, "max_depth": 20, "is_feasible": true}, "AVD": 5.458045454545453}