{"name": "random-20-5.80-23.json", "solution": {"time": 0.000597246, "max_depth": 20, "is_feasible": true}, "AVD": 6.881624999999997}