{"name": "random-20-2.80-44.json", "solution": {"time": 0.001104771, "max_depth": 0, "is_feasible": false}, "AVD": 4.431749999999999}