{"name": "random-20-6.80-17.json", "solution": {"time": 0.000632128, "max_depth": 20, "is_feasible": true}, "AVD": 7.747749999999998}