{"name": "random-20-5.00-34.json", "solution": {"time": 0.000673561, "max_depth": 20, "is_feasible": true}, "AVD": 6.242124999999996}