{"name": "random-20-9.40-29.json", "solution": {"time": 0.000612551, "max_depth": 20, "is_feasible": true}, "AVD": 9.903500000000001}