{"name": "random-20-5.40-3.json", "solution": {"time": 0.000651027, "max_depth": 20, "is_feasible": true}, "AVD": 6.615374999999998}