{"name": "random-20-7.20-44.json", "solution": {"time": 0.000922415, "max_depth": 20, "is_feasible": true}, "AVD": 7.897499999999996}