{"name": "random-20-5.80-20.json", "solution": {"time": 0.000643438, "max_depth": 20, "is_feasible": true}, "AVD": 6.913249999999998}