{"name": "random-20-4.40-46.json", "solution": {"time": 0.000915176, "max_depth": 20, "is_feasible": true}, "AVD": 5.777124999999997}