{"name": "random-20-1.80-12.json", "solution": {"time": 0.001234206, "max_depth": 0, "is_feasible": false}, "AVD": 3.6219166666666647}