{"name": "random-20-8.40-21.json", "solution": {"time": 0.000605502, "max_depth": 20, "is_feasible": true}, "AVD": 9.108999999999998}