{"name": "random-20-0.60-15.json", "solution": {"time": 0.000929658, "max_depth": 0, "is_feasible": false}, "AVD": 2.3902663170163168}