{"name": "random-20-7.60-36.json", "solution": {"time": 0.000624678, "max_depth": 20, "is_feasible": true}, "AVD": 8.299916666666666}