{"name": "random-20-6.60-32.json", "solution": {"time": 0.000618924, "max_depth": 20, "is_feasible": true}, "AVD": 7.5681249999999975}