{"name": "random-20-5.20-31.json", "solution": {"time": 0.000857504, "max_depth": 20, "is_feasible": true}, "AVD": 6.323249999999997}