{"name": "random-20-3.20-23.json", "solution": {"time": 0.001836835, "max_depth": 6, "is_feasible": false}, "AVD": 4.818624999999999}