{"name": "random-20-2.80-40.json", "solution": {"time": 0.001293025, "max_depth": 3, "is_feasible": false}, "AVD": 4.490166666666665}