{"name": "random-20-5.20-26.json", "solution": {"time": 0.000831518, "max_depth": 20, "is_feasible": true}, "AVD": 6.424624999999999}