{"name": "random-20-1.40-7.json", "solution": {"time": 0.001277166, "max_depth": 0, "is_feasible": false}, "AVD": 3.161261363636362}