{"name": "random-20-6.20-8.json", "solution": {"time": 0.000602263, "max_depth": 20, "is_feasible": true}, "AVD": 7.310624999999999}