{"name": "random-20-8.20-42.json", "solution": {"time": 0.000983785, "max_depth": 20, "is_feasible": true}, "AVD": 8.810999999999998}