{"name": "random-20-1.60-47.json", "solution": {"time": 0.001372148, "max_depth": 2, "is_feasible": false}, "AVD": 3.4415833333333317}