{"name": "random-20-7.80-37.json", "solution": {"time": 0.000607013, "max_depth": 20, "is_feasible": true}, "AVD": 8.425749999999997}