{"name": "random-20-2.00-9.json", "solution": {"time": 0.001158987, "max_depth": 2, "is_feasible": false}, "AVD": 3.8620833333333318}