{"name": "random-20-1.00-14.json", "solution": {"time": 0.001286251, "max_depth": 0, "is_feasible": false}, "AVD": 2.9486223776223777}