{"name": "random-20-6.20-2.json", "solution": {"time": 0.000587096, "max_depth": 20, "is_feasible": true}, "AVD": 7.289374999999998}