{"name": "random-20-3.00-25.json", "solution": {"time": 0.013990316, "max_depth": 9, "is_feasible": false}, "AVD": 4.638208333333331}