{"name": "random-20-1.00-41.json", "solution": {"time": 0.000947813, "max_depth": 0, "is_feasible": false}, "AVD": 2.8754594988344993}