{"name": "random-20-8.20-24.json", "solution": {"time": 0.000604099, "max_depth": 20, "is_feasible": true}, "AVD": 8.799374999999998}