{"name": "random-20-8.40-27.json", "solution": {"time": 0.00063096, "max_depth": 20, "is_feasible": true}, "AVD": 9.145749999999998}