{"name": "random-20-1.20-34.json", "solution": {"time": 0.000838827, "max_depth": 0, "is_feasible": false}, "AVD": 3.1267954545454555}