{"name": "random-20-4.40-11.json", "solution": {"time": 0.001038211, "max_depth": 20, "is_feasible": true}, "AVD": 5.816749999999997}