{"name": "random-20-6.20-41.json", "solution": {"time": 0.000667793, "max_depth": 20, "is_feasible": true}, "AVD": 7.225374999999997}