{"name": "random-20-4.20-1.json", "solution": {"time": 0.000638962, "max_depth": 20, "is_feasible": true}, "AVD": 5.554458333333331}