{"name": "random-20-3.60-46.json", "solution": {"time": 0.002003277, "max_depth": 3, "is_feasible": false}, "AVD": 5.163124999999998}