{"name": "random-20-2.60-43.json", "solution": {"time": 0.001640266, "max_depth": 2, "is_feasible": false}, "AVD": 4.336420454545454}