{"name": "random-20-5.80-1.json", "solution": {"time": 0.000741468, "max_depth": 20, "is_feasible": true}, "AVD": 6.834249999999999}