{"name": "random-20-2.40-34.json", "solution": {"time": 0.001251276, "max_depth": 3, "is_feasible": false}, "AVD": 4.192916666666666}