{"name": "random-20-0.60-23.json", "solution": {"time": 0.000623675, "max_depth": 0, "is_feasible": false}, "AVD": 2.3360655594405597}