{"name": "random-20-6.00-27.json", "solution": {"time": 0.000668376, "max_depth": 20, "is_feasible": true}, "AVD": 7.094999999999999}