{"name": "random-20-8.40-41.json", "solution": {"time": 0.000716133, "max_depth": 20, "is_feasible": true}, "AVD": 8.984749999999998}