{"name": "random-20-8.00-14.json", "solution": {"time": 0.000613711, "max_depth": 20, "is_feasible": true}, "AVD": 8.681999999999999}