{"name": "random-20-0.40-2.json", "solution": {"time": 0.000522644, "max_depth": 0, "is_feasible": false}, "AVD": 2.1092007575757576}