{"name": "random-20-5.40-49.json", "solution": {"time": 0.000796122, "max_depth": 20, "is_feasible": true}, "AVD": 6.571416666666664}