{"name": "random-20-8.00-24.json", "solution": {"time": 0.000623306, "max_depth": 20, "is_feasible": true}, "AVD": 8.624374999999997}