{"name": "random-20-9.40-44.json", "solution": {"time": 0.000626211, "max_depth": 20, "is_feasible": true}, "AVD": 9.873749999999998}