{"name": "random-20-2.20-23.json", "solution": {"time": 0.001329853, "max_depth": 2, "is_feasible": false}, "AVD": 3.9741666666666653}