{"name": "random-20-2.60-0.json", "solution": {"time": 0.001576295, "max_depth": 4, "is_feasible": false}, "AVD": 4.346916666666664}