{"name": "random-20-3.00-40.json", "solution": {"time": 0.002003444, "max_depth": 5, "is_feasible": false}, "AVD": 4.647791666666663}