{"name": "random-20-1.60-34.json", "solution": {"time": 0.000828267, "max_depth": 2, "is_feasible": false}, "AVD": 3.4897916666666666}