{"name": "random-20-3.40-27.json", "solution": {"time": 0.001154381, "max_depth": 2, "is_feasible": false}, "AVD": 4.916499999999999}