{"name": "random-20-6.00-32.json", "solution": {"time": 0.000616304, "max_depth": 20, "is_feasible": true}, "AVD": 7.060624999999997}