{"name": "random-20-8.00-45.json", "solution": {"time": 0.000695227, "max_depth": 20, "is_feasible": true}, "AVD": 8.762499999999998}