{"name": "random-20-2.80-4.json", "solution": {"time": 0.001378165, "max_depth": 2, "is_feasible": false}, "AVD": 4.463875000000002}