{"name": "random-20-3.20-30.json", "solution": {"time": 0.00170692, "max_depth": 6, "is_feasible": false}, "AVD": 4.795124999999996}