{"name": "random-20-9.80-19.json", "solution": {"time": 0.000655402, "max_depth": 20, "is_feasible": true}, "AVD": 10.180000000000001}