{"name": "random-20-1.00-5.json", "solution": {"time": 0.000964509, "max_depth": 0, "is_feasible": false}, "AVD": 2.9015037878787875}