{"name": "random-20-1.20-1.json", "solution": {"time": 0.001180511, "max_depth": 0, "is_feasible": false}, "AVD": 3.023928030303029}