{"name": "random-20-7.20-24.json", "solution": {"time": 0.000640605, "max_depth": 20, "is_feasible": true}, "AVD": 7.973374999999999}