{"name": "random-20-2.20-47.json", "solution": {"time": 0.001309615, "max_depth": 2, "is_feasible": false}, "AVD": 3.965416666666665}