{"name": "random-20-5.20-43.json", "solution": {"time": 0.000619663, "max_depth": 20, "is_feasible": true}, "AVD": 6.418624999999999}