{"name": "random-20-1.60-18.json", "solution": {"time": 0.001263511, "max_depth": 0, "is_feasible": false}, "AVD": 3.490337121212119}