{"name": "random-20-7.80-41.json", "solution": {"time": 0.000756068, "max_depth": 20, "is_feasible": true}, "AVD": 8.538749999999997}