{"name": "random-20-1.00-1.json", "solution": {"time": 0.000489905, "max_depth": 0, "is_feasible": false}, "AVD": 2.84910227272727}