{"name": "random-20-2.20-3.json", "solution": {"time": 0.001502653, "max_depth": 3, "is_feasible": false}, "AVD": 3.9865037878787875}