{"name": "random-20-10.00-36.json", "solution": {"time": 0.000625461, "max_depth": 20, "is_feasible": true}, "AVD": 10.361249999999998}