{"name": "random-20-5.60-10.json", "solution": {"time": 0.00070471, "max_depth": 20, "is_feasible": true}, "AVD": 6.714374999999999}