{"name": "random-20-7.00-5.json", "solution": {"time": 0.000683518, "max_depth": 20, "is_feasible": true}, "AVD": 7.852749999999998}