{"name": "random-20-7.00-20.json", "solution": {"time": 0.000620562, "max_depth": 20, "is_feasible": true}, "AVD": 7.874749999999999}