{"name": "random-20-8.40-15.json", "solution": {"time": 0.000590979, "max_depth": 20, "is_feasible": true}, "AVD": 9.009249999999998}