{"name": "random-20-6.20-6.json", "solution": {"time": 0.000972152, "max_depth": 20, "is_feasible": true}, "AVD": 7.168249999999998}