{"name": "random-20-1.80-31.json", "solution": {"time": 0.001101176, "max_depth": 0, "is_feasible": false}, "AVD": 3.6563749999999997}