{"name": "random-20-1.80-29.json", "solution": {"time": 0.00098623, "max_depth": 0, "is_feasible": false}, "AVD": 3.64370833333333}