{"name": "random-20-7.20-2.json", "solution": {"time": 0.000663712, "max_depth": 20, "is_feasible": true}, "AVD": 8.079249999999998}