{"name": "random-20-7.00-26.json", "solution": {"time": 0.000624435, "max_depth": 20, "is_feasible": true}, "AVD": 7.913999999999997}