{"name": "random-20-1.80-48.json", "solution": {"time": 0.001326189, "max_depth": 2, "is_feasible": false}, "AVD": 3.646166666666667}