{"name": "random-20-5.60-7.json", "solution": {"time": 0.000682529, "max_depth": 20, "is_feasible": true}, "AVD": 6.821499999999999}