{"name": "random-20-6.20-13.json", "solution": {"time": 0.000746129, "max_depth": 20, "is_feasible": true}, "AVD": 7.177124999999998}