{"name": "random-20-5.60-33.json", "solution": {"time": 0.000628088, "max_depth": 20, "is_feasible": true}, "AVD": 6.683791666666666}