{"name": "random-20-1.20-23.json", "solution": {"time": 0.001214782, "max_depth": 0, "is_feasible": false}, "AVD": 3.028545454545453}