{"name": "random-20-2.80-28.json", "solution": {"time": 0.003011251, "max_depth": 7, "is_feasible": false}, "AVD": 4.519791666666665}