{"name": "random-20-1.20-14.json", "solution": {"time": 0.001146693, "max_depth": 0, "is_feasible": false}, "AVD": 3.129799242424244}