{"name": "random-20-1.60-21.json", "solution": {"time": 0.001367947, "max_depth": 2, "is_feasible": false}, "AVD": 3.4610833333333346}