{"name": "random-20-9.00-15.json", "solution": {"time": 0.000721265, "max_depth": 20, "is_feasible": true}, "AVD": 9.584999999999999}