{"name": "random-20-5.40-47.json", "solution": {"time": 0.000685067, "max_depth": 20, "is_feasible": true}, "AVD": 6.576249999999996}