{"name": "random-20-6.80-13.json", "solution": {"time": 0.000661981, "max_depth": 20, "is_feasible": true}, "AVD": 7.618874999999998}