{"name": "random-20-4.00-42.json", "solution": {"time": 0.001066575, "max_depth": 20, "is_feasible": true}, "AVD": 5.456999999999998}