{"name": "random-20-9.40-38.json", "solution": {"time": 0.000653997, "max_depth": 20, "is_feasible": true}, "AVD": 9.838750000000001}