{"name": "random-20-7.20-34.json", "solution": {"time": 0.000661192, "max_depth": 20, "is_feasible": true}, "AVD": 8.039749999999994}