{"name": "random-20-7.20-31.json", "solution": {"time": 0.000749801, "max_depth": 20, "is_feasible": true}, "AVD": 8.025749999999997}