{"name": "random-20-2.00-20.json", "solution": {"time": 0.001649721, "max_depth": 3, "is_feasible": false}, "AVD": 3.748003787878786}