{"name": "random-20-0.80-49.json", "solution": {"time": 0.000729539, "max_depth": 0, "is_feasible": false}, "AVD": 2.7203825757575757}