{"name": "random-20-2.20-18.json", "solution": {"time": 0.001203588, "max_depth": 2, "is_feasible": false}, "AVD": 3.9983787878787873}