{"name": "random-20-8.60-15.json", "solution": {"time": 0.00066001, "max_depth": 20, "is_feasible": true}, "AVD": 9.224499999999997}