{"name": "random-20-2.80-20.json", "solution": {"time": 0.002411449, "max_depth": 7, "is_feasible": false}, "AVD": 4.450920454545454}