{"name": "random-20-5.60-0.json", "solution": {"time": 0.000596012, "max_depth": 20, "is_feasible": true}, "AVD": 6.783041666666667}