{"name": "random-20-0.40-5.json", "solution": {"time": 0.000981838, "max_depth": 0, "is_feasible": false}, "AVD": 2.1425757575757576}