{"name": "random-20-8.60-18.json", "solution": {"time": 0.000658844, "max_depth": 20, "is_feasible": true}, "AVD": 9.188749999999999}