{"name": "random-20-3.40-1.json", "solution": {"time": 0.001587621, "max_depth": 4, "is_feasible": false}, "AVD": 4.924249999999999}