{"name": "random-20-9.00-18.json", "solution": {"time": 0.00062922, "max_depth": 20, "is_feasible": true}, "AVD": 9.491499999999998}