{"name": "random-20-2.00-37.json", "solution": {"time": 0.001111504, "max_depth": 0, "is_feasible": false}, "AVD": 3.8458371212121194}