{"name": "random-20-2.60-37.json", "solution": {"time": 0.000672014, "max_depth": 2, "is_feasible": false}, "AVD": 4.360878787878787}