{"name": "random-20-3.20-31.json", "solution": {"time": 0.001250103, "max_depth": 2, "is_feasible": false}, "AVD": 4.791666666666663}