{"name": "random-20-9.40-43.json", "solution": {"time": 0.000620487, "max_depth": 20, "is_feasible": true}, "AVD": 9.875499999999997}