{"name": "random-20-9.60-10.json", "solution": {"time": 0.000663676, "max_depth": 20, "is_feasible": true}, "AVD": 10.122249999999998}