{"name": "random-20-3.40-5.json", "solution": {"time": 0.000679884, "max_depth": 4, "is_feasible": false}, "AVD": 4.955958333333332}