{"name": "random-20-8.40-22.json", "solution": {"time": 0.000713507, "max_depth": 20, "is_feasible": true}, "AVD": 9.030249999999999}