{"name": "random-20-2.60-8.json", "solution": {"time": 0.002297209, "max_depth": 4, "is_feasible": false}, "AVD": 4.360874999999998}