{"name": "random-20-2.80-24.json", "solution": {"time": 0.001135064, "max_depth": 0, "is_feasible": false}, "AVD": 4.447583333333331}