{"name": "random-20-0.00-47.json", "solution": {"time": 0.000542009, "max_depth": 0, "is_feasible": false}, "AVD": 1.1973962703962693}