{"name": "random-20-4.00-9.json", "solution": {"time": 0.001858703, "max_depth": 7, "is_feasible": false}, "AVD": 5.431624999999999}