{"name": "random-20-9.00-28.json", "solution": {"time": 0.000616764, "max_depth": 20, "is_feasible": true}, "AVD": 9.590499999999997}