{"name": "random-20-5.60-23.json", "solution": {"time": 0.000584077, "max_depth": 20, "is_feasible": true}, "AVD": 6.676874999999998}