{"name": "random-20-0.00-15.json", "solution": {"time": 0.00050894, "max_depth": 0, "is_feasible": false}, "AVD": 1.3773604312354304}