{"name": "random-20-6.40-10.json", "solution": {"time": 0.000591945, "max_depth": 20, "is_feasible": true}, "AVD": 7.372249999999998}