{"name": "random-20-3.20-3.json", "solution": {"time": 0.001691049, "max_depth": 5, "is_feasible": false}, "AVD": 4.806249999999999}