{"name": "random-20-8.20-0.json", "solution": {"time": 0.000614516, "max_depth": 20, "is_feasible": true}, "AVD": 8.854666666666665}