{"name": "random-20-2.00-17.json", "solution": {"time": 0.001289193, "max_depth": 2, "is_feasible": false}, "AVD": 3.8032499999999985}