{"name": "random-20-5.20-35.json", "solution": {"time": 0.000669845, "max_depth": 20, "is_feasible": true}, "AVD": 6.429999999999998}