{"name": "random-20-2.20-8.json", "solution": {"time": 0.0023804, "max_depth": 4, "is_feasible": false}, "AVD": 3.996208333333333}