{"name": "random-20-0.40-49.json", "solution": {"time": 0.000935719, "max_depth": 0, "is_feasible": false}, "AVD": 2.212175407925408}