{"name": "random-20-3.60-44.json", "solution": {"time": 0.001131254, "max_depth": 0, "is_feasible": false}, "AVD": 5.042666666666665}