{"name": "random-20-7.40-39.json", "solution": {"time": 0.00061068, "max_depth": 20, "is_feasible": true}, "AVD": 8.274374999999997}