{"name": "random-20-3.40-4.json", "solution": {"time": 0.002238562, "max_depth": 20, "is_feasible": true}, "AVD": 4.983374999999998}