{"name": "random-20-6.20-5.json", "solution": {"time": 0.00074595, "max_depth": 20, "is_feasible": true}, "AVD": 7.134374999999997}