{"name": "random-20-9.60-3.json", "solution": {"time": 0.000754552, "max_depth": 20, "is_feasible": true}, "AVD": 10.053999999999998}