{"name": "random-20-2.80-34.json", "solution": {"time": 0.001248293, "max_depth": 3, "is_feasible": false}, "AVD": 4.466541666666665}