{"name": "random-20-2.40-49.json", "solution": {"time": 0.001295467, "max_depth": 2, "is_feasible": false}, "AVD": 4.184333333333333}