{"name": "random-20-7.80-18.json", "solution": {"time": 0.000696703, "max_depth": 20, "is_feasible": true}, "AVD": 8.474749999999998}