{"name": "random-20-4.40-8.json", "solution": {"time": 0.00075722, "max_depth": 20, "is_feasible": true}, "AVD": 5.871541666666665}