{"name": "random-20-9.80-34.json", "solution": {"time": 0.000702736, "max_depth": 20, "is_feasible": true}, "AVD": 10.323500000000001}