{"name": "random-20-3.40-7.json", "solution": {"time": 0.001371409, "max_depth": 2, "is_feasible": false}, "AVD": 4.9228749999999994}