{"name": "random-20-8.00-27.json", "solution": {"time": 0.000637565, "max_depth": 20, "is_feasible": true}, "AVD": 8.804499999999997}