{"name": "random-20-7.60-48.json", "solution": {"time": 0.000654832, "max_depth": 20, "is_feasible": true}, "AVD": 8.286499999999998}