{"name": "random-20-7.00-44.json", "solution": {"time": 0.000596921, "max_depth": 20, "is_feasible": true}, "AVD": 7.685624999999997}