{"name": "random-20-2.60-42.json", "solution": {"time": 0.001257724, "max_depth": 2, "is_feasible": false}, "AVD": 4.3192916666666665}