{"name": "random-20-1.00-45.json", "solution": {"time": 0.000487211, "max_depth": 0, "is_feasible": false}, "AVD": 2.8834909673659648}