{"name": "random-20-8.80-42.json", "solution": {"time": 0.000594864, "max_depth": 20, "is_feasible": true}, "AVD": 9.293749999999998}