{"name": "random-20-8.00-32.json", "solution": {"time": 0.000644448, "max_depth": 20, "is_feasible": true}, "AVD": 8.726624999999997}