{"name": "random-20-0.80-9.json", "solution": {"time": 0.000468106, "max_depth": 0, "is_feasible": false}, "AVD": 2.703410256410256}