{"name": "random-20-0.00-36.json", "solution": {"time": 0.000555223, "max_depth": 0, "is_feasible": false}, "AVD": 1.4751407342657348}