{"name": "random-20-0.40-32.json", "solution": {"time": 0.001646723, "max_depth": 0, "is_feasible": false}, "AVD": 2.130554195804195}