{"name": "random-20-2.40-41.json", "solution": {"time": 0.001331371, "max_depth": 2, "is_feasible": false}, "AVD": 4.161003787878785}