{"name": "random-20-6.20-33.json", "solution": {"time": 0.000678362, "max_depth": 20, "is_feasible": true}, "AVD": 7.116041666666666}