{"name": "random-20-4.20-17.json", "solution": {"time": 0.00073746, "max_depth": 20, "is_feasible": true}, "AVD": 5.618124999999997}