{"name": "random-20-6.00-33.json", "solution": {"time": 0.000629606, "max_depth": 20, "is_feasible": true}, "AVD": 6.958541666666667}