{"name": "random-20-2.00-4.json", "solution": {"time": 0.001127751, "max_depth": 0, "is_feasible": false}, "AVD": 3.7727916666666657}