{"name": "random-20-5.60-5.json", "solution": {"time": 0.001579964, "max_depth": 20, "is_feasible": true}, "AVD": 6.676999999999998}