{"name": "random-20-2.20-17.json", "solution": {"time": 0.001289515, "max_depth": 2, "is_feasible": false}, "AVD": 4.000124999999996}