{"name": "random-20-2.40-46.json", "solution": {"time": 0.001384355, "max_depth": 2, "is_feasible": false}, "AVD": 4.1149999999999975}