{"name": "random-20-1.60-49.json", "solution": {"time": 0.001235508, "max_depth": 0, "is_feasible": false}, "AVD": 3.489333333333332}