{"name": "random-20-2.00-35.json", "solution": {"time": 0.001146987, "max_depth": 0, "is_feasible": false}, "AVD": 3.8446249999999993}