{"name": "random-20-7.80-48.json", "solution": {"time": 0.000686607, "max_depth": 20, "is_feasible": true}, "AVD": 8.463249999999999}