{"name": "random-20-6.00-4.json", "solution": {"time": 0.00059577, "max_depth": 20, "is_feasible": true}, "AVD": 7.100999999999997}