{"name": "random-20-9.60-5.json", "solution": {"time": 0.000637576, "max_depth": 20, "is_feasible": true}, "AVD": 10.038250000000001}