{"name": "random-20-1.00-15.json", "solution": {"time": 0.001354986, "max_depth": 0, "is_feasible": false}, "AVD": 2.853874999999998}