{"name": "random-20-2.00-21.json", "solution": {"time": 0.001889191, "max_depth": 4, "is_feasible": false}, "AVD": 3.8212083333333324}