{"name": "random-20-8.80-43.json", "solution": {"time": 0.000621495, "max_depth": 20, "is_feasible": true}, "AVD": 9.380249999999998}