{"name": "random-20-4.20-28.json", "solution": {"time": 0.001026743, "max_depth": 20, "is_feasible": true}, "AVD": 5.680666666666665}