{"name": "random-20-0.60-3.json", "solution": {"time": 0.000439443, "max_depth": 0, "is_feasible": false}, "AVD": 2.4955984848484856}