{"name": "random-20-3.60-14.json", "solution": {"time": 0.001531285, "max_depth": 3, "is_feasible": false}, "AVD": 5.128374999999998}