{"name": "random-20-5.60-4.json", "solution": {"time": 0.000831787, "max_depth": 20, "is_feasible": true}, "AVD": 6.705499999999998}