{"name": "random-20-6.80-42.json", "solution": {"time": 0.000648129, "max_depth": 20, "is_feasible": true}, "AVD": 7.697249999999999}