{"name": "random-20-7.60-33.json", "solution": {"time": 0.000712624, "max_depth": 20, "is_feasible": true}, "AVD": 8.352999999999998}