{"name": "random-20-0.20-41.json", "solution": {"time": 0.000518122, "max_depth": 0, "is_feasible": false}, "AVD": 1.8594026806526802}