{"name": "random-20-2.00-11.json", "solution": {"time": 0.001389928, "max_depth": 2, "is_feasible": false}, "AVD": 3.8195454545454526}