{"name": "random-20-6.40-41.json", "solution": {"time": 0.000679234, "max_depth": 20, "is_feasible": true}, "AVD": 7.405624999999999}