{"name": "random-20-6.40-25.json", "solution": {"time": 0.000815175, "max_depth": 20, "is_feasible": true}, "AVD": 7.388499999999998}