{"name": "random-20-9.40-32.json", "solution": {"time": 0.000729554, "max_depth": 20, "is_feasible": true}, "AVD": 9.888625000000001}