{"name": "random-20-7.20-11.json", "solution": {"time": 0.000915184, "max_depth": 20, "is_feasible": true}, "AVD": 8.008249999999997}