{"name": "random-20-2.80-13.json", "solution": {"time": 0.001634333, "max_depth": 7, "is_feasible": false}, "AVD": 4.501499999999998}