{"name": "random-20-3.20-32.json", "solution": {"time": 0.00152742, "max_depth": 3, "is_feasible": false}, "AVD": 4.787045454545454}