{"name": "random-20-0.00-42.json", "solution": {"time": 0.000455105, "max_depth": 0, "is_feasible": false}, "AVD": 1.368359265734266}