{"name": "random-20-8.20-44.json", "solution": {"time": 0.000746864, "max_depth": 20, "is_feasible": true}, "AVD": 8.763749999999998}