{"name": "random-20-4.40-3.json", "solution": {"time": 0.000661834, "max_depth": 20, "is_feasible": true}, "AVD": 5.785124999999999}