{"name": "random-20-1.80-24.json", "solution": {"time": 0.000832894, "max_depth": 0, "is_feasible": false}, "AVD": 3.6039166666666653}