{"name": "random-20-4.20-24.json", "solution": {"time": 0.001059513, "max_depth": 20, "is_feasible": true}, "AVD": 5.582291666666665}