{"name": "random-20-1.40-28.json", "solution": {"time": 0.001349205, "max_depth": 2, "is_feasible": false}, "AVD": 3.254132575757576}