{"name": "random-20-5.40-48.json", "solution": {"time": 0.000975183, "max_depth": 20, "is_feasible": true}, "AVD": 6.523624999999997}