{"name": "random-20-7.00-17.json", "solution": {"time": 0.000628683, "max_depth": 20, "is_feasible": true}, "AVD": 7.901749999999998}