{"name": "random-20-8.20-14.json", "solution": {"time": 0.000615916, "max_depth": 20, "is_feasible": true}, "AVD": 8.839499999999997}