{"name": "random-20-4.00-40.json", "solution": {"time": 0.001667713, "max_depth": 20, "is_feasible": true}, "AVD": 5.519916666666665}