{"name": "random-20-7.20-45.json", "solution": {"time": 0.000608756, "max_depth": 20, "is_feasible": true}, "AVD": 8.137749999999997}