{"name": "random-20-0.60-47.json", "solution": {"time": 0.000524481, "max_depth": 0, "is_feasible": false}, "AVD": 2.390965909090908}