{"name": "random-20-9.00-9.json", "solution": {"time": 0.000700893, "max_depth": 20, "is_feasible": true}, "AVD": 9.521249999999998}