{"name": "random-20-3.40-26.json", "solution": {"time": 0.001405379, "max_depth": 3, "is_feasible": false}, "AVD": 4.953999999999999}