{"name": "random-20-6.20-17.json", "solution": {"time": 0.000567212, "max_depth": 20, "is_feasible": true}, "AVD": 7.2033749999999985}