{"name": "random-20-3.40-46.json", "solution": {"time": 0.001397458, "max_depth": 3, "is_feasible": false}, "AVD": 4.999499999999998}