{"name": "random-20-5.20-9.json", "solution": {"time": 0.001128903, "max_depth": 20, "is_feasible": true}, "AVD": 6.358749999999999}