{"name": "random-20-9.60-27.json", "solution": {"time": 0.000645746, "max_depth": 20, "is_feasible": true}, "AVD": 10.120499999999998}