{"name": "random-20-1.00-7.json", "solution": {"time": 0.00121478, "max_depth": 0, "is_feasible": false}, "AVD": 2.8432234848484823}