{"name": "random-20-1.80-39.json", "solution": {"time": 0.00122727, "max_depth": 2, "is_feasible": false}, "AVD": 3.626416666666666}