{"name": "random-20-0.40-48.json", "solution": {"time": 0.000946792, "max_depth": 0, "is_feasible": false}, "AVD": 2.1059099650349644}