{"name": "random-20-6.00-31.json", "solution": {"time": 0.000674468, "max_depth": 20, "is_feasible": true}, "AVD": 6.984499999999997}