{"name": "random-20-8.60-34.json", "solution": {"time": 0.000645095, "max_depth": 20, "is_feasible": true}, "AVD": 9.233249999999998}