{"name": "random-20-6.20-0.json", "solution": {"time": 0.000786502, "max_depth": 20, "is_feasible": true}, "AVD": 7.260541666666666}