{"name": "random-20-2.20-27.json", "solution": {"time": 0.001187517, "max_depth": 0, "is_feasible": false}, "AVD": 3.970958333333331}