{"name": "random-20-6.00-3.json", "solution": {"time": 0.000637321, "max_depth": 20, "is_feasible": true}, "AVD": 7.033749999999998}