{"name": "random-20-5.20-2.json", "solution": {"time": 0.000597637, "max_depth": 20, "is_feasible": true}, "AVD": 6.5331249999999965}