{"name": "random-20-2.20-44.json", "solution": {"time": 0.001145551, "max_depth": 0, "is_feasible": false}, "AVD": 4.000624999999998}