{"name": "random-20-1.00-29.json", "solution": {"time": 0.001296935, "max_depth": 0, "is_feasible": false}, "AVD": 2.9222083333333346}