{"name": "random-20-4.80-47.json", "solution": {"time": 0.001054447, "max_depth": 20, "is_feasible": true}, "AVD": 6.133624999999997}