{"name": "random-20-5.20-14.json", "solution": {"time": 0.001563387, "max_depth": 20, "is_feasible": true}, "AVD": 6.373249999999998}