{"name": "random-20-7.80-19.json", "solution": {"time": 0.000618074, "max_depth": 20, "is_feasible": true}, "AVD": 8.518499999999998}