{"name": "random-20-8.80-18.json", "solution": {"time": 0.000680045, "max_depth": 20, "is_feasible": true}, "AVD": 9.316500000000001}