{"name": "random-20-2.40-22.json", "solution": {"time": 0.001309291, "max_depth": 2, "is_feasible": false}, "AVD": 4.143878787878787}