{"name": "random-20-2.60-13.json", "solution": {"time": 0.000831243, "max_depth": 0, "is_feasible": false}, "AVD": 4.323166666666667}