{"name": "random-20-8.60-21.json", "solution": {"time": 0.000616693, "max_depth": 20, "is_feasible": true}, "AVD": 9.275249999999998}