{"name": "random-20-4.20-43.json", "solution": {"time": 0.001561492, "max_depth": 20, "is_feasible": true}, "AVD": 5.590666666666666}