{"name": "random-20-4.00-6.json", "solution": {"time": 0.003684194, "max_depth": 20, "is_feasible": true}, "AVD": 5.511749999999999}