{"name": "random-20-0.40-0.json", "solution": {"time": 0.000731291, "max_depth": 0, "is_feasible": false}, "AVD": 2.1567663170163165}