{"name": "random-20-4.80-10.json", "solution": {"time": 0.000846318, "max_depth": 20, "is_feasible": true}, "AVD": 6.117124999999999}