{"name": "random-20-9.40-40.json", "solution": {"time": 0.000602193, "max_depth": 20, "is_feasible": true}, "AVD": 9.838750000000001}