{"name": "random-20-8.60-6.json", "solution": {"time": 0.000605878, "max_depth": 20, "is_feasible": true}, "AVD": 9.280499999999996}