{"name": "random-20-0.40-36.json", "solution": {"time": 0.000616446, "max_depth": 0, "is_feasible": false}, "AVD": 2.1913572261072245}