{"name": "random-20-6.00-2.json", "solution": {"time": 0.000620241, "max_depth": 20, "is_feasible": true}, "AVD": 7.144124999999998}