{"name": "random-20-4.80-1.json", "solution": {"time": 0.000653144, "max_depth": 20, "is_feasible": true}, "AVD": 6.031166666666666}