{"name": "random-20-2.80-47.json", "solution": {"time": 0.001513162, "max_depth": 3, "is_feasible": false}, "AVD": 4.423583333333333}