{"name": "random-20-6.40-1.json", "solution": {"time": 0.000649351, "max_depth": 20, "is_feasible": true}, "AVD": 7.332874999999999}