{"name": "random-20-0.00-18.json", "solution": {"time": 0.000548076, "max_depth": 0, "is_feasible": false}, "AVD": 1.3175173368298334}