{"name": "random-20-8.00-36.json", "solution": {"time": 0.000605191, "max_depth": 20, "is_feasible": true}, "AVD": 8.598874999999998}