{"name": "random-20-8.40-43.json", "solution": {"time": 0.000624935, "max_depth": 20, "is_feasible": true}, "AVD": 9.071374999999998}