{"name": "random-20-2.80-16.json", "solution": {"time": 0.002058372, "max_depth": 6, "is_feasible": false}, "AVD": 4.5004166666666645}