{"name": "random-20-2.40-25.json", "solution": {"time": 0.001268471, "max_depth": 2, "is_feasible": false}, "AVD": 4.1623787878787875}