{"name": "random-20-9.60-19.json", "solution": {"time": 0.000647807, "max_depth": 20, "is_feasible": true}, "AVD": 10.017249999999999}