{"name": "random-20-0.40-42.json", "solution": {"time": 0.000473572, "max_depth": 0, "is_feasible": false}, "AVD": 2.1787208624708616}