{"name": "random-20-1.00-16.json", "solution": {"time": 0.001353879, "max_depth": 0, "is_feasible": false}, "AVD": 2.8078333333333316}