{"name": "random-20-9.60-1.json", "solution": {"time": 0.00063803, "max_depth": 20, "is_feasible": true}, "AVD": 10.137999999999996}