{"name": "random-20-1.80-46.json", "solution": {"time": 0.001231547, "max_depth": 0, "is_feasible": false}, "AVD": 3.6089999999999973}