{"name": "random-20-1.00-8.json", "solution": {"time": 0.001233698, "max_depth": 0, "is_feasible": false}, "AVD": 2.8237435897435916}