{"name": "random-20-6.40-22.json", "solution": {"time": 0.000687501, "max_depth": 20, "is_feasible": true}, "AVD": 7.3794999999999975}