{"name": "random-20-6.60-27.json", "solution": {"time": 0.000646242, "max_depth": 20, "is_feasible": true}, "AVD": 7.619749999999999}