{"name": "random-20-3.80-39.json", "solution": {"time": 0.001853651, "max_depth": 4, "is_feasible": false}, "AVD": 5.256041666666664}