{"name": "random-20-2.00-1.json", "solution": {"time": 0.001406476, "max_depth": 2, "is_feasible": false}, "AVD": 3.7716287878787873}