{"name": "random-20-5.80-34.json", "solution": {"time": 0.00097759, "max_depth": 20, "is_feasible": true}, "AVD": 6.877874999999996}