{"name": "random-20-2.60-34.json", "solution": {"time": 0.00121191, "max_depth": 3, "is_feasible": false}, "AVD": 4.321416666666665}