{"name": "random-20-0.00-39.json", "solution": {"time": 0.000527622, "max_depth": 0, "is_feasible": false}, "AVD": 1.3580874125874112}