{"name": "random-20-2.80-32.json", "solution": {"time": 0.001443117, "max_depth": 3, "is_feasible": false}, "AVD": 4.4915871212121194}