{"name": "random-20-10.00-8.json", "solution": {"time": 0.000696019, "max_depth": 20, "is_feasible": true}, "AVD": 10.433749999999998}