{"name": "random-20-7.20-3.json", "solution": {"time": 0.000593472, "max_depth": 20, "is_feasible": true}, "AVD": 7.968999999999999}