{"name": "random-20-6.80-3.json", "solution": {"time": 0.00105365, "max_depth": 20, "is_feasible": true}, "AVD": 7.622499999999998}