{"name": "random-20-4.20-37.json", "solution": {"time": 0.001483184, "max_depth": 2, "is_feasible": false}, "AVD": 5.566874999999998}