{"name": "random-20-7.60-23.json", "solution": {"time": 0.000617448, "max_depth": 20, "is_feasible": true}, "AVD": 8.388249999999998}