{"name": "random-20-6.80-16.json", "solution": {"time": 0.000647934, "max_depth": 20, "is_feasible": true}, "AVD": 7.7152499999999975}