{"name": "random-20-3.20-26.json", "solution": {"time": 0.001409096, "max_depth": 3, "is_feasible": false}, "AVD": 4.817749999999998}