{"name": "random-20-0.60-20.json", "solution": {"time": 0.000932898, "max_depth": 0, "is_feasible": false}, "AVD": 2.396429195804196}