{"name": "random-20-1.80-34.json", "solution": {"time": 0.001135875, "max_depth": 2, "is_feasible": false}, "AVD": 3.6707083333333324}