{"name": "random-20-7.40-41.json", "solution": {"time": 0.000670335, "max_depth": 20, "is_feasible": true}, "AVD": 8.187999999999999}