{"name": "random-20-2.80-12.json", "solution": {"time": 0.001257101, "max_depth": 2, "is_feasible": false}, "AVD": 4.477458333333331}