{"name": "random-20-9.20-34.json", "solution": {"time": 0.000667394, "max_depth": 20, "is_feasible": true}, "AVD": 9.798499999999999}