{"name": "random-20-6.40-36.json", "solution": {"time": 0.000640367, "max_depth": 20, "is_feasible": true}, "AVD": 7.361166666666665}