{"name": "random-20-1.20-47.json", "solution": {"time": 0.001579444, "max_depth": 0, "is_feasible": false}, "AVD": 3.0675416666666635}