{"name": "random-20-7.80-16.json", "solution": {"time": 0.000611073, "max_depth": 20, "is_feasible": true}, "AVD": 8.538499999999997}