{"name": "random-20-6.80-0.json", "solution": {"time": 0.000596607, "max_depth": 20, "is_feasible": true}, "AVD": 7.718166666666664}