{"name": "random-20-0.20-32.json", "solution": {"time": 0.000463472, "max_depth": 0, "is_feasible": false}, "AVD": 1.7386346153846142}