{"name": "random-20-0.00-7.json", "solution": {"time": 0.000533309, "max_depth": 0, "is_feasible": false}, "AVD": 1.3179578962703962}