{"name": "random-20-4.60-35.json", "solution": {"time": 0.000908279, "max_depth": 20, "is_feasible": true}, "AVD": 5.986499999999999}