{"name": "random-20-9.40-22.json", "solution": {"time": 0.000623163, "max_depth": 20, "is_feasible": true}, "AVD": 9.852750000000002}