{"name": "random-20-4.20-31.json", "solution": {"time": 0.001280605, "max_depth": 3, "is_feasible": false}, "AVD": 5.508999999999997}