{"name": "random-20-7.00-35.json", "solution": {"time": 0.000716645, "max_depth": 20, "is_feasible": true}, "AVD": 7.891874999999999}