{"name": "random-20-9.80-18.json", "solution": {"time": 0.000642944, "max_depth": 20, "is_feasible": true}, "AVD": 10.241249999999997}