{"name": "random-20-3.00-45.json", "solution": {"time": 0.001550299, "max_depth": 3, "is_feasible": false}, "AVD": 4.625624999999998}