{"name": "random-20-7.80-38.json", "solution": {"time": 0.000623766, "max_depth": 20, "is_feasible": true}, "AVD": 8.496499999999997}