{"name": "random-20-1.80-15.json", "solution": {"time": 0.001451119, "max_depth": 2, "is_feasible": false}, "AVD": 3.6444166666666646}