{"name": "random-20-7.40-49.json", "solution": {"time": 0.000704109, "max_depth": 20, "is_feasible": true}, "AVD": 8.211249999999996}