{"name": "random-20-7.60-4.json", "solution": {"time": 0.000597278, "max_depth": 20, "is_feasible": true}, "AVD": 8.364499999999998}