{"name": "random-20-2.60-14.json", "solution": {"time": 0.000795852, "max_depth": 0, "is_feasible": false}, "AVD": 4.366416666666667}