{"name": "random-20-6.60-18.json", "solution": {"time": 0.000797721, "max_depth": 20, "is_feasible": true}, "AVD": 7.488749999999999}