{"name": "random-20-8.00-21.json", "solution": {"time": 0.000669022, "max_depth": 20, "is_feasible": true}, "AVD": 8.725749999999998}