{"name": "random-20-7.00-8.json", "solution": {"time": 0.000802157, "max_depth": 20, "is_feasible": true}, "AVD": 8.018249999999998}