{"name": "random-20-0.20-5.json", "solution": {"time": 0.000635042, "max_depth": 0, "is_feasible": false}, "AVD": 1.88215268065268}