{"name": "random-20-3.00-0.json", "solution": {"time": 0.001513275, "max_depth": 4, "is_feasible": false}, "AVD": 4.660291666666665}