{"name": "random-20-6.00-1.json", "solution": {"time": 0.000645558, "max_depth": 20, "is_feasible": true}, "AVD": 7.018749999999999}