{"name": "random-20-5.00-37.json", "solution": {"time": 0.000945708, "max_depth": 20, "is_feasible": true}, "AVD": 6.198249999999998}