{"name": "random-20-9.00-45.json", "solution": {"time": 0.00064986, "max_depth": 20, "is_feasible": true}, "AVD": 9.614749999999999}