{"name": "random-20-4.00-34.json", "solution": {"time": 0.000913776, "max_depth": 20, "is_feasible": true}, "AVD": 5.451791666666663}