{"name": "random-20-0.20-49.json", "solution": {"time": 0.000639667, "max_depth": 0, "is_feasible": false}, "AVD": 1.8671022727272735}