{"name": "random-20-9.80-2.json", "solution": {"time": 0.00064109, "max_depth": 20, "is_feasible": true}, "AVD": 10.178250000000002}