{"name": "random-20-1.60-15.json", "solution": {"time": 0.00136807, "max_depth": 2, "is_feasible": false}, "AVD": 3.4802083333333322}