{"name": "random-20-6.80-26.json", "solution": {"time": 0.00060186, "max_depth": 20, "is_feasible": true}, "AVD": 7.7407499999999985}