{"name": "random-20-1.60-46.json", "solution": {"time": 0.001228181, "max_depth": 0, "is_feasible": false}, "AVD": 3.445041666666664}