{"name": "random-20-5.60-3.json", "solution": {"time": 0.000695391, "max_depth": 20, "is_feasible": true}, "AVD": 6.771124999999996}