{"name": "random-20-3.80-19.json", "solution": {"time": 0.000918067, "max_depth": 20, "is_feasible": true}, "AVD": 5.3326666666666656}