{"name": "random-20-3.80-8.json", "solution": {"time": 0.000599742, "max_depth": 20, "is_feasible": true}, "AVD": 5.344416666666666}