{"name": "random-20-2.80-22.json", "solution": {"time": 0.001550921, "max_depth": 5, "is_feasible": false}, "AVD": 4.494337121212121}