{"name": "random-20-4.60-27.json", "solution": {"time": 0.000931012, "max_depth": 20, "is_feasible": true}, "AVD": 5.9094999999999995}