{"name": "random-20-8.80-8.json", "solution": {"time": 0.000706525, "max_depth": 20, "is_feasible": true}, "AVD": 9.453750000000001}