{"name": "random-20-4.00-23.json", "solution": {"time": 0.001061055, "max_depth": 20, "is_feasible": true}, "AVD": 5.463249999999999}