{"name": "random-20-1.40-43.json", "solution": {"time": 0.001266135, "max_depth": 0, "is_feasible": false}, "AVD": 3.2676287878787873}