{"name": "random-20-6.80-33.json", "solution": {"time": 0.000648732, "max_depth": 20, "is_feasible": true}, "AVD": 7.662041666666665}