{"name": "random-20-8.20-12.json", "solution": {"time": 0.000615144, "max_depth": 20, "is_feasible": true}, "AVD": 8.985749999999998}