{"name": "random-20-2.00-25.json", "solution": {"time": 0.001582973, "max_depth": 2, "is_feasible": false}, "AVD": 3.8537537878787864}