{"name": "random-20-0.40-7.json", "solution": {"time": 0.00093394, "max_depth": 0, "is_feasible": false}, "AVD": 2.16035606060606}