{"name": "random-20-0.40-16.json", "solution": {"time": 0.001308544, "max_depth": 0, "is_feasible": false}, "AVD": 2.1463522727272735}