{"name": "random-20-5.80-22.json", "solution": {"time": 0.00073, "max_depth": 20, "is_feasible": true}, "AVD": 6.858999999999999}