{"name": "random-20-2.60-27.json", "solution": {"time": 0.001154174, "max_depth": 0, "is_feasible": false}, "AVD": 4.318166666666665}