{"name": "random-20-6.20-49.json", "solution": {"time": 0.000622806, "max_depth": 20, "is_feasible": true}, "AVD": 7.233999999999997}