{"name": "random-20-6.40-39.json", "solution": {"time": 0.000585517, "max_depth": 20, "is_feasible": true}, "AVD": 7.391624999999998}