{"name": "random-20-6.60-35.json", "solution": {"time": 0.000656463, "max_depth": 20, "is_feasible": true}, "AVD": 7.561124999999999}