{"name": "random-20-2.00-5.json", "solution": {"time": 0.001430125, "max_depth": 2, "is_feasible": false}, "AVD": 3.8386666666666636}