{"name": "random-20-2.00-23.json", "solution": {"time": 0.001338295, "max_depth": 2, "is_feasible": false}, "AVD": 3.804124999999997}