{"name": "random-20-3.20-25.json", "solution": {"time": 0.001918007, "max_depth": 20, "is_feasible": true}, "AVD": 4.805749999999999}