{"name": "random-20-0.40-45.json", "solution": {"time": 0.000975674, "max_depth": 0, "is_feasible": false}, "AVD": 2.1188432400932387}