{"name": "random-20-6.00-20.json", "solution": {"time": 0.000734877, "max_depth": 20, "is_feasible": true}, "AVD": 7.055749999999999}