{"name": "random-20-6.60-42.json", "solution": {"time": 0.000630271, "max_depth": 20, "is_feasible": true}, "AVD": 7.553749999999999}