{"name": "random-20-2.40-31.json", "solution": {"time": 0.001219405, "max_depth": 2, "is_feasible": false}, "AVD": 4.16146212121212}