{"name": "random-20-3.20-5.json", "solution": {"time": 0.001630191, "max_depth": 4, "is_feasible": false}, "AVD": 4.802624999999998}