{"name": "random-20-4.40-27.json", "solution": {"time": 0.001123048, "max_depth": 20, "is_feasible": true}, "AVD": 5.753749999999999}