{"name": "random-20-6.20-3.json", "solution": {"time": 0.00072187, "max_depth": 20, "is_feasible": true}, "AVD": 7.184249999999999}