{"name": "random-20-5.00-17.json", "solution": {"time": 0.000389946, "max_depth": 20, "is_feasible": true}, "AVD": 6.206624999999998}