{"name": "random-20-6.20-34.json", "solution": {"time": 0.000754064, "max_depth": 20, "is_feasible": true}, "AVD": 7.231374999999998}