{"name": "random-20-9.00-26.json", "solution": {"time": 0.000637912, "max_depth": 20, "is_feasible": true}, "AVD": 9.542999999999996}