{"name": "random-20-5.80-21.json", "solution": {"time": 0.000776611, "max_depth": 20, "is_feasible": true}, "AVD": 6.951499999999998}