{"name": "random-20-4.80-14.json", "solution": {"time": 0.002825994, "max_depth": 10, "is_feasible": false}, "AVD": 6.045249999999998}