{"name": "random-20-3.40-47.json", "solution": {"time": 0.001493895, "max_depth": 8, "is_feasible": false}, "AVD": 4.910708333333334}