{"name": "random-20-3.20-34.json", "solution": {"time": 0.00120156, "max_depth": 3, "is_feasible": false}, "AVD": 4.808791666666666}