{"name": "random-20-4.60-2.json", "solution": {"time": 0.000663987, "max_depth": 20, "is_feasible": true}, "AVD": 6.012374999999999}