{"name": "random-20-2.80-23.json", "solution": {"time": 0.001993635, "max_depth": 5, "is_feasible": false}, "AVD": 4.508874999999999}