{"name": "random-20-4.80-23.json", "solution": {"time": 0.000674451, "max_depth": 20, "is_feasible": true}, "AVD": 6.091624999999999}