{"name": "random-20-1.60-48.json", "solution": {"time": 0.001238382, "max_depth": 0, "is_feasible": false}, "AVD": 3.4264204545454517}