{"name": "random-20-6.00-16.json", "solution": {"time": 0.000637157, "max_depth": 20, "is_feasible": true}, "AVD": 7.074749999999999}