{"name": "random-20-2.40-12.json", "solution": {"time": 0.001292883, "max_depth": 2, "is_feasible": false}, "AVD": 4.111045454545453}