{"name": "random-20-2.60-41.json", "solution": {"time": 0.001291581, "max_depth": 2, "is_feasible": false}, "AVD": 4.325333333333333}