{"name": "random-20-6.80-15.json", "solution": {"time": 0.000590735, "max_depth": 20, "is_feasible": true}, "AVD": 7.761749999999999}