{"name": "random-20-7.60-20.json", "solution": {"time": 0.000699499, "max_depth": 20, "is_feasible": true}, "AVD": 8.396999999999998}