{"name": "random-20-9.40-46.json", "solution": {"time": 0.000632753, "max_depth": 20, "is_feasible": true}, "AVD": 9.891249999999998}