{"name": "random-20-4.40-26.json", "solution": {"time": 0.00163286, "max_depth": 20, "is_feasible": true}, "AVD": 5.731124999999998}