{"name": "random-20-5.00-19.json", "solution": {"time": 0.00045538, "max_depth": 20, "is_feasible": true}, "AVD": 6.253374999999998}