{"name": "random-20-2.40-18.json", "solution": {"time": 0.001260243, "max_depth": 2, "is_feasible": false}, "AVD": 4.147545454545453}