{"name": "random-20-1.40-12.json", "solution": {"time": 0.000811318, "max_depth": 0, "is_feasible": false}, "AVD": 3.261291666666665}