{"name": "random-20-3.60-27.json", "solution": {"time": 0.001190383, "max_depth": 2, "is_feasible": false}, "AVD": 5.076249999999997}