{"name": "random-20-1.40-46.json", "solution": {"time": 0.001230805, "max_depth": 0, "is_feasible": false}, "AVD": 3.270374999999998}