{"name": "random-20-0.40-14.json", "solution": {"time": 0.001299109, "max_depth": 0, "is_feasible": false}, "AVD": 2.2069189976689954}