{"name": "random-20-2.40-35.json", "solution": {"time": 0.001442825, "max_depth": 3, "is_feasible": false}, "AVD": 4.184083333333334}