{"name": "random-20-2.60-48.json", "solution": {"time": 0.001306481, "max_depth": 2, "is_feasible": false}, "AVD": 4.32208333333333}