{"name": "random-20-0.20-14.json", "solution": {"time": 0.001230057, "max_depth": 0, "is_feasible": false}, "AVD": 1.8831462703962694}