{"name": "random-20-7.00-15.json", "solution": {"time": 0.00092127, "max_depth": 20, "is_feasible": true}, "AVD": 7.927999999999999}