{"name": "random-20-1.00-17.json", "solution": {"time": 0.001314611, "max_depth": 0, "is_feasible": false}, "AVD": 2.8303825757575747}