{"name": "random-20-3.20-18.json", "solution": {"time": 0.00159772, "max_depth": 4, "is_feasible": false}, "AVD": 4.839916666666665}