{"name": "random-20-1.20-27.json", "solution": {"time": 0.001149224, "max_depth": 0, "is_feasible": false}, "AVD": 3.0650454545454537}