{"name": "random-20-1.80-33.json", "solution": {"time": 0.001106514, "max_depth": 0, "is_feasible": false}, "AVD": 3.5985833333333317}