{"name": "random-20-8.40-6.json", "solution": {"time": 0.000694075, "max_depth": 20, "is_feasible": true}, "AVD": 9.079249999999998}