{"name": "random-20-8.00-5.json", "solution": {"time": 0.00063871, "max_depth": 20, "is_feasible": true}, "AVD": 8.706499999999998}