{"name": "random-20-3.00-12.json", "solution": {"time": 0.000886034, "max_depth": 2, "is_feasible": false}, "AVD": 4.665083333333331}