{"name": "random-20-7.00-40.json", "solution": {"time": 0.00085416, "max_depth": 20, "is_feasible": true}, "AVD": 7.862999999999998}