{"name": "random-20-4.40-32.json", "solution": {"time": 0.000640193, "max_depth": 20, "is_feasible": true}, "AVD": 5.769795454545454}