{"name": "random-20-0.00-9.json", "solution": {"time": 0.000502004, "max_depth": 0, "is_feasible": false}, "AVD": 1.424736596736595}