{"name": "random-20-4.80-4.json", "solution": {"time": 0.000666108, "max_depth": 20, "is_feasible": true}, "AVD": 6.153374999999999}