{"name": "random-20-3.60-37.json", "solution": {"time": 0.001249601, "max_depth": 2, "is_feasible": false}, "AVD": 5.116249999999997}