{"name": "random-20-5.00-24.json", "solution": {"time": 0.000848997, "max_depth": 20, "is_feasible": true}, "AVD": 6.217041666666665}