{"name": "random-20-2.80-26.json", "solution": {"time": 0.001227232, "max_depth": 2, "is_feasible": false}, "AVD": 4.498499999999997}