{"name": "random-20-2.60-17.json", "solution": {"time": 0.001783392, "max_depth": 2, "is_feasible": false}, "AVD": 4.328374999999998}