{"name": "random-20-0.40-28.json", "solution": {"time": 0.000462482, "max_depth": 0, "is_feasible": false}, "AVD": 2.0641576340326333}