{"name": "random-20-2.60-26.json", "solution": {"time": 0.001177545, "max_depth": 0, "is_feasible": false}, "AVD": 4.315458333333331}