{"name": "random-20-9.80-17.json", "solution": {"time": 0.000654241, "max_depth": 20, "is_feasible": true}, "AVD": 10.321000000000002}