{"name": "random-20-1.20-9.json", "solution": {"time": 0.000672448, "max_depth": 0, "is_feasible": false}, "AVD": 3.0404204545454525}