{"name": "random-20-8.60-12.json", "solution": {"time": 0.00063417, "max_depth": 20, "is_feasible": true}, "AVD": 9.272749999999998}