{"name": "random-20-3.00-17.json", "solution": {"time": 0.003154807, "max_depth": 16, "is_feasible": false}, "AVD": 4.654499999999997}