{"name": "random-20-2.00-18.json", "solution": {"time": 0.001214855, "max_depth": 0, "is_feasible": false}, "AVD": 3.8357954545454525}