{"name": "random-20-0.40-43.json", "solution": {"time": 0.000507324, "max_depth": 0, "is_feasible": false}, "AVD": 2.1650189393939385}