{"name": "random-20-7.20-13.json", "solution": {"time": 0.000589525, "max_depth": 20, "is_feasible": true}, "AVD": 7.918124999999999}