{"name": "random-20-4.60-6.json", "solution": {"time": 0.000807836, "max_depth": 20, "is_feasible": true}, "AVD": 5.957749999999998}