{"name": "random-20-4.00-29.json", "solution": {"time": 0.000759672, "max_depth": 20, "is_feasible": true}, "AVD": 5.487749999999998}