{"name": "random-20-1.40-11.json", "solution": {"time": 0.000775141, "max_depth": 2, "is_feasible": false}, "AVD": 3.263628787878786}