{"name": "random-20-4.40-15.json", "solution": {"time": 0.001231336, "max_depth": 20, "is_feasible": true}, "AVD": 5.8006666666666655}