{"name": "random-20-3.40-22.json", "solution": {"time": 0.00177182, "max_depth": 6, "is_feasible": false}, "AVD": 4.978333333333333}