{"name": "random-20-4.20-12.json", "solution": {"time": 0.001466272, "max_depth": 20, "is_feasible": true}, "AVD": 5.597874999999998}