{"name": "random-20-3.40-33.json", "solution": {"time": 0.001233252, "max_depth": 3, "is_feasible": false}, "AVD": 4.933333333333332}