{"name": "random-20-9.80-1.json", "solution": {"time": 0.000786297, "max_depth": 20, "is_feasible": true}, "AVD": 10.276250000000001}