{"name": "random-20-1.80-26.json", "solution": {"time": 0.000834494, "max_depth": 0, "is_feasible": false}, "AVD": 3.6290454545454507}