{"name": "random-20-8.40-42.json", "solution": {"time": 0.000619255, "max_depth": 20, "is_feasible": true}, "AVD": 8.926249999999998}