{"name": "random-20-4.80-3.json", "solution": {"time": 0.00068468, "max_depth": 20, "is_feasible": true}, "AVD": 6.135249999999999}