{"name": "random-20-10.00-31.json", "solution": {"time": 0.000626393, "max_depth": 20, "is_feasible": true}, "AVD": 10.386500000000002}