{"name": "random-20-5.20-23.json", "solution": {"time": 0.000665191, "max_depth": 20, "is_feasible": true}, "AVD": 6.331374999999999}