{"name": "random-20-7.80-47.json", "solution": {"time": 0.000712395, "max_depth": 20, "is_feasible": true}, "AVD": 8.493999999999998}