{"name": "random-20-1.60-16.json", "solution": {"time": 0.001338508, "max_depth": 2, "is_feasible": false}, "AVD": 3.373170454545453}