{"name": "random-20-1.40-30.json", "solution": {"time": 0.000706111, "max_depth": 0, "is_feasible": false}, "AVD": 3.265382575757573}