{"name": "random-20-9.00-13.json", "solution": {"time": 0.000620539, "max_depth": 20, "is_feasible": true}, "AVD": 9.472999999999999}