{"name": "random-20-6.40-5.json", "solution": {"time": 0.000895333, "max_depth": 20, "is_feasible": true}, "AVD": 7.323499999999996}