{"name": "random-20-8.80-30.json", "solution": {"time": 0.000683052, "max_depth": 20, "is_feasible": true}, "AVD": 9.387249999999998}