{"name": "random-20-2.40-20.json", "solution": {"time": 0.002828377, "max_depth": 7, "is_feasible": false}, "AVD": 4.111003787878787}