{"name": "random-20-2.60-11.json", "solution": {"time": 0.0027889, "max_depth": 9, "is_feasible": false}, "AVD": 4.376458333333334}