{"name": "random-20-4.20-25.json", "solution": {"time": 0.001402711, "max_depth": 20, "is_feasible": true}, "AVD": 5.572499999999998}