{"name": "random-20-1.40-20.json", "solution": {"time": 0.000841332, "max_depth": 2, "is_feasible": false}, "AVD": 3.2242890442890433}