{"name": "random-20-7.80-8.json", "solution": {"time": 0.000640392, "max_depth": 20, "is_feasible": true}, "AVD": 8.635749999999998}