{"name": "random-20-2.00-42.json", "solution": {"time": 0.001458736, "max_depth": 2, "is_feasible": false}, "AVD": 3.846087121212121}