{"name": "random-20-6.60-8.json", "solution": {"time": 0.000608689, "max_depth": 20, "is_feasible": true}, "AVD": 7.664999999999999}