{"name": "random-20-8.40-26.json", "solution": {"time": 0.000636066, "max_depth": 20, "is_feasible": true}, "AVD": 9.059999999999999}