{"name": "random-20-1.40-45.json", "solution": {"time": 0.001310079, "max_depth": 0, "is_feasible": false}, "AVD": 3.2852159090909083}