{"name": "random-20-6.80-40.json", "solution": {"time": 0.001110285, "max_depth": 20, "is_feasible": true}, "AVD": 7.700249999999999}