{"name": "random-20-10.00-3.json", "solution": {"time": 0.000673249, "max_depth": 20, "is_feasible": true}, "AVD": 10.360249999999999}