{"name": "random-20-7.60-47.json", "solution": {"time": 0.000705539, "max_depth": 20, "is_feasible": true}, "AVD": 8.313749999999999}