{"name": "random-20-7.00-34.json", "solution": {"time": 0.000656518, "max_depth": 20, "is_feasible": true}, "AVD": 7.868249999999994}