{"name": "random-20-8.20-22.json", "solution": {"time": 0.000636728, "max_depth": 20, "is_feasible": true}, "AVD": 8.858749999999997}