{"name": "random-20-6.60-34.json", "solution": {"time": 0.000776799, "max_depth": 20, "is_feasible": true}, "AVD": 7.501749999999999}