{"name": "random-20-5.20-1.json", "solution": {"time": 0.000651556, "max_depth": 20, "is_feasible": true}, "AVD": 6.3687499999999995}