{"name": "random-20-9.00-22.json", "solution": {"time": 0.00071043, "max_depth": 20, "is_feasible": true}, "AVD": 9.532499999999999}