{"name": "random-20-3.00-27.json", "solution": {"time": 0.001328633, "max_depth": 2, "is_feasible": false}, "AVD": 4.6334166666666645}