{"name": "random-20-8.00-10.json", "solution": {"time": 0.011452092, "max_depth": 20, "is_feasible": true}, "AVD": 8.748499999999996}