{"name": "random-20-9.60-29.json", "solution": {"time": 0.000690606, "max_depth": 20, "is_feasible": true}, "AVD": 10.123999999999997}