{"name": "random-20-5.80-0.json", "solution": {"time": 0.000728754, "max_depth": 20, "is_feasible": true}, "AVD": 6.962291666666665}