{"name": "random-20-7.20-12.json", "solution": {"time": 0.000715224, "max_depth": 20, "is_feasible": true}, "AVD": 8.147499999999999}