{"name": "random-20-2.80-35.json", "solution": {"time": 0.002063204, "max_depth": 4, "is_feasible": false}, "AVD": 4.519875000000001}