{"name": "random-20-0.00-32.json", "solution": {"time": 0.000605369, "max_depth": 0, "is_feasible": false}, "AVD": 1.376775641025639}