{"name": "random-20-4.40-28.json", "solution": {"time": 0.001092418, "max_depth": 20, "is_feasible": true}, "AVD": 5.824916666666665}