{"name": "random-20-7.40-14.json", "solution": {"time": 0.000666599, "max_depth": 20, "is_feasible": true}, "AVD": 8.125499999999999}