{"name": "random-20-9.60-47.json", "solution": {"time": 0.000750626, "max_depth": 20, "is_feasible": true}, "AVD": 9.982249999999999}