{"name": "random-20-7.80-44.json", "solution": {"time": 0.000700871, "max_depth": 20, "is_feasible": true}, "AVD": 8.429499999999999}