{"name": "random-20-1.20-44.json", "solution": {"time": 0.000754119, "max_depth": 0, "is_feasible": false}, "AVD": 3.0997499999999993}