{"name": "random-20-3.40-45.json", "solution": {"time": 0.001096204, "max_depth": 3, "is_feasible": false}, "AVD": 4.9129999999999985}