{"name": "random-20-0.00-26.json", "solution": {"time": 0.000504589, "max_depth": 0, "is_feasible": false}, "AVD": 1.3252452351569979}