{"name": "random-20-8.80-25.json", "solution": {"time": 0.000656177, "max_depth": 20, "is_feasible": true}, "AVD": 9.343499999999999}