{"name": "random-20-6.00-8.json", "solution": {"time": 0.000603813, "max_depth": 20, "is_feasible": true}, "AVD": 7.067374999999998}