{"name": "random-20-2.00-34.json", "solution": {"time": 0.000851043, "max_depth": 2, "is_feasible": false}, "AVD": 3.8582083333333315}