{"name": "random-20-2.00-10.json", "solution": {"time": 0.001389582, "max_depth": 2, "is_feasible": false}, "AVD": 3.749249999999999}