{"name": "random-20-7.00-46.json", "solution": {"time": 0.000607957, "max_depth": 20, "is_feasible": true}, "AVD": 7.846499999999999}