{"name": "random-20-8.20-33.json", "solution": {"time": 0.000235721, "max_depth": 20, "is_feasible": true}, "AVD": 8.850874999999998}