{"name": "random-20-8.60-45.json", "solution": {"time": 0.00061773, "max_depth": 20, "is_feasible": true}, "AVD": 9.262999999999998}