{"name": "random-20-4.80-0.json", "solution": {"time": 0.000658183, "max_depth": 20, "is_feasible": true}, "AVD": 6.100416666666665}