{"name": "random-20-7.80-15.json", "solution": {"time": 0.000937359, "max_depth": 20, "is_feasible": true}, "AVD": 8.492249999999999}