{"name": "random-20-8.00-13.json", "solution": {"time": 0.000602971, "max_depth": 20, "is_feasible": true}, "AVD": 8.595374999999999}