{"name": "random-20-2.00-40.json", "solution": {"time": 0.001212196, "max_depth": 0, "is_feasible": false}, "AVD": 3.8363333333333323}