{"name": "random-20-2.60-19.json", "solution": {"time": 0.001620512, "max_depth": 4, "is_feasible": false}, "AVD": 4.338499999999999}