{"name": "random-20-1.00-10.json", "solution": {"time": 0.000508193, "max_depth": 0, "is_feasible": false}, "AVD": 2.8198825757575756}