{"name": "random-20-4.00-38.json", "solution": {"time": 0.000893605, "max_depth": 20, "is_feasible": true}, "AVD": 5.473041666666665}