{"name": "random-20-8.40-10.json", "solution": {"time": 0.000610354, "max_depth": 20, "is_feasible": true}, "AVD": 9.073999999999998}