{"name": "random-20-5.00-21.json", "solution": {"time": 0.000578771, "max_depth": 20, "is_feasible": true}, "AVD": 6.265916666666664}