{"name": "random-20-2.80-48.json", "solution": {"time": 0.001353428, "max_depth": 3, "is_feasible": false}, "AVD": 4.4883333333333315}