{"name": "random-20-4.60-25.json", "solution": {"time": 0.000920003, "max_depth": 20, "is_feasible": true}, "AVD": 5.885499999999998}