{"name": "random-20-3.00-5.json", "solution": {"time": 0.001094404, "max_depth": 4, "is_feasible": false}, "AVD": 4.650374999999999}