{"name": "random-20-3.80-21.json", "solution": {"time": 0.001313364, "max_depth": 20, "is_feasible": true}, "AVD": 5.274045454545454}