{"name": "random-20-8.60-19.json", "solution": {"time": 0.000661482, "max_depth": 20, "is_feasible": true}, "AVD": 9.179999999999998}