{"name": "random-20-2.80-38.json", "solution": {"time": 0.001189732, "max_depth": 0, "is_feasible": false}, "AVD": 4.487958333333332}