{"name": "random-20-0.80-33.json", "solution": {"time": 0.000936773, "max_depth": 0, "is_feasible": false}, "AVD": 2.687087121212122}