{"name": "random-20-3.80-4.json", "solution": {"time": 0.000974874, "max_depth": 20, "is_feasible": true}, "AVD": 5.311124999999999}