{"name": "random-20-5.60-32.json", "solution": {"time": 0.000632313, "max_depth": 20, "is_feasible": true}, "AVD": 6.742416666666664}