{"name": "random-20-10.00-22.json", "solution": {"time": 0.00064464, "max_depth": 20, "is_feasible": true}, "AVD": 10.337500000000002}