{"name": "random-20-5.20-10.json", "solution": {"time": 0.000704124, "max_depth": 20, "is_feasible": true}, "AVD": 6.411749999999998}