{"name": "random-20-0.80-2.json", "solution": {"time": 0.000571471, "max_depth": 0, "is_feasible": false}, "AVD": 2.5947613636363642}