{"name": "random-20-7.00-24.json", "solution": {"time": 0.000610363, "max_depth": 20, "is_feasible": true}, "AVD": 7.795874999999998}