{"name": "random-20-7.60-2.json", "solution": {"time": 0.000682354, "max_depth": 20, "is_feasible": true}, "AVD": 8.395999999999999}