{"name": "random-20-9.60-46.json", "solution": {"time": 0.000620276, "max_depth": 20, "is_feasible": true}, "AVD": 10.039999999999997}