{"name": "random-20-4.60-4.json", "solution": {"time": 0.000743539, "max_depth": 20, "is_feasible": true}, "AVD": 6.007374999999998}