{"name": "random-20-1.80-10.json", "solution": {"time": 0.001379933, "max_depth": 2, "is_feasible": false}, "AVD": 3.6084583333333327}