{"name": "random-20-1.00-21.json", "solution": {"time": 0.00134627, "max_depth": 0, "is_feasible": false}, "AVD": 2.7986742424242412}