{"name": "random-20-7.00-29.json", "solution": {"time": 0.000759613, "max_depth": 20, "is_feasible": true}, "AVD": 7.911999999999999}