{"name": "random-20-1.80-22.json", "solution": {"time": 0.001319877, "max_depth": 0, "is_feasible": false}, "AVD": 3.6270492424242433}