{"name": "random-20-1.40-19.json", "solution": {"time": 0.001056621, "max_depth": 0, "is_feasible": false}, "AVD": 3.253003787878788}