{"name": "random-20-3.20-44.json", "solution": {"time": 0.001093134, "max_depth": 0, "is_feasible": false}, "AVD": 4.765458333333333}