{"name": "random-20-2.20-24.json", "solution": {"time": 0.00116993, "max_depth": 0, "is_feasible": false}, "AVD": 3.9675416666666665}