{"name": "random-20-8.00-22.json", "solution": {"time": 0.000635536, "max_depth": 20, "is_feasible": true}, "AVD": 8.722249999999999}