{"name": "random-20-7.20-17.json", "solution": {"time": 0.000633597, "max_depth": 20, "is_feasible": true}, "AVD": 8.031249999999998}