{"name": "random-20-4.80-40.json", "solution": {"time": 0.000841618, "max_depth": 20, "is_feasible": true}, "AVD": 6.198124999999996}