{"name": "random-20-9.20-46.json", "solution": {"time": 0.000626016, "max_depth": 20, "is_feasible": true}, "AVD": 9.745999999999999}