{"name": "random-20-1.60-0.json", "solution": {"time": 0.001229363, "max_depth": 0, "is_feasible": false}, "AVD": 3.4722575757575727}