{"name": "random-20-4.00-49.json", "solution": {"time": 0.001115659, "max_depth": 20, "is_feasible": true}, "AVD": 5.430791666666665}