{"name": "random-20-6.40-44.json", "solution": {"time": 0.000596656, "max_depth": 20, "is_feasible": true}, "AVD": 7.233374999999998}