{"name": "random-20-5.20-17.json", "solution": {"time": 0.000744455, "max_depth": 20, "is_feasible": true}, "AVD": 6.399124999999999}