{"name": "random-20-6.40-7.json", "solution": {"time": 0.000620459, "max_depth": 20, "is_feasible": true}, "AVD": 7.505249999999998}