{"name": "random-20-7.00-41.json", "solution": {"time": 0.011924553, "max_depth": 20, "is_feasible": true}, "AVD": 7.8886249999999976}