{"name": "random-20-0.40-1.json", "solution": {"time": 0.000949853, "max_depth": 0, "is_feasible": false}, "AVD": 2.15734324009324}