{"name": "random-20-9.00-0.json", "solution": {"time": 0.000622834, "max_depth": 20, "is_feasible": true}, "AVD": 9.564874999999999}