{"name": "random-20-1.40-47.json", "solution": {"time": 0.00129585, "max_depth": 0, "is_feasible": false}, "AVD": 3.255916666666664}