{"name": "random-20-3.00-30.json", "solution": {"time": 0.001158441, "max_depth": 0, "is_feasible": false}, "AVD": 4.6333749999999965}