{"name": "random-20-4.00-10.json", "solution": {"time": 0.003750814, "max_depth": 20, "is_feasible": true}, "AVD": 5.4430000000000005}