{"name": "random-20-2.00-48.json", "solution": {"time": 0.001155824, "max_depth": 2, "is_feasible": false}, "AVD": 3.8303749999999988}