{"name": "random-20-7.00-37.json", "solution": {"time": 0.000609082, "max_depth": 20, "is_feasible": true}, "AVD": 7.821249999999997}