{"name": "random-20-2.60-2.json", "solution": {"time": 0.001973762, "max_depth": 3, "is_feasible": false}, "AVD": 4.373583333333331}