{"name": "random-20-1.40-14.json", "solution": {"time": 0.000801647, "max_depth": 0, "is_feasible": false}, "AVD": 3.31621590909091}