{"name": "random-20-2.00-36.json", "solution": {"time": 0.00114004, "max_depth": 0, "is_feasible": false}, "AVD": 3.7679621212121206}