{"name": "random-20-3.80-46.json", "solution": {"time": 0.001645363, "max_depth": 20, "is_feasible": true}, "AVD": 5.328374999999997}