{"name": "random-20-5.40-16.json", "solution": {"time": 0.000569955, "max_depth": 20, "is_feasible": true}, "AVD": 6.567374999999998}