{"name": "random-20-6.00-21.json", "solution": {"time": 0.000698325, "max_depth": 20, "is_feasible": true}, "AVD": 7.114249999999998}