{"name": "random-20-8.40-1.json", "solution": {"time": 0.000665642, "max_depth": 20, "is_feasible": true}, "AVD": 9.100249999999999}