{"name": "random-20-2.20-1.json", "solution": {"time": 0.001238307, "max_depth": 2, "is_feasible": false}, "AVD": 3.9132083333333334}