{"name": "random-20-3.40-11.json", "solution": {"time": 0.002885896, "max_depth": 20, "is_feasible": true}, "AVD": 5.072833333333333}