{"name": "random-20-1.20-28.json", "solution": {"time": 0.00121282, "max_depth": 0, "is_feasible": false}, "AVD": 3.001469696969697}