{"name": "random-20-0.40-39.json", "solution": {"time": 0.000486709, "max_depth": 0, "is_feasible": false}, "AVD": 2.0728432400932384}