{"name": "random-20-0.80-32.json", "solution": {"time": 0.000982496, "max_depth": 0, "is_feasible": false}, "AVD": 2.604166666666665}