{"name": "random-20-3.00-3.json", "solution": {"time": 0.001626274, "max_depth": 4, "is_feasible": false}, "AVD": 4.642916666666666}