{"name": "random-20-0.80-4.json", "solution": {"time": 0.000729883, "max_depth": 0, "is_feasible": false}, "AVD": 2.6019621212121193}