{"name": "random-20-6.60-28.json", "solution": {"time": 0.000655066, "max_depth": 20, "is_feasible": true}, "AVD": 7.586166666666664}