{"name": "random-20-8.00-33.json", "solution": {"time": 0.000647865, "max_depth": 20, "is_feasible": true}, "AVD": 8.685624999999998}