{"name": "random-20-4.40-13.json", "solution": {"time": 0.001651622, "max_depth": 20, "is_feasible": true}, "AVD": 5.745874999999997}