{"name": "random-20-3.60-16.json", "solution": {"time": 0.00253286, "max_depth": 9, "is_feasible": false}, "AVD": 5.110999999999999}