{"name": "random-20-6.00-30.json", "solution": {"time": 0.0007004, "max_depth": 20, "is_feasible": true}, "AVD": 7.108999999999996}