{"name": "random-20-8.00-12.json", "solution": {"time": 0.000642803, "max_depth": 20, "is_feasible": true}, "AVD": 8.793249999999997}