{"name": "random-20-1.80-19.json", "solution": {"time": 0.001536125, "max_depth": 3, "is_feasible": false}, "AVD": 3.656499999999999}