{"name": "random-20-1.20-11.json", "solution": {"time": 0.001332339, "max_depth": 2, "is_feasible": false}, "AVD": 3.075962121212121}