{"name": "random-20-2.20-45.json", "solution": {"time": 0.001202251, "max_depth": 0, "is_feasible": false}, "AVD": 3.9510833333333304}