{"name": "random-20-3.40-2.json", "solution": {"time": 0.004006822, "max_depth": 15, "is_feasible": false}, "AVD": 4.999791666666664}