{"name": "random-20-4.20-21.json", "solution": {"time": 0.000840165, "max_depth": 20, "is_feasible": true}, "AVD": 5.656295454545452}