{"name": "random-20-1.80-21.json", "solution": {"time": 0.001359594, "max_depth": 2, "is_feasible": false}, "AVD": 3.6316249999999997}