{"name": "random-20-4.60-29.json", "solution": {"time": 0.000881715, "max_depth": 20, "is_feasible": true}, "AVD": 5.9868749999999995}