{"name": "random-20-1.20-2.json", "solution": {"time": 0.001194959, "max_depth": 0, "is_feasible": false}, "AVD": 3.037670454545453}