{"name": "random-20-9.20-47.json", "solution": {"time": 0.00061791, "max_depth": 20, "is_feasible": true}, "AVD": 9.638499999999999}