{"name": "random-20-5.80-41.json", "solution": {"time": 0.000661762, "max_depth": 20, "is_feasible": true}, "AVD": 6.897374999999999}