{"name": "random-20-1.80-42.json", "solution": {"time": 0.001196161, "max_depth": 2, "is_feasible": false}, "AVD": 3.644462121212121}