{"name": "random-20-0.80-6.json", "solution": {"time": 0.000453583, "max_depth": 0, "is_feasible": false}, "AVD": 2.7223333333333324}