{"name": "random-20-0.20-25.json", "solution": {"time": 0.000466728, "max_depth": 0, "is_feasible": false}, "AVD": 1.9177954545454525}