{"name": "random-20-7.00-21.json", "solution": {"time": 0.00087788, "max_depth": 20, "is_feasible": true}, "AVD": 7.903249999999998}