{"name": "random-20-3.20-43.json", "solution": {"time": 0.001397285, "max_depth": 2, "is_feasible": false}, "AVD": 4.788045454545454}