{"name": "random-20-4.00-47.json", "solution": {"time": 0.001385106, "max_depth": 20, "is_feasible": true}, "AVD": 5.452541666666665}