{"name": "random-20-4.40-0.json", "solution": {"time": 0.0016494, "max_depth": 20, "is_feasible": true}, "AVD": 5.760166666666665}