{"name": "random-20-3.60-26.json", "solution": {"time": 0.00143903, "max_depth": 3, "is_feasible": false}, "AVD": 5.112375000000002}