{"name": "random-20-1.20-45.json", "solution": {"time": 0.001331399, "max_depth": 0, "is_feasible": false}, "AVD": 3.082160256410254}