{"name": "random-20-2.60-35.json", "solution": {"time": 0.0014056, "max_depth": 4, "is_feasible": false}, "AVD": 4.376708333333333}