{"name": "random-20-5.40-27.json", "solution": {"time": 0.000635383, "max_depth": 20, "is_feasible": true}, "AVD": 6.574499999999998}