{"name": "random-20-9.40-3.json", "solution": {"time": 0.000632624, "max_depth": 20, "is_feasible": true}, "AVD": 9.887749999999999}