{"name": "random-20-6.00-22.json", "solution": {"time": 0.00070603, "max_depth": 20, "is_feasible": true}, "AVD": 7.039249999999998}