{"name": "random-20-6.00-26.json", "solution": {"time": 0.000711618, "max_depth": 20, "is_feasible": true}, "AVD": 7.087999999999999}