{"name": "random-20-0.20-36.json", "solution": {"time": 0.00047915, "max_depth": 0, "is_feasible": false}, "AVD": 1.9121148018648022}