{"name": "random-20-0.80-48.json", "solution": {"time": 0.000735836, "max_depth": 0, "is_feasible": false}, "AVD": 2.617175407925406}