{"name": "random-20-0.80-45.json", "solution": {"time": 0.000728221, "max_depth": 0, "is_feasible": false}, "AVD": 2.6564178321678296}