{"name": "random-20-9.20-17.json", "solution": {"time": 0.000645519, "max_depth": 20, "is_feasible": true}, "AVD": 9.717249999999998}