{"name": "random-20-5.20-27.json", "solution": {"time": 0.000656448, "max_depth": 20, "is_feasible": true}, "AVD": 6.4712499999999995}