{"name": "random-20-6.40-14.json", "solution": {"time": 0.000576332, "max_depth": 20, "is_feasible": true}, "AVD": 7.373999999999998}