{"name": "random-20-2.80-8.json", "solution": {"time": 0.003109289, "max_depth": 6, "is_feasible": false}, "AVD": 4.521958333333333}