{"name": "random-20-2.40-32.json", "solution": {"time": 0.001443052, "max_depth": 3, "is_feasible": false}, "AVD": 4.154753787878787}