{"name": "random-20-9.40-25.json", "solution": {"time": 0.000609724, "max_depth": 20, "is_feasible": true}, "AVD": 9.908749999999998}