{"name": "random-20-5.20-38.json", "solution": {"time": 0.000708132, "max_depth": 20, "is_feasible": true}, "AVD": 6.396291666666666}