{"name": "random-20-6.60-2.json", "solution": {"time": 0.000632649, "max_depth": 20, "is_feasible": true}, "AVD": 7.607000000000001}