{"name": "random-20-4.40-21.json", "solution": {"time": 0.000943896, "max_depth": 20, "is_feasible": true}, "AVD": 5.781795454545452}