{"name": "random-20-3.00-48.json", "solution": {"time": 0.001232177, "max_depth": 3, "is_feasible": false}, "AVD": 4.640833333333331}