{"name": "random-20-2.20-12.json", "solution": {"time": 0.00115307, "max_depth": 2, "is_feasible": false}, "AVD": 3.9815454545454534}