{"name": "random-20-7.00-12.json", "solution": {"time": 0.000784941, "max_depth": 20, "is_feasible": true}, "AVD": 7.998749999999999}