{"name": "random-20-1.00-46.json", "solution": {"time": 0.000492223, "max_depth": 0, "is_feasible": false}, "AVD": 2.907458333333334}