{"name": "random-20-6.20-27.json", "solution": {"time": 0.000643702, "max_depth": 20, "is_feasible": true}, "AVD": 7.260249999999999}