{"name": "random-20-4.40-41.json", "solution": {"time": 0.000649753, "max_depth": 20, "is_feasible": true}, "AVD": 5.811291666666665}