{"name": "random-20-9.60-49.json", "solution": {"time": 0.000682231, "max_depth": 20, "is_feasible": true}, "AVD": 10.080249999999998}