{"name": "random-20-4.80-15.json", "solution": {"time": 0.001477358, "max_depth": 20, "is_feasible": true}, "AVD": 6.140041666666666}