{"name": "random-20-0.20-45.json", "solution": {"time": 0.000566313, "max_depth": 0, "is_feasible": false}, "AVD": 1.7965068473193457}