{"name": "random-20-9.00-39.json", "solution": {"time": 0.000622062, "max_depth": 20, "is_feasible": true}, "AVD": 9.587750000000002}