{"name": "random-20-5.60-25.json", "solution": {"time": 0.000681441, "max_depth": 20, "is_feasible": true}, "AVD": 6.735749999999999}