{"name": "random-20-4.80-38.json", "solution": {"time": 0.000716177, "max_depth": 20, "is_feasible": true}, "AVD": 6.069916666666665}