{"name": "random-20-1.00-9.json", "solution": {"time": 0.001192625, "max_depth": 0, "is_feasible": false}, "AVD": 2.8939999999999984}