{"name": "random-20-1.40-6.json", "solution": {"time": 0.001491622, "max_depth": 0, "is_feasible": false}, "AVD": 3.334624999999998}