{"name": "random-20-4.60-8.json", "solution": {"time": 0.01162446, "max_depth": 20, "is_feasible": true}, "AVD": 6.000541666666665}