{"name": "random-20-2.80-45.json", "solution": {"time": 0.001587518, "max_depth": 3, "is_feasible": false}, "AVD": 4.4584166666666665}