{"name": "random-20-6.80-30.json", "solution": {"time": 0.000859131, "max_depth": 20, "is_feasible": true}, "AVD": 7.760749999999997}