{"name": "random-20-8.00-3.json", "solution": {"time": 0.000612391, "max_depth": 20, "is_feasible": true}, "AVD": 8.664499999999997}