{"name": "random-20-3.00-15.json", "solution": {"time": 0.001472934, "max_depth": 3, "is_feasible": false}, "AVD": 4.684166666666665}