{"name": "random-20-7.60-8.json", "solution": {"time": 0.000619225, "max_depth": 20, "is_feasible": true}, "AVD": 8.506249999999998}