{"name": "random-20-2.00-33.json", "solution": {"time": 0.000820323, "max_depth": 0, "is_feasible": false}, "AVD": 3.7460416666666645}