{"name": "random-20-7.20-29.json", "solution": {"time": 0.000662457, "max_depth": 20, "is_feasible": true}, "AVD": 8.062499999999998}