{"name": "random-20-1.60-36.json", "solution": {"time": 0.00065621, "max_depth": 0, "is_feasible": false}, "AVD": 3.441295454545454}