{"name": "random-20-7.80-7.json", "solution": {"time": 0.000638353, "max_depth": 20, "is_feasible": true}, "AVD": 8.626999999999999}