{"name": "random-20-4.80-21.json", "solution": {"time": 0.000833488, "max_depth": 20, "is_feasible": true}, "AVD": 6.133499999999996}