{"name": "random-20-2.00-0.json", "solution": {"time": 0.0014015, "max_depth": 3, "is_feasible": false}, "AVD": 3.8298787878787848}