{"name": "random-20-6.80-39.json", "solution": {"time": 0.000904487, "max_depth": 20, "is_feasible": true}, "AVD": 7.713624999999998}