{"name": "random-20-0.80-30.json", "solution": {"time": 0.000944046, "max_depth": 0, "is_feasible": false}, "AVD": 2.7026856060606033}