{"name": "random-20-8.20-28.json", "solution": {"time": 0.000606768, "max_depth": 20, "is_feasible": true}, "AVD": 8.932500000000001}