{"name": "random-20-5.40-10.json", "solution": {"time": 0.000663683, "max_depth": 20, "is_feasible": true}, "AVD": 6.576249999999999}