{"name": "random-20-4.60-46.json", "solution": {"time": 0.001026768, "max_depth": 20, "is_feasible": true}, "AVD": 6.013374999999998}