{"name": "random-20-6.80-28.json", "solution": {"time": 0.000964735, "max_depth": 20, "is_feasible": true}, "AVD": 7.727624999999998}