{"name": "random-20-0.60-9.json", "solution": {"time": 0.000494431, "max_depth": 0, "is_feasible": false}, "AVD": 2.4735428321678326}