{"name": "random-20-10.00-48.json", "solution": {"time": 0.000625169, "max_depth": 20, "is_feasible": true}, "AVD": 10.424999999999999}