{"name": "random-20-6.60-19.json", "solution": {"time": 0.000604979, "max_depth": 20, "is_feasible": true}, "AVD": 7.551624999999999}