{"name": "random-20-0.20-4.json", "solution": {"time": 0.000501954, "max_depth": 0, "is_feasible": false}, "AVD": 1.8249466783216781}