{"name": "random-20-5.00-32.json", "solution": {"time": 0.000661503, "max_depth": 20, "is_feasible": true}, "AVD": 6.206749999999999}