{"name": "random-20-6.40-8.json", "solution": {"time": 0.000604277, "max_depth": 20, "is_feasible": true}, "AVD": 7.444374999999999}