{"name": "random-20-9.20-41.json", "solution": {"time": 0.000710045, "max_depth": 20, "is_feasible": true}, "AVD": 9.724999999999998}