{"name": "random-20-5.20-36.json", "solution": {"time": 0.000711896, "max_depth": 20, "is_feasible": true}, "AVD": 6.397624999999997}