{"name": "random-20-7.80-45.json", "solution": {"time": 0.000726997, "max_depth": 20, "is_feasible": true}, "AVD": 8.592749999999999}