{"name": "random-20-7.20-35.json", "solution": {"time": 0.000600269, "max_depth": 20, "is_feasible": true}, "AVD": 8.024874999999998}