{"name": "random-20-4.80-24.json", "solution": {"time": 0.000683048, "max_depth": 20, "is_feasible": true}, "AVD": 6.015041666666666}