{"name": "random-20-3.60-49.json", "solution": {"time": 0.000705215, "max_depth": 20, "is_feasible": true}, "AVD": 5.15608333333333}