{"name": "random-20-5.60-16.json", "solution": {"time": 0.000635131, "max_depth": 20, "is_feasible": true}, "AVD": 6.721374999999997}