{"name": "random-20-5.40-21.json", "solution": {"time": 0.000880112, "max_depth": 20, "is_feasible": true}, "AVD": 6.665374999999997}