{"name": "random-20-6.40-42.json", "solution": {"time": 0.000583955, "max_depth": 20, "is_feasible": true}, "AVD": 7.378749999999998}