{"name": "random-20-5.20-16.json", "solution": {"time": 0.000580393, "max_depth": 20, "is_feasible": true}, "AVD": 6.388749999999997}