{"name": "random-20-2.20-43.json", "solution": {"time": 0.001346239, "max_depth": 2, "is_feasible": false}, "AVD": 3.9912954545454538}