{"name": "random-20-8.40-9.json", "solution": {"time": 0.000789732, "max_depth": 20, "is_feasible": true}, "AVD": 8.986749999999999}