{"name": "random-20-2.60-22.json", "solution": {"time": 0.001372994, "max_depth": 3, "is_feasible": false}, "AVD": 4.325587121212122}