{"name": "random-20-2.60-4.json", "solution": {"time": 0.001323009, "max_depth": 2, "is_feasible": false}, "AVD": 4.3100000000000005}