{"name": "random-20-0.80-37.json", "solution": {"time": 0.000915062, "max_depth": 0, "is_feasible": false}, "AVD": 2.704213286713285}