{"name": "random-20-0.80-12.json", "solution": {"time": 0.000560595, "max_depth": 0, "is_feasible": false}, "AVD": 2.648424242424241}