{"name": "random-20-1.80-38.json", "solution": {"time": 0.001122043, "max_depth": 0, "is_feasible": false}, "AVD": 3.6358749999999986}