{"name": "random-20-0.20-37.json", "solution": {"time": 0.000493621, "max_depth": 0, "is_feasible": false}, "AVD": 1.90721182983683}