{"name": "random-20-6.60-5.json", "solution": {"time": 0.000861976, "max_depth": 20, "is_feasible": true}, "AVD": 7.512499999999998}