{"name": "random-20-0.00-23.json", "solution": {"time": 0.000551319, "max_depth": 0, "is_feasible": false}, "AVD": 1.3426092657342654}