{"name": "random-20-0.60-35.json", "solution": {"time": 0.000748779, "max_depth": 0, "is_feasible": false}, "AVD": 2.423727272727272}