{"name": "random-20-8.20-2.json", "solution": {"time": 0.00059306, "max_depth": 20, "is_feasible": true}, "AVD": 8.911249999999999}