{"name": "random-20-9.20-27.json", "solution": {"time": 0.000721374, "max_depth": 20, "is_feasible": true}, "AVD": 9.765249999999998}