{"name": "random-20-8.00-47.json", "solution": {"time": 0.000664402, "max_depth": 20, "is_feasible": true}, "AVD": 8.614749999999999}