{"name": "random-20-4.00-31.json", "solution": {"time": 0.001249707, "max_depth": 3, "is_feasible": false}, "AVD": 5.372499999999997}