{"name": "random-20-9.80-29.json", "solution": {"time": 0.000624186, "max_depth": 20, "is_feasible": true}, "AVD": 10.251749999999998}