{"name": "random-20-4.20-22.json", "solution": {"time": 0.002101128, "max_depth": 20, "is_feasible": true}, "AVD": 5.607041666666664}