{"name": "random-20-1.40-31.json", "solution": {"time": 0.000530224, "max_depth": 0, "is_feasible": false}, "AVD": 3.2994166666666658}