{"name": "random-20-0.40-25.json", "solution": {"time": 0.000428673, "max_depth": 0, "is_feasible": false}, "AVD": 2.2355606060606057}