{"name": "random-20-3.20-13.json", "solution": {"time": 0.00195253, "max_depth": 11, "is_feasible": false}, "AVD": 4.8166249999999975}