{"name": "random-20-4.20-39.json", "solution": {"time": 0.002027585, "max_depth": 6, "is_feasible": false}, "AVD": 5.577666666666664}