{"name": "random-20-0.40-37.json", "solution": {"time": 0.000499895, "max_depth": 0, "is_feasible": false}, "AVD": 2.26012733100233}