{"name": "random-20-6.40-29.json", "solution": {"time": 0.000636137, "max_depth": 20, "is_feasible": true}, "AVD": 7.382749999999999}