{"name": "random-20-9.40-34.json", "solution": {"time": 0.000694542, "max_depth": 20, "is_feasible": true}, "AVD": 9.921000000000001}