{"name": "random-20-8.80-23.json", "solution": {"time": 0.000603497, "max_depth": 20, "is_feasible": true}, "AVD": 9.374999999999998}