{"name": "random-20-5.20-39.json", "solution": {"time": 0.00061816, "max_depth": 20, "is_feasible": true}, "AVD": 6.375166666666664}