{"name": "random-20-1.00-35.json", "solution": {"time": 0.001453428, "max_depth": 0, "is_feasible": false}, "AVD": 2.850462121212119}