{"name": "random-20-7.60-28.json", "solution": {"time": 0.000634052, "max_depth": 20, "is_feasible": true}, "AVD": 8.435500000000001}