{"name": "random-20-7.40-25.json", "solution": {"time": 0.000653114, "max_depth": 20, "is_feasible": true}, "AVD": 8.197749999999997}