{"name": "random-20-0.80-31.json", "solution": {"time": 0.000909227, "max_depth": 0, "is_feasible": false}, "AVD": 2.7294659090909072}