{"name": "random-20-5.40-36.json", "solution": {"time": 0.000708071, "max_depth": 20, "is_feasible": true}, "AVD": 6.532374999999999}