{"name": "random-20-3.40-32.json", "solution": {"time": 0.001575788, "max_depth": 3, "is_feasible": false}, "AVD": 4.931295454545453}