{"name": "random-20-7.80-32.json", "solution": {"time": 0.000608988, "max_depth": 20, "is_feasible": true}, "AVD": 8.591874999999998}