{"name": "random-20-6.60-0.json", "solution": {"time": 0.000600821, "max_depth": 20, "is_feasible": true}, "AVD": 7.5755416666666635}