{"name": "random-20-4.40-23.json", "solution": {"time": 0.001134847, "max_depth": 20, "is_feasible": true}, "AVD": 5.763374999999998}