{"name": "random-20-6.60-36.json", "solution": {"time": 0.000624425, "max_depth": 20, "is_feasible": true}, "AVD": 7.509916666666665}