{"name": "random-20-0.00-17.json", "solution": {"time": 0.00055156, "max_depth": 0, "is_feasible": false}, "AVD": 1.3497009032634002}