{"name": "random-20-9.60-42.json", "solution": {"time": 0.00061195, "max_depth": 20, "is_feasible": true}, "AVD": 9.968250000000001}