{"name": "random-20-4.20-0.json", "solution": {"time": 0.002003883, "max_depth": 20, "is_feasible": true}, "AVD": 5.578041666666666}