{"name": "random-20-0.80-39.json", "solution": {"time": 0.000836273, "max_depth": 2, "is_feasible": false}, "AVD": 2.6373409090909106}