{"name": "random-20-0.20-23.json", "solution": {"time": 0.00047661, "max_depth": 0, "is_feasible": false}, "AVD": 1.7824845571095576}