{"name": "random-20-6.20-15.json", "solution": {"time": 0.000658312, "max_depth": 20, "is_feasible": true}, "AVD": 7.266374999999999}