{"name": "random-20-6.80-11.json", "solution": {"time": 0.000669433, "max_depth": 20, "is_feasible": true}, "AVD": 7.705499999999996}