{"name": "random-20-2.40-45.json", "solution": {"time": 0.00121451, "max_depth": 0, "is_feasible": false}, "AVD": 4.100791666666664}