{"name": "random-20-3.80-44.json", "solution": {"time": 0.001082732, "max_depth": 0, "is_feasible": false}, "AVD": 5.213166666666666}