{"name": "random-20-6.60-15.json", "solution": {"time": 0.000593106, "max_depth": 20, "is_feasible": true}, "AVD": 7.586749999999998}