{"name": "random-20-5.60-26.json", "solution": {"time": 0.000840711, "max_depth": 20, "is_feasible": true}, "AVD": 6.737874999999998}