{"name": "random-20-9.40-8.json", "solution": {"time": 0.000641192, "max_depth": 20, "is_feasible": true}, "AVD": 9.910499999999999}