{"name": "random-20-1.00-42.json", "solution": {"time": 0.000752282, "max_depth": 0, "is_feasible": false}, "AVD": 2.927837121212122}