{"name": "random-20-7.60-3.json", "solution": {"time": 0.000605809, "max_depth": 20, "is_feasible": true}, "AVD": 8.232249999999999}