{"name": "random-20-10.00-30.json", "solution": {"time": 0.000645194, "max_depth": 20, "is_feasible": true}, "AVD": 10.377749999999997}