{"name": "random-20-6.20-19.json", "solution": {"time": 0.0006119, "max_depth": 20, "is_feasible": true}, "AVD": 7.236624999999998}