{"name": "random-20-6.80-1.json", "solution": {"time": 0.000660409, "max_depth": 20, "is_feasible": true}, "AVD": 7.6934999999999985}