{"name": "random-20-2.20-6.json", "solution": {"time": 0.001778773, "max_depth": 8, "is_feasible": false}, "AVD": 4.037124999999999}