{"name": "random-20-8.40-38.json", "solution": {"time": 0.000683185, "max_depth": 20, "is_feasible": true}, "AVD": 9.017999999999997}