{"name": "random-20-3.60-31.json", "solution": {"time": 0.001271447, "max_depth": 3, "is_feasible": false}, "AVD": 5.083124999999997}