{"name": "random-20-7.20-27.json", "solution": {"time": 0.000852114, "max_depth": 20, "is_feasible": true}, "AVD": 8.142999999999999}