{"name": "random-20-5.80-15.json", "solution": {"time": 0.000720152, "max_depth": 20, "is_feasible": true}, "AVD": 6.928916666666666}