{"name": "random-20-6.60-39.json", "solution": {"time": 0.000607203, "max_depth": 20, "is_feasible": true}, "AVD": 7.557874999999998}