{"name": "random-20-9.40-15.json", "solution": {"time": 0.000622478, "max_depth": 20, "is_feasible": true}, "AVD": 9.899999999999999}