{"name": "random-20-8.00-4.json", "solution": {"time": 0.000607626, "max_depth": 20, "is_feasible": true}, "AVD": 8.680249999999997}