{"name": "random-20-0.60-40.json", "solution": {"time": 0.000495371, "max_depth": 0, "is_feasible": false}, "AVD": 2.450924242424242}