{"name": "random-20-5.20-5.json", "solution": {"time": 0.001509238, "max_depth": 20, "is_feasible": true}, "AVD": 6.354124999999997}