{"name": "random-20-4.40-4.json", "solution": {"time": 0.000943173, "max_depth": 20, "is_feasible": true}, "AVD": 5.848124999999999}