{"name": "random-20-3.60-22.json", "solution": {"time": 0.002200268, "max_depth": 20, "is_feasible": true}, "AVD": 5.1068333333333324}