{"name": "random-20-8.00-0.json", "solution": {"time": 0.000728992, "max_depth": 20, "is_feasible": true}, "AVD": 8.648166666666665}