{"name": "random-20-6.40-26.json", "solution": {"time": 0.000648789, "max_depth": 20, "is_feasible": true}, "AVD": 7.404749999999997}