{"name": "random-20-8.00-15.json", "solution": {"time": 0.000650452, "max_depth": 20, "is_feasible": true}, "AVD": 8.687249999999999}