{"name": "random-20-0.60-17.json", "solution": {"time": 0.000889627, "max_depth": 0, "is_feasible": false}, "AVD": 2.457223484848485}