{"name": "random-20-0.00-38.json", "solution": {"time": 0.0006049, "max_depth": 0, "is_feasible": false}, "AVD": 1.3029625582750561}