{"name": "random-20-1.20-36.json", "solution": {"time": 0.001325126, "max_depth": 0, "is_feasible": false}, "AVD": 3.034128787878789}