{"name": "random-20-0.20-38.json", "solution": {"time": 0.000514224, "max_depth": 0, "is_feasible": false}, "AVD": 1.8078155594405583}