{"name": "random-20-5.20-28.json", "solution": {"time": 0.000630579, "max_depth": 20, "is_feasible": true}, "AVD": 6.410166666666664}