{"name": "random-20-4.20-32.json", "solution": {"time": 0.001048876, "max_depth": 20, "is_feasible": true}, "AVD": 5.604795454545454}