{"name": "random-20-8.00-6.json", "solution": {"time": 0.00059874, "max_depth": 20, "is_feasible": true}, "AVD": 8.765999999999998}