{"name": "random-20-8.80-46.json", "solution": {"time": 0.000708118, "max_depth": 20, "is_feasible": true}, "AVD": 9.399499999999998}