{"name": "random-20-6.80-32.json", "solution": {"time": 0.000679038, "max_depth": 20, "is_feasible": true}, "AVD": 7.695874999999998}