{"name": "random-20-1.00-49.json", "solution": {"time": 0.000619463, "max_depth": 0, "is_feasible": false}, "AVD": 2.929795454545455}