{"name": "random-20-3.40-44.json", "solution": {"time": 0.000893498, "max_depth": 0, "is_feasible": false}, "AVD": 4.918458333333333}