{"name": "random-20-4.80-34.json", "solution": {"time": 0.000685045, "max_depth": 20, "is_feasible": true}, "AVD": 6.093374999999998}