{"name": "random-20-5.00-10.json", "solution": {"time": 0.000705582, "max_depth": 20, "is_feasible": true}, "AVD": 6.267749999999998}