{"name": "random-20-2.00-29.json", "solution": {"time": 0.00085293, "max_depth": 0, "is_feasible": false}, "AVD": 3.818708333333331}