{"name": "random-20-4.40-20.json", "solution": {"time": 0.000811222, "max_depth": 20, "is_feasible": true}, "AVD": 5.846291666666666}