{"name": "random-20-7.20-0.json", "solution": {"time": 0.000645313, "max_depth": 20, "is_feasible": true}, "AVD": 8.049666666666665}