{"name": "random-20-1.20-41.json", "solution": {"time": 0.001371778, "max_depth": 0, "is_feasible": false}, "AVD": 3.0459204545454543}