{"name": "random-20-8.40-19.json", "solution": {"time": 0.000631972, "max_depth": 20, "is_feasible": true}, "AVD": 9.031249999999996}