{"name": "random-20-3.80-3.json", "solution": {"time": 0.001776728, "max_depth": 5, "is_feasible": false}, "AVD": 5.304541666666666}