{"name": "random-20-3.60-47.json", "solution": {"time": 0.001976586, "max_depth": 20, "is_feasible": true}, "AVD": 5.114458333333332}