{"name": "random-20-5.00-23.json", "solution": {"time": 0.000723099, "max_depth": 20, "is_feasible": true}, "AVD": 6.224624999999998}