{"name": "random-20-1.60-20.json", "solution": {"time": 0.001374856, "max_depth": 2, "is_feasible": false}, "AVD": 3.402622377622378}