{"name": "random-20-3.80-17.json", "solution": {"time": 0.000810407, "max_depth": 20, "is_feasible": true}, "AVD": 5.281374999999999}