{"name": "random-20-6.80-10.json", "solution": {"time": 0.000661204, "max_depth": 20, "is_feasible": true}, "AVD": 7.723999999999998}