{"name": "random-20-1.60-11.json", "solution": {"time": 0.001407586, "max_depth": 2, "is_feasible": false}, "AVD": 3.424128787878786}