{"name": "random-20-2.20-20.json", "solution": {"time": 0.001595916, "max_depth": 3, "is_feasible": false}, "AVD": 3.902878787878786}