{"name": "random-20-3.80-13.json", "solution": {"time": 0.001487642, "max_depth": 20, "is_feasible": true}, "AVD": 5.283624999999998}