{"name": "random-20-1.80-49.json", "solution": {"time": 0.001359173, "max_depth": 2, "is_feasible": false}, "AVD": 3.689374999999999}