{"name": "random-20-0.60-4.json", "solution": {"time": 0.000509839, "max_depth": 0, "is_feasible": false}, "AVD": 2.397965909090908}