{"name": "random-20-1.20-42.json", "solution": {"time": 0.001526041, "max_depth": 0, "is_feasible": false}, "AVD": 3.116503787878788}