{"name": "random-20-2.00-45.json", "solution": {"time": 0.001251365, "max_depth": 0, "is_feasible": false}, "AVD": 3.7798333333333303}