{"name": "random-20-5.20-20.json", "solution": {"time": 0.000617735, "max_depth": 20, "is_feasible": true}, "AVD": 6.453124999999997}