{"name": "random-20-6.20-25.json", "solution": {"time": 0.000770492, "max_depth": 20, "is_feasible": true}, "AVD": 7.1469999999999985}