{"name": "random-20-6.80-47.json", "solution": {"time": 0.000683486, "max_depth": 20, "is_feasible": true}, "AVD": 7.621749999999999}