{"name": "random-20-6.20-46.json", "solution": {"time": 0.000599177, "max_depth": 20, "is_feasible": true}, "AVD": 7.247249999999998}