{"name": "random-20-4.00-28.json", "solution": {"time": 0.001099715, "max_depth": 20, "is_feasible": true}, "AVD": 5.5259166666666655}