{"name": "random-20-8.80-31.json", "solution": {"time": 0.000674196, "max_depth": 20, "is_feasible": true}, "AVD": 9.355749999999997}