{"name": "random-20-9.20-12.json", "solution": {"time": 0.000625738, "max_depth": 20, "is_feasible": true}, "AVD": 9.770499999999998}