{"name": "random-20-5.00-11.json", "solution": {"time": 0.000677659, "max_depth": 20, "is_feasible": true}, "AVD": 6.3169999999999975}