{"name": "random-20-6.20-22.json", "solution": {"time": 0.000693877, "max_depth": 20, "is_feasible": true}, "AVD": 7.207999999999998}