{"name": "random-20-0.40-6.json", "solution": {"time": 0.000984222, "max_depth": 0, "is_feasible": false}, "AVD": 2.1972625291375296}