{"name": "random-20-5.20-41.json", "solution": {"time": 0.000752839, "max_depth": 20, "is_feasible": true}, "AVD": 6.439874999999998}