{"name": "random-20-4.20-10.json", "solution": {"time": 0.001007499, "max_depth": 20, "is_feasible": true}, "AVD": 5.557374999999999}