{"name": "random-20-4.00-43.json", "solution": {"time": 0.001491968, "max_depth": 20, "is_feasible": true}, "AVD": 5.438999999999998}