{"name": "random-20-3.60-42.json", "solution": {"time": 0.001171269, "max_depth": 2, "is_feasible": false}, "AVD": 5.079249999999999}