{"name": "random-20-2.60-24.json", "solution": {"time": 0.001154572, "max_depth": 0, "is_feasible": false}, "AVD": 4.295208333333332}