{"name": "random-20-1.20-5.json", "solution": {"time": 0.000909987, "max_depth": 0, "is_feasible": false}, "AVD": 3.095295454545453}