{"name": "random-20-6.20-30.json", "solution": {"time": 0.000698554, "max_depth": 20, "is_feasible": true}, "AVD": 7.264749999999997}