{"name": "random-20-8.60-27.json", "solution": {"time": 0.000621115, "max_depth": 20, "is_feasible": true}, "AVD": 9.277000000000001}