{"name": "random-20-7.60-46.json", "solution": {"time": 0.000703043, "max_depth": 20, "is_feasible": true}, "AVD": 8.350499999999998}