{"name": "random-20-7.00-30.json", "solution": {"time": 0.000659199, "max_depth": 20, "is_feasible": true}, "AVD": 7.904249999999999}