{"name": "random-20-2.20-11.json", "solution": {"time": 0.001327548, "max_depth": 2, "is_feasible": false}, "AVD": 3.9964204545454534}