{"name": "random-20-1.60-40.json", "solution": {"time": 0.000795504, "max_depth": 0, "is_feasible": false}, "AVD": 3.4720416666666636}