{"name": "random-20-4.40-39.json", "solution": {"time": 0.002107674, "max_depth": 20, "is_feasible": true}, "AVD": 5.684416666666663}