{"name": "random-20-2.40-13.json", "solution": {"time": 0.001191927, "max_depth": 0, "is_feasible": false}, "AVD": 4.166416666666666}