{"name": "random-20-8.60-32.json", "solution": {"time": 0.000596556, "max_depth": 20, "is_feasible": true}, "AVD": 9.284875000000001}