{"name": "random-20-4.40-37.json", "solution": {"time": 0.001171328, "max_depth": 2, "is_feasible": false}, "AVD": 5.735499999999998}