{"name": "random-20-4.40-30.json", "solution": {"time": 0.001056091, "max_depth": 20, "is_feasible": true}, "AVD": 5.812916666666663}