{"name": "random-20-4.60-28.json", "solution": {"time": 0.000976088, "max_depth": 20, "is_feasible": true}, "AVD": 5.9894166666666635}