{"name": "random-20-1.80-17.json", "solution": {"time": 0.001214132, "max_depth": 0, "is_feasible": false}, "AVD": 3.637458333333332}