{"name": "random-20-6.00-11.json", "solution": {"time": 0.000632659, "max_depth": 20, "is_feasible": true}, "AVD": 7.102749999999998}