{"name": "random-20-8.80-2.json", "solution": {"time": 0.00061742, "max_depth": 20, "is_feasible": true}, "AVD": 9.357499999999998}