{"name": "random-20-5.20-32.json", "solution": {"time": 0.000666982, "max_depth": 20, "is_feasible": true}, "AVD": 6.403916666666665}