{"name": "random-20-3.20-22.json", "solution": {"time": 0.001138466, "max_depth": 5, "is_feasible": false}, "AVD": 4.816166666666666}