{"name": "random-20-4.00-17.json", "solution": {"time": 0.000783993, "max_depth": 20, "is_feasible": true}, "AVD": 5.481624999999998}