{"name": "random-20-8.00-16.json", "solution": {"time": 0.000621186, "max_depth": 20, "is_feasible": true}, "AVD": 8.723999999999998}