{"name": "random-20-7.60-32.json", "solution": {"time": 0.00071641, "max_depth": 20, "is_feasible": true}, "AVD": 8.394124999999999}