{"name": "random-20-4.60-37.json", "solution": {"time": 0.001181698, "max_depth": 2, "is_feasible": false}, "AVD": 5.894166666666664}