{"name": "random-20-7.40-28.json", "solution": {"time": 0.000649147, "max_depth": 20, "is_feasible": true}, "AVD": 8.277999999999997}