{"name": "random-20-7.80-17.json", "solution": {"time": 0.000641161, "max_depth": 20, "is_feasible": true}, "AVD": 8.576249999999998}