{"name": "random-20-2.40-1.json", "solution": {"time": 0.001483703, "max_depth": 2, "is_feasible": false}, "AVD": 4.084999999999999}