{"name": "random-20-9.60-16.json", "solution": {"time": 0.00063149, "max_depth": 20, "is_feasible": true}, "AVD": 9.992749999999997}