{"name": "random-20-6.60-46.json", "solution": {"time": 0.000666751, "max_depth": 20, "is_feasible": true}, "AVD": 7.544749999999998}