{"name": "random-20-6.60-1.json", "solution": {"time": 0.000654306, "max_depth": 20, "is_feasible": true}, "AVD": 7.520249999999999}