{"name": "random-20-4.60-16.json", "solution": {"time": 0.000568376, "max_depth": 20, "is_feasible": true}, "AVD": 5.950499999999998}