{"name": "random-20-0.60-30.json", "solution": {"time": 0.000443112, "max_depth": 0, "is_feasible": false}, "AVD": 2.436272727272726}