{"name": "random-20-6.60-9.json", "solution": {"time": 0.000597384, "max_depth": 20, "is_feasible": true}, "AVD": 7.499499999999998}