{"name": "random-20-7.80-21.json", "solution": {"time": 0.000611447, "max_depth": 20, "is_feasible": true}, "AVD": 8.597999999999999}