{"name": "random-20-9.40-41.json", "solution": {"time": 0.000647258, "max_depth": 20, "is_feasible": true}, "AVD": 9.892999999999999}