{"name": "random-20-5.00-38.json", "solution": {"time": 0.000601798, "max_depth": 20, "is_feasible": true}, "AVD": 6.208291666666663}