{"name": "random-20-2.20-41.json", "solution": {"time": 0.00126969, "max_depth": 2, "is_feasible": false}, "AVD": 3.968007575757575}