{"name": "random-20-1.80-32.json", "solution": {"time": 0.001129597, "max_depth": 0, "is_feasible": false}, "AVD": 3.6165454545454536}