{"name": "random-20-2.40-43.json", "solution": {"time": 0.001425624, "max_depth": 2, "is_feasible": false}, "AVD": 4.144420454545454}