{"name": "random-20-2.20-22.json", "solution": {"time": 0.001194012, "max_depth": 0, "is_feasible": false}, "AVD": 3.964795454545454}