{"name": "random-20-0.00-40.json", "solution": {"time": 0.000469782, "max_depth": 0, "is_feasible": false}, "AVD": 1.3869440559440538}