{"name": "random-20-0.00-44.json", "solution": {"time": 0.000513311, "max_depth": 0, "is_feasible": false}, "AVD": 1.3515926573426567}