{"name": "random-20-1.20-24.json", "solution": {"time": 0.001165053, "max_depth": 0, "is_feasible": false}, "AVD": 3.11596212121212}