{"name": "random-20-3.60-12.json", "solution": {"time": 0.001466586, "max_depth": 20, "is_feasible": true}, "AVD": 5.1358333333333315}