{"name": "random-20-2.40-26.json", "solution": {"time": 0.001156725, "max_depth": 0, "is_feasible": false}, "AVD": 4.158833333333332}