{"name": "random-20-2.80-3.json", "solution": {"time": 0.001566996, "max_depth": 4, "is_feasible": false}, "AVD": 4.458708333333332}