{"name": "random-20-2.80-30.json", "solution": {"time": 0.001159775, "max_depth": 0, "is_feasible": false}, "AVD": 4.425541666666664}