{"name": "random-20-4.60-11.json", "solution": {"time": 0.001363247, "max_depth": 20, "is_feasible": true}, "AVD": 6.019624999999999}