{"name": "random-20-5.40-34.json", "solution": {"time": 0.00087056, "max_depth": 20, "is_feasible": true}, "AVD": 6.593874999999997}