{"name": "random-20-5.60-47.json", "solution": {"time": 0.000693826, "max_depth": 20, "is_feasible": true}, "AVD": 6.686499999999997}