{"name": "random-20-0.80-42.json", "solution": {"time": 0.000707826, "max_depth": 0, "is_feasible": false}, "AVD": 2.7333409090909098}