{"name": "random-20-6.60-30.json", "solution": {"time": 0.000653813, "max_depth": 20, "is_feasible": true}, "AVD": 7.589249999999998}