{"name": "random-20-5.60-31.json", "solution": {"time": 0.000682823, "max_depth": 20, "is_feasible": true}, "AVD": 6.661749999999998}