{"name": "random-20-7.80-5.json", "solution": {"time": 0.001194575, "max_depth": 20, "is_feasible": true}, "AVD": 8.534249999999998}