{"name": "random-20-0.80-17.json", "solution": {"time": 0.000549292, "max_depth": 0, "is_feasible": false}, "AVD": 2.6522575757575764}