{"name": "random-20-4.80-48.json", "solution": {"time": 0.000915165, "max_depth": 20, "is_feasible": true}, "AVD": 6.061624999999997}