{"name": "random-20-6.00-15.json", "solution": {"time": 0.000610277, "max_depth": 20, "is_feasible": true}, "AVD": 7.103916666666665}