{"name": "random-20-1.80-6.json", "solution": {"time": 0.001377479, "max_depth": 4, "is_feasible": false}, "AVD": 3.6631249999999995}