{"name": "random-20-6.80-25.json", "solution": {"time": 0.000704464, "max_depth": 20, "is_feasible": true}, "AVD": 7.707749999999999}