{"name": "random-20-8.60-3.json", "solution": {"time": 0.000636299, "max_depth": 20, "is_feasible": true}, "AVD": 9.187749999999998}