{"name": "random-20-0.40-21.json", "solution": {"time": 0.0004318, "max_depth": 0, "is_feasible": false}, "AVD": 2.1624303613053604}