{"name": "random-20-9.20-44.json", "solution": {"time": 0.000699665, "max_depth": 20, "is_feasible": true}, "AVD": 9.679499999999999}