{"name": "random-20-3.80-43.json", "solution": {"time": 0.00137112, "max_depth": 20, "is_feasible": true}, "AVD": 5.270295454545455}