{"name": "random-20-3.00-14.json", "solution": {"time": 0.000918559, "max_depth": 3, "is_feasible": false}, "AVD": 4.696374999999999}