{"name": "random-20-4.80-11.json", "solution": {"time": 0.001277845, "max_depth": 20, "is_feasible": true}, "AVD": 6.184124999999997}