{"name": "random-20-9.60-36.json", "solution": {"time": 0.000679687, "max_depth": 20, "is_feasible": true}, "AVD": 10.058499999999999}