{"name": "random-20-7.60-41.json", "solution": {"time": 0.000750117, "max_depth": 20, "is_feasible": true}, "AVD": 8.347249999999999}