{"name": "random-20-3.00-21.json", "solution": {"time": 0.001654731, "max_depth": 4, "is_feasible": false}, "AVD": 4.648541666666665}