{"name": "random-20-6.60-22.json", "solution": {"time": 0.000700406, "max_depth": 20, "is_feasible": true}, "AVD": 7.529999999999997}