{"name": "random-20-4.80-35.json", "solution": {"time": 0.000631185, "max_depth": 20, "is_feasible": true}, "AVD": 6.124749999999998}