{"name": "random-20-7.80-46.json", "solution": {"time": 0.000688656, "max_depth": 20, "is_feasible": true}, "AVD": 8.586749999999999}