{"name": "random-20-6.60-43.json", "solution": {"time": 0.000593683, "max_depth": 20, "is_feasible": true}, "AVD": 7.5856249999999985}