{"name": "random-20-1.20-3.json", "solution": {"time": 0.001166766, "max_depth": 0, "is_feasible": false}, "AVD": 3.098007575757577}