{"name": "random-20-4.80-25.json", "solution": {"time": 0.001261525, "max_depth": 20, "is_feasible": true}, "AVD": 6.071124999999998}