{"name": "random-20-6.20-37.json", "solution": {"time": 0.000682313, "max_depth": 20, "is_feasible": true}, "AVD": 7.164249999999996}