{"name": "random-20-4.40-25.json", "solution": {"time": 0.000883907, "max_depth": 20, "is_feasible": true}, "AVD": 5.727999999999998}