{"name": "random-20-6.20-11.json", "solution": {"time": 0.000800622, "max_depth": 20, "is_feasible": true}, "AVD": 7.246999999999997}