{"name": "random-20-3.60-48.json", "solution": {"time": 0.00288703, "max_depth": 9, "is_feasible": false}, "AVD": 5.13520833333333}