{"name": "random-20-0.00-10.json", "solution": {"time": 0.000702011, "max_depth": 0, "is_feasible": false}, "AVD": 1.3690635198135168}