{"name": "random-20-4.60-21.json", "solution": {"time": 0.001015108, "max_depth": 20, "is_feasible": true}, "AVD": 5.944499999999998}