{"name": "random-20-6.00-46.json", "solution": {"time": 0.000778031, "max_depth": 20, "is_feasible": true}, "AVD": 7.1002499999999955}