{"name": "random-20-2.40-7.json", "solution": {"time": 0.001229415, "max_depth": 0, "is_feasible": false}, "AVD": 4.1160454545454535}