{"name": "random-20-3.20-47.json", "solution": {"time": 0.002060067, "max_depth": 5, "is_feasible": false}, "AVD": 4.7787083333333324}