{"name": "random-20-1.00-13.json", "solution": {"time": 0.001063182, "max_depth": 0, "is_feasible": false}, "AVD": 2.8827499999999993}