{"name": "random-20-0.00-45.json", "solution": {"time": 0.000493294, "max_depth": 0, "is_feasible": false}, "AVD": 1.452903889003155}