{"name": "random-20-0.40-31.json", "solution": {"time": 0.001447134, "max_depth": 0, "is_feasible": false}, "AVD": 2.227435606060604}