{"name": "random-20-6.20-35.json", "solution": {"time": 0.00083182, "max_depth": 20, "is_feasible": true}, "AVD": 7.264624999999997}