{"name": "random-20-7.60-49.json", "solution": {"time": 0.000766252, "max_depth": 20, "is_feasible": true}, "AVD": 8.372249999999998}