{"name": "random-20-2.80-21.json", "solution": {"time": 0.001771161, "max_depth": 4, "is_feasible": false}, "AVD": 4.473666666666665}