{"name": "random-20-1.40-8.json", "solution": {"time": 0.001324803, "max_depth": 0, "is_feasible": false}, "AVD": 3.250462121212121}