{"name": "random-20-7.20-9.json", "solution": {"time": 0.000715263, "max_depth": 20, "is_feasible": true}, "AVD": 8.033999999999997}