{"name": "random-20-1.60-17.json", "solution": {"time": 0.001259465, "max_depth": 0, "is_feasible": false}, "AVD": 3.4277954545454534}