{"name": "random-20-6.20-44.json", "solution": {"time": 0.000596235, "max_depth": 20, "is_feasible": true}, "AVD": 7.125874999999998}