{"name": "random-20-3.20-28.json", "solution": {"time": 0.003742332, "max_depth": 12, "is_feasible": false}, "AVD": 4.839624999999999}