{"name": "random-20-5.40-7.json", "solution": {"time": 0.000570981, "max_depth": 20, "is_feasible": true}, "AVD": 6.666624999999998}