{"name": "random-20-1.60-22.json", "solution": {"time": 0.001464175, "max_depth": 0, "is_feasible": false}, "AVD": 3.4697954545454537}