{"name": "random-20-5.60-17.json", "solution": {"time": 0.000695782, "max_depth": 20, "is_feasible": true}, "AVD": 6.682749999999999}