{"name": "random-20-5.00-42.json", "solution": {"time": 0.000813194, "max_depth": 20, "is_feasible": true}, "AVD": 6.250499999999999}