{"name": "random-20-1.20-31.json", "solution": {"time": 0.000803664, "max_depth": 0, "is_feasible": false}, "AVD": 3.1338371212121197}