{"name": "random-20-1.00-32.json", "solution": {"time": 0.001334106, "max_depth": 0, "is_feasible": false}, "AVD": 2.864795454545456}