{"name": "random-20-0.00-1.json", "solution": {"time": 0.000674671, "max_depth": 0, "is_feasible": false}, "AVD": 1.4234415792540784}