{"name": "random-20-7.40-43.json", "solution": {"time": 0.000618961, "max_depth": 20, "is_feasible": true}, "AVD": 8.213874999999998}