{"name": "random-20-4.40-7.json", "solution": {"time": 0.000770287, "max_depth": 20, "is_feasible": true}, "AVD": 5.734124999999999}