{"name": "random-20-4.20-8.json", "solution": {"time": 0.000762667, "max_depth": 20, "is_feasible": true}, "AVD": 5.715791666666665}