{"name": "random-20-0.60-24.json", "solution": {"time": 0.000519909, "max_depth": 0, "is_feasible": false}, "AVD": 2.512022727272727}