{"name": "random-20-1.00-2.json", "solution": {"time": 0.001357244, "max_depth": 0, "is_feasible": false}, "AVD": 2.829872377622377}