{"name": "random-20-3.40-9.json", "solution": {"time": 0.001495653, "max_depth": 6, "is_feasible": false}, "AVD": 4.958666666666665}