{"name": "random-20-9.00-17.json", "solution": {"time": 0.000696579, "max_depth": 20, "is_feasible": true}, "AVD": 9.620999999999999}