{"name": "random-20-1.00-36.json", "solution": {"time": 0.001304079, "max_depth": 0, "is_feasible": false}, "AVD": 2.8517537878787897}