{"name": "random-20-2.00-16.json", "solution": {"time": 0.001480967, "max_depth": 3, "is_feasible": false}, "AVD": 3.772166666666666}