{"name": "random-20-2.20-36.json", "solution": {"time": 0.001189495, "max_depth": 0, "is_feasible": false}, "AVD": 3.9317537878787854}