{"name": "random-20-3.00-2.json", "solution": {"time": 0.002416969, "max_depth": 7, "is_feasible": false}, "AVD": 4.7048749999999995}