{"name": "random-20-6.80-49.json", "solution": {"time": 0.000596735, "max_depth": 20, "is_feasible": true}, "AVD": 7.684499999999998}