{"name": "random-20-7.60-42.json", "solution": {"time": 0.000621683, "max_depth": 20, "is_feasible": true}, "AVD": 8.329749999999999}