{"name": "random-20-0.20-29.json", "solution": {"time": 0.024705431, "max_depth": 0, "is_feasible": false}, "AVD": 1.8411553030303014}