{"name": "random-20-3.40-6.json", "solution": {"time": 0.001560383, "max_depth": 11, "is_feasible": false}, "AVD": 5.035624999999999}