{"name": "random-20-4.80-13.json", "solution": {"time": 0.001056162, "max_depth": 20, "is_feasible": true}, "AVD": 6.071374999999998}