{"name": "random-20-0.80-34.json", "solution": {"time": 0.000914196, "max_depth": 0, "is_feasible": false}, "AVD": 2.7178409090909104}