{"name": "random-20-5.80-10.json", "solution": {"time": 0.000748782, "max_depth": 20, "is_feasible": true}, "AVD": 6.8806249999999975}