{"name": "random-20-4.40-14.json", "solution": {"time": 0.001684123, "max_depth": 4, "is_feasible": false}, "AVD": 5.744249999999998}