{"name": "random-20-5.20-42.json", "solution": {"time": 0.000852325, "max_depth": 20, "is_feasible": true}, "AVD": 6.404499999999999}