{"name": "random-20-0.80-23.json", "solution": {"time": 0.000554915, "max_depth": 0, "is_feasible": false}, "AVD": 2.6074178321678323}