{"name": "random-20-2.00-7.json", "solution": {"time": 0.001096201, "max_depth": 0, "is_feasible": false}, "AVD": 3.736174242424241}