{"name": "random-20-0.20-12.json", "solution": {"time": 0.000474701, "max_depth": 0, "is_feasible": false}, "AVD": 1.8176121794871776}