{"name": "random-20-5.00-1.json", "solution": {"time": 0.000659245, "max_depth": 20, "is_feasible": true}, "AVD": 6.199416666666665}