{"name": "random-20-9.20-6.json", "solution": {"time": 0.000696305, "max_depth": 20, "is_feasible": true}, "AVD": 9.733749999999997}