{"name": "random-20-7.80-39.json", "solution": {"time": 0.000617095, "max_depth": 20, "is_feasible": true}, "AVD": 8.556249999999999}