{"name": "random-20-7.40-18.json", "solution": {"time": 0.000648262, "max_depth": 20, "is_feasible": true}, "AVD": 8.172999999999998}