{"name": "random-20-0.80-29.json", "solution": {"time": 0.00054867, "max_depth": 0, "is_feasible": false}, "AVD": 2.7197575757575754}