{"name": "random-20-3.60-7.json", "solution": {"time": 0.00129635, "max_depth": 2, "is_feasible": false}, "AVD": 5.092666666666667}