{"name": "random-20-8.40-11.json", "solution": {"time": 0.00059984, "max_depth": 20, "is_feasible": true}, "AVD": 9.073999999999998}