{"name": "random-20-6.20-45.json", "solution": {"time": 0.000668343, "max_depth": 20, "is_feasible": true}, "AVD": 7.301249999999998}