{"name": "random-20-6.80-29.json", "solution": {"time": 0.00065324, "max_depth": 20, "is_feasible": true}, "AVD": 7.743249999999998}