{"name": "random-20-9.60-40.json", "solution": {"time": 0.000668609, "max_depth": 20, "is_feasible": true}, "AVD": 9.978749999999998}