{"name": "random-20-7.40-3.json", "solution": {"time": 0.00060455, "max_depth": 20, "is_feasible": true}, "AVD": 8.121999999999998}