{"name": "random-20-0.60-48.json", "solution": {"time": 0.000500736, "max_depth": 0, "is_feasible": false}, "AVD": 2.38725874125874}