{"name": "random-20-4.40-5.json", "solution": {"time": 0.001281248, "max_depth": 20, "is_feasible": true}, "AVD": 5.734124999999997}