{"name": "random-20-5.00-44.json", "solution": {"time": 0.001015447, "max_depth": 20, "is_feasible": true}, "AVD": 6.089374999999999}