{"name": "random-20-6.40-49.json", "solution": {"time": 0.000772814, "max_depth": 20, "is_feasible": true}, "AVD": 7.382749999999999}