{"name": "random-20-1.80-28.json", "solution": {"time": 0.00089057, "max_depth": 2, "is_feasible": false}, "AVD": 3.6322916666666663}