{"name": "random-20-4.60-39.json", "solution": {"time": 0.000866735, "max_depth": 20, "is_feasible": true}, "AVD": 5.943166666666665}