{"name": "random-20-5.80-29.json", "solution": {"time": 0.000659143, "max_depth": 20, "is_feasible": true}, "AVD": 6.953249999999997}