{"name": "random-20-1.60-38.json", "solution": {"time": 0.000671693, "max_depth": 0, "is_feasible": false}, "AVD": 3.4561666666666655}