{"name": "random-20-1.20-40.json", "solution": {"time": 0.001284796, "max_depth": 0, "is_feasible": false}, "AVD": 3.0865909090909076}