{"name": "random-20-2.20-35.json", "solution": {"time": 0.001171948, "max_depth": 3, "is_feasible": false}, "AVD": 4.031625000000001}