{"name": "random-20-5.40-6.json", "solution": {"time": 0.000679861, "max_depth": 20, "is_feasible": true}, "AVD": 6.590999999999998}