{"name": "random-20-2.60-5.json", "solution": {"time": 0.001476255, "max_depth": 3, "is_feasible": false}, "AVD": 4.3445416666666645}