{"name": "random-20-9.20-18.json", "solution": {"time": 0.000635944, "max_depth": 20, "is_feasible": true}, "AVD": 9.736500000000001}