{"name": "random-20-5.40-4.json", "solution": {"time": 0.000977549, "max_depth": 20, "is_feasible": true}, "AVD": 6.602249999999998}