{"name": "random-20-1.00-26.json", "solution": {"time": 0.001282092, "max_depth": 0, "is_feasible": false}, "AVD": 2.923962121212121}