{"name": "random-20-5.40-37.json", "solution": {"time": 0.000811405, "max_depth": 20, "is_feasible": true}, "AVD": 6.511624999999998}