{"name": "random-20-4.60-26.json", "solution": {"time": 0.001156141, "max_depth": 20, "is_feasible": true}, "AVD": 5.9453749999999985}