{"name": "random-20-3.80-30.json", "solution": {"time": 0.001741176, "max_depth": 20, "is_feasible": true}, "AVD": 5.296374999999997}