{"name": "random-20-8.80-9.json", "solution": {"time": 0.000731503, "max_depth": 20, "is_feasible": true}, "AVD": 9.321749999999998}