{"name": "random-20-3.40-35.json", "solution": {"time": 0.003459583, "max_depth": 6, "is_feasible": false}, "AVD": 5.014041666666666}