{"name": "random-20-4.80-39.json", "solution": {"time": 0.000808016, "max_depth": 20, "is_feasible": true}, "AVD": 6.065666666666663}