{"name": "random-20-5.80-17.json", "solution": {"time": 0.000616495, "max_depth": 20, "is_feasible": true}, "AVD": 6.854249999999998}