{"name": "random-20-0.20-35.json", "solution": {"time": 0.000454792, "max_depth": 0, "is_feasible": false}, "AVD": 1.8792963286713285}