{"name": "random-20-5.20-33.json", "solution": {"time": 0.000742576, "max_depth": 20, "is_feasible": true}, "AVD": 6.387291666666665}