{"name": "random-20-4.80-32.json", "solution": {"time": 0.000667995, "max_depth": 20, "is_feasible": true}, "AVD": 6.079249999999999}