{"name": "random-20-8.40-48.json", "solution": {"time": 0.00060251, "max_depth": 20, "is_feasible": true}, "AVD": 8.975999999999997}