{"name": "random-20-1.20-35.json", "solution": {"time": 0.012980627, "max_depth": 0, "is_feasible": false}, "AVD": 3.078628787878787}