{"name": "random-20-4.80-42.json", "solution": {"time": 0.000845139, "max_depth": 20, "is_feasible": true}, "AVD": 6.067749999999998}