{"name": "random-20-9.80-10.json", "solution": {"time": 0.000789514, "max_depth": 20, "is_feasible": true}, "AVD": 10.297250000000002}