{"name": "random-20-8.40-24.json", "solution": {"time": 0.000697124, "max_depth": 20, "is_feasible": true}, "AVD": 8.974374999999998}