{"name": "random-20-5.40-22.json", "solution": {"time": 0.000952595, "max_depth": 20, "is_feasible": true}, "AVD": 6.567166666666665}