{"name": "random-20-3.80-0.json", "solution": {"time": 0.001756198, "max_depth": 20, "is_feasible": true}, "AVD": 5.266791666666665}