{"name": "random-20-10.00-24.json", "solution": {"time": 0.000647602, "max_depth": 20, "is_feasible": true}, "AVD": 10.349999999999998}