{"name": "random-20-9.00-7.json", "solution": {"time": 0.000624764, "max_depth": 20, "is_feasible": true}, "AVD": 9.520249999999999}