{"name": "random-20-5.20-24.json", "solution": {"time": 0.000649544, "max_depth": 20, "is_feasible": true}, "AVD": 6.390291666666665}