{"name": "random-20-1.00-12.json", "solution": {"time": 0.000717516, "max_depth": 0, "is_feasible": false}, "AVD": 2.8325492424242418}