{"name": "random-20-6.60-29.json", "solution": {"time": 0.000653712, "max_depth": 20, "is_feasible": true}, "AVD": 7.599749999999998}