{"name": "random-20-5.60-13.json", "solution": {"time": 0.000947187, "max_depth": 20, "is_feasible": true}, "AVD": 6.690624999999997}