{"name": "random-20-1.00-43.json", "solution": {"time": 0.000736435, "max_depth": 0, "is_feasible": false}, "AVD": 2.8772537878787867}