{"name": "random-20-8.60-37.json", "solution": {"time": 0.000613117, "max_depth": 20, "is_feasible": true}, "AVD": 9.154499999999997}