{"name": "random-20-2.00-44.json", "solution": {"time": 0.001114094, "max_depth": 0, "is_feasible": false}, "AVD": 3.8424999999999985}