{"name": "random-20-0.00-37.json", "solution": {"time": 0.000596637, "max_depth": 0, "is_feasible": false}, "AVD": 1.4234219114219098}