{"name": "random-20-5.00-43.json", "solution": {"time": 0.000642644, "max_depth": 20, "is_feasible": true}, "AVD": 6.244624999999998}