{"name": "random-20-2.20-46.json", "solution": {"time": 0.001238118, "max_depth": 2, "is_feasible": false}, "AVD": 3.955041666666664}