{"name": "random-20-5.40-17.json", "solution": {"time": 0.000900565, "max_depth": 20, "is_feasible": true}, "AVD": 6.530499999999998}