{"name": "random-20-1.20-6.json", "solution": {"time": 0.000677451, "max_depth": 0, "is_feasible": false}, "AVD": 3.108999999999999}