{"name": "random-20-3.60-9.json", "solution": {"time": 0.001530553, "max_depth": 6, "is_feasible": false}, "AVD": 5.124749999999999}