{"name": "random-20-0.60-12.json", "solution": {"time": 0.000896333, "max_depth": 0, "is_feasible": false}, "AVD": 2.4222954545454556}