{"name": "random-20-2.00-24.json", "solution": {"time": 0.001244886, "max_depth": 0, "is_feasible": false}, "AVD": 3.7950416666666653}