{"name": "random-20-1.60-26.json", "solution": {"time": 0.001001188, "max_depth": 0, "is_feasible": false}, "AVD": 3.473253787878786}