{"name": "random-20-5.20-44.json", "solution": {"time": 0.000805077, "max_depth": 20, "is_feasible": true}, "AVD": 6.333374999999998}