{"name": "random-20-2.40-8.json", "solution": {"time": 0.002348694, "max_depth": 4, "is_feasible": false}, "AVD": 4.176083333333333}