{"name": "random-20-5.80-11.json", "solution": {"time": 0.000710192, "max_depth": 20, "is_feasible": true}, "AVD": 6.948749999999999}