{"name": "random-20-7.20-19.json", "solution": {"time": 0.000687991, "max_depth": 20, "is_feasible": true}, "AVD": 8.021499999999998}