{"name": "random-20-2.60-44.json", "solution": {"time": 0.001171078, "max_depth": 0, "is_feasible": false}, "AVD": 4.298208333333332}