{"name": "random-20-3.20-10.json", "solution": {"time": 0.001332102, "max_depth": 2, "is_feasible": false}, "AVD": 4.767458333333331}