{"name": "random-20-1.20-10.json", "solution": {"time": 0.00117961, "max_depth": 0, "is_feasible": false}, "AVD": 3.0549621212121196}