{"name": "random-20-9.00-6.json", "solution": {"time": 0.000622369, "max_depth": 20, "is_feasible": true}, "AVD": 9.565750000000001}