{"name": "random-20-1.60-45.json", "solution": {"time": 0.001250298, "max_depth": 0, "is_feasible": false}, "AVD": 3.452874999999998}