{"name": "random-20-10.00-9.json", "solution": {"time": 0.000636001, "max_depth": 20, "is_feasible": true}, "AVD": 10.400499999999997}