{"name": "random-20-7.80-4.json", "solution": {"time": 0.000659113, "max_depth": 20, "is_feasible": true}, "AVD": 8.516749999999998}