{"name": "random-20-4.00-12.json", "solution": {"time": 0.001358236, "max_depth": 20, "is_feasible": true}, "AVD": 5.451874999999999}