{"name": "random-20-1.20-4.json", "solution": {"time": 0.001607396, "max_depth": 0, "is_feasible": false}, "AVD": 3.0405037878787873}