{"name": "random-20-3.20-40.json", "solution": {"time": 0.00172983, "max_depth": 5, "is_feasible": false}, "AVD": 4.8190416666666644}