{"name": "random-20-0.40-30.json", "solution": {"time": 0.000872777, "max_depth": 0, "is_feasible": false}, "AVD": 2.224488636363636}