{"name": "random-20-1.80-5.json", "solution": {"time": 0.001218048, "max_depth": 0, "is_feasible": false}, "AVD": 3.609583333333332}