{"name": "random-20-10.00-44.json", "solution": {"time": 0.00071167, "max_depth": 20, "is_feasible": true}, "AVD": 10.416249999999998}