{"name": "random-20-6.40-35.json", "solution": {"time": 0.000743864, "max_depth": 20, "is_feasible": true}, "AVD": 7.426374999999998}