{"name": "random-20-5.40-44.json", "solution": {"time": 0.000978667, "max_depth": 20, "is_feasible": true}, "AVD": 6.507374999999998}