{"name": "random-20-3.80-11.json", "solution": {"time": 0.001947071, "max_depth": 20, "is_feasible": true}, "AVD": 5.382083333333332}