{"name": "random-20-0.20-21.json", "solution": {"time": 0.000463223, "max_depth": 0, "is_feasible": false}, "AVD": 1.8038910256410265}