{"name": "random-20-0.20-10.json", "solution": {"time": 0.000468621, "max_depth": 0, "is_feasible": false}, "AVD": 1.8273496503496507}