{"name": "random-20-0.20-44.json", "solution": {"time": 0.000559267, "max_depth": 0, "is_feasible": false}, "AVD": 1.8406614219114197}