{"name": "random-20-2.20-14.json", "solution": {"time": 0.001021894, "max_depth": 0, "is_feasible": false}, "AVD": 4.030333333333334}