{"name": "random-20-9.80-23.json", "solution": {"time": 0.000652832, "max_depth": 20, "is_feasible": true}, "AVD": 10.241249999999997}