{"name": "random-20-5.40-45.json", "solution": {"time": 0.000679197, "max_depth": 20, "is_feasible": true}, "AVD": 6.639749999999997}