{"name": "random-20-9.60-33.json", "solution": {"time": 0.000642961, "max_depth": 20, "is_feasible": true}, "AVD": 9.963874999999998}