{"name": "random-20-5.60-28.json", "solution": {"time": 0.000662719, "max_depth": 20, "is_feasible": true}, "AVD": 6.774291666666665}