{"name": "random-20-4.40-33.json", "solution": {"time": 0.001499508, "max_depth": 20, "is_feasible": true}, "AVD": 5.770541666666665}