{"name": "random-20-5.00-33.json", "solution": {"time": 0.000703577, "max_depth": 20, "is_feasible": true}, "AVD": 6.235041666666666}