{"name": "random-20-3.60-3.json", "solution": {"time": 0.001828807, "max_depth": 5, "is_feasible": false}, "AVD": 5.146041666666667}