{"name": "random-20-0.20-3.json", "solution": {"time": 0.000398674, "max_depth": 0, "is_feasible": false}, "AVD": 1.7987808857808854}