{"name": "random-20-5.60-6.json", "solution": {"time": 0.0006784, "max_depth": 20, "is_feasible": true}, "AVD": 6.723999999999998}