{"name": "random-20-9.80-33.json", "solution": {"time": 0.000667188, "max_depth": 20, "is_feasible": true}, "AVD": 10.200124999999998}