{"name": "random-20-4.20-14.json", "solution": {"time": 0.001666928, "max_depth": 4, "is_feasible": false}, "AVD": 5.594499999999998}