{"name": "random-20-5.20-37.json", "solution": {"time": 0.0008118, "max_depth": 20, "is_feasible": true}, "AVD": 6.3908749999999985}