{"name": "random-20-8.60-5.json", "solution": {"time": 0.000621049, "max_depth": 20, "is_feasible": true}, "AVD": 9.226249999999999}