{"name": "random-20-8.20-8.json", "solution": {"time": 0.000610658, "max_depth": 20, "is_feasible": true}, "AVD": 9.000499999999999}