{"name": "random-20-8.00-34.json", "solution": {"time": 0.00068755, "max_depth": 20, "is_feasible": true}, "AVD": 8.697750000000001}