{"name": "random-20-10.00-7.json", "solution": {"time": 0.000647607, "max_depth": 20, "is_feasible": true}, "AVD": 10.451249999999998}