{"name": "random-20-0.60-34.json", "solution": {"time": 0.000935174, "max_depth": 0, "is_feasible": false}, "AVD": 2.495511363636365}