{"name": "random-20-4.20-35.json", "solution": {"time": 0.000963514, "max_depth": 20, "is_feasible": true}, "AVD": 5.688249999999999}