{"name": "random-20-4.40-44.json", "solution": {"time": 0.001597685, "max_depth": 3, "is_feasible": false}, "AVD": 5.681499999999998}