{"name": "random-20-9.60-45.json", "solution": {"time": 0.000625743, "max_depth": 20, "is_feasible": true}, "AVD": 10.050500000000001}