{"name": "random-20-5.40-25.json", "solution": {"time": 0.000685507, "max_depth": 20, "is_feasible": true}, "AVD": 6.537999999999999}