{"name": "random-20-0.20-13.json", "solution": {"time": 0.000508249, "max_depth": 0, "is_feasible": false}, "AVD": 1.8866386946386946}