{"name": "random-20-3.80-28.json", "solution": {"time": 0.000948647, "max_depth": 20, "is_feasible": true}, "AVD": 5.3326666666666656}