{"name": "random-20-0.40-44.json", "solution": {"time": 0.000667324, "max_depth": 0, "is_feasible": false}, "AVD": 2.14520571095571}