{"name": "random-20-7.00-0.json", "solution": {"time": 0.00064567, "max_depth": 20, "is_feasible": true}, "AVD": 7.868666666666665}