{"name": "random-20-7.00-36.json", "solution": {"time": 0.000606488, "max_depth": 20, "is_feasible": true}, "AVD": 7.870416666666666}