{"name": "random-20-0.20-47.json", "solution": {"time": 0.000682078, "max_depth": 0, "is_feasible": false}, "AVD": 1.7115501165501172}