{"name": "random-20-10.00-32.json", "solution": {"time": 0.000653783, "max_depth": 20, "is_feasible": true}, "AVD": 10.459124999999998}