{"name": "random-20-3.80-23.json", "solution": {"time": 0.001736835, "max_depth": 20, "is_feasible": true}, "AVD": 5.302249999999999}