{"name": "random-20-2.40-21.json", "solution": {"time": 0.001780944, "max_depth": 4, "is_feasible": false}, "AVD": 4.150458333333333}