{"name": "random-20-9.80-46.json", "solution": {"time": 0.000636051, "max_depth": 20, "is_feasible": true}, "AVD": 10.220249999999998}