{"name": "random-20-1.20-7.json", "solution": {"time": 0.000689883, "max_depth": 0, "is_feasible": false}, "AVD": 3.008803030303028}