{"name": "random-20-7.00-33.json", "solution": {"time": 0.000794143, "max_depth": 20, "is_feasible": true}, "AVD": 7.802041666666666}