{"name": "random-20-0.20-2.json", "solution": {"time": 0.000533349, "max_depth": 0, "is_feasible": false}, "AVD": 1.7969973776223778}