{"name": "random-20-0.80-8.json", "solution": {"time": 0.000496982, "max_depth": 0, "is_feasible": false}, "AVD": 2.5992435897435913}