{"name": "random-20-6.00-24.json", "solution": {"time": 0.000640066, "max_depth": 20, "is_feasible": true}, "AVD": 6.923624999999997}