{"name": "random-20-2.80-18.json", "solution": {"time": 0.001630556, "max_depth": 4, "is_feasible": false}, "AVD": 4.504291666666665}