{"name": "random-20-7.00-9.json", "solution": {"time": 0.001018904, "max_depth": 20, "is_feasible": true}, "AVD": 7.877499999999998}