{"name": "random-20-8.40-0.json", "solution": {"time": 0.000611985, "max_depth": 20, "is_feasible": true}, "AVD": 9.052416666666664}