{"name": "random-20-1.00-25.json", "solution": {"time": 0.001295456, "max_depth": 0, "is_feasible": false}, "AVD": 2.9052019230769233}