{"name": "random-20-6.40-33.json", "solution": {"time": 0.000749193, "max_depth": 20, "is_feasible": true}, "AVD": 7.319041666666666}