{"name": "random-20-4.00-3.json", "solution": {"time": 0.001828375, "max_depth": 5, "is_feasible": false}, "AVD": 5.479916666666665}