{"name": "random-20-3.20-21.json", "solution": {"time": 0.001266737, "max_depth": 4, "is_feasible": false}, "AVD": 4.815624999999999}