{"name": "random-20-7.80-29.json", "solution": {"time": 0.000717162, "max_depth": 20, "is_feasible": true}, "AVD": 8.491249999999999}