{"name": "random-20-7.60-18.json", "solution": {"time": 0.000733919, "max_depth": 20, "is_feasible": true}, "AVD": 8.373249999999999}