{"name": "random-20-0.60-5.json", "solution": {"time": 0.000501848, "max_depth": 0, "is_feasible": false}, "AVD": 2.4528030303030306}