{"name": "random-20-1.40-4.json", "solution": {"time": 0.000550655, "max_depth": 0, "is_feasible": false}, "AVD": 3.231833333333333}