{"name": "random-20-7.60-13.json", "solution": {"time": 0.000688386, "max_depth": 20, "is_feasible": true}, "AVD": 8.296124999999998}