{"name": "random-20-6.60-21.json", "solution": {"time": 0.000633907, "max_depth": 20, "is_feasible": true}, "AVD": 7.575999999999999}