{"name": "random-20-2.80-15.json", "solution": {"time": 0.001351778, "max_depth": 3, "is_feasible": false}, "AVD": 4.5145416666666645}