{"name": "random-20-7.20-25.json", "solution": {"time": 0.00069476, "max_depth": 20, "is_feasible": true}, "AVD": 8.026249999999997}