{"name": "random-20-0.20-20.json", "solution": {"time": 0.000471268, "max_depth": 0, "is_feasible": false}, "AVD": 1.8187890442890438}