{"name": "random-20-7.60-14.json", "solution": {"time": 0.00059993, "max_depth": 20, "is_feasible": true}, "AVD": 8.361749999999997}