{"name": "random-20-2.40-30.json", "solution": {"time": 0.001160165, "max_depth": 0, "is_feasible": false}, "AVD": 4.1105416666666645}