{"name": "random-20-8.00-26.json", "solution": {"time": 0.00066804, "max_depth": 20, "is_feasible": true}, "AVD": 8.713499999999998}