{"name": "random-20-7.20-49.json", "solution": {"time": 0.000714025, "max_depth": 20, "is_feasible": true}, "AVD": 8.057249999999998}