{"name": "random-20-5.20-30.json", "solution": {"time": 0.000742446, "max_depth": 20, "is_feasible": true}, "AVD": 6.441374999999998}