{"name": "random-20-5.80-7.json", "solution": {"time": 0.000630519, "max_depth": 20, "is_feasible": true}, "AVD": 6.9647499999999996}