{"name": "random-20-5.60-48.json", "solution": {"time": 0.000903502, "max_depth": 20, "is_feasible": true}, "AVD": 6.667124999999996}