{"name": "random-20-8.60-28.json", "solution": {"time": 0.000601075, "max_depth": 20, "is_feasible": true}, "AVD": 9.229999999999999}