{"name": "random-20-4.00-30.json", "solution": {"time": 0.00088966, "max_depth": 20, "is_feasible": true}, "AVD": 5.4888749999999975}