{"name": "random-20-4.40-10.json", "solution": {"time": 0.000647898, "max_depth": 20, "is_feasible": true}, "AVD": 5.749874999999998}