{"name": "random-20-1.60-12.json", "solution": {"time": 0.001479909, "max_depth": 0, "is_feasible": false}, "AVD": 3.4277083333333325}