{"name": "random-20-1.60-19.json", "solution": {"time": 0.001247148, "max_depth": 0, "is_feasible": false}, "AVD": 3.439749999999999}