{"name": "random-20-5.00-47.json", "solution": {"time": 0.000702659, "max_depth": 20, "is_feasible": true}, "AVD": 6.297874999999998}