{"name": "random-20-5.40-46.json", "solution": {"time": 0.000673508, "max_depth": 20, "is_feasible": true}, "AVD": 6.633124999999997}