{"name": "random-20-5.60-49.json", "solution": {"time": 0.000742684, "max_depth": 20, "is_feasible": true}, "AVD": 6.699166666666665}