{"name": "random-20-0.60-41.json", "solution": {"time": 0.000493069, "max_depth": 0, "is_feasible": false}, "AVD": 2.4479708624708616}