{"name": "random-20-2.40-36.json", "solution": {"time": 0.00117077, "max_depth": 0, "is_feasible": false}, "AVD": 4.105416666666665}