{"name": "random-20-4.40-40.json", "solution": {"time": 0.000769252, "max_depth": 20, "is_feasible": true}, "AVD": 5.812874999999998}