{"name": "random-20-9.60-28.json", "solution": {"time": 0.000767447, "max_depth": 20, "is_feasible": true}, "AVD": 10.113749999999998}