{"name": "random-20-6.40-9.json", "solution": {"time": 0.000612409, "max_depth": 20, "is_feasible": true}, "AVD": 7.355999999999997}