{"name": "random-20-0.40-23.json", "solution": {"time": 0.000440891, "max_depth": 0, "is_feasible": false}, "AVD": 2.1192333916083923}