{"name": "random-20-4.60-3.json", "solution": {"time": 0.000730187, "max_depth": 20, "is_feasible": true}, "AVD": 5.942749999999999}