{"name": "random-20-1.40-9.json", "solution": {"time": 0.001250565, "max_depth": 0, "is_feasible": false}, "AVD": 3.2410492424242405}