{"name": "random-20-2.40-24.json", "solution": {"time": 0.001154975, "max_depth": 0, "is_feasible": false}, "AVD": 4.148208333333332}