{"name": "random-20-6.40-12.json", "solution": {"time": 0.000631903, "max_depth": 20, "is_feasible": true}, "AVD": 7.4632499999999995}