{"name": "random-20-9.20-19.json", "solution": {"time": 0.000615411, "max_depth": 20, "is_feasible": true}, "AVD": 9.672499999999998}