{"name": "random-20-7.00-39.json", "solution": {"time": 0.000653378, "max_depth": 20, "is_feasible": true}, "AVD": 7.910374999999999}