{"name": "random-20-3.20-45.json", "solution": {"time": 0.001526768, "max_depth": 3, "is_feasible": false}, "AVD": 4.751249999999999}