{"name": "random-20-2.00-47.json", "solution": {"time": 0.001187527, "max_depth": 2, "is_feasible": false}, "AVD": 3.7654166666666655}