{"name": "random-20-5.80-5.json", "solution": {"time": 0.001091955, "max_depth": 20, "is_feasible": true}, "AVD": 6.751374999999998}