{"name": "random-20-6.40-18.json", "solution": {"time": 0.00087774, "max_depth": 20, "is_feasible": true}, "AVD": 7.343500000000001}