{"name": "random-20-3.20-8.json", "solution": {"time": 0.005427647, "max_depth": 20, "is_feasible": true}, "AVD": 4.861666666666666}