{"name": "random-20-0.00-27.json", "solution": {"time": 0.000485464, "max_depth": 0, "is_feasible": false}, "AVD": 1.468028846153846}