{"name": "random-20-8.80-49.json", "solution": {"time": 0.000765941, "max_depth": 20, "is_feasible": true}, "AVD": 9.411749999999998}