{
    "NAME": "random-20-15.00-0",
    "TYPE": "TSPSD",
    "COMMENT": "20 random locations, 15.0 goal degree after n/2 deletes",
    "EDGE_WEIGHT_TYPE": "EUC_2D",
    "DIMENSION": 20,
    "GROUPS": [
        8,
        8,
        4,
        0,
        2,
        6,
        4,
        3,
        6,
        5,
        4,
        5,
        3,
        2,
        5,
        6,
        3,
        4,
        6,
        3
    ],
    "GROUPS_SUM": 87,
    "EXP_DEGREE_HALF": 15.01842105263158,
    "EXP_DEGREES": [
        19.0,
        18.565,
        18.13842105263158,
        17.720175438596492,
        17.31017543859649,
        16.908333333333335,
        16.51456140350877,
        16.12877192982456,
        15.75087719298246,
        15.380789473684212,
        15.01842105263158,
        14.663684210526316,
        14.316491228070172,
        13.976754385964917,
        13.644385964912278,
        13.319298245614037,
        13.001403508771936,
        12.690614035087712,
        12.386842105263163,
        12.089999999999993,
        11.8
    ],
    "EXP_REMOVED_EDGES": [
        0.0,
        4.349999999999996,
        8.615789473684204,
        12.798245614035096,
        16.89824561403507,
        20.91666666666666,
        24.854385964912296,
        28.71228070175439,
        32.4912280701754,
        36.192105263157885,
        39.81578947368421,
        43.36315789473683,
        46.83508771929828,
        50.23245614035084,
        53.556140350877214,
        56.80701754385963,
        59.985964912280636,
        63.09385964912287,
        66.13157894736837,
        69.10000000000007,
        72
    ],
    "NODE_COORDS": {
        "1": [
            68,
            3
        ],
        "2": [
            76,
            35
        ],
        "3": [
            42,
            26
        ],
        "4": [
            64,
            88
        ],
        "5": [
            64,
            23
        ],
        "6": [
            14,
            60
        ],
        "7": [
            37,
            0
        ],
        "8": [
            75,
            16
        ],
        "9": [
            34,
            24
        ],
        "10": [
            4,
            94
        ],
        "11": [
            45,
            22
        ],
        "12": [
            32,
            19
        ],
        "13": [
            51,
            61
        ],
        "14": [
            67,
            8
        ],
        "15": [
            44,
            49
        ],
        "16": [
            76,
            72
        ],
        "17": [
            19,
            26
        ],
        "18": [
            19,
            42
        ],
        "19": [
            64,
            40
        ],
        "20": [
            38,
            51
        ]
    },
    "DELETE": {
        "1": [
            [
                "13",
                "16"
            ],
            [
                "7",
                "14"
            ],
            [
                "3",
                "14"
            ],
            [
                "13",
                "20"
            ],
            [
                "2",
                "20"
            ],
            [
                "2",
                "8"
            ],
            [
                "4",
                "5"
            ],
            [
                "3",
                "19"
            ]
        ],
        "2": [
            [
                "10",
                "13"
            ],
            [
                "2",
                "5"
            ],
            [
                "2",
                "9"
            ],
            [
                "3",
                "12"
            ],
            [
                "3",
                "5"
            ],
            [
                "2",
                "16"
            ],
            [
                "14",
                "17"
            ],
            [
                "7",
                "17"
            ]
        ],
        "3": [
            [
                "6",
                "14"
            ],
            [
                "1",
                "13"
            ],
            [
                "3",
                "18"
            ],
            [
                "7",
                "11"
            ]
        ],
        "4": [],
        "5": [
            [
                "10",
                "11"
            ],
            [
                "14",
                "17"
            ]
        ],
        "6": [
            [
                "13",
                "18"
            ],
            [
                "5",
                "7"
            ],
            [
                "3",
                "8"
            ],
            [
                "7",
                "9"
            ],
            [
                "12",
                "14"
            ],
            [
                "15",
                "20"
            ]
        ],
        "7": [
            [
                "2",
                "4"
            ],
            [
                "1",
                "4"
            ],
            [
                "5",
                "20"
            ],
            [
                "1",
                "10"
            ]
        ],
        "8": [
            [
                "14",
                "18"
            ],
            [
                "4",
                "5"
            ],
            [
                "2",
                "17"
            ]
        ],
        "9": [
            [
                "12",
                "18"
            ],
            [
                "2",
                "18"
            ],
            [
                "14",
                "19"
            ],
            [
                "12",
                "16"
            ],
            [
                "1",
                "6"
            ],
            [
                "8",
                "12"
            ]
        ],
        "10": [
            [
                "10",
                "20"
            ],
            [
                "3",
                "12"
            ],
            [
                "10",
                "12"
            ],
            [
                "2",
                "20"
            ],
            [
                "19",
                "20"
            ]
        ],
        "11": [
            [
                "12",
                "19"
            ],
            [
                "10",
                "20"
            ],
            [
                "13",
                "15"
            ],
            [
                "2",
                "6"
            ]
        ],
        "12": [
            [
                "13",
                "20"
            ],
            [
                "10",
                "19"
            ],
            [
                "10",
                "13"
            ],
            [
                "14",
                "20"
            ],
            [
                "3",
                "17"
            ]
        ],
        "13": [
            [
                "10",
                "17"
            ],
            [
                "11",
                "16"
            ],
            [
                "6",
                "20"
            ]
        ],
        "14": [
            [
                "4",
                "15"
            ],
            [
                "3",
                "6"
            ]
        ],
        "15": [
            [
                "10",
                "14"
            ],
            [
                "9",
                "10"
            ],
            [
                "12",
                "17"
            ],
            [
                "6",
                "11"
            ],
            [
                "2",
                "11"
            ]
        ],