{
    "NAME": "random-20-14.00-0",
    "TYPE": "TSPSD",
    "COMMENT": "20 random locations, 14.0 goal degree after n/2 deletes",
    "EDGE_WEIGHT_TYPE": "EUC_2D",
    "DIMENSION": 20,
    "GROUPS": [
        10,
        12,
        7,
        0,
        2,
        9,
        5,
        4,
        6,
        5,
        6,
        7,
        4,
        2,
        6,
        7,
        3,
        5,
        6,
        6
    ],
    "GROUPS_SUM": 112,
    "EXP_DEGREE_HALF": 14.018421052631577,
    "EXP_DEGREES": [
        19.0,
        18.44,
        17.894210526315792,
        17.362456140350876,
        16.844561403508774,
        16.340350877192982,
        15.849649122807016,
        15.372280701754384,
        14.9080701754386,
        14.456842105263158,
        14.018421052631577,
        13.592631578947373,
        13.179298245614032,
        12.778245614035091,
        12.38929824561403,
        12.012280701754388,
        11.647017543859658,
        11.29333333333333,
        10.951052631578944,
        10.61999999999999,
        10.3
    ],
    "EXP_REMOVED_EDGES": [
        0.0,
        5.5999999999999925,
        11.057894736842092,
        16.375438596491236,
        21.554385964912257,
        26.59649122807016,
        31.50350877192984,
        36.27719298245616,
        40.91929824561401,
        45.43157894736842,
        49.81578947368422,
        54.073684210526274,
        58.207017543859685,
        62.21754385964909,
        66.1070175438597,
        69.87719298245612,
        73.52982456140343,
        77.0666666666667,
        80.48947368421055,
        83.8000000000001,
        87
    ],
    "NODE_COORDS": {
        "1": [
            68,
            3
        ],
        "2": [
            76,
            35
        ],
        "3": [
            42,
            26
        ],
        "4": [
            64,
            88
        ],
        "5": [
            64,
            23
        ],
        "6": [
            14,
            60
        ],
        "7": [
            37,
            0
        ],
        "8": [
            75,
            16
        ],
        "9": [
            34,
            24
        ],
        "10": [
            4,
            94
        ],
        "11": [
            45,
            22
        ],
        "12": [
            32,
            19
        ],
        "13": [
            51,
            61
        ],
        "14": [
            67,
            8
        ],
        "15": [
            44,
            49
        ],
        "16": [
            76,
            72
        ],
        "17": [
            19,
            26
        ],
        "18": [
            19,
            42
        ],
        "19": [
            64,
            40
        ],
        "20": [
            38,
            51
        ]
    },
    "DELETE": {
        "1": [
            [
                "13",
                "16"
            ],
            [
                "7",
                "14"
            ],
            [
                "3",
                "14"
            ],
            [
                "13",
                "20"
            ],
            [
                "2",
                "20"
            ],
            [
                "2",
                "8"
            ],
            [
                "4",
                "5"
            ],
            [
                "3",
                "19"
            ],
            [
                "8",
                "20"
            ],
            [
                "12",
                "18"
            ]
        ],
        "2": [
            [
                "10",
                "13"
            ],
            [
                "2",
                "5"
            ],
            [
                "2",
                "9"
            ],
            [
                "3",
                "12"
            ],
            [
                "3",
                "5"
            ],
            [
                "2",
                "16"
            ],
            [
                "14",
                "17"
            ],
            [
                "7",
                "17"
            ],
            [
                "19",
                "20"
            ],
            [
                "4",
                "20"
            ],
            [
                "12",
                "20"
            ],
            [
                "12",
                "13"
            ]
        ],
        "3": [
            [
                "6",
                "14"
            ],
            [
                "1",
                "13"
            ],
            [
                "3",
                "18"
            ],
            [
                "7",
                "11"
            ],
            [
                "8",
                "14"
            ],
            [
                "4",
                "9"
            ],
            [
                "2",
                "6"
            ]
        ],
        "4": [],
        "5": [
            [
                "10",
                "11"
            ],
            [
                "14",
                "17"
            ]
        ],
        "6": [
            [
                "13",
                "18"
            ],
            [
                "5",
                "7"
            ],
            [
                "3",
                "8"
            ],
            [
                "7",
                "9"
            ],
            [
                "12",
                "14"
            ],
            [
                "15",
                "20"
            ],
            [
                "2",
                "5"
            ],
            [
                "7",
                "17"
            ],
            [
                "3",
                "10"
            ]
        ],
        "7": [
            [
                "2",
                "4"
            ],
            [
                "1",
                "4"
            ],
            [
                "5",
                "20"
            ],
            [
                "1",
                "10"
            ],
            [
                "16",
                "17"
            ]
        ],
        "8": [
            [
                "14",
                "18"
            ],
            [
                "4",
                "5"
            ],
            [
                "2",
                "17"
            ],
            [
                "15",
                "20"
            ]
        ],
        "9": [
            [
                "12",
                "18"
            ],
            [
                "2",
                "18"
            ],
            [
                "14",
                "19"
            ],
            [
                "12",
                "16"
            ],
            [
                "1",
                "6"
            ],
            [
                "8",
                "12"
            ]
        ],
        "10": [
            [
                "10",
                "20"
            ],
            [
                "3",
                "12"
            ],
            [
                "10",
                "12"
            ],
            [
                "2",
                "20"
            ],
            [
                "19",
                "20"
            ]
        ],
        "11": [
            [
                "12",
                "19"
            ],
            [
                "10",
                "20"
            ],
            [
                "13",
                "15"
            ],
            [
                "2",
                "6"
            ],
            [
                "4",
                "7"
            ],
            [
                "8",
                "11"
            ]
        ],