{
    "NAME": "random-20-18.00-0",
    "TYPE": "TSPSD",
    "COMMENT": "20 random locations, 18.0 goal degree after n/2 deletes",
    "EDGE_WEIGHT_TYPE": "EUC_2D",
    "DIMENSION": 20,
    "GROUPS": [
        2,
        1,
        0,
        0,
        1,
        3,
        0,
        2,
        1,
        0,
        1,
        1,
        0,
        0,
        2,
        2,
        1,
        0,
        2,
        1
    ],
    "GROUPS_SUM": 20,
    "EXP_DEGREE_HALF": 18.0,
    "EXP_DEGREES": [
        19.0,
        18.9,
        18.8,
        18.7,
        18.6,
        18.5,
        18.4,
        18.3,
        18.2,
        18.1,
        18.0,
        17.9,
        17.8,
        17.7,
        17.6,
        17.5,
        17.4,
        17.3,
        17.2,
        17.1,
        17.0
    ],
    "EXP_REMOVED_EDGES": [
        0.0,
        1.0000000000000002,
        2.0000000000000004,
        2.999999999999999,
        4.000000000000001,
        5.0,
        5.999999999999998,
        6.999999999999997,
        8.000000000000002,
        9.0,
        10.0,
        11.000000000000002,
        11.999999999999996,
        13.000000000000004,
        13.999999999999995,
        15.0,
        16.000000000000004,
        16.999999999999996,
        18.0,
        18.999999999999993,
        20
    ],
    "NODE_COORDS": {
        "1": [
            68,
            3
        ],
        "2": [
            76,
            35
        ],
        "3": [
            42,
            26
        ],
        "4": [
            64,
            88
        ],
        "5": [
            64,
            23
        ],
        "6": [
            14,
            60
        ],
        "7": [
            37,
            0
        ],
        "8": [
            75,
            16
        ],
        "9": [
            34,
            24
        ],
        "10": [
            4,
            94
        ],
        "11": [
            45,
            22
        ],
        "12": [
            32,
            19
        ],
        "13": [
            51,
            61
        ],
        "14": [
            67,
            8
        ],
        "15": [
            44,
            49
        ],
        "16": [
            76,
            72
        ],
        "17": [
            19,
            26
        ],
        "18": [
            19,
            42
        ],
        "19": [
            64,
            40
        ],
        "20": [
            38,
            51
        ]
    },
    "DELETE": {
        "1": [
            [
                "13",
                "16"
            ],
            [
                "7",
                "14"
            ]
        ],
        "2": [
            [
                "10",
                "13"
            ]
        ],
        "3": [],
        "4": [],
        "5": [
            [
                "10",
                "11"
            ]
        ],
        "6": [
            [
                "13",
                "18"
            ],
            [
                "5",
                "7"
            ],
            [
                "3",
                "8"
            ]
        ],
        "7": [],
        "8": [
            [
                "14",
                "18"
            ],
            [
                "4",
                "5"
            ]
        ],
        "9": [
            [
                "12",
                "18"
            ]
        ],
        "10": [],
        "11": [
            [
                "12",
                "19"
            ]
        ],
        "12": [
            [
                "13",
                "20"
            ]
        ],
        "13": [],
        "14": [],
        "15": [
            [
                "10",
                "14"
            ],
            [
                "9",
                "10"
            ]
        ],
        "16": [
            [
                "9",
                "12"
            ],
            [
                "2",
                "3"
            ]
        ],
        "17": [
            [
                "8",
                "11"
            ]
        ],
        "18": [],
        "19": [
            [
                "5",
                "11"
            ],
            [
                "10",
                "18"
            ]
        ],
        "20": [
            [
                "15",
                "17"
            ]
        ]
    }
}