{
    "NAME": "random-20-12.00-0",
    "TYPE": "TSPSD",
    "COMMENT": "20 random locations, 12.0 goal degree after n/2 deletes",
    "EDGE_WEIGHT_TYPE": "EUC_2D",
    "DIMENSION": 20,
    "GROUPS": [
        14,
        15,
        12,
        3,
        7,
        10,
        8,
        5,
        9,
        10,
        8,
        8,
        8,
        6,
        8,
        7,
        5,
        10,
        8,
        7
    ],
    "GROUPS_SUM": 168,
    "EXP_DEGREE_HALF": 12.00340557275542,
    "EXP_DEGREES": [
        19.0,
        18.16,
        17.354736842105265,
        16.582807017543864,
        15.842848297213626,
        15.133539731682148,
        14.453601651186796,
        13.801795665634673,
        13.176924664602684,
        12.577832817337455,
        12.00340557275542,
        11.452569659442732,
        10.924293085655318,
        10.417585139318877,
        9.931496388028892,
        9.465118679050573,
        9.017585139318893,
        8.5880701754386,
        8.175789473684192,
        7.779999999999987,
        7.4
    ],
    "EXP_REMOVED_EDGES": [
        0.0,
        8.39999999999999,
        16.452631578947347,
        24.171929824561378,
        31.571517027863738,
        38.66460268317851,
        45.463983488132044,
        51.98204334365327,
        58.23075335397316,
        64.22167182662545,
        69.9659442724458,
        75.47430340557268,
        80.75706914344683,
        85.82414860681124,
        90.68503611971109,
        95.34881320949428,
        99.82414860681108,
        104.11929824561399,
        108.24210526315808,
        112.20000000000013,
        116
    ],
    "NODE_COORDS": {
        "1": [
            68,
            3
        ],
        "2": [
            76,
            35
        ],
        "3": [
            42,
            26
        ],
        "4": [
            64,
            88
        ],
        "5": [
            64,
            23
        ],
        "6": [
            14,
            60
        ],
        "7": [
            37,
            0
        ],
        "8": [
            75,
            16
        ],
        "9": [
            34,
            24
        ],
        "10": [
            4,
            94
        ],
        "11": [
            45,
            22
        ],
        "12": [
            32,
            19
        ],
        "13": [
            51,
            61
        ],
        "14": [
            67,
            8
        ],
        "15": [
            44,
            49
        ],
        "16": [
            76,
            72
        ],
        "17": [
            19,
            26
        ],
        "18": [
            19,
            42
        ],
        "19": [
            64,
            40
        ],
        "20": [
            38,
            51
        ]
    },
    "DELETE": {
        "1": [
            [
                "13",
                "16"
            ],
            [
                "7",
                "14"
            ],
            [
                "3",
                "14"
            ],
            [
                "13",
                "20"
            ],
            [
                "2",
                "20"
            ],
            [
                "2",
                "8"
            ],
            [
                "4",
                "5"
            ],
            [
                "3",
                "19"
            ],
            [
                "8",
                "20"
            ],
            [
                "12",
                "18"
            ],
            [
                "3",
                "6"
            ],
            [
                "12",
                "17"
            ],
            [
                "6",
                "13"
            ],
            [
                "5",
                "17"
            ]
        ],
        "2": [
            [
                "10",
                "13"
            ],
            [
                "2",
                "5"
            ],
            [
                "2",
                "9"
            ],
            [
                "3",
                "12"
            ],
            [
                "3",
                "5"
            ],
            [
                "2",
                "16"
            ],
            [
                "14",
                "17"
            ],
            [
                "7",
                "17"
            ],
            [
                "19",
                "20"
            ],
            [
                "4",
                "20"
            ],
            [
                "12",
                "20"
            ],
            [
                "12",
                "13"
            ],
            [
                "5",
                "11"
            ],
            [
                "3",
                "8"
            ],
            [
                "1",
                "7"
            ]
        ],
        "3": [
            [
                "6",
                "14"
            ],
            [
                "1",
                "13"
            ],
            [
                "3",
                "18"
            ],
            [
                "7",
                "11"
            ],
            [
                "8",
                "14"
            ],
            [
                "4",
                "9"
            ],
            [
                "2",
                "6"
            ],
            [
                "4",
                "15"
            ],
            [
                "2",
                "8"
            ],
            [
                "7",
                "20"
            ],
            [
                "8",
                "12"
            ],
            [
                "11",
                "17"
            ]
        ],
        "4": [
            [
                "3",
                "8"
            ],
            [
                "5",
                "14"
            ],
            [
                "7",
                "9"
            ]
        ],
        "5": [
            [
                "10",
                "11"
            ],
            [
                "14",
                "17"
            ],
            [
                "8",
                "11"
            ],
            [
                "8",
                "13"
            ],
            [
                "2",
                "7"
            ],
            [
                "1",
                "17"
            ],
            [
                "5",
                "12"
            ]
        ],
        "6": [
            [
                "13",
                "18"
            ],
            [
                "5",
                "7"
            ],
            [
                "3",
                "8"
            ],
            [
                "7",
                "9"
            ],
            [
                "12",
                "14"
            ],
            [
                "15",
                "20"
            ],
            [
                "2",
                "5"
            ],
            [
                "7",
                "17"
            ],
            [
                "3",
                "10"
            ],
            [
                "14",
                "19"
            ]
        ],
        "7": [
            [
                "2",
                "4"
            ],
            [
                "1",
                "4"
            ],
            [
                "5",
                "20"
            ],
            [
                "1",
                "10"
            ],
            [
                "16",
                "17"
            ],
            [
                "14",
                "20"
            ],
            [
                "9",
                "18"
            ],
            [
                "14",
                "19"
            ]
        ],